{
 "theta_star": 28.02914061693181,
 "after_same_kick": 24.342253736120234,
 "after_orth_kick": 24.30146283223538,
 "traj_same": [
  3.27,
  8.4,
  11.8,
  14.2,
  16.1,
  17.58,
  18.75,
  19.71,
  20.45,
  21.09,
  21.59,
  22.01,
  22.34,
  22.63,
  22.83,
  22.98,
  23.17,
  23.29,
  23.42,
  23.53,
  23.67,
  23.8,
  23.88,
  23.96,
  24.01,
  24.05,
  24.07,
  24.12,
  24.23,
  24.27,
  24.34,
  24.35,
  24.37,
  24.35,
  24.33,
  24.3,
  24.26,
  24.25,
  24.23,
  24.22,
  24.21,
  24.24,
  24.22,
  24.21,
  24.19,
  24.17,
  24.2,
  24.21,
  24.2,
  24.2,
  24.22,
  24.22,
  24.2,
  24.18,
  24.19,
  24.19,
  24.18,
  24.18,
  24.14,
  24.14,
  24.17,
  24.16,
  24.16,
  24.18,
  24.2,
  24.2,
  24.24,
  24.28,
  24.33,
  24.31,
  24.28,
  24.29,
  24.3,
  24.33,
  24.33,
  24.32,
  24.31,
  24.3,
  24.33,
  24.34,
  24.38,
  24.4,
  24.4,
  24.37,
  24.34,
  24.32,
  24.33,
  24.3,
  24.31,
  24.33,
  24.35,
  24.38,
  24.37,
  24.35,
  24.34,
  24.32,
  24.32,
  24.34,
  24.34,
  24.32
 ],
 "traj_orth": [
  89.73,
  86.53,
  81.92,
  75.96,
  68.92,
  61.27,
  53.6,
  46.26,
  39.51,
  33.62,
  28.77,
  24.91,
  22.09,
  20.22,
  19.17,
  18.78,
  18.77,
  19.06,
  19.49,
  19.98,
  20.42,
  20.85,
  21.27,
  21.66,
  22.03,
  22.33,
  22.63,
  22.86,
  23.14,
  23.29,
  23.45,
  23.54,
  23.62,
  23.75,
  23.87,
  23.98,
  24.01,
  24.07,
  24.1,
  24.08,
  24.09,
  24.11,
  24.11,
  24.15,
  24.13,
  24.14,
  24.16,
  24.19,
  24.24,
  24.22,
  24.23,
  24.23,
  24.25,
  24.28,
  24.3,
  24.29,
  24.32,
  24.31,
  24.31,
  24.29,
  24.3,
  24.33,
  24.32,
  24.32,
  24.35,
  24.38,
  24.36,
  24.31,
  24.29,
  24.33,
  24.32,
  24.35,
  24.37,
  24.36,
  24.38,
  24.38,
  24.4,
  24.39,
  24.41,
  24.39,
  24.38,
  24.43,
  24.45,
  24.46,
  24.45,
  24.45,
  24.46,
  24.46,
  24.43,
  24.39,
  24.37,
  24.37,
  24.35,
  24.34,
  24.29,
  24.29,
  24.28,
  24.26,
  24.23,
  24.22
 ]
}