{
 "theta_star": 26.865697465285326,
 "after_same_kick": 24.217092903587435,
 "after_orth_kick": 25.693043542881515,
 "traj_same": [
  3.62,
  8.21,
  11.28,
  13.38,
  14.99,
  16.31,
  17.39,
  18.26,
  19.01,
  19.61,
  20.19,
  20.67,
  21.11,
  21.5,
  21.86,
  22.22,
  22.51,
  22.76,
  22.93,
  23.07,
  23.21,
  23.31,
  23.39,
  23.49,
  23.57,
  23.72,
  23.79,
  23.87,
  23.92,
  23.94,
  24.0,
  24.04,
  24.06,
  24.13,
  24.2,
  24.26,
  24.23,
  24.19,
  24.15,
  24.13,
  24.06,
  24.0,
  23.99,
  23.96,
  23.96,
  23.96,
  24.0,
  24.01,
  24.05,
  24.06,
  24.09,
  24.07,
  24.06,
  24.05,
  24.09,
  24.1,
  24.1,
  24.19,
  24.23,
  24.26,
  24.26,
  24.25,
  24.3,
  24.32,
  24.32,
  24.33,
  24.34,
  24.33,
  24.29,
  24.23,
  24.29,
  24.32,
  24.31,
  24.28,
  24.26,
  24.21,
  24.21,
  24.22,
  24.24,
  24.21,
  24.24,
  24.21,
  24.16,
  24.15,
  24.15,
  24.16,
  24.21,
  24.28,
  24.29,
  24.31,
  24.27,
  24.23,
  24.22,
  24.22,
  24.25,
  24.24,
  24.23,
  24.2,
  24.18,
  24.14
 ],
 "traj_orth": [
  89.87,
  88.18,
  85.7,
  82.54,
  78.88,
  74.76,
  70.36,
  65.83,
  61.23,
  56.79,
  52.54,
  48.53,
  44.82,
  41.41,
  38.28,
  35.54,
  33.07,
  30.88,
  29.06,
  27.58,
  26.31,
  25.28,
  24.54,
  24.01,
  23.63,
  23.38,
  23.2,
  23.08,
  23.09,
  23.11,
  23.17,
  23.22,
  23.29,
  23.34,
  23.37,
  23.42,
  23.42,
  23.46,
  23.46,
  23.5,
  23.54,
  23.59,
  23.67,
  23.75,
  23.78,
  23.85,
  23.88,
  23.97,
  24.05,
  24.12,
  24.22,
  24.26,
  24.3,
  24.29,
  24.35,
  24.37,
  24.41,
  24.51,
  24.57,
  24.62,
  24.64,
  24.68,
  24.72,
  24.77,
  24.81,
  24.86,
  24.93,
  24.99,
  25.04,
  25.11,
  25.18,
  25.21,
  25.24,
  25.26,
  25.29,
  25.33,
  25.38,
  25.44,
  25.48,
  25.5,
  25.53,
  25.51,
  25.48,
  25.53,
  25.53,
  25.58,
  25.58,
  25.57,
  25.63,
  25.67,
  25.74,
  25.77,
  25.81,
  25.78,
  25.79,
  25.74,
  25.67,
  25.59,
  25.55,
  25.48
 ]
}