{
 "theta_star": 26.406860336384938,
 "after_same_kick": 24.996399417932672,
 "after_orth_kick": 25.192972213567394,
 "traj_same": [
  3.58,
  8.62,
  12.09,
  14.61,
  16.58,
  18.1,
  19.3,
  20.3,
  21.11,
  21.73,
  22.27,
  22.72,
  23.1,
  23.34,
  23.56,
  23.75,
  23.92,
  24.06,
  24.24,
  24.41,
  24.54,
  24.67,
  24.76,
  24.8,
  24.83,
  24.84,
  24.91,
  24.99,
  25.02,
  25.03,
  25.07,
  25.06,
  25.09,
  25.11,
  25.12,
  25.14,
  25.16,
  25.21,
  25.21,
  25.23,
  25.21,
  25.26,
  25.25,
  25.3,
  25.31,
  25.26,
  25.2,
  25.18,
  25.16,
  25.13,
  25.1,
  25.11,
  25.14,
  25.17,
  25.19,
  25.19,
  25.2,
  25.19,
  25.23,
  25.28,
  25.33,
  25.41,
  25.47,
  25.47,
  25.48,
  25.47,
  25.46,
  25.42,
  25.41,
  25.36,
  25.35,
  25.34,
  25.35,
  25.29,
  25.22,
  25.13,
  25.04,
  25.02,
  24.97,
  25.03,
  25.03,
  25.04,
  25.02,
  24.99,
  24.97,
  25.0,
  25.03,
  25.04,
  25.06,
  25.03,
  24.99,
  25.0,
  25.0,
  24.98,
  25.0,
  24.93,
  24.96,
  25.0,
  25.04,
  25.07
 ],
 "traj_orth": [
  89.72,
  86.36,
  81.53,
  75.23,
  67.78,
  59.73,
  51.72,
  44.08,
  37.22,
  31.5,
  26.92,
  23.51,
  21.13,
  19.63,
  18.98,
  18.87,
  19.08,
  19.48,
  20.1,
  20.72,
  21.3,
  21.89,
  22.4,
  22.78,
  23.13,
  23.43,
  23.72,
  24.0,
  24.18,
  24.33,
  24.48,
  24.6,
  24.71,
  24.82,
  24.89,
  24.98,
  25.04,
  25.13,
  25.16,
  25.22,
  25.25,
  25.32,
  25.33,
  25.41,
  25.46,
  25.43,
  25.41,
  25.42,
  25.42,
  25.43,
  25.45,
  25.47,
  25.5,
  25.52,
  25.52,
  25.48,
  25.44,
  25.36,
  25.32,
  25.3,
  25.25,
  25.24,
  25.21,
  25.21,
  25.23,
  25.21,
  25.19,
  25.16,
  25.15,
  25.11,
  25.04,
  25.01,
  25.01,
  25.03,
  25.07,
  25.08,
  25.08,
  25.14,
  25.12,
  25.17,
  25.17,
  25.15,
  25.11,
  25.09,
  25.1,
  25.14,
  25.16,
  25.13,
  25.17,
  25.16,
  25.16,
  25.2,
  25.2,
  25.17,
  25.19,
  25.13,
  25.17,
  25.21,
  25.23,
  25.26
 ]
}