{
 "theta_star": 26.751717836959557,
 "after_same_kick": 24.941766014521754,
 "after_orth_kick": 25.314290150511564,
 "traj_same": [
  3.13,
  8.37,
  11.92,
  14.47,
  16.48,
  18.03,
  19.28,
  20.29,
  21.08,
  21.75,
  22.28,
  22.75,
  23.13,
  23.44,
  23.69,
  23.87,
  24.01,
  24.15,
  24.26,
  24.38,
  24.48,
  24.58,
  24.61,
  24.62,
  24.59,
  24.58,
  24.58,
  24.57,
  24.53,
  24.51,
  24.51,
  24.45,
  24.44,
  24.43,
  24.43,
  24.45,
  24.44,
  24.46,
  24.46,
  24.48,
  24.48,
  24.48,
  24.47,
  24.48,
  24.45,
  24.45,
  24.47,
  24.48,
  24.47,
  24.5,
  24.54,
  24.55,
  24.56,
  24.56,
  24.6,
  24.63,
  24.65,
  24.62,
  24.57,
  24.53,
  24.51,
  24.51,
  24.53,
  24.52,
  24.49,
  24.47,
  24.51,
  24.53,
  24.59,
  24.63,
  24.66,
  24.71,
  24.74,
  24.75,
  24.75,
  24.77,
  24.77,
  24.78,
  24.78,
  24.76,
  24.79,
  24.79,
  24.82,
  24.83,
  24.83,
  24.87,
  24.88,
  24.86,
  24.87,
  24.88,
  24.9,
  24.91,
  24.9,
  24.93,
  24.95,
  24.95,
  24.97,
  24.97,
  24.95,
  24.97
 ],
 "traj_orth": [
  89.72,
  86.33,
  81.55,
  75.29,
  67.84,
  59.77,
  51.6,
  43.95,
  37.21,
  31.46,
  26.9,
  23.45,
  21.19,
  19.88,
  19.25,
  19.07,
  19.24,
  19.69,
  20.22,
  20.8,
  21.31,
  21.84,
  22.3,
  22.7,
  23.0,
  23.31,
  23.58,
  23.82,
  24.0,
  24.13,
  24.27,
  24.33,
  24.42,
  24.49,
  24.57,
  24.67,
  24.71,
  24.75,
  24.75,
  24.78,
  24.8,
  24.8,
  24.81,
  24.82,
  24.83,
  24.86,
  24.91,
  24.94,
  24.92,
  24.96,
  24.99,
  24.99,
  24.97,
  24.91,
  24.92,
  24.92,
  24.91,
  24.87,
  24.82,
  24.83,
  24.87,
  24.9,
  24.94,
  24.95,
  24.93,
  24.91,
  24.96,
  24.96,
  25.01,
  25.01,
  25.04,
  25.08,
  25.11,
  25.12,
  25.11,
  25.13,
  25.1,
  25.09,
  25.09,
  25.11,
  25.17,
  25.18,
  25.2,
  25.2,
  25.21,
  25.22,
  25.21,
  25.16,
  25.16,
  25.18,
  25.21,
  25.26,
  25.27,
  25.31,
  25.36,
  25.35,
  25.37,
  25.36,
  25.33,
  25.32
 ]
}