{
 "theta_star": 6.766005904881852,
 "after_same_kick": 6.750354288155172,
 "after_orth_kick": 6.7421649270494886,
 "traj_same": [
  1.59,
  5.48,
  6.37,
  6.62,
  6.74,
  6.75,
  6.76,
  6.76,
  6.77,
  6.78,
  6.75,
  6.76,
  6.74,
  6.74,
  6.76,
  6.74,
  6.74,
  6.75,
  6.77,
  6.76,
  6.76,
  6.76,
  6.77,
  6.77,
  6.76,
  6.77,
  6.77,
  6.77,
  6.77,
  6.74,
  6.77,
  6.75,
  6.76,
  6.76,
  6.76,
  6.75,
  6.76,
  6.77,
  6.76,
  6.77,
  6.75,
  6.76,
  6.74,
  6.76,
  6.76,
  6.76,
  6.77,
  6.78,
  6.77,
  6.76,
  6.78,
  6.76,
  6.78,
  6.76,
  6.75,
  6.76,
  6.77,
  6.75,
  6.75,
  6.73,
  6.75,
  6.75,
  6.75,
  6.75,
  6.77,
  6.78,
  6.76,
  6.78,
  6.78,
  6.76,
  6.75,
  6.76,
  6.76,
  6.78,
  6.75,
  6.76,
  6.76,
  6.77,
  6.78,
  6.78,
  6.78,
  6.77,
  6.76,
  6.75,
  6.77,
  6.76,
  6.75,
  6.75,
  6.76,
  6.78,
  6.76,
  6.77,
  6.76,
  6.76,
  6.73,
  6.74,
  6.75,
  6.74,
  6.73,
  6.76
 ],
 "traj_orth": [
  81.63,
  30.26,
  11.27,
  6.2,
  6.09,
  6.45,
  6.63,
  6.71,
  6.74,
  6.75,
  6.74,
  6.75,
  6.74,
  6.74,
  6.77,
  6.76,
  6.75,
  6.75,
  6.76,
  6.75,
  6.78,
  6.77,
  6.76,
  6.74,
  6.77,
  6.76,
  6.76,
  6.76,
  6.76,
  6.75,
  6.75,
  6.76,
  6.74,
  6.75,
  6.76,
  6.74,
  6.74,
  6.75,
  6.75,
  6.74,
  6.74,
  6.76,
  6.75,
  6.76,
  6.75,
  6.75,
  6.77,
  6.76,
  6.76,
  6.73,
  6.74,
  6.74,
  6.74,
  6.76,
  6.74,
  6.76,
  6.75,
  6.76,
  6.75,
  6.74,
  6.74,
  6.75,
  6.74,
  6.76,
  6.78,
  6.75,
  6.74,
  6.77,
  6.77,
  6.77,
  6.74,
  6.77,
  6.76,
  6.77,
  6.77,
  6.77,
  6.77,
  6.77,
  6.78,
  6.76,
  6.77,
  6.76,
  6.77,
  6.76,
  6.75,
  6.77,
  6.74,
  6.75,
  6.74,
  6.74,
  6.74,
  6.73,
  6.73,
  6.74,
  6.75,
  6.74,
  6.75,
  6.75,
  6.74,
  6.75
 ]
}