{
 "theta_star": 18.600704316485732,
 "after_same_kick": 18.050228320418235,
 "after_orth_kick": 18.146958168834267,
 "traj_same": [
  3.16,
  8.27,
  11.34,
  13.26,
  14.58,
  15.46,
  16.07,
  16.49,
  16.77,
  17.03,
  17.2,
  17.32,
  17.41,
  17.48,
  17.49,
  17.5,
  17.56,
  17.55,
  17.57,
  17.57,
  17.6,
  17.61,
  17.61,
  17.63,
  17.66,
  17.68,
  17.66,
  17.67,
  17.72,
  17.69,
  17.71,
  17.7,
  17.72,
  17.71,
  17.7,
  17.69,
  17.67,
  17.69,
  17.7,
  17.69,
  17.7,
  17.72,
  17.7,
  17.69,
  17.68,
  17.67,
  17.68,
  17.71,
  17.72,
  17.72,
  17.73,
  17.73,
  17.7,
  17.7,
  17.71,
  17.72,
  17.74,
  17.75,
  17.72,
  17.72,
  17.74,
  17.73,
  17.73,
  17.73,
  17.73,
  17.72,
  17.76,
  17.8,
  17.85,
  17.84,
  17.87,
  17.93,
  17.96,
  17.98,
  17.99,
  17.98,
  17.99,
  17.98,
  17.99,
  17.99,
  18.03,
  18.05,
  18.08,
  18.08,
  18.07,
  18.05,
  18.05,
  18.02,
  18.05,
  18.07,
  18.06,
  18.08,
  18.07,
  18.08,
  18.04,
  18.0,
  18.02,
  18.05,
  18.05,
  18.04
 ],
 "traj_orth": [
  89.73,
  85.95,
  78.77,
  68.18,
  55.84,
  43.79,
  33.52,
  25.55,
  20.01,
  16.85,
  15.39,
  14.88,
  14.92,
  15.21,
  15.6,
  15.99,
  16.33,
  16.62,
  16.83,
  17.0,
  17.12,
  17.25,
  17.4,
  17.53,
  17.66,
  17.74,
  17.8,
  17.82,
  17.87,
  17.89,
  17.9,
  17.89,
  17.89,
  17.89,
  17.9,
  17.91,
  17.89,
  17.9,
  17.88,
  17.84,
  17.85,
  17.85,
  17.91,
  17.96,
  17.95,
  17.94,
  17.96,
  17.98,
  17.99,
  17.94,
  17.95,
  17.95,
  17.99,
  18.02,
  18.03,
  18.04,
  18.04,
  18.02,
  18.02,
  18.03,
  18.04,
  18.08,
  18.07,
  18.06,
  18.08,
  18.12,
  18.15,
  18.13,
  18.13,
  18.18,
  18.16,
  18.18,
  18.18,
  18.16,
  18.15,
  18.14,
  18.15,
  18.15,
  18.18,
  18.18,
  18.2,
  18.25,
  18.27,
  18.26,
  18.27,
  18.27,
  18.25,
  18.25,
  18.23,
  18.2,
  18.2,
  18.18,
  18.16,
  18.17,
  18.13,
  18.13,
  18.13,
  18.12,
  18.12,
  18.13
 ]
}