{
 "theta_star": 81.31331581834549,
 "after_same_kick": 11.360128300326982,
 "after_orth_kick": 11.962249776933906,
 "traj_same": [
  2.99,
  6.57,
  8.21,
  9.05,
  9.53,
  9.83,
  10.01,
  10.18,
  10.34,
  10.45,
  10.55,
  10.63,
  10.71,
  10.73,
  10.77,
  10.85,
  10.93,
  10.98,
  11.04,
  11.07,
  11.14,
  11.12,
  11.08,
  11.01,
  10.97,
  10.94,
  10.98,
  11.01,
  11.04,
  11.07,
  11.08,
  11.1,
  11.12,
  11.11,
  11.1,
  11.14,
  11.22,
  11.27,
  11.3,
  11.34,
  11.36,
  11.31,
  11.31,
  11.34,
  11.36,
  11.41,
  11.47,
  11.5,
  11.57,
  11.66,
  11.75,
  11.78,
  11.8,
  11.81,
  11.84,
  11.85,
  11.86,
  11.87,
  11.81,
  11.86,
  11.92,
  11.93,
  11.91,
  11.86,
  11.8,
  11.8,
  11.84,
  11.86,
  11.94,
  12.0,
  12.01,
  11.99,
  11.91,
  11.87,
  11.82,
  11.82,
  11.86,
  11.88,
  11.92,
  11.92,
  11.88,
  11.83,
  11.74,
  11.68,
  11.73,
  11.75,
  11.8,
  11.8,
  11.77,
  11.73,
  11.55,
  11.42,
  11.33,
  11.3,
  11.36,
  11.39,
  11.35,
  11.32,
  11.3,
  11.29
 ],
 "traj_orth": [
  89.7,
  86.26,
  81.75,
  75.96,
  68.79,
  60.57,
  51.84,
  43.29,
  35.71,
  29.52,
  24.81,
  21.33,
  18.86,
  17.06,
  15.78,
  14.91,
  14.33,
  13.94,
  13.68,
  13.45,
  13.29,
  13.09,
  13.0,
  12.84,
  12.72,
  12.58,
  12.5,
  12.45,
  12.44,
  12.47,
  12.53,
  12.54,
  12.51,
  12.45,
  12.38,
  12.38,
  12.45,
  12.49,
  12.52,
  12.51,
  12.49,
  12.43,
  12.43,
  12.44,
  12.45,
  12.48,
  12.52,
  12.52,
  12.48,
  12.47,
  12.46,
  12.48,
  12.49,
  12.52,
  12.6,
  12.65,
  12.62,
  12.59,
  12.5,
  12.55,
  12.57,
  12.56,
  12.54,
  12.51,
  12.42,
  12.41,
  12.43,
  12.44,
  12.51,
  12.59,
  12.63,
  12.65,
  12.61,
  12.61,
  12.57,
  12.58,
  12.6,
  12.62,
  12.63,
  12.64,
  12.62,
  12.51,
  12.42,
  12.31,
  12.31,
  12.25,
  12.28,
  12.3,
  12.3,
  12.21,
  12.11,
  12.04,
  11.99,
  11.95,
  11.96,
  11.94,
  11.9,
  11.91,
  11.9,
  11.91
 ]
}