{
 "theta_star": 7.232644454952625,
 "after_same_kick": 5.4016134177679564,
 "after_orth_kick": 5.70257092688731,
 "traj_same": [
  1.6,
  4.8,
  5.29,
  5.41,
  5.44,
  5.45,
  5.44,
  5.44,
  5.43,
  5.44,
  5.44,
  5.43,
  5.46,
  5.45,
  5.45,
  5.46,
  5.47,
  5.44,
  5.46,
  5.45,
  5.44,
  5.45,
  5.46,
  5.45,
  5.43,
  5.4,
  5.41,
  5.4,
  5.41,
  5.41,
  5.41,
  5.44,
  5.42,
  5.42,
  5.43,
  5.4,
  5.39,
  5.41,
  5.39,
  5.4,
  5.4,
  5.41,
  5.41,
  5.41,
  5.44,
  5.4,
  5.42,
  5.42,
  5.42,
  5.42,
  5.4,
  5.41,
  5.42,
  5.42,
  5.42,
  5.43,
  5.41,
  5.4,
  5.4,
  5.4,
  5.42,
  5.42,
  5.42,
  5.41,
  5.39,
  5.4,
  5.39,
  5.38,
  5.4,
  5.4,
  5.4,
  5.39,
  5.39,
  5.41,
  5.4,
  5.4,
  5.4,
  5.41,
  5.39,
  5.39,
  5.4,
  5.41,
  5.4,
  5.39,
  5.39,
  5.41,
  5.41,
  5.41,
  5.41,
  5.39,
  5.4,
  5.41,
  5.4,
  5.4,
  5.41,
  5.4,
  5.4,
  5.4,
  5.41,
  5.4
 ],
 "traj_orth": [
  89.71,
  86.06,
  79.56,
  69.05,
  55.03,
  39.98,
  26.54,
  16.79,
  10.95,
  7.98,
  6.89,
  6.57,
  6.4,
  6.18,
  6.01,
  5.92,
  5.9,
  5.89,
  5.92,
  5.92,
  5.87,
  5.87,
  5.84,
  5.8,
  5.79,
  5.76,
  5.79,
  5.79,
  5.73,
  5.72,
  5.71,
  5.7,
  5.7,
  5.7,
  5.72,
  5.72,
  5.7,
  5.7,
  5.66,
  5.7,
  5.69,
  5.72,
  5.69,
  5.71,
  5.77,
  5.74,
  5.74,
  5.73,
  5.71,
  5.7,
  5.69,
  5.7,
  5.72,
  5.71,
  5.69,
  5.72,
  5.74,
  5.76,
  5.76,
  5.74,
  5.74,
  5.72,
  5.71,
  5.72,
  5.7,
  5.7,
  5.7,
  5.68,
  5.71,
  5.71,
  5.71,
  5.7,
  5.69,
  5.68,
  5.68,
  5.7,
  5.72,
  5.74,
  5.73,
  5.71,
  5.69,
  5.69,
  5.69,
  5.68,
  5.69,
  5.71,
  5.73,
  5.73,
  5.72,
  5.71,
  5.71,
  5.72,
  5.68,
  5.67,
  5.69,
  5.69,
  5.72,
  5.72,
  5.71,
  5.7
 ]
}