{
 "theta_star": 5.414353627862635,
 "after_same_kick": 4.20682124115591,
 "after_orth_kick": 4.204457346944798,
 "traj_same": [
  1.4,
  4.01,
  4.22,
  4.24,
  4.24,
  4.24,
  4.23,
  4.25,
  4.24,
  4.23,
  4.25,
  4.23,
  4.24,
  4.23,
  4.24,
  4.23,
  4.24,
  4.22,
  4.24,
  4.23,
  4.22,
  4.22,
  4.21,
  4.22,
  4.23,
  4.23,
  4.23,
  4.21,
  4.22,
  4.22,
  4.2,
  4.21,
  4.22,
  4.22,
  4.22,
  4.2,
  4.23,
  4.21,
  4.2,
  4.21,
  4.2,
  4.21,
  4.2,
  4.22,
  4.22,
  4.2,
  4.21,
  4.21,
  4.21,
  4.22,
  4.21,
  4.22,
  4.21,
  4.21,
  4.21,
  4.2,
  4.21,
  4.21,
  4.2,
  4.2,
  4.21,
  4.22,
  4.22,
  4.22,
  4.22,
  4.21,
  4.22,
  4.21,
  4.22,
  4.21,
  4.22,
  4.21,
  4.21,
  4.22,
  4.2,
  4.2,
  4.21,
  4.22,
  4.23,
  4.22,
  4.22,
  4.21,
  4.23,
  4.22,
  4.23,
  4.2,
  4.22,
  4.22,
  4.2,
  4.21,
  4.2,
  4.21,
  4.21,
  4.21,
  4.2,
  4.21,
  4.2,
  4.21,
  4.22,
  4.21
 ],
 "traj_orth": [
  89.7,
  85.5,
  76.62,
  60.97,
  42.0,
  25.2,
  14.15,
  8.91,
  6.67,
  5.95,
  5.65,
  5.45,
  5.39,
  5.37,
  5.31,
  5.23,
  5.19,
  5.15,
  5.18,
  5.14,
  5.12,
  5.11,
  5.07,
  5.02,
  4.98,
  4.93,
  4.87,
  4.81,
  4.8,
  4.78,
  4.71,
  4.63,
  4.58,
  4.56,
  4.54,
  4.49,
  4.43,
  4.38,
  4.36,
  4.37,
  4.38,
  4.41,
  4.39,
  4.4,
  4.37,
  4.33,
  4.29,
  4.22,
  4.21,
  4.22,
  4.21,
  4.22,
  4.2,
  4.21,
  4.21,
  4.2,
  4.21,
  4.21,
  4.2,
  4.2,
  4.21,
  4.22,
  4.21,
  4.21,
  4.21,
  4.21,
  4.21,
  4.2,
  4.22,
  4.21,
  4.22,
  4.21,
  4.21,
  4.22,
  4.19,
  4.2,
  4.21,
  4.22,
  4.23,
  4.22,
  4.22,
  4.21,
  4.23,
  4.21,
  4.22,
  4.2,
  4.22,
  4.22,
  4.2,
  4.21,
  4.2,
  4.21,
  4.2,
  4.21,
  4.19,
  4.2,
  4.2,
  4.21,
  4.21,
  4.21
 ]
}