{
 "theta_star": 40.41129382411345,
 "after_same_kick": 32.54394629761879,
 "after_orth_kick": 32.66592778692321,
 "traj_same": [
  3.26,
  8.44,
  12.07,
  14.8,
  17.05,
  18.89,
  20.45,
  21.79,
  22.93,
  23.94,
  24.79,
  25.56,
  26.23,
  26.79,
  27.3,
  27.69,
  28.03,
  28.33,
  28.61,
  28.86,
  29.07,
  29.28,
  29.43,
  29.58,
  29.73,
  29.86,
  30.0,
  30.11,
  30.18,
  30.24,
  30.33,
  30.4,
  30.48,
  30.53,
  30.6,
  30.71,
  30.75,
  30.84,
  30.89,
  30.98,
  31.06,
  31.16,
  31.23,
  31.32,
  31.37,
  31.41,
  31.52,
  31.59,
  31.62,
  31.64,
  31.65,
  31.63,
  31.64,
  31.64,
  31.71,
  31.74,
  31.75,
  31.7,
  31.67,
  31.68,
  31.73,
  31.78,
  31.82,
  31.86,
  31.84,
  31.83,
  31.84,
  31.77,
  31.79,
  31.77,
  31.8,
  31.85,
  31.89,
  31.94,
  31.96,
  32.01,
  32.06,
  32.1,
  32.16,
  32.17,
  32.25,
  32.25,
  32.27,
  32.3,
  32.34,
  32.4,
  32.42,
  32.42,
  32.43,
  32.44,
  32.46,
  32.47,
  32.47,
  32.48,
  32.5,
  32.52,
  32.61,
  32.65,
  32.64,
  32.64
 ],
 "traj_orth": [
  89.72,
  86.54,
  82.5,
  77.58,
  71.94,
  65.84,
  59.47,
  53.13,
  47.12,
  41.56,
  36.65,
  32.34,
  28.77,
  25.9,
  23.75,
  22.25,
  21.33,
  20.94,
  20.93,
  21.17,
  21.61,
  22.19,
  22.77,
  23.38,
  23.99,
  24.61,
  25.22,
  25.78,
  26.29,
  26.76,
  27.2,
  27.6,
  27.97,
  28.27,
  28.54,
  28.83,
  29.05,
  29.27,
  29.46,
  29.66,
  29.83,
  29.99,
  30.13,
  30.26,
  30.36,
  30.44,
  30.59,
  30.7,
  30.77,
  30.85,
  30.92,
  30.94,
  30.97,
  31.0,
  31.07,
  31.14,
  31.19,
  31.24,
  31.28,
  31.34,
  31.43,
  31.53,
  31.63,
  31.71,
  31.74,
  31.78,
  31.85,
  31.86,
  31.96,
  32.01,
  32.09,
  32.17,
  32.22,
  32.26,
  32.26,
  32.29,
  32.3,
  32.32,
  32.39,
  32.39,
  32.46,
  32.45,
  32.48,
  32.52,
  32.55,
  32.63,
  32.65,
  32.64,
  32.65,
  32.64,
  32.65,
  32.63,
  32.62,
  32.62,
  32.62,
  32.62,
  32.7,
  32.74,
  32.73,
  32.72
 ]
}