{
 "theta_star": 21.489502850881955,
 "after_same_kick": 20.03394558638445,
 "after_orth_kick": 20.234973649590138,
 "traj_same": [
  3.19,
  8.25,
  11.49,
  13.67,
  15.25,
  16.41,
  17.29,
  17.95,
  18.43,
  18.8,
  19.06,
  19.27,
  19.43,
  19.55,
  19.63,
  19.72,
  19.84,
  19.89,
  19.92,
  19.95,
  19.97,
  19.99,
  20.0,
  20.0,
  20.04,
  20.05,
  20.07,
  20.12,
  20.14,
  20.15,
  20.12,
  20.16,
  20.16,
  20.18,
  20.18,
  20.19,
  20.15,
  20.16,
  20.18,
  20.18,
  20.19,
  20.19,
  20.17,
  20.19,
  20.19,
  20.2,
  20.21,
  20.23,
  20.2,
  20.2,
  20.17,
  20.15,
  20.17,
  20.16,
  20.15,
  20.18,
  20.18,
  20.19,
  20.18,
  20.19,
  20.19,
  20.19,
  20.21,
  20.22,
  20.24,
  20.25,
  20.23,
  20.24,
  20.23,
  20.24,
  20.27,
  20.27,
  20.23,
  20.19,
  20.17,
  20.17,
  20.17,
  20.15,
  20.16,
  20.18,
  20.17,
  20.17,
  20.15,
  20.13,
  20.08,
  20.05,
  20.04,
  20.01,
  20.01,
  20.01,
  20.01,
  20.04,
  20.05,
  20.05,
  20.05,
  20.01,
  20.03,
  20.03,
  20.04,
  20.04
 ],
 "traj_orth": [
  89.73,
  86.29,
  80.67,
  72.67,
  62.99,
  52.95,
  43.45,
  35.1,
  28.28,
  23.03,
  19.43,
  17.35,
  16.37,
  16.11,
  16.25,
  16.58,
  17.06,
  17.51,
  17.92,
  18.31,
  18.63,
  18.93,
  19.2,
  19.41,
  19.63,
  19.77,
  19.91,
  20.04,
  20.14,
  20.18,
  20.2,
  20.27,
  20.31,
  20.37,
  20.39,
  20.42,
  20.41,
  20.42,
  20.44,
  20.46,
  20.5,
  20.55,
  20.58,
  20.61,
  20.55,
  20.52,
  20.47,
  20.47,
  20.43,
  20.43,
  20.4,
  20.39,
  20.43,
  20.42,
  20.38,
  20.4,
  20.39,
  20.42,
  20.42,
  20.43,
  20.45,
  20.46,
  20.49,
  20.49,
  20.51,
  20.53,
  20.52,
  20.54,
  20.52,
  20.51,
  20.52,
  20.54,
  20.52,
  20.51,
  20.51,
  20.51,
  20.51,
  20.5,
  20.48,
  20.44,
  20.4,
  20.38,
  20.34,
  20.31,
  20.28,
  20.27,
  20.26,
  20.25,
  20.24,
  20.23,
  20.23,
  20.26,
  20.26,
  20.25,
  20.25,
  20.23,
  20.23,
  20.22,
  20.22,
  20.21
 ]
}