{
 "theta_star": 38.45781249684639,
 "after_same_kick": 36.84386562058937,
 "after_orth_kick": 36.090838159746795,
 "traj_same": [
  3.81,
  8.81,
  12.46,
  15.27,
  17.62,
  19.54,
  21.23,
  22.64,
  23.88,
  24.96,
  25.85,
  26.58,
  27.2,
  27.8,
  28.34,
  28.8,
  29.29,
  29.67,
  30.04,
  30.35,
  30.61,
  30.78,
  30.98,
  31.19,
  31.33,
  31.52,
  31.66,
  31.84,
  31.99,
  32.1,
  32.29,
  32.42,
  32.51,
  32.7,
  32.86,
  33.04,
  33.19,
  33.29,
  33.4,
  33.47,
  33.55,
  33.74,
  33.82,
  33.92,
  34.02,
  34.19,
  34.27,
  34.4,
  34.45,
  34.57,
  34.69,
  34.87,
  35.01,
  35.08,
  35.14,
  35.2,
  35.24,
  35.28,
  35.36,
  35.41,
  35.53,
  35.71,
  35.81,
  35.86,
  35.95,
  36.04,
  36.07,
  36.06,
  36.18,
  36.28,
  36.3,
  36.3,
  36.35,
  36.39,
  36.4,
  36.4,
  36.4,
  36.46,
  36.5,
  36.56,
  36.59,
  36.57,
  36.52,
  36.5,
  36.56,
  36.49,
  36.49,
  36.59,
  36.62,
  36.71,
  36.75,
  36.76,
  36.81,
  36.79,
  36.76,
  36.84,
  36.86,
  36.9,
  36.97,
  37.01
 ],
 "traj_orth": [
  89.69,
  86.35,
  82.08,
  76.93,
  71.04,
  64.65,
  58.11,
  51.74,
  45.74,
  40.18,
  35.29,
  30.97,
  27.44,
  24.7,
  22.63,
  21.3,
  20.73,
  20.61,
  20.92,
  21.47,
  22.18,
  22.9,
  23.68,
  24.47,
  25.19,
  25.96,
  26.6,
  27.27,
  27.89,
  28.42,
  29.0,
  29.48,
  29.88,
  30.32,
  30.67,
  30.98,
  31.23,
  31.44,
  31.69,
  31.9,
  32.11,
  32.39,
  32.57,
  32.72,
  32.85,
  33.05,
  33.14,
  33.32,
  33.4,
  33.53,
  33.68,
  33.9,
  34.05,
  34.13,
  34.23,
  34.36,
  34.47,
  34.57,
  34.69,
  34.74,
  34.85,
  35.02,
  35.11,
  35.14,
  35.19,
  35.3,
  35.37,
  35.4,
  35.53,
  35.62,
  35.63,
  35.65,
  35.71,
  35.75,
  35.77,
  35.76,
  35.78,
  35.82,
  35.87,
  35.9,
  35.9,
  35.84,
  35.77,
  35.76,
  35.8,
  35.74,
  35.76,
  35.86,
  35.91,
  35.99,
  36.05,
  36.07,
  36.11,
  36.1,
  36.02,
  36.08,
  36.08,
  36.09,
  36.13,
  36.15
 ]
}