{
 "theta_star": 21.600576452571744,
 "after_same_kick": 21.21283410738849,
 "after_orth_kick": 21.384544484558866,
 "traj_same": [
  3.12,
  8.42,
  11.94,
  14.33,
  16.09,
  17.36,
  18.32,
  19.03,
  19.61,
  19.99,
  20.28,
  20.49,
  20.66,
  20.81,
  20.95,
  21.07,
  21.19,
  21.25,
  21.32,
  21.31,
  21.35,
  21.36,
  21.36,
  21.38,
  21.41,
  21.45,
  21.45,
  21.44,
  21.47,
  21.5,
  21.49,
  21.46,
  21.44,
  21.46,
  21.46,
  21.48,
  21.49,
  21.5,
  21.51,
  21.51,
  21.49,
  21.46,
  21.44,
  21.45,
  21.43,
  21.39,
  21.4,
  21.37,
  21.36,
  21.32,
  21.34,
  21.36,
  21.4,
  21.41,
  21.4,
  21.44,
  21.44,
  21.39,
  21.36,
  21.36,
  21.34,
  21.32,
  21.3,
  21.29,
  21.26,
  21.28,
  21.29,
  21.25,
  21.26,
  21.24,
  21.23,
  21.23,
  21.26,
  21.23,
  21.24,
  21.26,
  21.27,
  21.26,
  21.26,
  21.26,
  21.24,
  21.25,
  21.26,
  21.29,
  21.33,
  21.3,
  21.25,
  21.25,
  21.23,
  21.19,
  21.17,
  21.17,
  21.2,
  21.21,
  21.2,
  21.19,
  21.21,
  21.24,
  21.27,
  21.27
 ],
 "traj_orth": [
  89.69,
  85.83,
  79.6,
  70.86,
  60.47,
  49.79,
  39.97,
  31.98,
  25.83,
  21.35,
  18.41,
  16.89,
  16.42,
  16.58,
  17.1,
  17.72,
  18.36,
  18.9,
  19.37,
  19.74,
  20.09,
  20.38,
  20.66,
  20.9,
  21.06,
  21.2,
  21.27,
  21.33,
  21.4,
  21.49,
  21.54,
  21.59,
  21.59,
  21.61,
  21.59,
  21.59,
  21.62,
  21.65,
  21.7,
  21.72,
  21.71,
  21.66,
  21.62,
  21.64,
  21.64,
  21.6,
  21.59,
  21.58,
  21.59,
  21.54,
  21.52,
  21.51,
  21.52,
  21.52,
  21.52,
  21.58,
  21.65,
  21.69,
  21.71,
  21.75,
  21.73,
  21.75,
  21.73,
  21.73,
  21.65,
  21.64,
  21.61,
  21.56,
  21.53,
  21.47,
  21.41,
  21.4,
  21.41,
  21.38,
  21.38,
  21.4,
  21.41,
  21.39,
  21.39,
  21.39,
  21.37,
  21.39,
  21.38,
  21.37,
  21.37,
  21.35,
  21.34,
  21.37,
  21.37,
  21.34,
  21.34,
  21.35,
  21.39,
  21.39,
  21.38,
  21.36,
  21.37,
  21.4,
  21.44,
  21.44
 ]
}