{
 "theta_star": 26.80561425537825,
 "after_same_kick": 24.69972110647152,
 "after_orth_kick": 25.015064770849385,
 "traj_same": [
  2.74,
  8.2,
  11.78,
  14.33,
  16.32,
  17.87,
  19.12,
  20.13,
  20.93,
  21.61,
  22.16,
  22.62,
  22.98,
  23.26,
  23.48,
  23.64,
  23.77,
  23.88,
  23.97,
  24.05,
  24.1,
  24.17,
  24.19,
  24.23,
  24.26,
  24.29,
  24.31,
  24.3,
  24.28,
  24.28,
  24.32,
  24.31,
  24.32,
  24.33,
  24.34,
  24.36,
  24.35,
  24.35,
  24.33,
  24.33,
  24.32,
  24.33,
  24.35,
  24.37,
  24.36,
  24.36,
  24.37,
  24.38,
  24.35,
  24.36,
  24.39,
  24.39,
  24.43,
  24.44,
  24.47,
  24.48,
  24.48,
  24.47,
  24.44,
  24.43,
  24.44,
  24.44,
  24.43,
  24.42,
  24.39,
  24.39,
  24.41,
  24.39,
  24.41,
  24.42,
  24.45,
  24.48,
  24.49,
  24.5,
  24.5,
  24.52,
  24.54,
  24.54,
  24.54,
  24.53,
  24.55,
  24.54,
  24.56,
  24.57,
  24.59,
  24.63,
  24.66,
  24.67,
  24.66,
  24.66,
  24.67,
  24.68,
  24.68,
  24.69,
  24.7,
  24.69,
  24.72,
  24.71,
  24.72,
  24.73
 ],
 "traj_orth": [
  89.72,
  86.34,
  81.56,
  75.3,
  67.86,
  59.78,
  51.61,
  43.96,
  37.19,
  31.44,
  26.88,
  23.39,
  21.01,
  19.56,
  18.86,
  18.64,
  18.78,
  19.17,
  19.65,
  20.16,
  20.66,
  21.17,
  21.64,
  22.07,
  22.43,
  22.77,
  23.09,
  23.38,
  23.58,
  23.75,
  23.91,
  24.01,
  24.13,
  24.24,
  24.34,
  24.44,
  24.52,
  24.62,
  24.69,
  24.77,
  24.81,
  24.86,
  24.9,
  24.94,
  24.97,
  25.02,
  25.07,
  25.15,
  25.17,
  25.21,
  25.26,
  25.27,
  25.27,
  25.23,
  25.24,
  25.22,
  25.19,
  25.15,
  25.12,
  25.12,
  25.15,
  25.16,
  25.18,
  25.2,
  25.2,
  25.2,
  25.21,
  25.18,
  25.17,
  25.18,
  25.19,
  25.21,
  25.22,
  25.23,
  25.21,
  25.21,
  25.18,
  25.15,
  25.13,
  25.12,
  25.13,
  25.11,
  25.1,
  25.07,
  25.05,
  25.05,
  25.04,
  25.01,
  24.98,
  24.97,
  24.95,
  24.96,
  24.98,
  25.02,
  25.04,
  25.04,
  25.05,
  25.04,
  25.04,
  25.04
 ]
}