{
 "theta_star": 6.293680662895938,
 "after_same_kick": 5.224398130547856,
 "after_orth_kick": 5.4007879716266505,
 "traj_same": [
  1.64,
  4.7,
  5.17,
  5.28,
  5.32,
  5.32,
  5.34,
  5.4,
  5.42,
  5.38,
  5.36,
  5.3,
  5.28,
  5.26,
  5.27,
  5.27,
  5.24,
  5.28,
  5.25,
  5.25,
  5.22,
  5.24,
  5.24,
  5.24,
  5.25,
  5.25,
  5.25,
  5.25,
  5.26,
  5.23,
  5.24,
  5.24,
  5.23,
  5.21,
  5.24,
  5.26,
  5.23,
  5.23,
  5.23,
  5.23,
  5.24,
  5.22,
  5.21,
  5.24,
  5.25,
  5.23,
  5.25,
  5.23,
  5.21,
  5.23,
  5.21,
  5.22,
  5.23,
  5.22,
  5.24,
  5.24,
  5.23,
  5.21,
  5.21,
  5.23,
  5.21,
  5.22,
  5.25,
  5.23,
  5.22,
  5.23,
  5.21,
  5.23,
  5.23,
  5.24,
  5.21,
  5.22,
  5.23,
  5.24,
  5.24,
  5.23,
  5.23,
  5.22,
  5.23,
  5.22,
  5.22,
  5.23,
  5.23,
  5.21,
  5.22,
  5.24,
  5.23,
  5.2,
  5.22,
  5.22,
  5.21,
  5.22,
  5.23,
  5.23,
  5.23,
  5.22,
  5.21,
  5.23,
  5.23,
  5.23
 ],
 "traj_orth": [
  89.77,
  86.44,
  80.57,
  70.98,
  57.99,
  43.76,
  30.7,
  20.44,
  13.5,
  9.67,
  7.85,
  7.0,
  6.68,
  6.5,
  6.37,
  6.31,
  6.22,
  6.19,
  6.05,
  5.95,
  5.85,
  5.86,
  5.87,
  5.89,
  5.86,
  5.85,
  5.87,
  5.86,
  5.86,
  5.84,
  5.83,
  5.82,
  5.78,
  5.67,
  5.69,
  5.72,
  5.7,
  5.7,
  5.71,
  5.71,
  5.71,
  5.68,
  5.66,
  5.68,
  5.71,
  5.7,
  5.7,
  5.71,
  5.69,
  5.7,
  5.66,
  5.66,
  5.67,
  5.68,
  5.71,
  5.74,
  5.75,
  5.69,
  5.65,
  5.66,
  5.64,
  5.66,
  5.72,
  5.69,
  5.67,
  5.66,
  5.6,
  5.61,
  5.58,
  5.56,
  5.54,
  5.53,
  5.55,
  5.54,
  5.56,
  5.58,
  5.57,
  5.54,
  5.52,
  5.5,
  5.51,
  5.49,
  5.52,
  5.51,
  5.53,
  5.54,
  5.47,
  5.4,
  5.4,
  5.39,
  5.37,
  5.37,
  5.38,
  5.4,
  5.41,
  5.42,
  5.4,
  5.43,
  5.42,
  5.42
 ]
}