{
 "theta_star": 78.26577725761102,
 "after_same_kick": 11.331162763044631,
 "after_orth_kick": 11.753063163806099,
 "traj_same": [
  3.3,
  6.58,
  8.14,
  8.89,
  9.28,
  9.48,
  9.61,
  9.72,
  9.8,
  9.87,
  9.91,
  9.93,
  9.91,
  9.94,
  9.96,
  9.95,
  9.92,
  9.89,
  9.91,
  9.92,
  9.96,
  9.98,
  10.03,
  10.08,
  10.11,
  10.11,
  10.17,
  10.26,
  10.29,
  10.36,
  10.38,
  10.37,
  10.38,
  10.4,
  10.47,
  10.47,
  10.55,
  10.61,
  10.61,
  10.57,
  10.55,
  10.54,
  10.54,
  10.56,
  10.55,
  10.55,
  10.56,
  10.58,
  10.64,
  10.57,
  10.59,
  10.59,
  10.62,
  10.62,
  10.67,
  10.74,
  10.73,
  10.74,
  10.8,
  10.82,
  10.81,
  10.83,
  10.88,
  10.89,
  11.0,
  11.12,
  11.17,
  11.21,
  11.23,
  11.21,
  11.2,
  11.15,
  11.15,
  11.17,
  11.16,
  11.14,
  11.19,
  11.28,
  11.24,
  11.24,
  11.21,
  11.22,
  11.25,
  11.27,
  11.3,
  11.31,
  11.34,
  11.37,
  11.34,
  11.38,
  11.34,
  11.35,
  11.36,
  11.33,
  11.34,
  11.29,
  11.32,
  11.27,
  11.32,
  11.4
 ],
 "traj_orth": [
  89.7,
  86.31,
  81.93,
  76.27,
  69.31,
  61.25,
  52.72,
  44.35,
  36.49,
  29.46,
  23.75,
  19.29,
  16.21,
  14.36,
  13.38,
  12.78,
  12.35,
  12.11,
  12.01,
  11.96,
  11.99,
  11.98,
  12.02,
  11.99,
  11.93,
  11.9,
  11.85,
  11.83,
  11.83,
  11.84,
  11.81,
  11.79,
  11.75,
  11.69,
  11.68,
  11.58,
  11.53,
  11.51,
  11.41,
  11.32,
  11.27,
  11.25,
  11.22,
  11.21,
  11.2,
  11.21,
  11.25,
  11.28,
  11.36,
  11.28,
  11.27,
  11.21,
  11.2,
  11.19,
  11.23,
  11.28,
  11.28,
  11.24,
  11.27,
  11.27,
  11.27,
  11.31,
  11.34,
  11.33,
  11.47,
  11.58,
  11.64,
  11.72,
  11.77,
  11.77,
  11.75,
  11.69,
  11.67,
  11.73,
  11.7,
  11.68,
  11.74,
  11.81,
  11.76,
  11.75,
  11.71,
  11.71,
  11.73,
  11.75,
  11.72,
  11.72,
  11.75,
  11.8,
  11.8,
  11.86,
  11.79,
  11.77,
  11.75,
  11.71,
  11.73,
  11.69,
  11.78,
  11.73,
  11.77,
  11.82
 ]
}