{
 "theta_star": 36.6376625766994,
 "after_same_kick": 32.46708303816298,
 "after_orth_kick": 32.168008628412274,
 "traj_same": [
  3.73,
  8.67,
  12.24,
  14.92,
  17.16,
  18.99,
  20.54,
  21.89,
  23.03,
  24.05,
  24.91,
  25.7,
  26.38,
  26.97,
  27.51,
  27.92,
  28.25,
  28.57,
  28.86,
  29.14,
  29.39,
  29.63,
  29.78,
  29.92,
  30.06,
  30.18,
  30.33,
  30.45,
  30.56,
  30.62,
  30.73,
  30.81,
  30.9,
  30.95,
  31.03,
  31.15,
  31.19,
  31.27,
  31.31,
  31.38,
  31.42,
  31.46,
  31.47,
  31.51,
  31.52,
  31.54,
  31.62,
  31.65,
  31.63,
  31.66,
  31.66,
  31.63,
  31.62,
  31.61,
  31.69,
  31.73,
  31.77,
  31.79,
  31.8,
  31.82,
  31.9,
  31.96,
  32.02,
  32.05,
  32.04,
  32.03,
  32.07,
  32.02,
  32.11,
  32.14,
  32.2,
  32.26,
  32.28,
  32.29,
  32.26,
  32.26,
  32.22,
  32.18,
  32.18,
  32.13,
  32.19,
  32.18,
  32.19,
  32.23,
  32.26,
  32.32,
  32.33,
  32.29,
  32.31,
  32.32,
  32.36,
  32.37,
  32.4,
  32.42,
  32.44,
  32.42,
  32.5,
  32.54,
  32.59,
  32.64
 ],
 "traj_orth": [
  89.72,
  86.54,
  82.53,
  77.62,
  72.0,
  65.93,
  59.57,
  53.21,
  47.18,
  41.57,
  36.67,
  32.36,
  28.81,
  25.94,
  23.8,
  22.32,
  21.39,
  21.05,
  21.07,
  21.34,
  21.8,
  22.43,
  23.05,
  23.69,
  24.33,
  24.99,
  25.64,
  26.24,
  26.78,
  27.23,
  27.69,
  28.08,
  28.43,
  28.74,
  29.06,
  29.39,
  29.57,
  29.77,
  29.94,
  30.14,
  30.29,
  30.41,
  30.53,
  30.65,
  30.75,
  30.79,
  30.88,
  30.98,
  31.02,
  31.1,
  31.14,
  31.16,
  31.21,
  31.23,
  31.32,
  31.38,
  31.43,
  31.45,
  31.47,
  31.48,
  31.58,
  31.66,
  31.73,
  31.75,
  31.74,
  31.74,
  31.81,
  31.79,
  31.91,
  31.97,
  32.02,
  32.08,
  32.14,
  32.18,
  32.17,
  32.19,
  32.14,
  32.1,
  32.1,
  32.03,
  32.08,
  32.04,
  32.03,
  32.04,
  32.05,
  32.11,
  32.12,
  32.07,
  32.07,
  32.06,
  32.1,
  32.11,
  32.13,
  32.14,
  32.15,
  32.15,
  32.22,
  32.22,
  32.22,
  32.24
 ]
}