{
 "theta_star": 99.63742060646204,
 "after_same_kick": 16.283817961346923,
 "after_orth_kick": 17.47479375115278,
 "traj_same": [
  3.28,
  7.12,
  9.32,
  10.67,
  11.64,
  12.38,
  13.0,
  13.46,
  13.85,
  14.09,
  14.26,
  14.34,
  14.41,
  14.5,
  14.52,
  14.56,
  14.62,
  14.61,
  14.65,
  14.65,
  14.69,
  14.71,
  14.74,
  14.76,
  14.8,
  14.86,
  14.91,
  14.93,
  14.99,
  15.04,
  15.06,
  15.03,
  15.06,
  15.07,
  15.07,
  15.12,
  15.2,
  15.27,
  15.27,
  15.29,
  15.3,
  15.26,
  15.21,
  15.2,
  15.16,
  15.14,
  15.16,
  15.15,
  15.18,
  15.17,
  15.17,
  15.16,
  15.16,
  15.15,
  15.18,
  15.25,
  15.26,
  15.28,
  15.32,
  15.35,
  15.37,
  15.39,
  15.43,
  15.44,
  15.45,
  15.5,
  15.52,
  15.54,
  15.57,
  15.58,
  15.54,
  15.53,
  15.59,
  15.59,
  15.63,
  15.69,
  15.79,
  15.92,
  16.02,
  16.08,
  16.05,
  16.06,
  16.09,
  16.13,
  16.2,
  16.22,
  16.26,
  16.37,
  16.41,
  16.36,
  16.36,
  16.37,
  16.35,
  16.31,
  16.3,
  16.29,
  16.3,
  16.26,
  16.2,
  16.1
 ],
 "traj_orth": [
  89.69,
  86.35,
  82.35,
  77.6,
  72.1,
  65.93,
  59.21,
  52.3,
  45.51,
  39.28,
  33.73,
  29.18,
  25.46,
  22.64,
  20.48,
  18.8,
  17.65,
  16.89,
  16.45,
  16.22,
  16.14,
  16.15,
  16.14,
  16.11,
  16.15,
  16.2,
  16.24,
  16.3,
  16.35,
  16.39,
  16.42,
  16.37,
  16.37,
  16.37,
  16.35,
  16.4,
  16.5,
  16.62,
  16.68,
  16.77,
  16.84,
  16.85,
  16.78,
  16.78,
  16.73,
  16.74,
  16.77,
  16.79,
  16.81,
  16.82,
  16.82,
  16.83,
  16.82,
  16.83,
  16.83,
  16.86,
  16.81,
  16.8,
  16.86,
  16.91,
  16.93,
  16.93,
  16.95,
  16.94,
  16.95,
  17.01,
  17.0,
  17.02,
  17.06,
  17.05,
  17.01,
  17.0,
  17.03,
  17.02,
  17.05,
  17.09,
  17.12,
  17.13,
  17.16,
  17.17,
  17.14,
  17.15,
  17.21,
  17.3,
  17.41,
  17.42,
  17.37,
  17.46,
  17.52,
  17.49,
  17.5,
  17.52,
  17.56,
  17.54,
  17.53,
  17.5,
  17.5,
  17.42,
  17.35,
  17.32
 ]
}