{
 "theta_star": 23.396169531454802,
 "after_same_kick": 21.454494007758154,
 "after_orth_kick": 21.78812756062927,
 "traj_same": [
  3.74,
  8.78,
  12.27,
  14.71,
  16.44,
  17.76,
  18.72,
  19.38,
  19.89,
  20.29,
  20.61,
  20.85,
  21.05,
  21.19,
  21.35,
  21.42,
  21.51,
  21.59,
  21.6,
  21.61,
  21.68,
  21.67,
  21.72,
  21.79,
  21.83,
  21.87,
  21.87,
  21.9,
  21.92,
  21.97,
  21.98,
  21.96,
  22.02,
  22.1,
  22.1,
  22.13,
  22.16,
  22.14,
  22.1,
  22.03,
  21.99,
  21.92,
  21.92,
  21.88,
  21.85,
  21.86,
  21.83,
  21.87,
  21.84,
  21.79,
  21.75,
  21.73,
  21.67,
  21.65,
  21.68,
  21.7,
  21.72,
  21.69,
  21.66,
  21.62,
  21.6,
  21.57,
  21.6,
  21.6,
  21.58,
  21.57,
  21.55,
  21.53,
  21.56,
  21.57,
  21.53,
  21.54,
  21.54,
  21.56,
  21.53,
  21.57,
  21.58,
  21.58,
  21.62,
  21.61,
  21.57,
  21.57,
  21.58,
  21.56,
  21.55,
  21.52,
  21.58,
  21.58,
  21.55,
  21.54,
  21.51,
  21.47,
  21.44,
  21.48,
  21.5,
  21.45,
  21.43,
  21.42,
  21.45,
  21.4
 ],
 "traj_orth": [
  89.7,
  85.78,
  79.4,
  70.53,
  60.21,
  49.77,
  40.34,
  32.37,
  26.18,
  21.85,
  19.21,
  17.88,
  17.41,
  17.53,
  17.99,
  18.52,
  19.14,
  19.69,
  20.09,
  20.44,
  20.81,
  21.02,
  21.27,
  21.5,
  21.66,
  21.76,
  21.81,
  21.9,
  21.95,
  22.02,
  22.06,
  22.06,
  22.13,
  22.22,
  22.23,
  22.29,
  22.35,
  22.34,
  22.33,
  22.33,
  22.34,
  22.3,
  22.31,
  22.27,
  22.24,
  22.23,
  22.16,
  22.15,
  22.09,
  22.02,
  21.96,
  21.95,
  21.9,
  21.91,
  21.94,
  21.96,
  21.95,
  21.89,
  21.88,
  21.83,
  21.83,
  21.81,
  21.85,
  21.86,
  21.86,
  21.86,
  21.82,
  21.8,
  21.84,
  21.87,
  21.84,
  21.86,
  21.86,
  21.9,
  21.86,
  21.89,
  21.91,
  21.89,
  21.92,
  21.92,
  21.9,
  21.9,
  21.93,
  21.89,
  21.87,
  21.83,
  21.86,
  21.84,
  21.81,
  21.8,
  21.78,
  21.77,
  21.76,
  21.81,
  21.83,
  21.79,
  21.77,
  21.78,
  21.82,
  21.77
 ]
}