{
 "theta_star": 83.93234986128768,
 "after_same_kick": 17.515296977340927,
 "after_orth_kick": 18.663540750317626,
 "traj_same": [
  3.31,
  7.15,
  9.28,
  10.64,
  11.5,
  12.13,
  12.62,
  13.04,
  13.32,
  13.5,
  13.65,
  13.77,
  13.86,
  13.95,
  14.04,
  14.11,
  14.2,
  14.28,
  14.37,
  14.5,
  14.6,
  14.65,
  14.72,
  14.79,
  14.84,
  14.84,
  14.89,
  14.96,
  15.08,
  15.22,
  15.27,
  15.35,
  15.48,
  15.67,
  15.78,
  15.83,
  15.85,
  15.85,
  15.87,
  15.89,
  15.92,
  15.97,
  15.94,
  15.9,
  15.87,
  15.86,
  15.86,
  15.86,
  15.85,
  15.84,
  15.85,
  15.92,
  15.97,
  16.06,
  16.09,
  16.11,
  16.15,
  16.16,
  16.19,
  16.21,
  16.24,
  16.29,
  16.34,
  16.37,
  16.36,
  16.38,
  16.37,
  16.38,
  16.39,
  16.45,
  16.51,
  16.54,
  16.6,
  16.63,
  16.61,
  16.61,
  16.68,
  16.81,
  16.87,
  16.93,
  17.0,
  17.0,
  17.05,
  17.06,
  17.16,
  17.19,
  17.22,
  17.32,
  17.33,
  17.33,
  17.38,
  17.4,
  17.44,
  17.52,
  17.56,
  17.54,
  17.57,
  17.58,
  17.56,
  17.6
 ],
 "traj_orth": [
  89.73,
  86.68,
  82.98,
  78.57,
  73.46,
  67.69,
  61.44,
  55.0,
  48.71,
  42.73,
  37.36,
  32.7,
  28.75,
  25.55,
  23.07,
  21.2,
  19.85,
  18.9,
  18.34,
  18.0,
  17.75,
  17.59,
  17.53,
  17.53,
  17.59,
  17.61,
  17.62,
  17.68,
  17.79,
  17.99,
  18.1,
  18.23,
  18.36,
  18.57,
  18.74,
  18.81,
  18.9,
  18.94,
  19.04,
  19.12,
  19.19,
  19.25,
  19.24,
  19.2,
  19.13,
  19.08,
  19.1,
  19.12,
  19.18,
  19.26,
  19.28,
  19.32,
  19.26,
  19.25,
  19.26,
  19.27,
  19.31,
  19.31,
  19.31,
  19.32,
  19.28,
  19.27,
  19.24,
  19.22,
  19.1,
  18.97,
  18.88,
  18.86,
  18.83,
  18.83,
  18.82,
  18.78,
  18.75,
  18.7,
  18.68,
  18.68,
  18.74,
  18.8,
  18.77,
  18.74,
  18.75,
  18.69,
  18.72,
  18.66,
  18.67,
  18.67,
  18.71,
  18.79,
  18.72,
  18.65,
  18.66,
  18.67,
  18.71,
  18.71,
  18.72,
  18.66,
  18.66,
  18.63,
  18.62,
  18.61
 ]
}