{
 "theta_star": 23.295143490187264,
 "after_same_kick": 21.311706178799405,
 "after_orth_kick": 21.367155282732547,
 "traj_same": [
  3.17,
  8.47,
  11.99,
  14.38,
  16.12,
  17.4,
  18.37,
  19.09,
  19.61,
  20.02,
  20.35,
  20.57,
  20.77,
  20.94,
  21.02,
  21.09,
  21.16,
  21.26,
  21.3,
  21.31,
  21.29,
  21.3,
  21.3,
  21.31,
  21.32,
  21.33,
  21.34,
  21.35,
  21.39,
  21.37,
  21.38,
  21.39,
  21.37,
  21.39,
  21.43,
  21.44,
  21.44,
  21.46,
  21.49,
  21.47,
  21.46,
  21.45,
  21.45,
  21.43,
  21.45,
  21.46,
  21.51,
  21.54,
  21.55,
  21.56,
  21.59,
  21.58,
  21.58,
  21.53,
  21.47,
  21.45,
  21.41,
  21.39,
  21.36,
  21.35,
  21.36,
  21.37,
  21.37,
  21.34,
  21.36,
  21.35,
  21.38,
  21.36,
  21.35,
  21.35,
  21.34,
  21.33,
  21.32,
  21.34,
  21.36,
  21.3,
  21.3,
  21.29,
  21.26,
  21.29,
  21.3,
  21.31,
  21.32,
  21.34,
  21.33,
  21.3,
  21.29,
  21.3,
  21.31,
  21.33,
  21.31,
  21.31,
  21.3,
  21.3,
  21.31,
  21.3,
  21.32,
  21.32,
  21.33,
  21.33
 ],
 "traj_orth": [
  89.68,
  85.74,
  79.32,
  70.39,
  59.76,
  48.91,
  39.09,
  30.92,
  24.72,
  20.32,
  17.52,
  16.17,
  15.9,
  16.22,
  16.78,
  17.39,
  18.0,
  18.55,
  19.05,
  19.49,
  19.83,
  20.15,
  20.4,
  20.62,
  20.8,
  20.95,
  21.04,
  21.14,
  21.2,
  21.28,
  21.35,
  21.41,
  21.43,
  21.45,
  21.45,
  21.44,
  21.44,
  21.5,
  21.49,
  21.52,
  21.53,
  21.49,
  21.47,
  21.46,
  21.47,
  21.46,
  21.48,
  21.52,
  21.57,
  21.55,
  21.54,
  21.56,
  21.6,
  21.6,
  21.58,
  21.58,
  21.56,
  21.52,
  21.53,
  21.52,
  21.53,
  21.5,
  21.52,
  21.51,
  21.5,
  21.44,
  21.4,
  21.35,
  21.33,
  21.29,
  21.31,
  21.35,
  21.35,
  21.35,
  21.33,
  21.34,
  21.33,
  21.33,
  21.34,
  21.31,
  21.31,
  21.34,
  21.32,
  21.32,
  21.32,
  21.33,
  21.34,
  21.36,
  21.36,
  21.38,
  21.41,
  21.39,
  21.37,
  21.36,
  21.36,
  21.37,
  21.37,
  21.36,
  21.35,
  21.34
 ]
}