{
 "theta_star": 87.93529506066467,
 "after_same_kick": 10.076258293049785,
 "after_orth_kick": 11.512575358079056,
 "traj_same": [
  3.41,
  6.65,
  8.23,
  9.04,
  9.44,
  9.72,
  9.87,
  9.94,
  10.02,
  10.07,
  10.12,
  10.15,
  10.14,
  10.13,
  10.17,
  10.14,
  10.16,
  10.19,
  10.21,
  10.25,
  10.35,
  10.34,
  10.37,
  10.38,
  10.42,
  10.44,
  10.43,
  10.42,
  10.4,
  10.41,
  10.36,
  10.29,
  10.31,
  10.32,
  10.29,
  10.33,
  10.33,
  10.33,
  10.28,
  10.25,
  10.23,
  10.18,
  10.15,
  10.11,
  10.08,
  10.08,
  10.03,
  10.06,
  10.06,
  10.06,
  10.08,
  10.06,
  10.05,
  10.09,
  10.14,
  10.17,
  10.2,
  10.19,
  10.19,
  10.18,
  10.17,
  10.15,
  10.16,
  10.16,
  10.13,
  10.1,
  10.06,
  10.01,
  9.99,
  10.02,
  9.99,
  10.03,
  10.03,
  10.06,
  10.01,
  10.03,
  10.03,
  10.01,
  10.03,
  10.0,
  10.0,
  10.03,
  10.05,
  10.04,
  10.04,
  10.01,
  10.04,
  10.04,
  10.06,
  10.08,
  10.07,
  10.05,
  10.04,
  10.06,
  10.1,
  10.07,
  10.09,
  10.09,
  10.12,
  10.08
 ],
 "traj_orth": [
  89.7,
  86.21,
  81.57,
  75.57,
  68.18,
  59.76,
  51.02,
  42.61,
  35.03,
  28.62,
  23.69,
  20.06,
  17.52,
  15.72,
  14.48,
  13.57,
  13.01,
  12.66,
  12.52,
  12.54,
  12.57,
  12.5,
  12.47,
  12.41,
  12.43,
  12.45,
  12.46,
  12.5,
  12.54,
  12.61,
  12.66,
  12.66,
  12.71,
  12.65,
  12.57,
  12.5,
  12.45,
  12.43,
  12.37,
  12.42,
  12.45,
  12.44,
  12.43,
  12.43,
  12.39,
  12.48,
  12.46,
  12.48,
  12.44,
  12.41,
  12.41,
  12.37,
  12.32,
  12.33,
  12.39,
  12.43,
  12.5,
  12.46,
  12.45,
  12.41,
  12.4,
  12.33,
  12.32,
  12.27,
  12.18,
  12.15,
  12.18,
  12.13,
  12.1,
  12.11,
  12.1,
  12.11,
  12.05,
  11.99,
  11.97,
  12.04,
  12.05,
  12.02,
  11.97,
  11.9,
  11.85,
  11.83,
  11.83,
  11.83,
  11.85,
  11.82,
  11.82,
  11.76,
  11.7,
  11.64,
  11.61,
  11.62,
  11.63,
  11.63,
  11.55,
  11.47,
  11.45,
  11.42,
  11.43,
  11.31
 ]
}