{
 "theta_star": 39.27611245850267,
 "after_same_kick": 34.419555208073156,
 "after_orth_kick": 34.076308558525454,
 "traj_same": [
  3.45,
  8.59,
  12.28,
  15.03,
  17.26,
  19.14,
  20.72,
  22.06,
  23.2,
  24.13,
  24.99,
  25.71,
  26.33,
  26.86,
  27.29,
  27.68,
  27.98,
  28.28,
  28.54,
  28.79,
  29.03,
  29.23,
  29.37,
  29.5,
  29.6,
  29.76,
  29.83,
  29.96,
  30.09,
  30.2,
  30.3,
  30.4,
  30.48,
  30.62,
  30.79,
  30.94,
  31.06,
  31.16,
  31.3,
  31.43,
  31.54,
  31.65,
  31.76,
  31.87,
  32.02,
  32.12,
  32.19,
  32.23,
  32.3,
  32.36,
  32.43,
  32.47,
  32.52,
  32.59,
  32.69,
  32.75,
  32.77,
  32.88,
  32.92,
  32.94,
  32.95,
  32.9,
  32.93,
  32.91,
  32.91,
  32.95,
  32.96,
  33.0,
  33.0,
  33.03,
  33.14,
  33.21,
  33.26,
  33.32,
  33.37,
  33.41,
  33.45,
  33.5,
  33.58,
  33.61,
  33.73,
  33.79,
  33.81,
  33.84,
  33.91,
  33.93,
  34.0,
  34.09,
  34.15,
  34.21,
  34.23,
  34.25,
  34.32,
  34.3,
  34.39,
  34.43,
  34.5,
  34.51,
  34.59,
  34.67
 ],
 "traj_orth": [
  89.72,
  86.56,
  82.53,
  77.62,
  72.02,
  66.0,
  59.79,
  53.65,
  47.91,
  42.68,
  37.92,
  33.72,
  30.17,
  27.26,
  24.96,
  23.28,
  22.21,
  21.62,
  21.46,
  21.62,
  22.0,
  22.49,
  23.04,
  23.58,
  24.12,
  24.71,
  25.2,
  25.71,
  26.22,
  26.68,
  27.12,
  27.56,
  27.92,
  28.32,
  28.69,
  29.03,
  29.31,
  29.57,
  29.83,
  30.07,
  30.26,
  30.46,
  30.67,
  30.86,
  31.08,
  31.23,
  31.36,
  31.44,
  31.53,
  31.63,
  31.74,
  31.82,
  31.9,
  32.0,
  32.15,
  32.23,
  32.25,
  32.35,
  32.43,
  32.5,
  32.57,
  32.58,
  32.66,
  32.7,
  32.72,
  32.79,
  32.81,
  32.85,
  32.84,
  32.83,
  32.93,
  32.99,
  33.05,
  33.12,
  33.18,
  33.21,
  33.28,
  33.34,
  33.41,
  33.44,
  33.56,
  33.61,
  33.63,
  33.65,
  33.68,
  33.67,
  33.76,
  33.83,
  33.88,
  33.92,
  33.96,
  33.98,
  34.03,
  34.0,
  34.09,
  34.12,
  34.17,
  34.14,
  34.14,
  34.13
 ]
}