{
 "theta_star": 27.5246488544885,
 "after_same_kick": 24.96085314870721,
 "after_orth_kick": 25.115508439462555,
 "traj_same": [
  4.06,
  8.97,
  12.42,
  14.84,
  16.67,
  18.14,
  19.35,
  20.27,
  21.04,
  21.62,
  22.12,
  22.5,
  22.86,
  23.13,
  23.4,
  23.58,
  23.75,
  23.85,
  23.91,
  23.94,
  23.97,
  24.03,
  24.1,
  24.11,
  24.14,
  24.2,
  24.21,
  24.24,
  24.26,
  24.26,
  24.29,
  24.29,
  24.26,
  24.26,
  24.26,
  24.35,
  24.4,
  24.38,
  24.41,
  24.42,
  24.39,
  24.35,
  24.33,
  24.35,
  24.34,
  24.37,
  24.42,
  24.44,
  24.46,
  24.44,
  24.41,
  24.41,
  24.43,
  24.45,
  24.43,
  24.45,
  24.52,
  24.52,
  24.54,
  24.54,
  24.56,
  24.6,
  24.64,
  24.64,
  24.62,
  24.58,
  24.63,
  24.67,
  24.68,
  24.74,
  24.8,
  24.81,
  24.8,
  24.77,
  24.77,
  24.78,
  24.8,
  24.86,
  24.89,
  24.9,
  24.89,
  24.89,
  24.86,
  24.9,
  24.89,
  24.91,
  24.9,
  24.86,
  24.91,
  24.9,
  24.96,
  24.98,
  24.96,
  24.94,
  24.92,
  24.91,
  24.96,
  24.99,
  24.99,
  24.99
 ],
 "traj_orth": [
  89.73,
  86.41,
  81.65,
  75.5,
  68.33,
  60.62,
  52.86,
  45.53,
  38.94,
  33.28,
  28.73,
  25.19,
  22.69,
  21.05,
  20.1,
  19.71,
  19.68,
  19.88,
  20.17,
  20.5,
  20.9,
  21.28,
  21.68,
  21.98,
  22.3,
  22.65,
  22.94,
  23.22,
  23.43,
  23.56,
  23.72,
  23.86,
  23.97,
  24.02,
  24.06,
  24.21,
  24.31,
  24.31,
  24.36,
  24.39,
  24.4,
  24.41,
  24.42,
  24.45,
  24.48,
  24.51,
  24.6,
  24.63,
  24.65,
  24.63,
  24.61,
  24.6,
  24.64,
  24.66,
  24.65,
  24.69,
  24.81,
  24.84,
  24.87,
  24.88,
  24.9,
  24.92,
  24.94,
  24.95,
  24.95,
  24.92,
  24.98,
  25.0,
  25.02,
  25.05,
  25.08,
  25.08,
  25.08,
  25.06,
  25.04,
  25.02,
  25.03,
  25.09,
  25.15,
  25.16,
  25.13,
  25.11,
  25.06,
  25.09,
  25.1,
  25.14,
  25.13,
  25.07,
  25.11,
  25.08,
  25.13,
  25.15,
  25.13,
  25.12,
  25.09,
  25.07,
  25.09,
  25.12,
  25.12,
  25.14
 ]
}