{
 "theta_star": 21.71360147327901,
 "after_same_kick": 21.145504273706884,
 "after_orth_kick": 21.221385090810468,
 "traj_same": [
  2.61,
  8.17,
  11.58,
  13.86,
  15.5,
  16.69,
  17.57,
  18.25,
  18.76,
  19.15,
  19.47,
  19.74,
  19.93,
  20.05,
  20.16,
  20.25,
  20.31,
  20.35,
  20.41,
  20.45,
  20.49,
  20.54,
  20.61,
  20.64,
  20.65,
  20.66,
  20.71,
  20.74,
  20.76,
  20.8,
  20.84,
  20.89,
  20.89,
  20.86,
  20.85,
  20.9,
  20.92,
  20.91,
  20.89,
  20.9,
  20.91,
  20.93,
  20.92,
  20.97,
  21.02,
  21.02,
  21.03,
  21.03,
  21.04,
  21.04,
  21.02,
  21.04,
  21.08,
  21.12,
  21.15,
  21.15,
  21.14,
  21.11,
  21.1,
  21.08,
  21.08,
  21.1,
  21.13,
  21.12,
  21.12,
  21.14,
  21.14,
  21.13,
  21.14,
  21.12,
  21.13,
  21.14,
  21.14,
  21.11,
  21.11,
  21.08,
  21.07,
  21.12,
  21.12,
  21.17,
  21.16,
  21.16,
  21.15,
  21.12,
  21.09,
  21.11,
  21.14,
  21.16,
  21.19,
  21.19,
  21.17,
  21.18,
  21.17,
  21.16,
  21.16,
  21.12,
  21.11,
  21.12,
  21.12,
  21.13
 ],
 "traj_orth": [
  89.71,
  86.09,
  80.15,
  71.85,
  61.91,
  51.51,
  41.71,
  33.2,
  26.5,
  21.67,
  18.48,
  16.73,
  16.04,
  15.98,
  16.28,
  16.76,
  17.23,
  17.67,
  18.13,
  18.55,
  18.93,
  19.28,
  19.6,
  19.85,
  20.06,
  20.22,
  20.36,
  20.45,
  20.52,
  20.6,
  20.68,
  20.73,
  20.78,
  20.83,
  20.89,
  20.98,
  21.01,
  21.03,
  21.03,
  21.04,
  21.03,
  21.05,
  21.03,
  21.08,
  21.14,
  21.15,
  21.16,
  21.16,
  21.18,
  21.19,
  21.19,
  21.23,
  21.27,
  21.31,
  21.33,
  21.33,
  21.32,
  21.29,
  21.26,
  21.25,
  21.24,
  21.25,
  21.26,
  21.25,
  21.25,
  21.26,
  21.25,
  21.24,
  21.23,
  21.21,
  21.2,
  21.18,
  21.18,
  21.16,
  21.17,
  21.15,
  21.14,
  21.18,
  21.18,
  21.22,
  21.22,
  21.22,
  21.21,
  21.17,
  21.14,
  21.18,
  21.22,
  21.25,
  21.26,
  21.26,
  21.25,
  21.26,
  21.24,
  21.22,
  21.23,
  21.19,
  21.19,
  21.2,
  21.21,
  21.22
 ]
}