{
 "theta_star": 27.521999365637203,
 "after_same_kick": 24.03436525454921,
 "after_orth_kick": 24.29187471687241,
 "traj_same": [
  2.86,
  8.22,
  11.69,
  14.12,
  16.02,
  17.49,
  18.68,
  19.66,
  20.4,
  21.03,
  21.52,
  21.93,
  22.28,
  22.57,
  22.78,
  22.94,
  23.13,
  23.26,
  23.4,
  23.5,
  23.61,
  23.73,
  23.8,
  23.88,
  23.94,
  23.98,
  24.03,
  24.11,
  24.21,
  24.25,
  24.3,
  24.33,
  24.37,
  24.37,
  24.38,
  24.38,
  24.37,
  24.34,
  24.23,
  24.12,
  24.05,
  24.03,
  23.98,
  23.95,
  23.9,
  23.85,
  23.86,
  23.87,
  23.84,
  23.81,
  23.8,
  23.76,
  23.74,
  23.74,
  23.74,
  23.75,
  23.73,
  23.73,
  23.69,
  23.67,
  23.7,
  23.69,
  23.68,
  23.69,
  23.7,
  23.7,
  23.74,
  23.79,
  23.83,
  23.81,
  23.8,
  23.8,
  23.79,
  23.8,
  23.8,
  23.8,
  23.8,
  23.81,
  23.84,
  23.84,
  23.87,
  23.89,
  23.92,
  23.93,
  23.94,
  23.95,
  23.95,
  23.93,
  23.95,
  23.98,
  23.99,
  24.02,
  24.02,
  24.03,
  24.02,
  24.01,
  24.04,
  24.06,
  24.08,
  24.09
 ],
 "traj_orth": [
  89.74,
  86.55,
  81.97,
  76.04,
  68.98,
  61.33,
  53.61,
  46.23,
  39.48,
  33.57,
  28.64,
  24.8,
  22.0,
  20.17,
  19.17,
  18.75,
  18.79,
  19.08,
  19.53,
  20.04,
  20.56,
  21.05,
  21.46,
  21.88,
  22.22,
  22.51,
  22.73,
  22.94,
  23.15,
  23.32,
  23.46,
  23.57,
  23.71,
  23.8,
  23.91,
  23.97,
  24.0,
  24.06,
  24.07,
  24.07,
  24.07,
  24.09,
  24.07,
  24.05,
  24.02,
  23.99,
  24.02,
  24.06,
  24.07,
  24.08,
  24.09,
  24.11,
  24.12,
  24.15,
  24.17,
  24.17,
  24.16,
  24.16,
  24.13,
  24.15,
  24.2,
  24.21,
  24.23,
  24.23,
  24.24,
  24.22,
  24.22,
  24.24,
  24.27,
  24.24,
  24.21,
  24.2,
  24.2,
  24.22,
  24.2,
  24.18,
  24.18,
  24.19,
  24.22,
  24.24,
  24.28,
  24.29,
  24.29,
  24.29,
  24.27,
  24.25,
  24.25,
  24.23,
  24.24,
  24.27,
  24.29,
  24.31,
  24.3,
  24.29,
  24.28,
  24.27,
  24.3,
  24.32,
  24.3,
  24.27
 ]
}