{
 "theta_star": 39.81542817885896,
 "after_same_kick": 32.01981204886134,
 "after_orth_kick": 31.886142149501712,
 "traj_same": [
  3.05,
  8.3,
  11.88,
  14.54,
  16.76,
  18.6,
  20.16,
  21.49,
  22.59,
  23.58,
  24.42,
  25.15,
  25.79,
  26.37,
  26.81,
  27.22,
  27.63,
  27.95,
  28.25,
  28.5,
  28.75,
  28.97,
  29.12,
  29.26,
  29.41,
  29.54,
  29.65,
  29.77,
  29.93,
  30.02,
  30.11,
  30.18,
  30.25,
  30.29,
  30.33,
  30.38,
  30.42,
  30.49,
  30.54,
  30.59,
  30.64,
  30.72,
  30.75,
  30.83,
  30.85,
  30.88,
  30.95,
  31.02,
  31.08,
  31.14,
  31.21,
  31.25,
  31.29,
  31.31,
  31.33,
  31.35,
  31.35,
  31.39,
  31.38,
  31.41,
  31.48,
  31.52,
  31.5,
  31.49,
  31.48,
  31.45,
  31.5,
  31.55,
  31.61,
  31.59,
  31.57,
  31.6,
  31.6,
  31.65,
  31.65,
  31.64,
  31.64,
  31.67,
  31.72,
  31.76,
  31.77,
  31.8,
  31.83,
  31.85,
  31.86,
  31.86,
  31.87,
  31.86,
  31.89,
  31.94,
  31.97,
  32.0,
  31.98,
  31.98,
  32.0,
  32.03,
  32.07,
  32.1,
  32.06,
  32.01
 ],
 "traj_orth": [
  89.74,
  86.73,
  82.87,
  78.22,
  72.86,
  67.08,
  61.1,
  55.16,
  49.44,
  44.07,
  39.17,
  34.8,
  31.01,
  27.86,
  25.4,
  23.57,
  22.41,
  21.76,
  21.51,
  21.63,
  21.97,
  22.44,
  22.95,
  23.5,
  24.07,
  24.66,
  25.18,
  25.68,
  26.22,
  26.63,
  27.03,
  27.37,
  27.69,
  27.99,
  28.3,
  28.59,
  28.83,
  29.08,
  29.28,
  29.45,
  29.57,
  29.74,
  29.84,
  29.97,
  30.06,
  30.14,
  30.24,
  30.33,
  30.4,
  30.48,
  30.56,
  30.62,
  30.7,
  30.75,
  30.82,
  30.88,
  30.94,
  31.01,
  31.03,
  31.09,
  31.17,
  31.19,
  31.18,
  31.2,
  31.23,
  31.25,
  31.33,
  31.4,
  31.5,
  31.51,
  31.51,
  31.55,
  31.58,
  31.64,
  31.65,
  31.63,
  31.66,
  31.71,
  31.79,
  31.82,
  31.83,
  31.83,
  31.84,
  31.84,
  31.84,
  31.83,
  31.84,
  31.84,
  31.86,
  31.88,
  31.89,
  31.91,
  31.89,
  31.88,
  31.87,
  31.87,
  31.89,
  31.93,
  31.89,
  31.85
 ]
}