{
 "theta_star": 26.48787511754571,
 "after_same_kick": 25.495310639776875,
 "after_orth_kick": 25.233661206254546,
 "traj_same": [
  3.29,
  8.46,
  11.9,
  14.35,
  16.29,
  17.81,
  19.03,
  20.02,
  20.84,
  21.48,
  21.99,
  22.4,
  22.74,
  23.04,
  23.3,
  23.49,
  23.65,
  23.78,
  23.88,
  23.98,
  24.04,
  24.09,
  24.16,
  24.21,
  24.25,
  24.3,
  24.32,
  24.37,
  24.42,
  24.4,
  24.43,
  24.45,
  24.47,
  24.49,
  24.49,
  24.53,
  24.58,
  24.65,
  24.7,
  24.72,
  24.76,
  24.77,
  24.77,
  24.78,
  24.76,
  24.81,
  24.88,
  24.97,
  25.07,
  25.12,
  25.2,
  25.19,
  25.2,
  25.19,
  25.2,
  25.23,
  25.28,
  25.29,
  25.29,
  25.29,
  25.29,
  25.32,
  25.33,
  25.36,
  25.4,
  25.42,
  25.37,
  25.4,
  25.41,
  25.44,
  25.44,
  25.47,
  25.52,
  25.58,
  25.56,
  25.59,
  25.58,
  25.6,
  25.57,
  25.55,
  25.57,
  25.57,
  25.59,
  25.59,
  25.61,
  25.64,
  25.66,
  25.68,
  25.67,
  25.63,
  25.59,
  25.6,
  25.56,
  25.55,
  25.48,
  25.44,
  25.43,
  25.43,
  25.42,
  25.46
 ],
 "traj_orth": [
  89.73,
  86.38,
  81.6,
  75.4,
  68.02,
  59.95,
  51.72,
  43.85,
  36.82,
  30.92,
  26.2,
  22.67,
  20.26,
  18.81,
  18.1,
  17.92,
  18.11,
  18.54,
  19.07,
  19.67,
  20.28,
  20.87,
  21.37,
  21.86,
  22.31,
  22.66,
  23.0,
  23.3,
  23.57,
  23.76,
  23.93,
  24.09,
  24.2,
  24.31,
  24.42,
  24.5,
  24.59,
  24.67,
  24.76,
  24.85,
  24.94,
  25.0,
  25.01,
  25.04,
  25.02,
  25.05,
  25.11,
  25.14,
  25.17,
  25.18,
  25.17,
  25.19,
  25.16,
  25.17,
  25.19,
  25.23,
  25.25,
  25.3,
  25.33,
  25.35,
  25.33,
  25.3,
  25.22,
  25.22,
  25.25,
  25.25,
  25.26,
  25.3,
  25.32,
  25.31,
  25.28,
  25.3,
  25.31,
  25.32,
  25.36,
  25.39,
  25.4,
  25.44,
  25.41,
  25.37,
  25.35,
  25.34,
  25.34,
  25.36,
  25.34,
  25.37,
  25.32,
  25.31,
  25.3,
  25.29,
  25.27,
  25.24,
  25.21,
  25.23,
  25.23,
  25.24,
  25.25,
  25.24,
  25.2,
  25.22
 ]
}