{
 "theta_star": 77.74029003176071,
 "after_same_kick": 10.684263461688555,
 "after_orth_kick": 11.84596552927739,
 "traj_same": [
  3.12,
  6.56,
  8.16,
  8.94,
  9.35,
  9.6,
  9.75,
  9.88,
  9.94,
  9.99,
  10.05,
  10.07,
  10.1,
  10.2,
  10.26,
  10.37,
  10.46,
  10.57,
  10.58,
  10.58,
  10.55,
  10.62,
  10.66,
  10.72,
  10.81,
  10.85,
  10.85,
  10.84,
  10.91,
  10.91,
  10.95,
  11.03,
  11.08,
  11.12,
  11.13,
  11.15,
  11.15,
  11.18,
  11.24,
  11.23,
  11.25,
  11.3,
  11.32,
  11.25,
  11.3,
  11.3,
  11.32,
  11.3,
  11.24,
  11.18,
  11.17,
  11.15,
  11.13,
  11.14,
  11.15,
  11.18,
  11.22,
  11.23,
  11.17,
  11.14,
  11.1,
  11.06,
  11.01,
  10.98,
  10.96,
  10.95,
  10.97,
  10.97,
  10.94,
  10.94,
  10.89,
  10.82,
  10.78,
  10.77,
  10.77,
  10.73,
  10.8,
  10.8,
  10.79,
  10.77,
  10.65,
  10.58,
  10.57,
  10.62,
  10.65,
  10.62,
  10.63,
  10.61,
  10.62,
  10.62,
  10.64,
  10.67,
  10.66,
  10.67,
  10.7,
  10.66,
  10.64,
  10.66,
  10.75,
  10.8
 ],
 "traj_orth": [
  89.68,
  86.17,
  81.58,
  75.7,
  68.43,
  60.04,
  51.05,
  42.25,
  34.29,
  27.47,
  22.13,
  18.12,
  15.28,
  13.52,
  12.58,
  12.23,
  12.09,
  12.12,
  12.16,
  12.27,
  12.3,
  12.38,
  12.43,
  12.45,
  12.49,
  12.56,
  12.65,
  12.64,
  12.67,
  12.62,
  12.61,
  12.64,
  12.65,
  12.68,
  12.68,
  12.67,
  12.66,
  12.65,
  12.67,
  12.7,
  12.71,
  12.72,
  12.7,
  12.57,
  12.54,
  12.47,
  12.44,
  12.43,
  12.43,
  12.41,
  12.42,
  12.38,
  12.32,
  12.31,
  12.28,
  12.32,
  12.32,
  12.38,
  12.33,
  12.26,
  12.21,
  12.18,
  12.14,
  12.12,
  12.13,
  12.11,
  12.12,
  12.1,
  12.07,
  12.06,
  12.02,
  11.94,
  11.85,
  11.77,
  11.71,
  11.62,
  11.61,
  11.62,
  11.56,
  11.53,
  11.54,
  11.56,
  11.56,
  11.58,
  11.66,
  11.67,
  11.7,
  11.7,
  11.67,
  11.7,
  11.72,
  11.76,
  11.77,
  11.8,
  11.88,
  11.9,
  11.88,
  11.88,
  11.91,
  11.95
 ]
}