{
 "theta_star": 36.843512262379114,
 "after_same_kick": 32.088661346826306,
 "after_orth_kick": 31.89053325722054,
 "traj_same": [
  3.41,
  8.4,
  11.94,
  14.63,
  16.85,
  18.72,
  20.36,
  21.76,
  22.89,
  23.88,
  24.73,
  25.45,
  26.0,
  26.46,
  26.88,
  27.3,
  27.75,
  28.1,
  28.43,
  28.74,
  28.97,
  29.16,
  29.36,
  29.54,
  29.71,
  29.9,
  30.05,
  30.2,
  30.31,
  30.41,
  30.42,
  30.46,
  30.51,
  30.55,
  30.57,
  30.6,
  30.58,
  30.6,
  30.64,
  30.68,
  30.71,
  30.73,
  30.73,
  30.76,
  30.79,
  30.86,
  30.95,
  31.01,
  31.03,
  31.07,
  31.09,
  31.13,
  31.23,
  31.29,
  31.33,
  31.45,
  31.53,
  31.58,
  31.64,
  31.71,
  31.77,
  31.81,
  31.88,
  31.92,
  31.95,
  31.96,
  31.95,
  31.96,
  31.96,
  31.98,
  32.01,
  32.06,
  32.02,
  32.04,
  32.05,
  32.06,
  32.07,
  32.07,
  32.06,
  32.07,
  32.1,
  32.12,
  32.09,
  32.09,
  32.06,
  32.1,
  32.09,
  32.06,
  32.07,
  32.08,
  32.06,
  32.07,
  32.09,
  32.09,
  32.1,
  32.08,
  32.1,
  32.12,
  32.09,
  32.08
 ],
 "traj_orth": [
  89.73,
  86.73,
  82.88,
  78.21,
  72.87,
  67.04,
  61.02,
  55.16,
  49.58,
  44.34,
  39.56,
  35.32,
  31.63,
  28.52,
  26.01,
  24.08,
  22.92,
  22.32,
  22.12,
  22.25,
  22.51,
  22.93,
  23.39,
  23.93,
  24.49,
  25.06,
  25.59,
  26.11,
  26.59,
  27.04,
  27.42,
  27.79,
  28.12,
  28.41,
  28.61,
  28.8,
  28.94,
  29.1,
  29.27,
  29.4,
  29.52,
  29.65,
  29.76,
  29.88,
  29.97,
  30.07,
  30.17,
  30.23,
  30.26,
  30.31,
  30.35,
  30.43,
  30.55,
  30.61,
  30.65,
  30.75,
  30.82,
  30.89,
  30.98,
  31.06,
  31.15,
  31.22,
  31.31,
  31.37,
  31.43,
  31.47,
  31.47,
  31.51,
  31.56,
  31.63,
  31.71,
  31.81,
  31.79,
  31.81,
  31.81,
  31.84,
  31.87,
  31.89,
  31.88,
  31.86,
  31.87,
  31.88,
  31.83,
  31.8,
  31.75,
  31.77,
  31.72,
  31.66,
  31.68,
  31.72,
  31.75,
  31.79,
  31.84,
  31.86,
  31.9,
  31.92,
  31.94,
  31.98,
  31.97,
  31.97
 ]
}