{
 "theta_star": 20.650292045994387,
 "after_same_kick": 19.961311634464586,
 "after_orth_kick": 20.14875913394178,
 "traj_same": [
  3.35,
  8.28,
  11.5,
  13.64,
  15.17,
  16.29,
  17.1,
  17.74,
  18.27,
  18.66,
  18.93,
  19.14,
  19.32,
  19.47,
  19.62,
  19.71,
  19.79,
  19.86,
  19.89,
  19.89,
  19.87,
  19.9,
  19.92,
  19.94,
  19.99,
  20.03,
  20.06,
  20.09,
  20.13,
  20.15,
  20.14,
  20.14,
  20.15,
  20.11,
  20.14,
  20.17,
  20.14,
  20.16,
  20.16,
  20.16,
  20.17,
  20.21,
  20.2,
  20.16,
  20.12,
  20.07,
  20.02,
  19.94,
  19.87,
  19.84,
  19.82,
  19.83,
  19.85,
  19.86,
  19.87,
  19.88,
  19.88,
  19.83,
  19.83,
  19.88,
  19.89,
  19.89,
  19.92,
  19.91,
  19.89,
  19.88,
  19.85,
  19.86,
  19.85,
  19.9,
  19.9,
  19.92,
  19.91,
  19.91,
  19.91,
  19.91,
  19.92,
  19.87,
  19.88,
  19.87,
  19.86,
  19.86,
  19.89,
  19.88,
  19.86,
  19.9,
  19.9,
  19.89,
  19.93,
  19.96,
  19.94,
  19.96,
  19.99,
  19.98,
  19.99,
  19.96,
  19.95,
  19.97,
  19.95,
  19.93
 ],
 "traj_orth": [
  89.76,
  86.48,
  81.08,
  73.42,
  64.12,
  54.29,
  44.86,
  36.49,
  29.6,
  24.46,
  20.9,
  18.6,
  17.3,
  16.69,
  16.64,
  16.81,
  17.15,
  17.59,
  18.01,
  18.42,
  18.76,
  19.08,
  19.28,
  19.46,
  19.61,
  19.75,
  19.85,
  19.97,
  20.1,
  20.23,
  20.3,
  20.34,
  20.37,
  20.35,
  20.43,
  20.48,
  20.48,
  20.47,
  20.42,
  20.38,
  20.3,
  20.22,
  20.15,
  20.12,
  20.14,
  20.14,
  20.14,
  20.11,
  20.09,
  20.1,
  20.11,
  20.14,
  20.2,
  20.2,
  20.2,
  20.2,
  20.2,
  20.18,
  20.19,
  20.24,
  20.26,
  20.29,
  20.33,
  20.33,
  20.31,
  20.29,
  20.27,
  20.28,
  20.28,
  20.35,
  20.36,
  20.36,
  20.35,
  20.34,
  20.33,
  20.31,
  20.31,
  20.24,
  20.22,
  20.19,
  20.17,
  20.18,
  20.2,
  20.17,
  20.15,
  20.16,
  20.13,
  20.09,
  20.12,
  20.12,
  20.1,
  20.12,
  20.15,
  20.14,
  20.16,
  20.14,
  20.14,
  20.18,
  20.17,
  20.18
 ]
}