{
 "theta_star": 15.704486283254164,
 "after_same_kick": 5.350962149940371,
 "after_orth_kick": 5.357992460207136,
 "traj_same": [
  1.67,
  4.76,
  5.23,
  5.34,
  5.37,
  5.35,
  5.36,
  5.35,
  5.35,
  5.35,
  5.35,
  5.35,
  5.36,
  5.36,
  5.36,
  5.36,
  5.36,
  5.36,
  5.36,
  5.38,
  5.36,
  5.38,
  5.36,
  5.35,
  5.35,
  5.34,
  5.35,
  5.36,
  5.36,
  5.33,
  5.35,
  5.34,
  5.35,
  5.35,
  5.36,
  5.33,
  5.34,
  5.35,
  5.36,
  5.36,
  5.35,
  5.35,
  5.35,
  5.35,
  5.35,
  5.35,
  5.36,
  5.35,
  5.38,
  5.35,
  5.35,
  5.36,
  5.35,
  5.38,
  5.36,
  5.35,
  5.34,
  5.37,
  5.35,
  5.36,
  5.36,
  5.35,
  5.35,
  5.36,
  5.36,
  5.34,
  5.36,
  5.38,
  5.37,
  5.37,
  5.36,
  5.38,
  5.38,
  5.39,
  5.37,
  5.36,
  5.35,
  5.37,
  5.36,
  5.36,
  5.37,
  5.36,
  5.37,
  5.37,
  5.33,
  5.34,
  5.37,
  5.35,
  5.35,
  5.35,
  5.35,
  5.36,
  5.34,
  5.38,
  5.36,
  5.35,
  5.34,
  5.34,
  5.33,
  5.36
 ],
 "traj_orth": [
  89.71,
  86.01,
  79.56,
  68.97,
  54.83,
  39.98,
  26.97,
  17.18,
  11.25,
  8.37,
  7.02,
  6.29,
  5.97,
  5.77,
  5.71,
  5.7,
  5.7,
  5.7,
  5.69,
  5.72,
  5.67,
  5.68,
  5.7,
  5.7,
  5.74,
  5.69,
  5.65,
  5.65,
  5.63,
  5.64,
  5.68,
  5.63,
  5.57,
  5.51,
  5.5,
  5.47,
  5.48,
  5.49,
  5.5,
  5.49,
  5.48,
  5.45,
  5.43,
  5.42,
  5.43,
  5.43,
  5.46,
  5.48,
  5.54,
  5.53,
  5.51,
  5.5,
  5.5,
  5.55,
  5.55,
  5.56,
  5.52,
  5.53,
  5.51,
  5.52,
  5.52,
  5.51,
  5.51,
  5.5,
  5.49,
  5.45,
  5.45,
  5.46,
  5.45,
  5.46,
  5.44,
  5.43,
  5.4,
  5.39,
  5.37,
  5.37,
  5.36,
  5.37,
  5.36,
  5.36,
  5.36,
  5.36,
  5.37,
  5.37,
  5.33,
  5.34,
  5.38,
  5.36,
  5.36,
  5.36,
  5.36,
  5.36,
  5.35,
  5.39,
  5.37,
  5.36,
  5.35,
  5.35,
  5.34,
  5.36
 ]
}