{
 "theta_star": 28.14749914237468,
 "after_same_kick": 25.116290701262677,
 "after_orth_kick": 24.160299545509396,
 "traj_same": [
  3.73,
  8.24,
  11.16,
  13.15,
  14.71,
  15.94,
  16.94,
  17.79,
  18.54,
  19.18,
  19.75,
  20.28,
  20.74,
  21.12,
  21.5,
  21.85,
  22.14,
  22.4,
  22.64,
  22.86,
  23.07,
  23.24,
  23.43,
  23.59,
  23.74,
  23.89,
  24.01,
  24.13,
  24.26,
  24.33,
  24.4,
  24.45,
  24.48,
  24.51,
  24.54,
  24.57,
  24.64,
  24.71,
  24.82,
  24.89,
  24.98,
  24.97,
  24.94,
  24.92,
  24.92,
  24.95,
  25.0,
  25.04,
  25.03,
  25.05,
  25.1,
  25.12,
  25.18,
  25.23,
  25.28,
  25.32,
  25.41,
  25.45,
  25.48,
  25.51,
  25.5,
  25.52,
  25.5,
  25.48,
  25.47,
  25.46,
  25.41,
  25.41,
  25.44,
  25.44,
  25.41,
  25.37,
  25.36,
  25.33,
  25.28,
  25.28,
  25.24,
  25.19,
  25.17,
  25.15,
  25.16,
  25.16,
  25.15,
  25.13,
  25.12,
  25.13,
  25.14,
  25.2,
  25.22,
  25.23,
  25.21,
  25.19,
  25.14,
  25.15,
  25.11,
  25.07,
  25.07,
  25.07,
  25.07,
  25.08
 ],
 "traj_orth": [
  89.87,
  88.16,
  85.68,
  82.58,
  78.97,
  74.96,
  70.65,
  66.11,
  61.55,
  57.02,
  52.52,
  48.19,
  44.2,
  40.54,
  37.29,
  34.38,
  31.9,
  29.8,
  28.03,
  26.55,
  25.41,
  24.48,
  23.83,
  23.37,
  23.1,
  22.88,
  22.78,
  22.78,
  22.86,
  22.94,
  23.03,
  23.13,
  23.22,
  23.32,
  23.45,
  23.55,
  23.67,
  23.79,
  23.89,
  24.0,
  24.12,
  24.23,
  24.27,
  24.37,
  24.44,
  24.48,
  24.56,
  24.54,
  24.54,
  24.51,
  24.51,
  24.56,
  24.59,
  24.59,
  24.59,
  24.64,
  24.64,
  24.67,
  24.63,
  24.59,
  24.56,
  24.53,
  24.49,
  24.51,
  24.57,
  24.54,
  24.52,
  24.49,
  24.49,
  24.47,
  24.44,
  24.43,
  24.42,
  24.39,
  24.4,
  24.41,
  24.48,
  24.53,
  24.51,
  24.47,
  24.46,
  24.44,
  24.45,
  24.44,
  24.36,
  24.32,
  24.26,
  24.27,
  24.25,
  24.25,
  24.24,
  24.18,
  24.13,
  24.15,
  24.13,
  24.12,
  24.12,
  24.16,
  24.18,
  24.17
 ]
}