{
 "theta_star": 22.041023101539803,
 "after_same_kick": 20.828421128511437,
 "after_orth_kick": 20.97694437573226,
 "traj_same": [
  3.1,
  8.47,
  11.95,
  14.28,
  16.0,
  17.23,
  18.12,
  18.77,
  19.26,
  19.61,
  19.86,
  20.09,
  20.29,
  20.44,
  20.58,
  20.61,
  20.68,
  20.7,
  20.73,
  20.73,
  20.75,
  20.74,
  20.76,
  20.81,
  20.85,
  20.9,
  20.93,
  20.97,
  20.93,
  20.92,
  20.92,
  20.93,
  20.9,
  20.85,
  20.86,
  20.86,
  20.83,
  20.83,
  20.83,
  20.81,
  20.79,
  20.8,
  20.78,
  20.8,
  20.77,
  20.78,
  20.77,
  20.79,
  20.76,
  20.77,
  20.74,
  20.74,
  20.74,
  20.74,
  20.73,
  20.73,
  20.74,
  20.72,
  20.7,
  20.71,
  20.74,
  20.74,
  20.75,
  20.75,
  20.75,
  20.77,
  20.8,
  20.79,
  20.77,
  20.78,
  20.77,
  20.76,
  20.75,
  20.75,
  20.76,
  20.77,
  20.77,
  20.79,
  20.79,
  20.76,
  20.74,
  20.73,
  20.73,
  20.75,
  20.78,
  20.79,
  20.81,
  20.79,
  20.77,
  20.77,
  20.79,
  20.81,
  20.81,
  20.83,
  20.86,
  20.88,
  20.85,
  20.84,
  20.83,
  20.79
 ],
 "traj_orth": [
  89.7,
  86.02,
  79.96,
  71.6,
  61.68,
  51.46,
  41.86,
  33.65,
  27.14,
  22.5,
  19.45,
  17.77,
  17.03,
  16.89,
  17.18,
  17.57,
  18.05,
  18.48,
  18.93,
  19.27,
  19.61,
  19.88,
  20.11,
  20.32,
  20.5,
  20.73,
  20.91,
  21.02,
  21.02,
  21.04,
  21.07,
  21.08,
  21.05,
  21.04,
  21.08,
  21.09,
  21.06,
  21.07,
  21.04,
  21.0,
  20.98,
  21.01,
  21.01,
  21.05,
  21.03,
  21.05,
  21.05,
  21.05,
  21.01,
  21.02,
  21.02,
  21.03,
  21.03,
  21.02,
  20.99,
  20.96,
  20.99,
  20.99,
  20.99,
  20.99,
  20.98,
  20.97,
  20.98,
  20.97,
  20.96,
  20.96,
  20.97,
  20.94,
  20.91,
  20.91,
  20.94,
  20.96,
  20.96,
  20.97,
  20.96,
  20.97,
  20.96,
  20.99,
  20.99,
  20.97,
  20.97,
  21.0,
  21.04,
  21.07,
  21.12,
  21.12,
  21.13,
  21.08,
  21.05,
  21.07,
  21.08,
  21.08,
  21.05,
  21.02,
  21.01,
  20.98,
  20.94,
  20.9,
  20.89,
  20.83
 ]
}