{
 "theta_star": 6.027571010969537,
 "after_same_kick": 5.146753021131505,
 "after_orth_kick": 5.147023764663258,
 "traj_same": [
  1.35,
  4.59,
  5.06,
  5.15,
  5.18,
  5.17,
  5.16,
  5.14,
  5.16,
  5.15,
  5.16,
  5.15,
  5.16,
  5.15,
  5.16,
  5.16,
  5.14,
  5.17,
  5.15,
  5.15,
  5.13,
  5.15,
  5.14,
  5.14,
  5.14,
  5.15,
  5.14,
  5.15,
  5.15,
  5.14,
  5.14,
  5.15,
  5.15,
  5.13,
  5.15,
  5.17,
  5.15,
  5.15,
  5.14,
  5.14,
  5.15,
  5.13,
  5.13,
  5.14,
  5.15,
  5.14,
  5.15,
  5.14,
  5.13,
  5.14,
  5.13,
  5.14,
  5.14,
  5.14,
  5.15,
  5.15,
  5.15,
  5.13,
  5.13,
  5.15,
  5.13,
  5.14,
  5.16,
  5.14,
  5.14,
  5.14,
  5.12,
  5.14,
  5.14,
  5.14,
  5.13,
  5.13,
  5.14,
  5.15,
  5.15,
  5.14,
  5.14,
  5.13,
  5.15,
  5.14,
  5.14,
  5.15,
  5.15,
  5.13,
  5.13,
  5.15,
  5.14,
  5.12,
  5.14,
  5.14,
  5.14,
  5.14,
  5.15,
  5.15,
  5.15,
  5.15,
  5.14,
  5.15,
  5.15,
  5.15
 ],
 "traj_orth": [
  89.76,
  86.45,
  80.56,
  70.94,
  57.82,
  43.41,
  30.13,
  19.59,
  12.49,
  8.45,
  6.66,
  6.18,
  6.06,
  5.96,
  5.88,
  5.81,
  5.67,
  5.62,
  5.55,
  5.58,
  5.55,
  5.55,
  5.52,
  5.49,
  5.47,
  5.49,
  5.53,
  5.58,
  5.61,
  5.56,
  5.51,
  5.48,
  5.48,
  5.47,
  5.51,
  5.56,
  5.58,
  5.56,
  5.52,
  5.48,
  5.48,
  5.48,
  5.5,
  5.54,
  5.57,
  5.56,
  5.52,
  5.48,
  5.46,
  5.49,
  5.53,
  5.56,
  5.56,
  5.52,
  5.5,
  5.48,
  5.5,
  5.51,
  5.54,
  5.56,
  5.54,
  5.52,
  5.49,
  5.46,
  5.46,
  5.49,
  5.48,
  5.48,
  5.45,
  5.44,
  5.42,
  5.36,
  5.3,
  5.29,
  5.29,
  5.29,
  5.28,
  5.26,
  5.27,
  5.27,
  5.26,
  5.25,
  5.25,
  5.22,
  5.18,
  5.16,
  5.14,
  5.12,
  5.14,
  5.14,
  5.13,
  5.14,
  5.15,
  5.15,
  5.15,
  5.15,
  5.14,
  5.15,
  5.15,
  5.15
 ]
}