{
 "theta_star": 37.4133117037334,
 "after_same_kick": 7.153525591857405,
 "after_orth_kick": 7.584703975001068,
 "traj_same": [
  2.1,
  5.64,
  6.62,
  7.01,
  7.23,
  7.28,
  7.3,
  7.26,
  7.24,
  7.21,
  7.17,
  7.13,
  7.1,
  7.1,
  7.1,
  7.08,
  7.12,
  7.11,
  7.11,
  7.11,
  7.11,
  7.09,
  7.09,
  7.08,
  7.07,
  7.09,
  7.08,
  7.1,
  7.09,
  7.09,
  7.11,
  7.12,
  7.1,
  7.13,
  7.13,
  7.15,
  7.12,
  7.13,
  7.12,
  7.14,
  7.14,
  7.17,
  7.13,
  7.11,
  7.12,
  7.1,
  7.1,
  7.11,
  7.1,
  7.1,
  7.09,
  7.1,
  7.11,
  7.11,
  7.12,
  7.11,
  7.1,
  7.09,
  7.11,
  7.11,
  7.12,
  7.14,
  7.13,
  7.11,
  7.1,
  7.12,
  7.12,
  7.11,
  7.11,
  7.1,
  7.12,
  7.12,
  7.13,
  7.11,
  7.11,
  7.1,
  7.07,
  7.1,
  7.1,
  7.11,
  7.12,
  7.12,
  7.1,
  7.1,
  7.13,
  7.1,
  7.11,
  7.12,
  7.11,
  7.1,
  7.11,
  7.11,
  7.14,
  7.12,
  7.14,
  7.14,
  7.15,
  7.19,
  7.21,
  7.23
 ],
 "traj_orth": [
  89.69,
  86.12,
  80.82,
  73.2,
  63.11,
  51.46,
  39.96,
  29.78,
  21.57,
  15.58,
  11.99,
  10.13,
  9.33,
  8.92,
  8.74,
  8.65,
  8.51,
  8.37,
  8.25,
  8.13,
  8.06,
  8.05,
  8.04,
  8.0,
  7.99,
  7.93,
  7.88,
  7.82,
  7.78,
  7.75,
  7.8,
  7.84,
  7.9,
  7.9,
  7.84,
  7.78,
  7.75,
  7.74,
  7.77,
  7.84,
  7.89,
  7.9,
  7.87,
  7.83,
  7.79,
  7.8,
  7.81,
  7.83,
  7.84,
  7.83,
  7.81,
  7.81,
  7.82,
  7.81,
  7.81,
  7.83,
  7.92,
  7.94,
  7.95,
  7.92,
  7.9,
  7.88,
  7.88,
  7.88,
  7.89,
  7.88,
  7.9,
  7.93,
  7.95,
  7.9,
  7.88,
  7.84,
  7.82,
  7.83,
  7.85,
  7.88,
  7.89,
  7.85,
  7.81,
  7.76,
  7.68,
  7.62,
  7.59,
  7.62,
  7.64,
  7.65,
  7.67,
  7.65,
  7.62,
  7.59,
  7.55,
  7.54,
  7.55,
  7.58,
  7.62,
  7.6,
  7.64,
  7.6,
  7.61,
  7.57
 ]
}