{
 "theta_star": 80.40737077281388,
 "after_same_kick": 9.859498384062338,
 "after_orth_kick": 10.290101001371632,
 "traj_same": [
  2.94,
  6.51,
  8.09,
  8.81,
  9.22,
  9.47,
  9.64,
  9.76,
  9.83,
  9.87,
  9.89,
  9.94,
  9.98,
  10.01,
  10.07,
  10.12,
  10.15,
  10.09,
  10.01,
  9.93,
  9.92,
  9.94,
  9.99,
  10.02,
  10.05,
  10.09,
  10.07,
  10.04,
  10.0,
  10.0,
  10.03,
  10.06,
  10.09,
  10.11,
  10.13,
  10.12,
  10.09,
  10.15,
  10.2,
  10.25,
  10.27,
  10.34,
  10.43,
  10.52,
  10.57,
  10.66,
  10.68,
  10.71,
  10.71,
  10.73,
  10.73,
  10.72,
  10.71,
  10.72,
  10.7,
  10.69,
  10.74,
  10.79,
  10.81,
  10.83,
  10.79,
  10.74,
  10.74,
  10.79,
  10.86,
  10.88,
  10.86,
  10.73,
  10.71,
  10.71,
  10.67,
  10.66,
  10.68,
  10.67,
  10.63,
  10.6,
  10.61,
  10.63,
  10.59,
  10.52,
  10.45,
  10.41,
  10.35,
  10.34,
  10.3,
  10.21,
  10.13,
  10.01,
  9.95,
  9.93,
  9.93,
  9.95,
  9.92,
  9.88,
  9.85,
  9.82,
  9.8,
  9.82,
  9.82,
  9.81
 ],
 "traj_orth": [
  89.7,
  86.51,
  82.19,
  76.67,
  69.89,
  62.02,
  53.56,
  45.22,
  37.46,
  30.82,
  25.35,
  21.26,
  18.4,
  16.66,
  15.6,
  14.86,
  14.21,
  13.7,
  13.3,
  13.05,
  12.92,
  12.83,
  12.74,
  12.69,
  12.64,
  12.63,
  12.57,
  12.44,
  12.3,
  12.2,
  12.14,
  12.1,
  12.12,
  12.12,
  12.14,
  12.11,
  12.05,
  12.05,
  12.12,
  12.15,
  12.2,
  12.27,
  12.29,
  12.26,
  12.14,
  12.11,
  12.06,
  12.05,
  12.01,
  12.02,
  12.0,
  11.96,
  11.92,
  11.86,
  11.8,
  11.74,
  11.79,
  11.8,
  11.76,
  11.74,
  11.67,
  11.6,
  11.55,
  11.53,
  11.48,
  11.47,
  11.5,
  11.52,
  11.54,
  11.53,
  11.52,
  11.5,
  11.47,
  11.41,
  11.35,
  11.3,
  11.29,
  11.36,
  11.34,
  11.25,
  11.14,
  11.03,
  10.93,
  10.85,
  10.75,
  10.64,
  10.54,
  10.45,
  10.41,
  10.38,
  10.37,
  10.37,
  10.35,
  10.31,
  10.32,
  10.3,
  10.25,
  10.24,
  10.21,
  10.19
 ]
}