{
 "theta_star": 101.16541474457918,
 "after_same_kick": 17.108257820232023,
 "after_orth_kick": 16.359948509403427,
 "traj_same": [
  3.38,
  7.06,
  9.16,
  10.44,
  11.33,
  11.96,
  12.43,
  12.78,
  13.09,
  13.32,
  13.51,
  13.69,
  13.85,
  13.96,
  14.07,
  14.14,
  14.24,
  14.29,
  14.34,
  14.44,
  14.51,
  14.59,
  14.64,
  14.69,
  14.77,
  14.81,
  14.85,
  14.94,
  15.04,
  15.1,
  15.16,
  15.17,
  15.21,
  15.27,
  15.37,
  15.48,
  15.54,
  15.55,
  15.56,
  15.56,
  15.48,
  15.44,
  15.45,
  15.49,
  15.54,
  15.63,
  15.72,
  15.81,
  15.97,
  16.04,
  16.08,
  16.19,
  16.22,
  16.27,
  16.33,
  16.39,
  16.46,
  16.52,
  16.56,
  16.61,
  16.69,
  16.75,
  16.8,
  16.83,
  16.86,
  16.78,
  16.75,
  16.83,
  16.91,
  17.0,
  17.16,
  17.26,
  17.27,
  17.34,
  17.36,
  17.42,
  17.42,
  17.52,
  17.56,
  17.55,
  17.55,
  17.55,
  17.58,
  17.59,
  17.59,
  17.53,
  17.54,
  17.52,
  17.54,
  17.53,
  17.45,
  17.35,
  17.24,
  17.19,
  17.15,
  17.13,
  17.06,
  16.96,
  16.82,
  16.73
 ],
 "traj_orth": [
  89.71,
  86.59,
  82.88,
  78.41,
  73.22,
  67.31,
  60.95,
  54.41,
  47.97,
  41.86,
  36.34,
  31.55,
  27.6,
  24.41,
  21.86,
  19.94,
  18.58,
  17.64,
  17.02,
  16.65,
  16.47,
  16.41,
  16.35,
  16.34,
  16.37,
  16.4,
  16.43,
  16.45,
  16.46,
  16.51,
  16.54,
  16.55,
  16.56,
  16.58,
  16.67,
  16.75,
  16.8,
  16.81,
  16.83,
  16.88,
  16.81,
  16.79,
  16.78,
  16.83,
  16.95,
  17.11,
  17.18,
  17.26,
  17.43,
  17.51,
  17.6,
  17.74,
  17.76,
  17.79,
  17.81,
  17.84,
  17.9,
  18.04,
  18.06,
  18.1,
  18.11,
  18.05,
  18.04,
  17.96,
  17.92,
  17.83,
  17.77,
  17.74,
  17.7,
  17.66,
  17.71,
  17.72,
  17.63,
  17.52,
  17.43,
  17.3,
  17.14,
  17.08,
  17.02,
  16.95,
  16.89,
  16.85,
  16.87,
  16.86,
  16.79,
  16.71,
  16.7,
  16.68,
  16.65,
  16.58,
  16.53,
  16.49,
  16.48,
  16.46,
  16.43,
  16.38,
  16.31,
  16.27,
  16.16,
  16.1
 ]
}