{
 "theta_star": 46.079235379024695,
 "after_same_kick": 37.18571861521007,
 "after_orth_kick": 36.459783581271445,
 "traj_same": [
  3.47,
  8.67,
  12.44,
  15.32,
  17.73,
  19.75,
  21.51,
  23.0,
  24.25,
  25.35,
  26.3,
  27.09,
  27.77,
  28.41,
  28.96,
  29.44,
  29.88,
  30.3,
  30.65,
  30.94,
  31.17,
  31.45,
  31.73,
  31.99,
  32.25,
  32.49,
  32.72,
  32.93,
  33.19,
  33.34,
  33.54,
  33.74,
  33.89,
  34.05,
  34.2,
  34.35,
  34.52,
  34.67,
  34.79,
  34.88,
  34.97,
  35.06,
  35.13,
  35.18,
  35.25,
  35.29,
  35.35,
  35.44,
  35.54,
  35.61,
  35.74,
  35.81,
  35.89,
  35.92,
  35.97,
  36.05,
  36.09,
  36.11,
  36.11,
  36.16,
  36.24,
  36.31,
  36.41,
  36.45,
  36.5,
  36.53,
  36.59,
  36.59,
  36.61,
  36.66,
  36.71,
  36.74,
  36.78,
  36.85,
  36.91,
  36.83,
  36.83,
  36.85,
  36.81,
  36.87,
  36.89,
  36.92,
  36.92,
  36.95,
  36.92,
  36.91,
  36.9,
  36.95,
  36.95,
  37.02,
  37.01,
  37.04,
  37.03,
  37.08,
  37.13,
  37.15,
  37.27,
  37.36,
  37.36,
  37.43
 ],
 "traj_orth": [
  89.69,
  86.2,
  81.77,
  76.46,
  70.41,
  63.93,
  57.27,
  50.77,
  44.71,
  39.18,
  34.37,
  30.34,
  27.07,
  24.55,
  22.8,
  21.76,
  21.28,
  21.35,
  21.72,
  22.32,
  23.01,
  23.83,
  24.7,
  25.51,
  26.33,
  27.1,
  27.79,
  28.39,
  28.98,
  29.46,
  29.98,
  30.45,
  30.85,
  31.22,
  31.58,
  31.9,
  32.22,
  32.52,
  32.79,
  33.02,
  33.25,
  33.46,
  33.65,
  33.79,
  33.96,
  34.09,
  34.23,
  34.37,
  34.49,
  34.57,
  34.71,
  34.8,
  34.93,
  35.0,
  35.08,
  35.16,
  35.23,
  35.27,
  35.3,
  35.36,
  35.44,
  35.51,
  35.6,
  35.63,
  35.68,
  35.73,
  35.81,
  35.84,
  35.87,
  35.9,
  35.92,
  35.92,
  35.92,
  35.98,
  36.02,
  35.94,
  35.94,
  35.96,
  35.94,
  36.0,
  36.02,
  36.05,
  36.05,
  36.11,
  36.09,
  36.08,
  36.07,
  36.11,
  36.14,
  36.23,
  36.25,
  36.33,
  36.34,
  36.41,
  36.44,
  36.45,
  36.54,
  36.6,
  36.59,
  36.65
 ]
}