{
 "theta_star": 12.078946324473474,
 "after_same_kick": 5.341158763202289,
 "after_orth_kick": 5.511259552033198,
 "traj_same": [
  1.51,
  4.74,
  5.22,
  5.31,
  5.36,
  5.33,
  5.33,
  5.34,
  5.35,
  5.36,
  5.33,
  5.34,
  5.32,
  5.32,
  5.33,
  5.31,
  5.32,
  5.33,
  5.34,
  5.33,
  5.32,
  5.33,
  5.33,
  5.33,
  5.31,
  5.33,
  5.34,
  5.34,
  5.35,
  5.32,
  5.35,
  5.31,
  5.33,
  5.33,
  5.33,
  5.32,
  5.34,
  5.34,
  5.33,
  5.34,
  5.32,
  5.33,
  5.32,
  5.33,
  5.33,
  5.34,
  5.34,
  5.35,
  5.34,
  5.33,
  5.35,
  5.33,
  5.34,
  5.33,
  5.32,
  5.34,
  5.34,
  5.33,
  5.34,
  5.31,
  5.33,
  5.33,
  5.33,
  5.33,
  5.36,
  5.36,
  5.34,
  5.36,
  5.36,
  5.34,
  5.33,
  5.35,
  5.34,
  5.36,
  5.33,
  5.34,
  5.34,
  5.35,
  5.35,
  5.35,
  5.35,
  5.35,
  5.34,
  5.33,
  5.35,
  5.34,
  5.33,
  5.34,
  5.34,
  5.35,
  5.35,
  5.35,
  5.34,
  5.34,
  5.33,
  5.35,
  5.34,
  5.34,
  5.33,
  5.35
 ],
 "traj_orth": [
  89.72,
  86.06,
  79.61,
  69.08,
  54.82,
  39.21,
  25.21,
  15.53,
  10.18,
  7.55,
  6.45,
  6.14,
  5.91,
  5.71,
  5.6,
  5.52,
  5.47,
  5.49,
  5.52,
  5.53,
  5.51,
  5.49,
  5.47,
  5.45,
  5.44,
  5.49,
  5.53,
  5.5,
  5.49,
  5.46,
  5.48,
  5.45,
  5.47,
  5.48,
  5.49,
  5.48,
  5.5,
  5.51,
  5.49,
  5.49,
  5.46,
  5.47,
  5.47,
  5.5,
  5.52,
  5.54,
  5.51,
  5.51,
  5.49,
  5.48,
  5.49,
  5.49,
  5.54,
  5.52,
  5.52,
  5.52,
  5.51,
  5.48,
  5.49,
  5.5,
  5.55,
  5.55,
  5.53,
  5.51,
  5.51,
  5.5,
  5.49,
  5.51,
  5.54,
  5.53,
  5.49,
  5.49,
  5.47,
  5.48,
  5.47,
  5.51,
  5.51,
  5.51,
  5.5,
  5.49,
  5.47,
  5.48,
  5.49,
  5.5,
  5.53,
  5.51,
  5.49,
  5.49,
  5.48,
  5.49,
  5.5,
  5.54,
  5.54,
  5.53,
  5.49,
  5.5,
  5.49,
  5.48,
  5.5,
  5.54
 ]
}