{
 "theta_star": 84.38402154247012,
 "after_same_kick": 10.099350961594503,
 "after_orth_kick": 11.065390521643655,
 "traj_same": [
  3.29,
  6.46,
  7.96,
  8.7,
  9.09,
  9.31,
  9.48,
  9.57,
  9.66,
  9.76,
  9.87,
  9.98,
  10.06,
  10.09,
  10.13,
  10.15,
  10.17,
  10.2,
  10.21,
  10.25,
  10.29,
  10.33,
  10.31,
  10.28,
  10.27,
  10.21,
  10.17,
  10.13,
  10.08,
  10.02,
  10.0,
  9.97,
  9.98,
  9.98,
  9.96,
  9.89,
  9.84,
  9.77,
  9.73,
  9.73,
  9.74,
  9.76,
  9.76,
  9.75,
  9.72,
  9.71,
  9.72,
  9.73,
  9.79,
  9.78,
  9.79,
  9.81,
  9.8,
  9.82,
  9.82,
  9.8,
  9.79,
  9.85,
  9.89,
  9.93,
  9.95,
  9.97,
  9.98,
  9.99,
  10.01,
  9.97,
  10.0,
  10.07,
  10.12,
  10.16,
  10.19,
  10.2,
  10.18,
  10.23,
  10.31,
  10.41,
  10.42,
  10.46,
  10.48,
  10.44,
  10.41,
  10.37,
  10.34,
  10.32,
  10.27,
  10.28,
  10.34,
  10.31,
  10.28,
  10.22,
  10.15,
  10.06,
  9.98,
  10.04,
  10.05,
  10.12,
  10.18,
  10.16,
  10.12,
  10.13
 ],
 "traj_orth": [
  89.71,
  86.48,
  82.27,
  76.78,
  69.95,
  61.94,
  53.38,
  44.88,
  36.94,
  29.9,
  24.0,
  19.39,
  16.15,
  14.09,
  13.02,
  12.47,
  12.27,
  12.15,
  12.06,
  12.0,
  12.0,
  12.04,
  12.0,
  11.94,
  11.93,
  11.84,
  11.79,
  11.7,
  11.66,
  11.62,
  11.53,
  11.44,
  11.36,
  11.32,
  11.27,
  11.23,
  11.17,
  11.11,
  11.11,
  11.09,
  11.08,
  11.02,
  10.99,
  10.98,
  10.98,
  11.01,
  11.09,
  11.17,
  11.25,
  11.18,
  11.1,
  11.07,
  11.03,
  11.06,
  11.06,
  11.03,
  10.94,
  10.93,
  10.95,
  10.96,
  10.93,
  10.89,
  10.9,
  10.9,
  10.91,
  10.87,
  10.86,
  10.87,
  10.87,
  10.86,
  10.87,
  10.9,
  10.88,
  10.9,
  10.91,
  10.92,
  10.91,
  10.93,
  10.96,
  10.95,
  10.98,
  10.96,
  10.92,
  10.92,
  10.9,
  10.96,
  11.05,
  11.06,
  11.08,
  11.07,
  11.01,
  10.96,
  10.88,
  10.93,
  10.99,
  11.07,
  11.13,
  11.18,
  11.24,
  11.27
 ]
}