{
 "theta_star": 75.69901884251925,
 "after_same_kick": 10.363776601423137,
 "after_orth_kick": 10.15812451044298,
 "traj_same": [
  3.06,
  6.4,
  7.89,
  8.61,
  9.06,
  9.33,
  9.48,
  9.57,
  9.61,
  9.67,
  9.71,
  9.78,
  9.86,
  9.91,
  9.86,
  9.85,
  9.9,
  9.94,
  10.0,
  10.09,
  10.17,
  10.2,
  10.18,
  10.2,
  10.22,
  10.29,
  10.35,
  10.45,
  10.53,
  10.51,
  10.45,
  10.35,
  10.34,
  10.36,
  10.4,
  10.48,
  10.5,
  10.53,
  10.56,
  10.55,
  10.59,
  10.65,
  10.69,
  10.79,
  10.82,
  10.76,
  10.76,
  10.79,
  10.78,
  10.77,
  10.84,
  10.87,
  10.87,
  10.82,
  10.77,
  10.76,
  10.75,
  10.82,
  10.85,
  10.91,
  10.91,
  10.89,
  10.83,
  10.78,
  10.73,
  10.7,
  10.73,
  10.77,
  10.78,
  10.71,
  10.72,
  10.74,
  10.76,
  10.75,
  10.71,
  10.64,
  10.58,
  10.55,
  10.52,
  10.46,
  10.46,
  10.46,
  10.48,
  10.47,
  10.49,
  10.46,
  10.43,
  10.39,
  10.38,
  10.38,
  10.37,
  10.4,
  10.39,
  10.35,
  10.3,
  10.28,
  10.31,
  10.35,
  10.41,
  10.46
 ],
 "traj_orth": [
  89.72,
  86.61,
  82.5,
  77.2,
  70.65,
  63.03,
  54.97,
  47.03,
  39.59,
  32.91,
  27.27,
  22.58,
  18.95,
  16.29,
  14.59,
  13.6,
  13.07,
  12.84,
  12.68,
  12.55,
  12.41,
  12.33,
  12.28,
  12.24,
  12.21,
  12.15,
  12.1,
  12.01,
  11.87,
  11.68,
  11.58,
  11.55,
  11.52,
  11.44,
  11.39,
  11.32,
  11.27,
  11.24,
  11.25,
  11.24,
  11.32,
  11.36,
  11.41,
  11.43,
  11.39,
  11.34,
  11.37,
  11.37,
  11.45,
  11.38,
  11.35,
  11.27,
  11.25,
  11.21,
  11.16,
  11.15,
  11.11,
  11.05,
  10.97,
  10.94,
  10.93,
  10.9,
  10.83,
  10.7,
  10.66,
  10.59,
  10.59,
  10.59,
  10.6,
  10.6,
  10.53,
  10.5,
  10.46,
  10.44,
  10.45,
  10.48,
  10.51,
  10.49,
  10.5,
  10.47,
  10.43,
  10.41,
  10.4,
  10.38,
  10.35,
  10.33,
  10.32,
  10.3,
  10.29,
  10.25,
  10.23,
  10.18,
  10.18,
  10.16,
  10.12,
  10.12,
  10.14,
  10.15,
  10.16,
  10.15
 ]
}