{
 "theta_star": 47.90286283865743,
 "after_same_kick": 7.496713042259428,
 "after_orth_kick": 8.462901698036594,
 "traj_same": [
  2.33,
  5.63,
  6.6,
  6.92,
  7.06,
  7.08,
  7.13,
  7.16,
  7.21,
  7.22,
  7.2,
  7.21,
  7.21,
  7.22,
  7.27,
  7.29,
  7.31,
  7.32,
  7.29,
  7.26,
  7.25,
  7.25,
  7.25,
  7.26,
  7.26,
  7.32,
  7.32,
  7.32,
  7.29,
  7.24,
  7.27,
  7.25,
  7.28,
  7.32,
  7.29,
  7.26,
  7.25,
  7.24,
  7.22,
  7.23,
  7.22,
  7.24,
  7.24,
  7.25,
  7.25,
  7.25,
  7.24,
  7.23,
  7.22,
  7.23,
  7.3,
  7.31,
  7.31,
  7.27,
  7.24,
  7.24,
  7.25,
  7.23,
  7.27,
  7.31,
  7.38,
  7.41,
  7.43,
  7.42,
  7.41,
  7.39,
  7.34,
  7.35,
  7.37,
  7.42,
  7.45,
  7.48,
  7.47,
  7.51,
  7.47,
  7.48,
  7.49,
  7.53,
  7.6,
  7.63,
  7.6,
  7.55,
  7.48,
  7.43,
  7.45,
  7.48,
  7.5,
  7.52,
  7.51,
  7.5,
  7.46,
  7.46,
  7.49,
  7.52,
  7.52,
  7.54,
  7.53,
  7.46,
  7.48,
  7.5
 ],
 "traj_orth": [
  89.71,
  86.32,
  81.19,
  73.8,
  64.02,
  52.52,
  40.69,
  30.25,
  22.33,
  17.07,
  13.93,
  12.23,
  11.36,
  10.89,
  10.7,
  10.59,
  10.45,
  10.22,
  10.0,
  9.85,
  9.77,
  9.68,
  9.6,
  9.5,
  9.41,
  9.41,
  9.33,
  9.3,
  9.27,
  9.21,
  9.18,
  9.15,
  9.14,
  9.11,
  9.17,
  9.2,
  9.29,
  9.31,
  9.3,
  9.28,
  9.23,
  9.15,
  9.12,
  9.07,
  9.04,
  9.0,
  8.99,
  8.94,
  8.9,
  8.85,
  8.89,
  8.94,
  8.94,
  8.9,
  8.93,
  8.94,
  8.93,
  8.87,
  8.85,
  8.85,
  8.85,
  8.84,
  8.82,
  8.82,
  8.82,
  8.79,
  8.81,
  8.76,
  8.67,
  8.52,
  8.43,
  8.42,
  8.4,
  8.4,
  8.37,
  8.36,
  8.35,
  8.37,
  8.35,
  8.33,
  8.28,
  8.29,
  8.33,
  8.36,
  8.4,
  8.44,
  8.46,
  8.49,
  8.51,
  8.45,
  8.38,
  8.39,
  8.41,
  8.46,
  8.48,
  8.52,
  8.53,
  8.46,
  8.49,
  8.51
 ]
}