{
 "theta_star": 23.83678116550256,
 "after_same_kick": 21.288719622514996,
 "after_orth_kick": 21.58413933240857,
 "traj_same": [
  3.66,
  8.76,
  12.16,
  14.52,
  16.22,
  17.46,
  18.34,
  18.99,
  19.54,
  19.96,
  20.31,
  20.57,
  20.79,
  20.91,
  20.98,
  21.07,
  21.15,
  21.19,
  21.23,
  21.26,
  21.33,
  21.35,
  21.37,
  21.39,
  21.37,
  21.37,
  21.36,
  21.38,
  21.37,
  21.44,
  21.48,
  21.46,
  21.49,
  21.42,
  21.39,
  21.38,
  21.38,
  21.42,
  21.45,
  21.46,
  21.48,
  21.43,
  21.41,
  21.4,
  21.41,
  21.42,
  21.42,
  21.45,
  21.44,
  21.47,
  21.47,
  21.47,
  21.44,
  21.45,
  21.49,
  21.51,
  21.54,
  21.55,
  21.54,
  21.51,
  21.49,
  21.49,
  21.52,
  21.5,
  21.48,
  21.48,
  21.47,
  21.46,
  21.44,
  21.43,
  21.41,
  21.4,
  21.41,
  21.43,
  21.47,
  21.48,
  21.49,
  21.48,
  21.48,
  21.43,
  21.41,
  21.39,
  21.32,
  21.28,
  21.3,
  21.3,
  21.32,
  21.33,
  21.31,
  21.28,
  21.27,
  21.28,
  21.26,
  21.25,
  21.3,
  21.33,
  21.31,
  21.3,
  21.3,
  21.31
 ],
 "traj_orth": [
  89.7,
  85.86,
  79.65,
  71.02,
  60.74,
  50.23,
  40.76,
  32.9,
  26.82,
  22.35,
  19.29,
  17.54,
  16.88,
  16.87,
  17.2,
  17.73,
  18.32,
  18.83,
  19.33,
  19.77,
  20.19,
  20.51,
  20.79,
  21.0,
  21.12,
  21.23,
  21.33,
  21.43,
  21.49,
  21.6,
  21.65,
  21.63,
  21.66,
  21.63,
  21.61,
  21.62,
  21.62,
  21.68,
  21.7,
  21.7,
  21.7,
  21.63,
  21.61,
  21.62,
  21.62,
  21.62,
  21.59,
  21.57,
  21.56,
  21.61,
  21.62,
  21.62,
  21.59,
  21.6,
  21.62,
  21.63,
  21.67,
  21.7,
  21.7,
  21.68,
  21.67,
  21.63,
  21.62,
  21.59,
  21.55,
  21.57,
  21.57,
  21.55,
  21.52,
  21.49,
  21.46,
  21.46,
  21.46,
  21.47,
  21.49,
  21.48,
  21.51,
  21.5,
  21.5,
  21.47,
  21.49,
  21.5,
  21.46,
  21.43,
  21.45,
  21.47,
  21.52,
  21.56,
  21.56,
  21.53,
  21.53,
  21.58,
  21.58,
  21.6,
  21.64,
  21.65,
  21.61,
  21.56,
  21.55,
  21.55
 ]
}