{
 "theta_star": 11.562810822327906,
 "after_same_kick": 5.307608820354888,
 "after_orth_kick": 5.304821126706083,
 "traj_same": [
  1.39,
  4.7,
  5.21,
  5.3,
  5.32,
  5.33,
  5.33,
  5.32,
  5.33,
  5.31,
  5.32,
  5.32,
  5.32,
  5.32,
  5.3,
  5.31,
  5.31,
  5.31,
  5.31,
  5.32,
  5.34,
  5.32,
  5.31,
  5.31,
  5.3,
  5.32,
  5.31,
  5.3,
  5.31,
  5.3,
  5.31,
  5.3,
  5.31,
  5.3,
  5.3,
  5.32,
  5.33,
  5.32,
  5.31,
  5.32,
  5.31,
  5.31,
  5.32,
  5.31,
  5.31,
  5.31,
  5.32,
  5.31,
  5.31,
  5.31,
  5.32,
  5.3,
  5.32,
  5.32,
  5.32,
  5.31,
  5.32,
  5.33,
  5.32,
  5.32,
  5.3,
  5.32,
  5.32,
  5.31,
  5.31,
  5.31,
  5.31,
  5.31,
  5.31,
  5.31,
  5.31,
  5.3,
  5.32,
  5.31,
  5.3,
  5.31,
  5.31,
  5.3,
  5.32,
  5.3,
  5.31,
  5.3,
  5.31,
  5.31,
  5.31,
  5.3,
  5.32,
  5.31,
  5.31,
  5.31,
  5.31,
  5.3,
  5.29,
  5.3,
  5.3,
  5.31,
  5.32,
  5.31,
  5.32,
  5.32
 ],
 "traj_orth": [
  89.72,
  86.09,
  79.65,
  69.1,
  55.1,
  40.56,
  28.15,
  18.7,
  12.76,
  9.34,
  7.39,
  6.34,
  5.94,
  5.9,
  5.91,
  5.94,
  5.89,
  5.84,
  5.81,
  5.77,
  5.78,
  5.77,
  5.8,
  5.83,
  5.85,
  5.82,
  5.77,
  5.73,
  5.72,
  5.72,
  5.78,
  5.82,
  5.82,
  5.78,
  5.74,
  5.7,
  5.65,
  5.59,
  5.52,
  5.49,
  5.49,
  5.52,
  5.51,
  5.48,
  5.47,
  5.46,
  5.46,
  5.46,
  5.48,
  5.5,
  5.53,
  5.48,
  5.48,
  5.46,
  5.46,
  5.44,
  5.46,
  5.48,
  5.47,
  5.47,
  5.45,
  5.46,
  5.45,
  5.42,
  5.41,
  5.41,
  5.42,
  5.38,
  5.34,
  5.31,
  5.31,
  5.3,
  5.32,
  5.3,
  5.31,
  5.32,
  5.32,
  5.31,
  5.32,
  5.31,
  5.31,
  5.3,
  5.31,
  5.31,
  5.31,
  5.29,
  5.31,
  5.3,
  5.3,
  5.31,
  5.3,
  5.3,
  5.29,
  5.3,
  5.3,
  5.31,
  5.32,
  5.31,
  5.31,
  5.32
 ]
}