{
 "theta_star": 40.06667064965223,
 "after_same_kick": 6.821723759294317,
 "after_orth_kick": 7.186385144556996,
 "traj_same": [
  2.28,
  5.49,
  6.39,
  6.68,
  6.79,
  6.82,
  6.82,
  6.81,
  6.83,
  6.84,
  6.85,
  6.84,
  6.83,
  6.82,
  6.83,
  6.82,
  6.81,
  6.86,
  6.84,
  6.84,
  6.8,
  6.83,
  6.82,
  6.82,
  6.83,
  6.84,
  6.83,
  6.84,
  6.85,
  6.83,
  6.83,
  6.84,
  6.83,
  6.78,
  6.81,
  6.84,
  6.81,
  6.8,
  6.79,
  6.79,
  6.8,
  6.78,
  6.77,
  6.8,
  6.82,
  6.8,
  6.82,
  6.8,
  6.78,
  6.8,
  6.78,
  6.79,
  6.8,
  6.78,
  6.8,
  6.8,
  6.8,
  6.78,
  6.78,
  6.81,
  6.78,
  6.79,
  6.82,
  6.8,
  6.79,
  6.79,
  6.76,
  6.79,
  6.79,
  6.81,
  6.79,
  6.78,
  6.8,
  6.81,
  6.81,
  6.81,
  6.82,
  6.79,
  6.81,
  6.8,
  6.8,
  6.81,
  6.82,
  6.8,
  6.79,
  6.83,
  6.82,
  6.79,
  6.8,
  6.81,
  6.8,
  6.82,
  6.83,
  6.83,
  6.84,
  6.82,
  6.8,
  6.83,
  6.82,
  6.83
 ],
 "traj_orth": [
  89.77,
  86.72,
  82.13,
  75.47,
  66.59,
  56.07,
  45.09,
  34.75,
  25.95,
  19.34,
  14.84,
  12.07,
  10.55,
  9.75,
  9.44,
  9.23,
  9.1,
  8.98,
  8.78,
  8.62,
  8.49,
  8.41,
  8.31,
  8.27,
  8.25,
  8.24,
  8.22,
  8.2,
  8.18,
  8.17,
  8.15,
  8.15,
  8.15,
  8.06,
  8.02,
  7.95,
  7.88,
  7.8,
  7.76,
  7.67,
  7.57,
  7.48,
  7.42,
  7.46,
  7.52,
  7.53,
  7.51,
  7.48,
  7.44,
  7.42,
  7.39,
  7.36,
  7.34,
  7.27,
  7.27,
  7.27,
  7.29,
  7.3,
  7.29,
  7.32,
  7.29,
  7.29,
  7.32,
  7.28,
  7.26,
  7.29,
  7.3,
  7.33,
  7.31,
  7.32,
  7.27,
  7.27,
  7.26,
  7.26,
  7.28,
  7.3,
  7.27,
  7.21,
  7.21,
  7.19,
  7.17,
  7.13,
  7.14,
  7.13,
  7.16,
  7.23,
  7.21,
  7.18,
  7.17,
  7.19,
  7.18,
  7.18,
  7.17,
  7.19,
  7.21,
  7.19,
  7.19,
  7.19,
  7.18,
  7.19
 ]
}