{
 "theta_star": 22.39287806213681,
 "after_same_kick": 21.11552944423954,
 "after_orth_kick": 21.38691789576624,
 "traj_same": [
  3.08,
  8.38,
  11.82,
  14.17,
  15.9,
  17.19,
  18.15,
  18.91,
  19.45,
  19.84,
  20.18,
  20.41,
  20.56,
  20.7,
  20.83,
  20.9,
  20.97,
  21.02,
  21.12,
  21.2,
  21.26,
  21.29,
  21.28,
  21.24,
  21.2,
  21.17,
  21.19,
  21.21,
  21.25,
  21.3,
  21.3,
  21.28,
  21.27,
  21.23,
  21.21,
  21.17,
  21.15,
  21.14,
  21.11,
  21.12,
  21.13,
  21.13,
  21.13,
  21.17,
  21.17,
  21.14,
  21.14,
  21.12,
  21.1,
  21.13,
  21.15,
  21.18,
  21.19,
  21.2,
  21.21,
  21.2,
  21.21,
  21.22,
  21.17,
  21.18,
  21.22,
  21.24,
  21.21,
  21.18,
  21.17,
  21.18,
  21.19,
  21.2,
  21.23,
  21.22,
  21.23,
  21.22,
  21.23,
  21.26,
  21.25,
  21.24,
  21.23,
  21.23,
  21.21,
  21.19,
  21.13,
  21.13,
  21.12,
  21.09,
  21.05,
  21.03,
  21.07,
  21.06,
  21.05,
  21.06,
  21.06,
  21.09,
  21.1,
  21.14,
  21.12,
  21.13,
  21.13,
  21.13,
  21.12,
  21.14
 ],
 "traj_orth": [
  89.7,
  85.9,
  79.72,
  71.04,
  60.75,
  50.08,
  40.28,
  32.09,
  25.86,
  21.5,
  18.61,
  16.93,
  16.31,
  16.4,
  16.86,
  17.41,
  18.01,
  18.55,
  19.09,
  19.55,
  19.95,
  20.27,
  20.51,
  20.69,
  20.84,
  20.97,
  21.12,
  21.24,
  21.36,
  21.48,
  21.55,
  21.59,
  21.63,
  21.61,
  21.58,
  21.56,
  21.56,
  21.56,
  21.56,
  21.6,
  21.65,
  21.65,
  21.65,
  21.7,
  21.68,
  21.64,
  21.62,
  21.61,
  21.6,
  21.63,
  21.62,
  21.6,
  21.59,
  21.59,
  21.61,
  21.59,
  21.62,
  21.64,
  21.61,
  21.62,
  21.63,
  21.63,
  21.65,
  21.63,
  21.6,
  21.59,
  21.58,
  21.57,
  21.6,
  21.59,
  21.58,
  21.54,
  21.51,
  21.49,
  21.46,
  21.43,
  21.44,
  21.46,
  21.45,
  21.48,
  21.45,
  21.45,
  21.44,
  21.38,
  21.34,
  21.32,
  21.38,
  21.4,
  21.41,
  21.4,
  21.38,
  21.4,
  21.4,
  21.41,
  21.36,
  21.37,
  21.38,
  21.4,
  21.38,
  21.39
 ]
}