{
 "theta_star": 4.57029560909061,
 "after_same_kick": 4.166697920396021,
 "after_orth_kick": 4.365497811998845,
 "traj_same": [
  1.38,
  3.98,
  4.17,
  4.2,
  4.21,
  4.21,
  4.21,
  4.2,
  4.17,
  4.2,
  4.19,
  4.2,
  4.2,
  4.2,
  4.18,
  4.17,
  4.2,
  4.18,
  4.18,
  4.18,
  4.19,
  4.19,
  4.18,
  4.19,
  4.18,
  4.18,
  4.17,
  4.18,
  4.19,
  4.18,
  4.21,
  4.19,
  4.2,
  4.19,
  4.2,
  4.2,
  4.18,
  4.2,
  4.2,
  4.18,
  4.19,
  4.2,
  4.19,
  4.18,
  4.18,
  4.18,
  4.18,
  4.19,
  4.18,
  4.18,
  4.18,
  4.18,
  4.17,
  4.18,
  4.17,
  4.17,
  4.18,
  4.19,
  4.18,
  4.17,
  4.17,
  4.17,
  4.17,
  4.18,
  4.18,
  4.17,
  4.17,
  4.19,
  4.2,
  4.16,
  4.17,
  4.18,
  4.18,
  4.19,
  4.18,
  4.16,
  4.17,
  4.17,
  4.17,
  4.16,
  4.18,
  4.18,
  4.18,
  4.17,
  4.18,
  4.17,
  4.17,
  4.16,
  4.17,
  4.17,
  4.17,
  4.19,
  4.16,
  4.17,
  4.16,
  4.16,
  4.16,
  4.16,
  4.18,
  4.16
 ],
 "traj_orth": [
  89.73,
  85.86,
  77.58,
  63.18,
  45.55,
  29.18,
  16.73,
  9.33,
  6.72,
  5.75,
  5.18,
  4.93,
  4.92,
  4.97,
  4.93,
  4.77,
  4.65,
  4.55,
  4.53,
  4.55,
  4.57,
  4.61,
  4.62,
  4.62,
  4.6,
  4.54,
  4.53,
  4.55,
  4.62,
  4.62,
  4.65,
  4.62,
  4.57,
  4.51,
  4.5,
  4.52,
  4.57,
  4.64,
  4.63,
  4.58,
  4.53,
  4.48,
  4.49,
  4.52,
  4.51,
  4.44,
  4.39,
  4.36,
  4.36,
  4.35,
  4.39,
  4.43,
  4.43,
  4.4,
  4.36,
  4.35,
  4.36,
  4.39,
  4.42,
  4.44,
  4.41,
  4.38,
  4.34,
  4.34,
  4.39,
  4.42,
  4.44,
  4.42,
  4.39,
  4.38,
  4.34,
  4.35,
  4.4,
  4.43,
  4.43,
  4.4,
  4.39,
  4.35,
  4.37,
  4.36,
  4.39,
  4.43,
  4.43,
  4.39,
  4.36,
  4.35,
  4.38,
  4.41,
  4.43,
  4.41,
  4.38,
  4.35,
  4.36,
  4.36,
  4.35,
  4.38,
  4.36,
  4.36,
  4.37,
  4.38
 ]
}