{
 "theta_star": 39.875192788802195,
 "after_same_kick": 6.954060322885454,
 "after_orth_kick": 7.196829747231902,
 "traj_same": [
  2.12,
  5.54,
  6.49,
  6.8,
  6.9,
  6.96,
  6.98,
  6.96,
  6.97,
  6.94,
  6.94,
  6.95,
  6.94,
  6.95,
  6.94,
  6.96,
  6.96,
  6.96,
  6.96,
  6.97,
  6.99,
  6.98,
  6.95,
  6.94,
  6.94,
  6.95,
  6.92,
  6.92,
  6.93,
  6.94,
  6.94,
  6.94,
  6.94,
  6.93,
  6.94,
  6.96,
  6.96,
  6.95,
  6.95,
  6.96,
  6.95,
  6.94,
  6.96,
  6.95,
  6.95,
  6.94,
  6.95,
  6.94,
  6.94,
  6.94,
  6.96,
  6.93,
  6.95,
  6.95,
  6.95,
  6.94,
  6.94,
  6.96,
  6.96,
  6.97,
  6.94,
  6.95,
  6.96,
  6.95,
  6.94,
  6.94,
  6.95,
  6.94,
  6.95,
  6.95,
  6.96,
  6.95,
  6.97,
  6.95,
  6.96,
  6.97,
  6.99,
  6.98,
  6.99,
  6.97,
  6.97,
  6.96,
  6.97,
  6.97,
  6.97,
  6.95,
  6.97,
  6.96,
  6.96,
  6.96,
  6.96,
  6.95,
  6.93,
  6.94,
  6.95,
  6.96,
  6.98,
  6.95,
  6.96,
  6.97
 ],
 "traj_orth": [
  89.72,
  86.38,
  81.35,
  73.99,
  64.21,
  52.92,
  41.71,
  31.84,
  23.98,
  18.07,
  14.1,
  11.72,
  10.26,
  9.31,
  8.77,
  8.51,
  8.36,
  8.27,
  8.22,
  8.19,
  8.16,
  8.11,
  8.06,
  7.95,
  7.86,
  7.8,
  7.74,
  7.67,
  7.63,
  7.51,
  7.38,
  7.29,
  7.2,
  7.17,
  7.16,
  7.17,
  7.16,
  7.15,
  7.19,
  7.23,
  7.24,
  7.22,
  7.23,
  7.2,
  7.19,
  7.16,
  7.19,
  7.18,
  7.19,
  7.19,
  7.2,
  7.15,
  7.18,
  7.19,
  7.2,
  7.19,
  7.18,
  7.2,
  7.2,
  7.2,
  7.19,
  7.21,
  7.21,
  7.19,
  7.18,
  7.19,
  7.21,
  7.21,
  7.23,
  7.21,
  7.2,
  7.18,
  7.2,
  7.18,
  7.19,
  7.21,
  7.24,
  7.24,
  7.26,
  7.23,
  7.23,
  7.2,
  7.19,
  7.19,
  7.21,
  7.23,
  7.24,
  7.21,
  7.21,
  7.2,
  7.2,
  7.17,
  7.16,
  7.18,
  7.21,
  7.23,
  7.22,
  7.19,
  7.19,
  7.22
 ]
}