{
 "theta_star": 45.36805707421091,
 "after_same_kick": 7.8772086735152005,
 "after_orth_kick": 8.622912307086159,
 "traj_same": [
  2.19,
  5.6,
  6.57,
  6.9,
  7.06,
  7.12,
  7.17,
  7.2,
  7.24,
  7.26,
  7.24,
  7.28,
  7.31,
  7.4,
  7.51,
  7.55,
  7.55,
  7.51,
  7.46,
  7.44,
  7.41,
  7.4,
  7.39,
  7.4,
  7.4,
  7.43,
  7.44,
  7.42,
  7.42,
  7.41,
  7.43,
  7.41,
  7.42,
  7.42,
  7.37,
  7.35,
  7.37,
  7.36,
  7.38,
  7.39,
  7.38,
  7.39,
  7.39,
  7.41,
  7.41,
  7.44,
  7.48,
  7.56,
  7.57,
  7.55,
  7.54,
  7.51,
  7.52,
  7.53,
  7.56,
  7.58,
  7.59,
  7.58,
  7.58,
  7.59,
  7.61,
  7.61,
  7.66,
  7.69,
  7.74,
  7.73,
  7.67,
  7.64,
  7.65,
  7.65,
  7.65,
  7.71,
  7.7,
  7.74,
  7.74,
  7.73,
  7.74,
  7.72,
  7.74,
  7.76,
  7.78,
  7.8,
  7.85,
  7.86,
  7.88,
  7.83,
  7.8,
  7.8,
  7.77,
  7.77,
  7.81,
  7.86,
  7.92,
  7.95,
  7.91,
  7.9,
  7.87,
  7.83,
  7.85,
  7.87
 ],
 "traj_orth": [
  89.71,
  86.32,
  81.2,
  73.8,
  64.02,
  52.51,
  40.7,
  30.34,
  22.53,
  17.33,
  14.17,
  12.35,
  11.33,
  10.79,
  10.56,
  10.45,
  10.41,
  10.35,
  10.25,
  10.02,
  9.88,
  9.83,
  9.79,
  9.77,
  9.74,
  9.72,
  9.65,
  9.55,
  9.44,
  9.33,
  9.26,
  9.21,
  9.17,
  9.09,
  9.01,
  8.98,
  9.01,
  9.0,
  8.96,
  8.9,
  8.84,
  8.8,
  8.76,
  8.73,
  8.7,
  8.72,
  8.78,
  8.8,
  8.76,
  8.67,
  8.66,
  8.66,
  8.62,
  8.57,
  8.56,
  8.57,
  8.61,
  8.6,
  8.57,
  8.53,
  8.52,
  8.48,
  8.46,
  8.43,
  8.46,
  8.49,
  8.47,
  8.5,
  8.55,
  8.55,
  8.54,
  8.51,
  8.46,
  8.44,
  8.44,
  8.49,
  8.55,
  8.57,
  8.61,
  8.62,
  8.57,
  8.53,
  8.55,
  8.56,
  8.62,
  8.68,
  8.73,
  8.72,
  8.7,
  8.66,
  8.59,
  8.59,
  8.61,
  8.65,
  8.63,
  8.64,
  8.61,
  8.61,
  8.65,
  8.64
 ]
}