{
 "theta_star": 37.67497447920504,
 "after_same_kick": 35.26310949517348,
 "after_orth_kick": 35.42764671161164,
 "traj_same": [
  2.87,
  8.41,
  12.16,
  14.97,
  17.28,
  19.19,
  20.84,
  22.22,
  23.42,
  24.47,
  25.37,
  26.16,
  26.83,
  27.44,
  27.99,
  28.45,
  28.9,
  29.26,
  29.6,
  29.93,
  30.2,
  30.43,
  30.65,
  30.87,
  31.03,
  31.22,
  31.37,
  31.58,
  31.75,
  31.92,
  32.09,
  32.25,
  32.38,
  32.57,
  32.73,
  32.9,
  33.01,
  33.1,
  33.2,
  33.28,
  33.39,
  33.54,
  33.6,
  33.7,
  33.77,
  33.88,
  33.93,
  34.0,
  34.03,
  34.07,
  34.12,
  34.21,
  34.26,
  34.31,
  34.37,
  34.44,
  34.5,
  34.54,
  34.59,
  34.63,
  34.72,
  34.81,
  34.85,
  34.88,
  34.9,
  34.96,
  35.01,
  35.06,
  35.15,
  35.21,
  35.22,
  35.21,
  35.23,
  35.22,
  35.22,
  35.21,
  35.18,
  35.19,
  35.2,
  35.22,
  35.24,
  35.21,
  35.17,
  35.13,
  35.16,
  35.13,
  35.12,
  35.17,
  35.19,
  35.24,
  35.24,
  35.24,
  35.27,
  35.26,
  35.22,
  35.25,
  35.25,
  35.26,
  35.3,
  35.33
 ],
 "traj_orth": [
  89.69,
  86.34,
  82.08,
  76.93,
  71.05,
  64.68,
  58.14,
  51.74,
  45.68,
  40.05,
  35.03,
  30.62,
  26.98,
  24.14,
  22.05,
  20.68,
  20.04,
  19.9,
  20.2,
  20.75,
  21.47,
  22.27,
  23.1,
  23.91,
  24.64,
  25.39,
  26.05,
  26.72,
  27.31,
  27.87,
  28.42,
  28.91,
  29.32,
  29.75,
  30.11,
  30.44,
  30.7,
  30.94,
  31.19,
  31.41,
  31.63,
  31.89,
  32.03,
  32.21,
  32.35,
  32.53,
  32.64,
  32.78,
  32.89,
  33.01,
  33.14,
  33.28,
  33.39,
  33.47,
  33.53,
  33.63,
  33.71,
  33.78,
  33.88,
  33.95,
  34.07,
  34.2,
  34.28,
  34.34,
  34.4,
  34.47,
  34.52,
  34.57,
  34.68,
  34.77,
  34.82,
  34.85,
  34.9,
  34.94,
  34.95,
  34.96,
  34.95,
  35.01,
  35.06,
  35.14,
  35.19,
  35.18,
  35.18,
  35.18,
  35.23,
  35.2,
  35.22,
  35.29,
  35.35,
  35.4,
  35.43,
  35.44,
  35.46,
  35.42,
  35.38,
  35.4,
  35.41,
  35.41,
  35.45,
  35.48
 ]
}