{
 "theta_star": 37.678397480027925,
 "after_same_kick": 30.41295445855181,
 "after_orth_kick": 30.551437073155505,
 "traj_same": [
  4.02,
  8.63,
  12.01,
  14.54,
  16.56,
  18.22,
  19.58,
  20.76,
  21.83,
  22.72,
  23.5,
  24.17,
  24.78,
  25.29,
  25.78,
  26.21,
  26.6,
  26.98,
  27.3,
  27.58,
  27.82,
  28.08,
  28.25,
  28.42,
  28.57,
  28.73,
  28.87,
  28.98,
  29.1,
  29.16,
  29.19,
  29.23,
  29.28,
  29.24,
  29.3,
  29.38,
  29.42,
  29.45,
  29.49,
  29.5,
  29.5,
  29.54,
  29.6,
  29.7,
  29.74,
  29.79,
  29.84,
  29.85,
  29.89,
  29.94,
  29.99,
  30.04,
  30.1,
  30.12,
  30.19,
  30.27,
  30.34,
  30.34,
  30.39,
  30.5,
  30.55,
  30.61,
  30.65,
  30.68,
  30.7,
  30.77,
  30.75,
  30.79,
  30.82,
  30.92,
  30.88,
  30.91,
  30.89,
  30.91,
  30.89,
  30.91,
  31.01,
  31.04,
  31.05,
  31.02,
  31.01,
  31.01,
  31.06,
  31.03,
  30.96,
  30.99,
  30.95,
  30.84,
  30.74,
  30.68,
  30.57,
  30.5,
  30.53,
  30.5,
  30.48,
  30.38,
  30.31,
  30.32,
  30.28,
  30.25
 ],
 "traj_orth": [
  89.77,
  86.93,
  83.3,
  78.85,
  73.74,
  68.17,
  62.4,
  56.56,
  50.8,
  45.36,
  40.33,
  35.82,
  31.95,
  28.7,
  26.19,
  24.2,
  22.79,
  21.87,
  21.33,
  21.21,
  21.31,
  21.69,
  22.09,
  22.56,
  23.07,
  23.6,
  24.11,
  24.6,
  25.08,
  25.49,
  25.86,
  26.26,
  26.64,
  26.9,
  27.24,
  27.58,
  27.85,
  28.09,
  28.3,
  28.49,
  28.62,
  28.78,
  28.96,
  29.17,
  29.32,
  29.45,
  29.56,
  29.63,
  29.72,
  29.82,
  29.92,
  30.01,
  30.12,
  30.18,
  30.28,
  30.39,
  30.47,
  30.51,
  30.58,
  30.7,
  30.76,
  30.84,
  30.89,
  30.9,
  30.89,
  30.91,
  30.89,
  30.91,
  30.94,
  31.06,
  31.05,
  31.12,
  31.12,
  31.13,
  31.1,
  31.09,
  31.14,
  31.13,
  31.11,
  31.09,
  31.09,
  31.1,
  31.14,
  31.11,
  31.03,
  31.07,
  31.05,
  30.94,
  30.85,
  30.79,
  30.68,
  30.63,
  30.66,
  30.63,
  30.62,
  30.52,
  30.47,
  30.47,
  30.43,
  30.41
 ]
}