{
 "theta_star": 43.18481915232652,
 "after_same_kick": 37.16240792780874,
 "after_orth_kick": 37.186794464754506,
 "traj_same": [
  3.97,
  8.91,
  12.61,
  15.48,
  17.84,
  19.8,
  21.42,
  22.83,
  24.07,
  25.15,
  26.11,
  26.92,
  27.62,
  28.2,
  28.69,
  29.19,
  29.63,
  30.01,
  30.32,
  30.61,
  30.92,
  31.16,
  31.4,
  31.62,
  31.8,
  32.01,
  32.2,
  32.41,
  32.56,
  32.73,
  32.92,
  33.07,
  33.27,
  33.4,
  33.6,
  33.77,
  33.93,
  34.13,
  34.34,
  34.48,
  34.69,
  34.78,
  34.94,
  35.08,
  35.19,
  35.34,
  35.39,
  35.53,
  35.59,
  35.73,
  35.82,
  35.86,
  35.93,
  35.96,
  36.02,
  36.09,
  36.13,
  36.22,
  36.26,
  36.29,
  36.3,
  36.37,
  36.45,
  36.47,
  36.5,
  36.58,
  36.59,
  36.62,
  36.63,
  36.66,
  36.68,
  36.76,
  36.79,
  36.8,
  36.85,
  36.81,
  36.85,
  36.76,
  36.83,
  36.88,
  36.88,
  36.95,
  36.93,
  36.89,
  36.92,
  36.94,
  36.95,
  37.03,
  37.01,
  37.01,
  37.08,
  37.14,
  37.08,
  37.08,
  37.14,
  37.19,
  37.22,
  37.21,
  37.22,
  37.27
 ],
 "traj_orth": [
  89.7,
  86.33,
  82.06,
  76.95,
  71.11,
  64.84,
  58.42,
  52.04,
  46.03,
  40.63,
  35.88,
  31.87,
  28.62,
  26.08,
  24.21,
  22.93,
  22.2,
  21.93,
  22.03,
  22.39,
  23.03,
  23.73,
  24.47,
  25.21,
  25.93,
  26.65,
  27.33,
  27.99,
  28.56,
  29.1,
  29.6,
  30.05,
  30.5,
  30.86,
  31.24,
  31.6,
  31.95,
  32.32,
  32.65,
  32.93,
  33.24,
  33.43,
  33.68,
  33.9,
  34.08,
  34.32,
  34.44,
  34.62,
  34.73,
  34.93,
  35.1,
  35.24,
  35.37,
  35.47,
  35.6,
  35.75,
  35.85,
  35.99,
  36.09,
  36.13,
  36.14,
  36.22,
  36.29,
  36.32,
  36.34,
  36.43,
  36.46,
  36.51,
  36.53,
  36.56,
  36.58,
  36.66,
  36.69,
  36.72,
  36.79,
  36.77,
  36.84,
  36.78,
  36.88,
  36.94,
  36.94,
  37.0,
  37.0,
  36.96,
  37.0,
  37.03,
  37.04,
  37.15,
  37.14,
  37.15,
  37.19,
  37.22,
  37.13,
  37.1,
  37.15,
  37.18,
  37.21,
  37.21,
  37.22,
  37.26
 ]
}