{
 "theta_star": 4.164439649106727,
 "after_same_kick": 4.16444955588037,
 "after_orth_kick": 4.157170066102202,
 "traj_same": [
  1.35,
  3.94,
  4.13,
  4.17,
  4.17,
  4.17,
  4.17,
  4.17,
  4.17,
  4.16,
  4.16,
  4.16,
  4.17,
  4.17,
  4.17,
  4.16,
  4.16,
  4.17,
  4.17,
  4.17,
  4.16,
  4.17,
  4.17,
  4.16,
  4.16,
  4.15,
  4.15,
  4.16,
  4.17,
  4.15,
  4.16,
  4.15,
  4.16,
  4.16,
  4.16,
  4.14,
  4.15,
  4.16,
  4.17,
  4.17,
  4.16,
  4.16,
  4.16,
  4.15,
  4.15,
  4.15,
  4.17,
  4.16,
  4.17,
  4.16,
  4.16,
  4.16,
  4.16,
  4.17,
  4.16,
  4.15,
  4.14,
  4.16,
  4.15,
  4.15,
  4.16,
  4.15,
  4.15,
  4.15,
  4.16,
  4.14,
  4.16,
  4.17,
  4.16,
  4.16,
  4.16,
  4.17,
  4.17,
  4.17,
  4.16,
  4.16,
  4.15,
  4.17,
  4.16,
  4.16,
  4.17,
  4.16,
  4.17,
  4.17,
  4.14,
  4.15,
  4.18,
  4.17,
  4.17,
  4.16,
  4.16,
  4.16,
  4.16,
  4.18,
  4.17,
  4.17,
  4.16,
  4.16,
  4.15,
  4.17
 ],
 "traj_orth": [
  89.71,
  85.67,
  77.13,
  61.94,
  43.3,
  26.39,
  14.38,
  8.07,
  5.7,
  5.23,
  5.02,
  4.85,
  4.72,
  4.68,
  4.64,
  4.59,
  4.54,
  4.54,
  4.53,
  4.46,
  4.35,
  4.35,
  4.36,
  4.37,
  4.37,
  4.35,
  4.34,
  4.33,
  4.34,
  4.33,
  4.36,
  4.33,
  4.34,
  4.34,
  4.35,
  4.31,
  4.32,
  4.34,
  4.34,
  4.33,
  4.32,
  4.29,
  4.24,
  4.16,
  4.15,
  4.15,
  4.16,
  4.16,
  4.17,
  4.16,
  4.16,
  4.16,
  4.16,
  4.17,
  4.16,
  4.16,
  4.15,
  4.16,
  4.15,
  4.16,
  4.15,
  4.15,
  4.15,
  4.15,
  4.16,
  4.14,
  4.16,
  4.17,
  4.16,
  4.16,
  4.15,
  4.17,
  4.17,
  4.17,
  4.16,
  4.16,
  4.15,
  4.17,
  4.16,
  4.16,
  4.16,
  4.16,
  4.17,
  4.16,
  4.14,
  4.15,
  4.17,
  4.16,
  4.16,
  4.16,
  4.16,
  4.16,
  4.15,
  4.17,
  4.16,
  4.16,
  4.15,
  4.15,
  4.14,
  4.16
 ]
}