{
 "theta_star": 6.7678654166853445,
 "after_same_kick": 6.731410290027988,
 "after_orth_kick": 6.710376287580978,
 "traj_same": [
  1.59,
  5.45,
  6.33,
  6.59,
  6.69,
  6.72,
  6.74,
  6.75,
  6.72,
  6.75,
  6.75,
  6.76,
  6.75,
  6.74,
  6.73,
  6.71,
  6.73,
  6.72,
  6.73,
  6.73,
  6.75,
  6.75,
  6.73,
  6.75,
  6.74,
  6.74,
  6.72,
  6.73,
  6.75,
  6.73,
  6.77,
  6.75,
  6.76,
  6.74,
  6.75,
  6.75,
  6.73,
  6.75,
  6.75,
  6.73,
  6.74,
  6.76,
  6.74,
  6.73,
  6.73,
  6.72,
  6.72,
  6.73,
  6.73,
  6.72,
  6.72,
  6.73,
  6.71,
  6.72,
  6.71,
  6.71,
  6.71,
  6.73,
  6.71,
  6.71,
  6.72,
  6.71,
  6.69,
  6.7,
  6.71,
  6.7,
  6.7,
  6.73,
  6.74,
  6.71,
  6.7,
  6.72,
  6.73,
  6.74,
  6.73,
  6.73,
  6.73,
  6.71,
  6.71,
  6.7,
  6.71,
  6.71,
  6.73,
  6.71,
  6.72,
  6.71,
  6.71,
  6.7,
  6.72,
  6.72,
  6.71,
  6.74,
  6.72,
  6.74,
  6.72,
  6.73,
  6.74,
  6.74,
  6.75,
  6.72
 ],
 "traj_orth": [
  81.63,
  30.34,
  11.38,
  6.28,
  6.09,
  6.43,
  6.63,
  6.71,
  6.73,
  6.73,
  6.75,
  6.75,
  6.75,
  6.75,
  6.74,
  6.72,
  6.73,
  6.75,
  6.74,
  6.73,
  6.71,
  6.69,
  6.7,
  6.72,
  6.74,
  6.73,
  6.74,
  6.73,
  6.76,
  6.72,
  6.73,
  6.72,
  6.72,
  6.71,
  6.72,
  6.73,
  6.72,
  6.74,
  6.74,
  6.73,
  6.73,
  6.71,
  6.72,
  6.74,
  6.73,
  6.73,
  6.73,
  6.73,
  6.75,
  6.71,
  6.72,
  6.71,
  6.72,
  6.72,
  6.71,
  6.71,
  6.72,
  6.72,
  6.72,
  6.72,
  6.73,
  6.73,
  6.7,
  6.7,
  6.72,
  6.72,
  6.73,
  6.71,
  6.71,
  6.72,
  6.69,
  6.71,
  6.72,
  6.72,
  6.72,
  6.72,
  6.73,
  6.7,
  6.73,
  6.7,
  6.7,
  6.71,
  6.72,
  6.71,
  6.72,
  6.73,
  6.73,
  6.72,
  6.71,
  6.69,
  6.7,
  6.7,
  6.72,
  6.72,
  6.7,
  6.72,
  6.71,
  6.71,
  6.71,
  6.72
 ]
}