{
 "theta_star": 14.372672530202246,
 "after_same_kick": 5.4444720404464055,
 "after_orth_kick": 5.5803286277898945,
 "traj_same": [
  1.68,
  4.81,
  5.34,
  5.44,
  5.47,
  5.47,
  5.47,
  5.49,
  5.49,
  5.5,
  5.5,
  5.5,
  5.52,
  5.55,
  5.62,
  5.7,
  5.75,
  5.73,
  5.71,
  5.65,
  5.64,
  5.62,
  5.61,
  5.59,
  5.59,
  5.57,
  5.59,
  5.62,
  5.61,
  5.65,
  5.62,
  5.59,
  5.6,
  5.58,
  5.59,
  5.57,
  5.61,
  5.61,
  5.59,
  5.59,
  5.61,
  5.59,
  5.58,
  5.56,
  5.55,
  5.56,
  5.57,
  5.58,
  5.63,
  5.6,
  5.6,
  5.6,
  5.6,
  5.59,
  5.59,
  5.59,
  5.56,
  5.54,
  5.57,
  5.58,
  5.58,
  5.57,
  5.55,
  5.54,
  5.56,
  5.55,
  5.55,
  5.54,
  5.56,
  5.57,
  5.58,
  5.56,
  5.55,
  5.56,
  5.53,
  5.5,
  5.5,
  5.54,
  5.53,
  5.51,
  5.52,
  5.53,
  5.55,
  5.56,
  5.57,
  5.53,
  5.55,
  5.53,
  5.49,
  5.49,
  5.45,
  5.44,
  5.45,
  5.43,
  5.44,
  5.44,
  5.46,
  5.43,
  5.46,
  5.44
 ],
 "traj_orth": [
  89.71,
  85.92,
  79.36,
  68.69,
  54.67,
  40.07,
  27.22,
  17.4,
  11.25,
  8.35,
  7.14,
  6.49,
  6.23,
  6.06,
  5.93,
  5.86,
  5.75,
  5.7,
  5.74,
  5.74,
  5.77,
  5.76,
  5.76,
  5.73,
  5.73,
  5.69,
  5.68,
  5.69,
  5.68,
  5.72,
  5.73,
  5.75,
  5.78,
  5.76,
  5.76,
  5.71,
  5.74,
  5.73,
  5.7,
  5.69,
  5.72,
  5.71,
  5.72,
  5.72,
  5.73,
  5.71,
  5.71,
  5.69,
  5.75,
  5.73,
  5.75,
  5.73,
  5.73,
  5.73,
  5.72,
  5.7,
  5.68,
  5.65,
  5.67,
  5.69,
  5.69,
  5.66,
  5.63,
  5.61,
  5.61,
  5.59,
  5.58,
  5.56,
  5.58,
  5.58,
  5.6,
  5.58,
  5.58,
  5.59,
  5.57,
  5.54,
  5.55,
  5.59,
  5.61,
  5.6,
  5.6,
  5.59,
  5.58,
  5.57,
  5.57,
  5.55,
  5.6,
  5.62,
  5.61,
  5.62,
  5.59,
  5.58,
  5.59,
  5.56,
  5.56,
  5.56,
  5.58,
  5.57,
  5.6,
  5.6
 ]
}