{
 "theta_star": 6.7945595706275235,
 "after_same_kick": 5.230630109031217,
 "after_orth_kick": 5.581239208224518,
 "traj_same": [
  1.5,
  4.66,
  5.12,
  5.21,
  5.24,
  5.24,
  5.25,
  5.25,
  5.24,
  5.25,
  5.24,
  5.25,
  5.24,
  5.24,
  5.24,
  5.22,
  5.25,
  5.24,
  5.24,
  5.23,
  5.24,
  5.22,
  5.23,
  5.23,
  5.24,
  5.23,
  5.22,
  5.23,
  5.23,
  5.22,
  5.22,
  5.25,
  5.23,
  5.23,
  5.22,
  5.23,
  5.22,
  5.21,
  5.23,
  5.22,
  5.22,
  5.23,
  5.22,
  5.21,
  5.21,
  5.22,
  5.22,
  5.22,
  5.21,
  5.21,
  5.2,
  5.2,
  5.21,
  5.22,
  5.21,
  5.22,
  5.21,
  5.22,
  5.22,
  5.23,
  5.23,
  5.22,
  5.24,
  5.22,
  5.23,
  5.22,
  5.21,
  5.22,
  5.21,
  5.22,
  5.23,
  5.24,
  5.22,
  5.23,
  5.24,
  5.24,
  5.24,
  5.23,
  5.21,
  5.22,
  5.22,
  5.22,
  5.24,
  5.23,
  5.23,
  5.22,
  5.24,
  5.24,
  5.24,
  5.23,
  5.22,
  5.23,
  5.22,
  5.24,
  5.23,
  5.22,
  5.23,
  5.24,
  5.23,
  5.24
 ],
 "traj_orth": [
  89.73,
  86.27,
  80.15,
  70.14,
  56.61,
  42.33,
  29.37,
  19.08,
  12.1,
  8.79,
  7.56,
  6.98,
  6.5,
  6.15,
  5.89,
  5.76,
  5.76,
  5.72,
  5.75,
  5.73,
  5.71,
  5.64,
  5.59,
  5.54,
  5.54,
  5.56,
  5.56,
  5.61,
  5.57,
  5.54,
  5.51,
  5.53,
  5.52,
  5.55,
  5.58,
  5.6,
  5.6,
  5.55,
  5.55,
  5.54,
  5.54,
  5.56,
  5.55,
  5.55,
  5.56,
  5.57,
  5.55,
  5.55,
  5.54,
  5.52,
  5.52,
  5.49,
  5.51,
  5.53,
  5.55,
  5.59,
  5.58,
  5.57,
  5.56,
  5.57,
  5.56,
  5.58,
  5.6,
  5.6,
  5.59,
  5.59,
  5.56,
  5.54,
  5.51,
  5.52,
  5.55,
  5.58,
  5.58,
  5.59,
  5.59,
  5.56,
  5.54,
  5.51,
  5.5,
  5.53,
  5.56,
  5.6,
  5.62,
  5.6,
  5.58,
  5.55,
  5.54,
  5.55,
  5.59,
  5.62,
  5.61,
  5.6,
  5.56,
  5.54,
  5.54,
  5.54,
  5.59,
  5.61,
  5.61,
  5.6
 ]
}