{
 "theta_star": 27.567841452709363,
 "after_same_kick": 24.595030462588667,
 "after_orth_kick": 24.603079366198568,
 "traj_same": [
  2.79,
  8.28,
  11.86,
  14.4,
  16.38,
  17.97,
  19.25,
  20.25,
  21.04,
  21.68,
  22.16,
  22.54,
  22.89,
  23.17,
  23.4,
  23.6,
  23.79,
  23.93,
  23.98,
  24.04,
  24.11,
  24.22,
  24.27,
  24.34,
  24.41,
  24.44,
  24.45,
  24.47,
  24.47,
  24.53,
  24.56,
  24.59,
  24.61,
  24.58,
  24.57,
  24.54,
  24.51,
  24.45,
  24.37,
  24.3,
  24.23,
  24.17,
  24.16,
  24.18,
  24.2,
  24.24,
  24.24,
  24.27,
  24.3,
  24.32,
  24.33,
  24.36,
  24.38,
  24.4,
  24.37,
  24.36,
  24.38,
  24.42,
  24.47,
  24.5,
  24.53,
  24.56,
  24.6,
  24.59,
  24.6,
  24.62,
  24.62,
  24.62,
  24.64,
  24.67,
  24.72,
  24.72,
  24.75,
  24.77,
  24.78,
  24.76,
  24.76,
  24.77,
  24.8,
  24.81,
  24.83,
  24.82,
  24.78,
  24.75,
  24.71,
  24.69,
  24.68,
  24.66,
  24.64,
  24.58,
  24.59,
  24.59,
  24.58,
  24.59,
  24.6,
  24.62,
  24.61,
  24.59,
  24.58,
  24.59
 ],
 "traj_orth": [
  89.73,
  86.42,
  81.7,
  75.62,
  68.43,
  60.55,
  52.56,
  44.95,
  38.12,
  32.2,
  27.45,
  23.71,
  21.04,
  19.3,
  18.4,
  18.12,
  18.3,
  18.68,
  19.17,
  19.72,
  20.27,
  20.84,
  21.36,
  21.89,
  22.38,
  22.77,
  23.1,
  23.39,
  23.62,
  23.86,
  24.06,
  24.23,
  24.34,
  24.37,
  24.43,
  24.49,
  24.54,
  24.58,
  24.58,
  24.62,
  24.66,
  24.7,
  24.76,
  24.78,
  24.75,
  24.7,
  24.66,
  24.64,
  24.62,
  24.59,
  24.55,
  24.54,
  24.54,
  24.55,
  24.52,
  24.49,
  24.46,
  24.47,
  24.46,
  24.43,
  24.42,
  24.41,
  24.43,
  24.43,
  24.44,
  24.46,
  24.47,
  24.48,
  24.49,
  24.52,
  24.57,
  24.58,
  24.6,
  24.62,
  24.61,
  24.6,
  24.62,
  24.63,
  24.65,
  24.66,
  24.69,
  24.72,
  24.71,
  24.72,
  24.7,
  24.69,
  24.69,
  24.69,
  24.69,
  24.64,
  24.64,
  24.64,
  24.61,
  24.6,
  24.59,
  24.61,
  24.61,
  24.59,
  24.57,
  24.56
 ]
}