{
 "theta_star": 40.061394081693166,
 "after_same_kick": 31.574555017712044,
 "after_orth_kick": 31.53154895380005,
 "traj_same": [
  3.01,
  8.28,
  11.94,
  14.7,
  16.93,
  18.82,
  20.41,
  21.75,
  22.89,
  23.87,
  24.7,
  25.44,
  26.07,
  26.61,
  27.12,
  27.55,
  27.97,
  28.27,
  28.51,
  28.73,
  28.95,
  29.18,
  29.36,
  29.5,
  29.63,
  29.71,
  29.77,
  29.86,
  29.94,
  29.99,
  30.09,
  30.16,
  30.25,
  30.32,
  30.39,
  30.44,
  30.48,
  30.56,
  30.61,
  30.65,
  30.66,
  30.65,
  30.66,
  30.71,
  30.76,
  30.8,
  30.83,
  30.84,
  30.9,
  30.94,
  30.97,
  31.02,
  31.04,
  31.09,
  31.12,
  31.16,
  31.2,
  31.23,
  31.2,
  31.21,
  31.23,
  31.28,
  31.3,
  31.33,
  31.38,
  31.38,
  31.39,
  31.41,
  31.41,
  31.43,
  31.44,
  31.45,
  31.44,
  31.47,
  31.51,
  31.52,
  31.53,
  31.53,
  31.51,
  31.49,
  31.47,
  31.51,
  31.53,
  31.54,
  31.57,
  31.55,
  31.55,
  31.54,
  31.49,
  31.48,
  31.46,
  31.47,
  31.48,
  31.57,
  31.57,
  31.6,
  31.63,
  31.62,
  31.65,
  31.69
 ],
 "traj_orth": [
  89.71,
  86.52,
  82.47,
  77.54,
  71.9,
  65.77,
  59.49,
  53.34,
  47.44,
  41.93,
  36.92,
  32.51,
  28.81,
  25.82,
  23.55,
  21.95,
  20.95,
  20.44,
  20.34,
  20.55,
  20.98,
  21.6,
  22.25,
  22.9,
  23.58,
  24.18,
  24.73,
  25.27,
  25.76,
  26.2,
  26.64,
  27.02,
  27.41,
  27.76,
  28.09,
  28.35,
  28.59,
  28.85,
  29.06,
  29.25,
  29.39,
  29.49,
  29.58,
  29.68,
  29.76,
  29.83,
  29.9,
  29.97,
  30.08,
  30.16,
  30.25,
  30.33,
  30.37,
  30.43,
  30.45,
  30.48,
  30.5,
  30.51,
  30.49,
  30.49,
  30.52,
  30.57,
  30.59,
  30.62,
  30.67,
  30.7,
  30.75,
  30.81,
  30.84,
  30.9,
  30.95,
  31.0,
  31.04,
  31.08,
  31.14,
  31.17,
  31.19,
  31.23,
  31.23,
  31.25,
  31.26,
  31.31,
  31.32,
  31.33,
  31.36,
  31.37,
  31.41,
  31.4,
  31.37,
  31.39,
  31.42,
  31.45,
  31.46,
  31.53,
  31.53,
  31.55,
  31.58,
  31.56,
  31.59,
  31.65
 ]
}