{
 "theta_star": 19.066586686485966,
 "after_same_kick": 18.337917305789595,
 "after_orth_kick": 18.456008780728816,
 "traj_same": [
  3.23,
  8.41,
  11.64,
  13.66,
  14.99,
  15.87,
  16.47,
  16.9,
  17.2,
  17.44,
  17.62,
  17.76,
  17.85,
  17.94,
  18.01,
  18.04,
  18.04,
  18.05,
  18.07,
  18.08,
  18.12,
  18.13,
  18.15,
  18.16,
  18.17,
  18.15,
  18.16,
  18.17,
  18.16,
  18.18,
  18.18,
  18.19,
  18.2,
  18.19,
  18.21,
  18.17,
  18.2,
  18.2,
  18.19,
  18.19,
  18.21,
  18.2,
  18.19,
  18.2,
  18.18,
  18.19,
  18.21,
  18.2,
  18.21,
  18.22,
  18.23,
  18.21,
  18.22,
  18.24,
  18.28,
  18.28,
  18.27,
  18.23,
  18.22,
  18.21,
  18.2,
  18.22,
  18.23,
  18.22,
  18.26,
  18.26,
  18.25,
  18.25,
  18.24,
  18.24,
  18.24,
  18.22,
  18.23,
  18.23,
  18.22,
  18.2,
  18.22,
  18.26,
  18.26,
  18.24,
  18.22,
  18.23,
  18.25,
  18.27,
  18.29,
  18.29,
  18.34,
  18.36,
  18.33,
  18.37,
  18.34,
  18.34,
  18.36,
  18.34,
  18.31,
  18.3,
  18.34,
  18.32,
  18.36,
  18.37
 ],
 "traj_orth": [
  89.71,
  85.65,
  78.02,
  66.73,
  53.8,
  41.51,
  31.18,
  23.34,
  18.25,
  15.58,
  14.54,
  14.41,
  14.73,
  15.26,
  15.76,
  16.22,
  16.62,
  16.96,
  17.22,
  17.43,
  17.6,
  17.73,
  17.87,
  17.95,
  18.05,
  18.14,
  18.15,
  18.2,
  18.22,
  18.23,
  18.24,
  18.28,
  18.29,
  18.28,
  18.29,
  18.29,
  18.31,
  18.33,
  18.35,
  18.36,
  18.36,
  18.37,
  18.39,
  18.38,
  18.39,
  18.39,
  18.44,
  18.45,
  18.44,
  18.41,
  18.43,
  18.41,
  18.41,
  18.4,
  18.38,
  18.37,
  18.39,
  18.38,
  18.35,
  18.36,
  18.36,
  18.37,
  18.38,
  18.38,
  18.4,
  18.44,
  18.45,
  18.43,
  18.4,
  18.38,
  18.36,
  18.37,
  18.4,
  18.39,
  18.37,
  18.39,
  18.37,
  18.37,
  18.36,
  18.36,
  18.42,
  18.4,
  18.4,
  18.39,
  18.42,
  18.43,
  18.43,
  18.44,
  18.45,
  18.48,
  18.48,
  18.48,
  18.45,
  18.48,
  18.46,
  18.44,
  18.46,
  18.44,
  18.44,
  18.43
 ]
}