{
 "theta_star": 7.429417599133612,
 "after_same_kick": 5.4257263270072755,
 "after_orth_kick": 5.4280830258642085,
 "traj_same": [
  1.37,
  4.78,
  5.29,
  5.41,
  5.44,
  5.45,
  5.43,
  5.43,
  5.43,
  5.44,
  5.46,
  5.46,
  5.46,
  5.44,
  5.44,
  5.44,
  5.44,
  5.43,
  5.44,
  5.43,
  5.46,
  5.44,
  5.44,
  5.45,
  5.45,
  5.45,
  5.44,
  5.43,
  5.43,
  5.45,
  5.44,
  5.44,
  5.44,
  5.43,
  5.42,
  5.43,
  5.44,
  5.44,
  5.44,
  5.43,
  5.44,
  5.42,
  5.42,
  5.43,
  5.43,
  5.43,
  5.44,
  5.42,
  5.42,
  5.44,
  5.44,
  5.44,
  5.43,
  5.43,
  5.44,
  5.43,
  5.44,
  5.44,
  5.44,
  5.45,
  5.45,
  5.44,
  5.45,
  5.44,
  5.42,
  5.44,
  5.46,
  5.45,
  5.44,
  5.44,
  5.44,
  5.45,
  5.44,
  5.44,
  5.44,
  5.43,
  5.43,
  5.43,
  5.43,
  5.43,
  5.42,
  5.43,
  5.42,
  5.41,
  5.43,
  5.43,
  5.45,
  5.44,
  5.44,
  5.43,
  5.43,
  5.43,
  5.43,
  5.43,
  5.43,
  5.43,
  5.42,
  5.41,
  5.42,
  5.43
 ],
 "traj_orth": [
  89.7,
  85.82,
  79.01,
  67.99,
  53.42,
  38.37,
  26.0,
  17.6,
  12.1,
  8.62,
  6.79,
  6.1,
  5.93,
  5.88,
  5.87,
  5.89,
  5.9,
  5.88,
  5.91,
  5.9,
  5.93,
  5.9,
  5.87,
  5.87,
  5.88,
  5.9,
  5.88,
  5.85,
  5.84,
  5.81,
  5.78,
  5.78,
  5.8,
  5.8,
  5.77,
  5.74,
  5.74,
  5.73,
  5.7,
  5.65,
  5.64,
  5.61,
  5.59,
  5.58,
  5.57,
  5.57,
  5.6,
  5.62,
  5.62,
  5.61,
  5.59,
  5.58,
  5.57,
  5.59,
  5.62,
  5.62,
  5.62,
  5.62,
  5.6,
  5.59,
  5.58,
  5.56,
  5.57,
  5.58,
  5.58,
  5.6,
  5.61,
  5.6,
  5.57,
  5.56,
  5.55,
  5.57,
  5.56,
  5.55,
  5.53,
  5.53,
  5.53,
  5.53,
  5.53,
  5.51,
  5.48,
  5.45,
  5.43,
  5.41,
  5.43,
  5.43,
  5.45,
  5.44,
  5.44,
  5.43,
  5.43,
  5.43,
  5.43,
  5.43,
  5.43,
  5.43,
  5.43,
  5.41,
  5.43,
  5.43
 ]
}