{
 "theta_star": 78.26244176086527,
 "after_same_kick": 10.169443013886866,
 "after_orth_kick": 11.4648416397116,
 "traj_same": [
  2.91,
  6.44,
  8.05,
  8.82,
  9.23,
  9.45,
  9.61,
  9.74,
  9.83,
  9.92,
  9.96,
  9.98,
  9.98,
  9.99,
  9.99,
  9.99,
  9.98,
  9.97,
  9.99,
  10.01,
  10.04,
  10.06,
  10.09,
  10.1,
  10.13,
  10.14,
  10.16,
  10.19,
  10.2,
  10.23,
  10.24,
  10.28,
  10.3,
  10.29,
  10.29,
  10.22,
  10.21,
  10.18,
  10.16,
  10.12,
  10.1,
  10.01,
  9.92,
  9.86,
  9.8,
  9.79,
  9.79,
  9.8,
  9.83,
  9.84,
  9.88,
  9.91,
  9.96,
  9.98,
  9.99,
  10.03,
  10.06,
  10.06,
  10.07,
  10.08,
  10.07,
  10.05,
  10.02,
  10.07,
  10.17,
  10.25,
  10.31,
  10.32,
  10.33,
  10.3,
  10.27,
  10.25,
  10.27,
  10.29,
  10.24,
  10.13,
  10.06,
  10.04,
  10.02,
  10.0,
  9.99,
  10.0,
  10.02,
  10.02,
  10.03,
  10.02,
  10.07,
  10.14,
  10.2,
  10.25,
  10.24,
  10.23,
  10.21,
  10.17,
  10.15,
  10.14,
  10.17,
  10.13,
  10.14,
  10.13
 ],
 "traj_orth": [
  89.7,
  86.33,
  81.95,
  76.28,
  69.29,
  61.22,
  52.69,
  44.33,
  36.5,
  29.56,
  23.87,
  19.48,
  16.44,
  14.57,
  13.61,
  13.09,
  12.71,
  12.46,
  12.36,
  12.33,
  12.33,
  12.36,
  12.4,
  12.39,
  12.4,
  12.38,
  12.34,
  12.35,
  12.34,
  12.33,
  12.35,
  12.34,
  12.36,
  12.32,
  12.3,
  12.21,
  12.16,
  12.14,
  12.14,
  12.12,
  12.13,
  12.13,
  12.12,
  12.09,
  12.07,
  12.08,
  12.08,
  12.06,
  12.06,
  12.04,
  12.04,
  12.0,
  12.01,
  11.99,
  11.95,
  11.92,
  11.77,
  11.65,
  11.61,
  11.54,
  11.49,
  11.42,
  11.33,
  11.3,
  11.31,
  11.34,
  11.37,
  11.41,
  11.47,
  11.49,
  11.51,
  11.51,
  11.51,
  11.53,
  11.5,
  11.46,
  11.48,
  11.48,
  11.42,
  11.42,
  11.42,
  11.45,
  11.44,
  11.43,
  11.39,
  11.39,
  11.38,
  11.37,
  11.39,
  11.44,
  11.44,
  11.46,
  11.47,
  11.46,
  11.47,
  11.46,
  11.46,
  11.43,
  11.47,
  11.52
 ]
}