{
 "theta_star": 71.88489413612432,
 "after_same_kick": 10.841435395388563,
 "after_orth_kick": 10.707315997980896,
 "traj_same": [
  2.77,
  6.44,
  8.01,
  8.8,
  9.2,
  9.42,
  9.58,
  9.7,
  9.76,
  9.82,
  9.83,
  9.84,
  9.83,
  9.84,
  9.84,
  9.86,
  9.88,
  9.9,
  9.92,
  9.95,
  10.01,
  10.09,
  10.16,
  10.19,
  10.21,
  10.24,
  10.26,
  10.28,
  10.31,
  10.36,
  10.4,
  10.41,
  10.39,
  10.41,
  10.42,
  10.43,
  10.44,
  10.45,
  10.5,
  10.52,
  10.53,
  10.57,
  10.59,
  10.63,
  10.65,
  10.68,
  10.7,
  10.71,
  10.71,
  10.72,
  10.77,
  10.82,
  10.85,
  10.88,
  10.87,
  10.85,
  10.82,
  10.8,
  10.82,
  10.84,
  10.85,
  10.87,
  10.87,
  10.85,
  10.81,
  10.83,
  10.84,
  10.86,
  10.83,
  10.87,
  10.88,
  10.86,
  10.83,
  10.83,
  10.84,
  10.88,
  10.92,
  11.0,
  11.09,
  11.17,
  11.17,
  11.11,
  11.03,
  10.96,
  10.95,
  10.93,
  10.92,
  10.95,
  10.94,
  10.96,
  10.92,
  10.88,
  10.85,
  10.84,
  10.86,
  10.83,
  10.81,
  10.82,
  10.8,
  10.8
 ],
 "traj_orth": [
  89.72,
  86.54,
  82.28,
  76.78,
  70.0,
  62.18,
  53.84,
  45.62,
  38.04,
  31.38,
  25.9,
  21.62,
  18.45,
  16.26,
  14.8,
  13.92,
  13.34,
  12.9,
  12.58,
  12.4,
  12.29,
  12.19,
  12.08,
  11.95,
  11.86,
  11.81,
  11.8,
  11.77,
  11.72,
  11.68,
  11.65,
  11.65,
  11.6,
  11.58,
  11.48,
  11.38,
  11.28,
  11.23,
  11.28,
  11.31,
  11.38,
  11.37,
  11.32,
  11.26,
  11.24,
  11.23,
  11.24,
  11.27,
  11.28,
  11.26,
  11.25,
  11.26,
  11.28,
  11.28,
  11.29,
  11.28,
  11.27,
  11.23,
  11.19,
  11.13,
  11.08,
  11.06,
  11.05,
  11.06,
  11.05,
  11.07,
  11.08,
  11.06,
  11.0,
  10.99,
  11.01,
  11.03,
  11.01,
  10.99,
  10.97,
  10.96,
  10.99,
  11.05,
  11.09,
  11.14,
  11.2,
  11.17,
  11.12,
  11.06,
  11.0,
  10.95,
  10.93,
  10.92,
  10.89,
  10.84,
  10.79,
  10.72,
  10.68,
  10.69,
  10.72,
  10.71,
  10.73,
  10.71,
  10.68,
  10.64
 ]
}