{
 "theta_star": 41.972870703335154,
 "after_same_kick": 35.05706451144006,
 "after_orth_kick": 35.11036789961903,
 "traj_same": [
  4.13,
  8.92,
  12.53,
  15.28,
  17.5,
  19.31,
  20.85,
  22.16,
  23.31,
  24.34,
  25.2,
  25.94,
  26.55,
  27.15,
  27.69,
  28.14,
  28.5,
  28.87,
  29.24,
  29.58,
  29.95,
  30.24,
  30.5,
  30.8,
  31.04,
  31.23,
  31.37,
  31.51,
  31.68,
  31.88,
  32.04,
  32.15,
  32.31,
  32.44,
  32.57,
  32.62,
  32.78,
  32.86,
  32.99,
  33.06,
  33.15,
  33.23,
  33.28,
  33.35,
  33.35,
  33.42,
  33.46,
  33.5,
  33.54,
  33.52,
  33.52,
  33.53,
  33.6,
  33.63,
  33.68,
  33.74,
  33.77,
  33.76,
  33.78,
  33.75,
  33.77,
  33.84,
  33.88,
  33.92,
  33.98,
  33.98,
  34.03,
  34.05,
  34.11,
  34.18,
  34.22,
  34.19,
  34.27,
  34.29,
  34.28,
  34.29,
  34.36,
  34.42,
  34.51,
  34.57,
  34.55,
  34.58,
  34.59,
  34.62,
  34.69,
  34.71,
  34.75,
  34.8,
  34.81,
  34.94,
  34.9,
  34.91,
  35.0,
  35.02,
  35.05,
  35.06,
  35.12,
  35.11,
  35.17,
  35.22
 ],
 "traj_orth": [
  89.71,
  86.43,
  82.31,
  77.33,
  71.71,
  65.6,
  59.34,
  53.17,
  47.2,
  41.6,
  36.59,
  32.16,
  28.48,
  25.54,
  23.39,
  21.92,
  21.08,
  20.81,
  20.94,
  21.33,
  21.99,
  22.67,
  23.37,
  24.12,
  24.84,
  25.48,
  26.07,
  26.68,
  27.28,
  27.9,
  28.44,
  28.93,
  29.42,
  29.85,
  30.24,
  30.52,
  30.87,
  31.12,
  31.38,
  31.61,
  31.86,
  32.07,
  32.24,
  32.4,
  32.48,
  32.62,
  32.73,
  32.85,
  32.99,
  33.02,
  33.08,
  33.12,
  33.24,
  33.31,
  33.4,
  33.5,
  33.6,
  33.64,
  33.69,
  33.7,
  33.77,
  33.85,
  33.92,
  33.94,
  34.03,
  34.06,
  34.1,
  34.11,
  34.16,
  34.24,
  34.28,
  34.27,
  34.34,
  34.37,
  34.34,
  34.34,
  34.38,
  34.47,
  34.54,
  34.6,
  34.58,
  34.59,
  34.61,
  34.63,
  34.67,
  34.69,
  34.69,
  34.77,
  34.8,
  34.91,
  34.9,
  34.92,
  35.01,
  35.05,
  35.09,
  35.11,
  35.21,
  35.2,
  35.28,
  35.34
 ]
}