{
 "theta_star": 22.68211554487023,
 "after_same_kick": 21.444640910038466,
 "after_orth_kick": 21.30904036776625,
 "traj_same": [
  3.69,
  8.71,
  12.17,
  14.54,
  16.27,
  17.53,
  18.49,
  19.18,
  19.68,
  20.08,
  20.39,
  20.58,
  20.76,
  20.94,
  21.04,
  21.12,
  21.17,
  21.26,
  21.3,
  21.32,
  21.3,
  21.33,
  21.34,
  21.35,
  21.35,
  21.36,
  21.34,
  21.34,
  21.39,
  21.36,
  21.38,
  21.41,
  21.42,
  21.48,
  21.54,
  21.58,
  21.6,
  21.6,
  21.61,
  21.57,
  21.55,
  21.53,
  21.53,
  21.46,
  21.44,
  21.39,
  21.4,
  21.41,
  21.43,
  21.42,
  21.45,
  21.44,
  21.47,
  21.47,
  21.45,
  21.44,
  21.42,
  21.43,
  21.42,
  21.44,
  21.47,
  21.48,
  21.48,
  21.47,
  21.49,
  21.47,
  21.49,
  21.47,
  21.45,
  21.46,
  21.45,
  21.46,
  21.46,
  21.5,
  21.52,
  21.43,
  21.43,
  21.42,
  21.43,
  21.52,
  21.57,
  21.58,
  21.61,
  21.65,
  21.62,
  21.57,
  21.56,
  21.55,
  21.55,
  21.54,
  21.51,
  21.5,
  21.49,
  21.49,
  21.48,
  21.42,
  21.4,
  21.37,
  21.38,
  21.39
 ],
 "traj_orth": [
  89.69,
  85.74,
  79.36,
  70.45,
  59.84,
  48.99,
  39.11,
  31.01,
  24.92,
  20.57,
  17.79,
  16.36,
  15.97,
  16.24,
  16.77,
  17.39,
  17.99,
  18.59,
  19.06,
  19.47,
  19.81,
  20.14,
  20.4,
  20.59,
  20.75,
  20.9,
  21.01,
  21.12,
  21.24,
  21.27,
  21.33,
  21.4,
  21.42,
  21.45,
  21.5,
  21.52,
  21.53,
  21.57,
  21.57,
  21.51,
  21.48,
  21.49,
  21.52,
  21.5,
  21.5,
  21.5,
  21.52,
  21.52,
  21.51,
  21.48,
  21.48,
  21.47,
  21.5,
  21.5,
  21.47,
  21.46,
  21.44,
  21.43,
  21.42,
  21.45,
  21.49,
  21.51,
  21.52,
  21.49,
  21.49,
  21.47,
  21.5,
  21.47,
  21.45,
  21.45,
  21.45,
  21.47,
  21.48,
  21.53,
  21.58,
  21.52,
  21.52,
  21.53,
  21.53,
  21.58,
  21.6,
  21.59,
  21.6,
  21.63,
  21.61,
  21.55,
  21.54,
  21.52,
  21.5,
  21.46,
  21.37,
  21.3,
  21.26,
  21.26,
  21.29,
  21.29,
  21.31,
  21.31,
  21.33,
  21.35
 ]
}