{
 "theta_star": 77.77406624965424,
 "after_same_kick": 10.371301520666798,
 "after_orth_kick": 12.050369353158194,
 "traj_same": [
  2.84,
  6.49,
  8.12,
  8.93,
  9.39,
  9.73,
  9.96,
  10.08,
  10.17,
  10.28,
  10.37,
  10.38,
  10.38,
  10.41,
  10.35,
  10.31,
  10.28,
  10.34,
  10.37,
  10.37,
  10.34,
  10.34,
  10.35,
  10.36,
  10.38,
  10.38,
  10.39,
  10.4,
  10.46,
  10.43,
  10.44,
  10.47,
  10.47,
  10.51,
  10.5,
  10.48,
  10.48,
  10.48,
  10.53,
  10.53,
  10.59,
  10.65,
  10.7,
  10.72,
  10.74,
  10.72,
  10.71,
  10.68,
  10.67,
  10.66,
  10.71,
  10.68,
  10.61,
  10.5,
  10.43,
  10.43,
  10.44,
  10.47,
  10.48,
  10.53,
  10.57,
  10.58,
  10.57,
  10.52,
  10.54,
  10.53,
  10.52,
  10.48,
  10.43,
  10.4,
  10.38,
  10.32,
  10.3,
  10.3,
  10.33,
  10.31,
  10.36,
  10.38,
  10.33,
  10.3,
  10.29,
  10.26,
  10.27,
  10.32,
  10.36,
  10.35,
  10.33,
  10.32,
  10.29,
  10.28,
  10.27,
  10.28,
  10.29,
  10.31,
  10.37,
  10.37,
  10.4,
  10.44,
  10.49,
  10.49
 ],
 "traj_orth": [
  89.68,
  86.16,
  81.52,
  75.62,
  68.34,
  59.96,
  51.05,
  42.34,
  34.44,
  27.72,
  22.33,
  18.25,
  15.44,
  13.58,
  12.47,
  11.88,
  11.63,
  11.6,
  11.64,
  11.74,
  11.78,
  11.81,
  11.87,
  11.87,
  11.87,
  11.82,
  11.79,
  11.77,
  11.81,
  11.82,
  11.85,
  11.83,
  11.82,
  11.76,
  11.69,
  11.66,
  11.63,
  11.66,
  11.62,
  11.65,
  11.66,
  11.64,
  11.63,
  11.66,
  11.66,
  11.63,
  11.57,
  11.57,
  11.5,
  11.48,
  11.44,
  11.43,
  11.5,
  11.54,
  11.52,
  11.55,
  11.58,
  11.61,
  11.69,
  11.69,
  11.69,
  11.67,
  11.68,
  11.7,
  11.71,
  11.76,
  11.84,
  11.87,
  11.88,
  11.8,
  11.79,
  11.82,
  11.89,
  11.92,
  11.95,
  11.96,
  11.95,
  11.92,
  11.92,
  11.89,
  11.87,
  11.91,
  11.94,
  11.95,
  12.03,
  11.98,
  12.03,
  12.02,
  11.97,
  12.0,
  12.06,
  12.05,
  12.04,
  12.01,
  12.03,
  12.07,
  12.09,
  12.03,
  12.05,
  12.08
 ]
}