{
 "theta_star": 37.774325467365195,
 "after_same_kick": 7.1063852883164405,
 "after_orth_kick": 7.71834837926785,
 "traj_same": [
  2.11,
  5.64,
  6.65,
  6.98,
  7.09,
  7.13,
  7.14,
  7.15,
  7.12,
  7.12,
  7.13,
  7.1,
  7.1,
  7.14,
  7.13,
  7.15,
  7.14,
  7.17,
  7.16,
  7.14,
  7.11,
  7.13,
  7.14,
  7.14,
  7.16,
  7.16,
  7.19,
  7.21,
  7.24,
  7.2,
  7.2,
  7.21,
  7.2,
  7.22,
  7.23,
  7.22,
  7.23,
  7.2,
  7.18,
  7.16,
  7.16,
  7.15,
  7.15,
  7.13,
  7.11,
  7.13,
  7.13,
  7.14,
  7.14,
  7.14,
  7.16,
  7.16,
  7.16,
  7.15,
  7.14,
  7.14,
  7.14,
  7.14,
  7.13,
  7.13,
  7.14,
  7.14,
  7.15,
  7.13,
  7.12,
  7.12,
  7.14,
  7.13,
  7.13,
  7.14,
  7.13,
  7.13,
  7.12,
  7.13,
  7.15,
  7.12,
  7.13,
  7.12,
  7.11,
  7.13,
  7.14,
  7.13,
  7.14,
  7.16,
  7.15,
  7.12,
  7.11,
  7.12,
  7.12,
  7.1,
  7.1,
  7.1,
  7.09,
  7.09,
  7.11,
  7.1,
  7.1,
  7.11,
  7.13,
  7.13
 ],
 "traj_orth": [
  89.68,
  85.96,
  80.45,
  72.53,
  62.07,
  50.12,
  38.38,
  28.18,
  20.27,
  14.66,
  11.05,
  9.18,
  8.49,
  8.36,
  8.32,
  8.31,
  8.26,
  8.28,
  8.26,
  8.26,
  8.24,
  8.25,
  8.24,
  8.23,
  8.26,
  8.26,
  8.26,
  8.25,
  8.24,
  8.17,
  8.18,
  8.21,
  8.19,
  8.18,
  8.12,
  8.1,
  8.13,
  8.12,
  8.12,
  8.1,
  8.09,
  8.07,
  7.99,
  7.92,
  7.91,
  7.91,
  7.91,
  7.94,
  7.92,
  7.92,
  7.93,
  7.9,
  7.89,
  7.89,
  7.88,
  7.92,
  7.96,
  7.93,
  7.9,
  7.87,
  7.84,
  7.82,
  7.81,
  7.77,
  7.79,
  7.77,
  7.71,
  7.67,
  7.67,
  7.67,
  7.66,
  7.67,
  7.71,
  7.77,
  7.78,
  7.72,
  7.7,
  7.69,
  7.68,
  7.71,
  7.75,
  7.76,
  7.79,
  7.8,
  7.78,
  7.73,
  7.73,
  7.76,
  7.78,
  7.8,
  7.8,
  7.8,
  7.78,
  7.73,
  7.73,
  7.68,
  7.67,
  7.66,
  7.67,
  7.66
 ]
}