{
 "theta_star": 77.44456555986402,
 "after_same_kick": 14.631252779668078,
 "after_orth_kick": 16.096350579363992,
 "traj_same": [
  2.98,
  7.02,
  9.19,
  10.51,
  11.4,
  12.04,
  12.5,
  12.87,
  13.13,
  13.33,
  13.51,
  13.65,
  13.82,
  13.95,
  14.03,
  14.1,
  14.11,
  14.11,
  14.14,
  14.12,
  14.13,
  14.16,
  14.23,
  14.21,
  14.22,
  14.22,
  14.24,
  14.25,
  14.28,
  14.31,
  14.36,
  14.38,
  14.42,
  14.43,
  14.45,
  14.44,
  14.42,
  14.4,
  14.35,
  14.35,
  14.36,
  14.42,
  14.41,
  14.46,
  14.46,
  14.45,
  14.48,
  14.5,
  14.51,
  14.48,
  14.44,
  14.48,
  14.52,
  14.57,
  14.61,
  14.62,
  14.63,
  14.61,
  14.63,
  14.64,
  14.66,
  14.68,
  14.69,
  14.66,
  14.67,
  14.64,
  14.63,
  14.62,
  14.58,
  14.58,
  14.62,
  14.61,
  14.6,
  14.56,
  14.51,
  14.47,
  14.41,
  14.41,
  14.41,
  14.49,
  14.51,
  14.5,
  14.48,
  14.46,
  14.47,
  14.52,
  14.54,
  14.57,
  14.57,
  14.56,
  14.61,
  14.66,
  14.71,
  14.65,
  14.62,
  14.57,
  14.57,
  14.59,
  14.64,
  14.69
 ],
 "traj_orth": [
  89.71,
  86.63,
  82.89,
  78.42,
  73.23,
  67.38,
  61.08,
  54.47,
  47.85,
  41.58,
  35.81,
  30.79,
  26.68,
  23.37,
  20.93,
  19.23,
  18.11,
  17.42,
  17.03,
  16.84,
  16.79,
  16.72,
  16.67,
  16.68,
  16.71,
  16.74,
  16.8,
  16.88,
  16.96,
  17.02,
  17.07,
  17.08,
  17.07,
  17.02,
  16.99,
  17.0,
  16.97,
  17.01,
  17.03,
  17.03,
  17.04,
  17.02,
  17.01,
  17.05,
  17.1,
  17.12,
  17.12,
  17.03,
  16.97,
  16.96,
  16.93,
  16.95,
  17.01,
  17.0,
  17.05,
  17.07,
  17.05,
  17.04,
  17.01,
  16.91,
  16.88,
  16.92,
  16.95,
  16.95,
  16.94,
  16.91,
  16.93,
  16.91,
  16.87,
  16.82,
  16.81,
  16.77,
  16.79,
  16.76,
  16.75,
  16.69,
  16.64,
  16.66,
  16.63,
  16.65,
  16.63,
  16.64,
  16.59,
  16.53,
  16.46,
  16.5,
  16.5,
  16.53,
  16.54,
  16.48,
  16.42,
  16.34,
  16.29,
  16.17,
  16.12,
  15.99,
  15.93,
  15.9,
  15.89,
  15.9
 ]
}