{
 "theta_star": 9.479774420463366,
 "after_same_kick": 5.5039638239719855,
 "after_orth_kick": 5.502958284358682,
 "traj_same": [
  1.67,
  4.87,
  5.37,
  5.5,
  5.53,
  5.54,
  5.5,
  5.49,
  5.5,
  5.52,
  5.54,
  5.53,
  5.54,
  5.51,
  5.51,
  5.52,
  5.52,
  5.5,
  5.52,
  5.51,
  5.53,
  5.51,
  5.52,
  5.53,
  5.52,
  5.53,
  5.51,
  5.5,
  5.5,
  5.52,
  5.52,
  5.52,
  5.52,
  5.5,
  5.5,
  5.5,
  5.52,
  5.52,
  5.52,
  5.51,
  5.53,
  5.5,
  5.49,
  5.51,
  5.5,
  5.51,
  5.52,
  5.5,
  5.51,
  5.52,
  5.51,
  5.52,
  5.5,
  5.51,
  5.52,
  5.51,
  5.52,
  5.52,
  5.52,
  5.52,
  5.52,
  5.52,
  5.53,
  5.52,
  5.49,
  5.51,
  5.53,
  5.52,
  5.51,
  5.52,
  5.51,
  5.53,
  5.52,
  5.52,
  5.52,
  5.51,
  5.51,
  5.51,
  5.52,
  5.51,
  5.5,
  5.51,
  5.5,
  5.48,
  5.52,
  5.5,
  5.53,
  5.52,
  5.52,
  5.51,
  5.51,
  5.51,
  5.52,
  5.5,
  5.51,
  5.51,
  5.5,
  5.47,
  5.5,
  5.51
 ],
 "traj_orth": [
  89.7,
  85.81,
  79.0,
  67.99,
  53.39,
  38.3,
  25.92,
  17.43,
  11.86,
  8.49,
  6.91,
  6.4,
  6.26,
  6.13,
  6.03,
  5.97,
  5.94,
  5.9,
  5.87,
  5.82,
  5.81,
  5.77,
  5.79,
  5.84,
  5.85,
  5.84,
  5.79,
  5.71,
  5.66,
  5.66,
  5.65,
  5.67,
  5.7,
  5.69,
  5.68,
  5.66,
  5.67,
  5.66,
  5.66,
  5.68,
  5.71,
  5.68,
  5.66,
  5.66,
  5.64,
  5.63,
  5.66,
  5.66,
  5.67,
  5.67,
  5.64,
  5.62,
  5.58,
  5.58,
  5.56,
  5.52,
  5.52,
  5.52,
  5.52,
  5.52,
  5.52,
  5.52,
  5.53,
  5.52,
  5.49,
  5.51,
  5.53,
  5.52,
  5.5,
  5.52,
  5.5,
  5.53,
  5.52,
  5.52,
  5.51,
  5.51,
  5.51,
  5.51,
  5.51,
  5.51,
  5.49,
  5.5,
  5.49,
  5.48,
  5.51,
  5.5,
  5.53,
  5.52,
  5.52,
  5.51,
  5.5,
  5.51,
  5.51,
  5.5,
  5.51,
  5.51,
  5.5,
  5.47,
  5.5,
  5.51
 ]
}