{
 "theta_star": 8.314271997661146,
 "after_same_kick": 5.446061951602412,
 "after_orth_kick": 5.450607352766079,
 "traj_same": [
  1.55,
  4.86,
  5.37,
  5.46,
  5.48,
  5.49,
  5.5,
  5.47,
  5.47,
  5.48,
  5.47,
  5.46,
  5.47,
  5.47,
  5.48,
  5.48,
  5.48,
  5.47,
  5.46,
  5.44,
  5.45,
  5.44,
  5.45,
  5.44,
  5.44,
  5.45,
  5.44,
  5.44,
  5.46,
  5.43,
  5.46,
  5.45,
  5.45,
  5.46,
  5.43,
  5.46,
  5.47,
  5.44,
  5.44,
  5.45,
  5.44,
  5.43,
  5.43,
  5.44,
  5.43,
  5.44,
  5.45,
  5.44,
  5.44,
  5.44,
  5.42,
  5.42,
  5.44,
  5.43,
  5.42,
  5.44,
  5.46,
  5.46,
  5.45,
  5.44,
  5.46,
  5.45,
  5.46,
  5.44,
  5.46,
  5.45,
  5.46,
  5.45,
  5.45,
  5.46,
  5.45,
  5.45,
  5.44,
  5.43,
  5.44,
  5.44,
  5.45,
  5.45,
  5.45,
  5.44,
  5.44,
  5.42,
  5.42,
  5.44,
  5.43,
  5.45,
  5.45,
  5.43,
  5.44,
  5.44,
  5.45,
  5.46,
  5.45,
  5.44,
  5.44,
  5.45,
  5.45,
  5.45,
  5.45,
  5.44
 ],
 "traj_orth": [
  89.73,
  86.1,
  79.64,
  69.28,
  55.73,
  41.52,
  28.75,
  18.91,
  12.63,
  9.21,
  7.46,
  6.71,
  6.47,
  6.32,
  6.17,
  6.04,
  5.93,
  5.91,
  5.89,
  5.84,
  5.83,
  5.78,
  5.78,
  5.8,
  5.8,
  5.84,
  5.85,
  5.81,
  5.79,
  5.72,
  5.72,
  5.73,
  5.72,
  5.71,
  5.61,
  5.6,
  5.59,
  5.56,
  5.56,
  5.57,
  5.57,
  5.56,
  5.57,
  5.58,
  5.53,
  5.51,
  5.47,
  5.45,
  5.44,
  5.44,
  5.42,
  5.43,
  5.44,
  5.43,
  5.42,
  5.44,
  5.46,
  5.46,
  5.44,
  5.44,
  5.46,
  5.45,
  5.46,
  5.43,
  5.45,
  5.44,
  5.45,
  5.45,
  5.45,
  5.46,
  5.45,
  5.45,
  5.44,
  5.44,
  5.45,
  5.44,
  5.45,
  5.45,
  5.45,
  5.44,
  5.44,
  5.43,
  5.42,
  5.44,
  5.43,
  5.45,
  5.45,
  5.44,
  5.45,
  5.45,
  5.45,
  5.46,
  5.45,
  5.44,
  5.45,
  5.45,
  5.45,
  5.45,
  5.45,
  5.45
 ]
}