{
 "theta_star": 46.079235379024695,
 "after_same_kick": 37.18571861521007,
 "after_orth_kick": 35.52926794317253,
 "traj_same": [
  3.47,
  8.67,
  12.44,
  15.32,
  17.73,
  19.75,
  21.51,
  23.0,
  24.25,
  25.35,
  26.3,
  27.09,
  27.77,
  28.41,
  28.96,
  29.44,
  29.88,
  30.3,
  30.65,
  30.94,
  31.17,
  31.45,
  31.73,
  31.99,
  32.25,
  32.49,
  32.72,
  32.93,
  33.19,
  33.34,
  33.54,
  33.74,
  33.89,
  34.05,
  34.2,
  34.35,
  34.52,
  34.67,
  34.79,
  34.88,
  34.97,
  35.06,
  35.13,
  35.18,
  35.25,
  35.29,
  35.35,
  35.44,
  35.54,
  35.61,
  35.74,
  35.81,
  35.89,
  35.92,
  35.97,
  36.05,
  36.09,
  36.11,
  36.11,
  36.16,
  36.24,
  36.31,
  36.41,
  36.45,
  36.5,
  36.53,
  36.59,
  36.59,
  36.61,
  36.66,
  36.71,
  36.74,
  36.78,
  36.85,
  36.91,
  36.83,
  36.83,
  36.85,
  36.81,
  36.87,
  36.89,
  36.92,
  36.92,
  36.95,
  36.92,
  36.91,
  36.9,
  36.95,
  36.95,
  37.02,
  37.01,
  37.04,
  37.03,
  37.08,
  37.13,
  37.15,
  37.27,
  37.36,
  37.36,
  37.43
 ],
 "traj_orth": [
  89.68,
  86.2,
  81.74,
  76.44,
  70.39,
  63.92,
  57.29,
  50.81,
  44.71,
  39.19,
  34.4,
  30.34,
  27.11,
  24.64,
  22.89,
  21.85,
  21.37,
  21.42,
  21.76,
  22.39,
  23.12,
  23.96,
  24.81,
  25.64,
  26.45,
  27.17,
  27.81,
  28.42,
  28.96,
  29.52,
  30.05,
  30.52,
  30.92,
  31.32,
  31.66,
  31.95,
  32.21,
  32.53,
  32.77,
  33.04,
  33.29,
  33.48,
  33.67,
  33.83,
  33.99,
  34.09,
  34.26,
  34.41,
  34.54,
  34.58,
  34.63,
  34.69,
  34.74,
  34.8,
  34.86,
  34.94,
  35.02,
  35.06,
  35.13,
  35.14,
  35.17,
  35.18,
  35.25,
  35.31,
  35.42,
  35.48,
  35.53,
  35.55,
  35.57,
  35.52,
  35.57,
  35.63,
  35.64,
  35.65,
  35.63,
  35.66,
  35.65,
  35.67,
  35.67,
  35.62,
  35.6,
  35.63,
  35.6,
  35.61,
  35.62,
  35.58,
  35.56,
  35.57,
  35.56,
  35.55,
  35.61,
  35.56,
  35.55,
  35.53,
  35.51,
  35.47,
  35.49,
  35.5,
  35.52,
  35.55
 ]
}