{
 "theta_star": 80.45813254001654,
 "after_same_kick": 9.851077686940616,
 "after_orth_kick": 10.338870882067267,
 "traj_same": [
  3.19,
  6.52,
  8.05,
  8.77,
  9.16,
  9.41,
  9.55,
  9.62,
  9.72,
  9.76,
  9.8,
  9.84,
  9.81,
  9.81,
  9.77,
  9.77,
  9.76,
  9.74,
  9.73,
  9.76,
  9.82,
  9.82,
  9.78,
  9.77,
  9.76,
  9.77,
  9.76,
  9.77,
  9.81,
  9.84,
  9.85,
  9.84,
  9.83,
  9.81,
  9.8,
  9.85,
  9.88,
  9.88,
  9.92,
  9.92,
  9.91,
  9.9,
  9.89,
  9.86,
  9.83,
  9.83,
  9.84,
  9.81,
  9.81,
  9.76,
  9.76,
  9.71,
  9.71,
  9.7,
  9.72,
  9.7,
  9.71,
  9.75,
  9.75,
  9.78,
  9.76,
  9.75,
  9.75,
  9.73,
  9.74,
  9.75,
  9.76,
  9.75,
  9.75,
  9.74,
  9.78,
  9.81,
  9.85,
  9.81,
  9.8,
  9.8,
  9.81,
  9.79,
  9.81,
  9.79,
  9.81,
  9.81,
  9.83,
  9.83,
  9.8,
  9.74,
  9.73,
  9.7,
  9.7,
  9.71,
  9.71,
  9.72,
  9.71,
  9.74,
  9.79,
  9.87,
  9.95,
  9.97,
  10.01,
  10.04
 ],
 "traj_orth": [
  89.72,
  86.52,
  82.3,
  76.8,
  69.98,
  62.06,
  53.55,
  45.07,
  37.41,
  30.84,
  25.48,
  21.36,
  18.15,
  15.81,
  14.23,
  13.16,
  12.52,
  12.06,
  11.78,
  11.68,
  11.62,
  11.52,
  11.41,
  11.28,
  11.14,
  11.05,
  11.02,
  11.07,
  11.16,
  11.15,
  11.13,
  11.0,
  10.89,
  10.81,
  10.71,
  10.68,
  10.69,
  10.66,
  10.69,
  10.67,
  10.63,
  10.59,
  10.57,
  10.5,
  10.4,
  10.37,
  10.35,
  10.3,
  10.31,
  10.27,
  10.29,
  10.23,
  10.21,
  10.16,
  10.14,
  10.08,
  10.06,
  10.1,
  10.11,
  10.13,
  10.09,
  10.09,
  10.09,
  10.05,
  10.03,
  10.05,
  10.05,
  10.06,
  10.07,
  10.08,
  10.09,
  10.07,
  10.1,
  10.1,
  10.14,
  10.16,
  10.19,
  10.18,
  10.22,
  10.22,
  10.26,
  10.24,
  10.24,
  10.22,
  10.21,
  10.19,
  10.25,
  10.27,
  10.29,
  10.27,
  10.25,
  10.24,
  10.21,
  10.24,
  10.3,
  10.35,
  10.41,
  10.42,
  10.47,
  10.5
 ]
}