{
 "theta_star": 21.293934535293264,
 "after_same_kick": 20.912196346778686,
 "after_orth_kick": 20.824918331283282,
 "traj_same": [
  3.18,
  8.41,
  11.86,
  14.14,
  15.78,
  17.02,
  17.93,
  18.58,
  19.07,
  19.39,
  19.68,
  19.91,
  20.08,
  20.22,
  20.31,
  20.43,
  20.5,
  20.57,
  20.6,
  20.63,
  20.66,
  20.67,
  20.66,
  20.67,
  20.68,
  20.74,
  20.74,
  20.76,
  20.78,
  20.8,
  20.84,
  20.85,
  20.82,
  20.83,
  20.85,
  20.83,
  20.81,
  20.78,
  20.78,
  20.8,
  20.78,
  20.78,
  20.77,
  20.76,
  20.78,
  20.77,
  20.78,
  20.76,
  20.77,
  20.75,
  20.76,
  20.73,
  20.74,
  20.75,
  20.77,
  20.76,
  20.75,
  20.79,
  20.79,
  20.81,
  20.79,
  20.79,
  20.81,
  20.77,
  20.73,
  20.72,
  20.73,
  20.76,
  20.8,
  20.82,
  20.86,
  20.85,
  20.84,
  20.81,
  20.81,
  20.79,
  20.79,
  20.8,
  20.84,
  20.83,
  20.83,
  20.83,
  20.83,
  20.84,
  20.83,
  20.84,
  20.92,
  20.98,
  20.97,
  20.95,
  20.93,
  20.9,
  20.86,
  20.84,
  20.87,
  20.91,
  20.95,
  20.95,
  20.97,
  20.94
 ],
 "traj_orth": [
  89.73,
  86.14,
  80.23,
  71.91,
  62.03,
  51.82,
  42.46,
  34.46,
  27.92,
  23.06,
  19.77,
  17.82,
  16.81,
  16.51,
  16.65,
  17.12,
  17.65,
  18.16,
  18.68,
  19.09,
  19.48,
  19.76,
  20.02,
  20.21,
  20.34,
  20.46,
  20.5,
  20.52,
  20.6,
  20.62,
  20.64,
  20.66,
  20.71,
  20.69,
  20.67,
  20.68,
  20.68,
  20.68,
  20.69,
  20.69,
  20.73,
  20.74,
  20.74,
  20.75,
  20.74,
  20.76,
  20.77,
  20.8,
  20.82,
  20.82,
  20.85,
  20.86,
  20.82,
  20.78,
  20.8,
  20.8,
  20.77,
  20.76,
  20.75,
  20.78,
  20.78,
  20.83,
  20.84,
  20.83,
  20.81,
  20.82,
  20.83,
  20.82,
  20.84,
  20.83,
  20.83,
  20.82,
  20.85,
  20.83,
  20.86,
  20.88,
  20.9,
  20.9,
  20.88,
  20.86,
  20.87,
  20.87,
  20.85,
  20.88,
  20.89,
  20.92,
  20.92,
  20.89,
  20.89,
  20.89,
  20.89,
  20.82,
  20.81,
  20.78,
  20.79,
  20.8,
  20.82,
  20.83,
  20.84,
  20.86
 ]
}