{
 "theta_star": 37.58847861579188,
 "after_same_kick": 7.1804861238717965,
 "after_orth_kick": 7.181757347708002,
 "traj_same": [
  2.08,
  5.63,
  6.62,
  6.96,
  7.1,
  7.14,
  7.14,
  7.14,
  7.12,
  7.08,
  7.03,
  7.03,
  7.01,
  7.01,
  7.02,
  6.99,
  7.0,
  7.0,
  7.02,
  7.02,
  7.03,
  7.02,
  7.02,
  7.0,
  7.0,
  7.01,
  7.0,
  7.0,
  6.98,
  7.0,
  7.02,
  7.03,
  7.03,
  7.04,
  7.07,
  7.06,
  7.03,
  7.04,
  7.04,
  7.04,
  7.03,
  7.04,
  7.02,
  7.03,
  7.01,
  7.0,
  7.0,
  7.03,
  7.01,
  7.03,
  7.02,
  7.0,
  7.0,
  7.0,
  6.99,
  7.0,
  7.01,
  7.0,
  6.99,
  7.0,
  7.01,
  6.99,
  6.97,
  6.98,
  6.99,
  6.98,
  6.99,
  6.97,
  6.98,
  6.99,
  7.01,
  7.01,
  7.01,
  7.01,
  6.99,
  6.99,
  6.99,
  7.02,
  7.02,
  7.0,
  7.0,
  7.01,
  7.01,
  7.02,
  7.04,
  7.09,
  7.16,
  7.18,
  7.18,
  7.17,
  7.16,
  7.16,
  7.14,
  7.16,
  7.21,
  7.23,
  7.2,
  7.2,
  7.19,
  7.17
 ],
 "traj_orth": [
  89.7,
  86.28,
  81.1,
  73.72,
  64.03,
  52.86,
  41.5,
  31.19,
  22.71,
  16.49,
  12.3,
  9.91,
  8.73,
  8.25,
  8.07,
  7.94,
  7.88,
  7.81,
  7.77,
  7.7,
  7.68,
  7.66,
  7.64,
  7.55,
  7.5,
  7.5,
  7.48,
  7.45,
  7.45,
  7.48,
  7.49,
  7.47,
  7.44,
  7.42,
  7.39,
  7.33,
  7.25,
  7.25,
  7.25,
  7.27,
  7.25,
  7.27,
  7.24,
  7.25,
  7.23,
  7.23,
  7.25,
  7.28,
  7.28,
  7.27,
  7.24,
  7.2,
  7.2,
  7.21,
  7.21,
  7.23,
  7.25,
  7.23,
  7.19,
  7.18,
  7.17,
  7.11,
  7.07,
  7.04,
  7.02,
  7.0,
  7.01,
  6.99,
  7.0,
  7.02,
  7.03,
  7.03,
  7.04,
  7.07,
  7.08,
  7.13,
  7.14,
  7.17,
  7.16,
  7.09,
  7.03,
  7.01,
  7.02,
  7.03,
  7.05,
  7.08,
  7.15,
  7.18,
  7.18,
  7.17,
  7.16,
  7.17,
  7.16,
  7.17,
  7.22,
  7.23,
  7.19,
  7.19,
  7.18,
  7.16
 ]
}