{
 "theta_star": 42.84014450645466,
 "after_same_kick": 7.18718810645129,
 "after_orth_kick": 7.43782798629662,
 "traj_same": [
  2.06,
  5.55,
  6.54,
  6.87,
  7.0,
  7.06,
  7.1,
  7.14,
  7.13,
  7.13,
  7.12,
  7.11,
  7.14,
  7.16,
  7.17,
  7.15,
  7.13,
  7.1,
  7.11,
  7.1,
  7.13,
  7.14,
  7.15,
  7.14,
  7.13,
  7.11,
  7.11,
  7.12,
  7.11,
  7.13,
  7.14,
  7.16,
  7.22,
  7.26,
  7.31,
  7.28,
  7.28,
  7.24,
  7.17,
  7.11,
  7.11,
  7.1,
  7.11,
  7.12,
  7.12,
  7.13,
  7.14,
  7.13,
  7.14,
  7.12,
  7.12,
  7.11,
  7.12,
  7.12,
  7.15,
  7.16,
  7.14,
  7.1,
  7.11,
  7.09,
  7.09,
  7.1,
  7.1,
  7.11,
  7.13,
  7.13,
  7.13,
  7.11,
  7.11,
  7.12,
  7.12,
  7.14,
  7.15,
  7.16,
  7.15,
  7.11,
  7.11,
  7.13,
  7.15,
  7.16,
  7.16,
  7.14,
  7.14,
  7.12,
  7.12,
  7.11,
  7.15,
  7.17,
  7.16,
  7.17,
  7.17,
  7.15,
  7.16,
  7.14,
  7.16,
  7.16,
  7.21,
  7.21,
  7.25,
  7.26
 ],
 "traj_orth": [
  89.71,
  86.22,
  81.05,
  73.59,
  63.79,
  52.57,
  41.31,
  31.06,
  22.56,
  16.26,
  12.13,
  9.98,
  8.99,
  8.48,
  8.2,
  8.07,
  7.99,
  7.88,
  7.78,
  7.77,
  7.78,
  7.75,
  7.72,
  7.68,
  7.66,
  7.65,
  7.64,
  7.66,
  7.66,
  7.7,
  7.72,
  7.75,
  7.76,
  7.74,
  7.74,
  7.71,
  7.73,
  7.69,
  7.67,
  7.61,
  7.61,
  7.59,
  7.58,
  7.57,
  7.56,
  7.58,
  7.63,
  7.61,
  7.59,
  7.53,
  7.52,
  7.5,
  7.53,
  7.52,
  7.51,
  7.49,
  7.45,
  7.38,
  7.38,
  7.36,
  7.36,
  7.37,
  7.37,
  7.37,
  7.38,
  7.4,
  7.4,
  7.39,
  7.38,
  7.36,
  7.36,
  7.36,
  7.36,
  7.37,
  7.37,
  7.35,
  7.35,
  7.35,
  7.34,
  7.35,
  7.38,
  7.38,
  7.38,
  7.37,
  7.37,
  7.35,
  7.36,
  7.37,
  7.37,
  7.41,
  7.39,
  7.38,
  7.42,
  7.42,
  7.42,
  7.43,
  7.47,
  7.47,
  7.49,
  7.49
 ]
}