{
 "theta_star": 75.43437402938295,
 "after_same_kick": 9.9895167185815,
 "after_orth_kick": 10.477190556992479,
 "traj_same": [
  3.28,
  6.48,
  7.95,
  8.64,
  9.06,
  9.31,
  9.46,
  9.58,
  9.62,
  9.7,
  9.72,
  9.76,
  9.79,
  9.82,
  9.79,
  9.8,
  9.88,
  9.91,
  9.96,
  10.04,
  10.12,
  10.14,
  10.12,
  10.13,
  10.17,
  10.27,
  10.32,
  10.37,
  10.41,
  10.43,
  10.45,
  10.43,
  10.43,
  10.43,
  10.44,
  10.47,
  10.46,
  10.45,
  10.43,
  10.36,
  10.34,
  10.32,
  10.24,
  10.24,
  10.19,
  10.11,
  10.12,
  10.15,
  10.14,
  10.13,
  10.17,
  10.19,
  10.17,
  10.13,
  10.08,
  10.05,
  10.06,
  10.09,
  10.11,
  10.13,
  10.14,
  10.11,
  10.06,
  10.04,
  10.05,
  10.02,
  10.03,
  10.06,
  10.08,
  10.05,
  10.06,
  10.09,
  10.12,
  10.13,
  10.1,
  10.06,
  10.07,
  10.08,
  10.12,
  10.11,
  10.16,
  10.14,
  10.14,
  10.09,
  10.12,
  10.1,
  10.11,
  10.05,
  10.04,
  10.02,
  10.02,
  10.07,
  10.06,
  10.02,
  9.96,
  9.93,
  9.94,
  9.95,
  9.98,
  9.97
 ],
 "traj_orth": [
  89.73,
  86.64,
  82.56,
  77.31,
  70.74,
  63.14,
  54.98,
  46.88,
  39.35,
  32.66,
  26.88,
  22.12,
  18.46,
  15.83,
  14.16,
  13.21,
  12.77,
  12.49,
  12.35,
  12.3,
  12.27,
  12.22,
  12.13,
  12.1,
  12.14,
  12.22,
  12.15,
  12.07,
  11.99,
  11.92,
  11.84,
  11.7,
  11.62,
  11.57,
  11.54,
  11.52,
  11.45,
  11.42,
  11.37,
  11.27,
  11.27,
  11.25,
  11.21,
  11.26,
  11.25,
  11.18,
  11.18,
  11.22,
  11.22,
  11.21,
  11.28,
  11.27,
  11.27,
  11.19,
  11.16,
  11.12,
  11.1,
  11.13,
  11.14,
  11.18,
  11.16,
  11.06,
  11.0,
  10.96,
  10.93,
  10.9,
  10.93,
  10.99,
  11.03,
  10.99,
  10.98,
  10.94,
  10.92,
  10.87,
  10.81,
  10.73,
  10.71,
  10.71,
  10.73,
  10.66,
  10.66,
  10.63,
  10.63,
  10.62,
  10.66,
  10.65,
  10.62,
  10.56,
  10.53,
  10.47,
  10.42,
  10.46,
  10.48,
  10.53,
  10.51,
  10.47,
  10.47,
  10.45,
  10.49,
  10.5
 ]
}