{
 "theta_star": 78.11128540588133,
 "after_same_kick": 10.292923315466478,
 "after_orth_kick": 10.629460426637817,
 "traj_same": [
  3.02,
  6.49,
  8.09,
  8.85,
  9.26,
  9.47,
  9.62,
  9.73,
  9.79,
  9.88,
  9.94,
  9.97,
  9.97,
  9.98,
  9.99,
  9.98,
  9.98,
  9.99,
  10.03,
  10.04,
  10.06,
  10.07,
  10.11,
  10.14,
  10.17,
  10.18,
  10.2,
  10.2,
  10.18,
  10.21,
  10.23,
  10.26,
  10.3,
  10.31,
  10.35,
  10.32,
  10.36,
  10.39,
  10.42,
  10.41,
  10.42,
  10.38,
  10.34,
  10.3,
  10.25,
  10.2,
  10.16,
  10.1,
  10.07,
  9.97,
  9.92,
  9.85,
  9.83,
  9.81,
  9.81,
  9.82,
  9.81,
  9.8,
  9.86,
  9.91,
  9.96,
  9.99,
  10.02,
  10.02,
  10.07,
  10.14,
  10.22,
  10.29,
  10.35,
  10.4,
  10.42,
  10.41,
  10.4,
  10.39,
  10.34,
  10.25,
  10.21,
  10.22,
  10.22,
  10.19,
  10.14,
  10.14,
  10.17,
  10.18,
  10.23,
  10.23,
  10.28,
  10.27,
  10.22,
  10.23,
  10.2,
  10.2,
  10.25,
  10.27,
  10.31,
  10.36,
  10.41,
  10.35,
  10.32,
  10.27
 ],
 "traj_orth": [
  89.7,
  86.34,
  81.94,
  76.27,
  69.27,
  61.19,
  52.65,
  44.29,
  36.5,
  29.65,
  24.08,
  19.76,
  16.68,
  14.8,
  13.75,
  13.22,
  12.95,
  12.8,
  12.56,
  12.37,
  12.17,
  11.98,
  11.83,
  11.65,
  11.48,
  11.33,
  11.16,
  11.14,
  11.12,
  11.14,
  11.16,
  11.14,
  11.08,
  10.99,
  10.96,
  10.91,
  10.91,
  10.88,
  10.85,
  10.8,
  10.71,
  10.62,
  10.56,
  10.45,
  10.39,
  10.32,
  10.3,
  10.28,
  10.26,
  10.2,
  10.18,
  10.16,
  10.13,
  10.09,
  10.06,
  10.06,
  10.11,
  10.15,
  10.17,
  10.17,
  10.15,
  10.17,
  10.2,
  10.22,
  10.24,
  10.26,
  10.3,
  10.31,
  10.36,
  10.42,
  10.47,
  10.53,
  10.62,
  10.69,
  10.76,
  10.82,
  10.8,
  10.82,
  10.81,
  10.75,
  10.73,
  10.67,
  10.65,
  10.61,
  10.63,
  10.63,
  10.6,
  10.63,
  10.64,
  10.64,
  10.67,
  10.65,
  10.62,
  10.63,
  10.61,
  10.61,
  10.64,
  10.62,
  10.62,
  10.62
 ]
}