{
 "theta_star": 27.783640092494114,
 "after_same_kick": 23.348213834529506,
 "after_orth_kick": 23.273696358279274,
 "traj_same": [
  3.59,
  8.14,
  11.08,
  13.11,
  14.73,
  16.04,
  17.1,
  18.03,
  18.8,
  19.55,
  20.19,
  20.77,
  21.26,
  21.7,
  21.99,
  22.23,
  22.47,
  22.63,
  22.79,
  22.89,
  23.01,
  23.11,
  23.16,
  23.23,
  23.29,
  23.31,
  23.27,
  23.23,
  23.29,
  23.28,
  23.34,
  23.38,
  23.43,
  23.43,
  23.41,
  23.36,
  23.38,
  23.44,
  23.45,
  23.45,
  23.43,
  23.51,
  23.52,
  23.51,
  23.46,
  23.4,
  23.41,
  23.43,
  23.47,
  23.53,
  23.6,
  23.68,
  23.73,
  23.73,
  23.75,
  23.75,
  23.76,
  23.82,
  23.87,
  23.91,
  23.96,
  23.95,
  23.94,
  23.99,
  24.03,
  24.06,
  24.12,
  24.22,
  24.29,
  24.28,
  24.23,
  24.22,
  24.23,
  24.27,
  24.26,
  24.22,
  24.19,
  24.16,
  24.17,
  24.14,
  24.11,
  24.05,
  24.06,
  23.96,
  23.87,
  23.82,
  23.76,
  23.69,
  23.6,
  23.57,
  23.52,
  23.53,
  23.47,
  23.4,
  23.35,
  23.31,
  23.31,
  23.28,
  23.22,
  23.09
 ],
 "traj_orth": [
  89.87,
  88.3,
  85.96,
  83.01,
  79.57,
  75.73,
  71.67,
  67.51,
  63.3,
  59.2,
  55.3,
  51.55,
  47.99,
  44.63,
  41.54,
  38.71,
  36.11,
  33.76,
  31.69,
  30.0,
  28.48,
  27.13,
  26.1,
  25.17,
  24.41,
  23.81,
  23.35,
  22.96,
  22.73,
  22.54,
  22.4,
  22.33,
  22.32,
  22.37,
  22.44,
  22.54,
  22.62,
  22.73,
  22.8,
  22.88,
  22.95,
  22.98,
  23.06,
  23.15,
  23.18,
  23.23,
  23.28,
  23.35,
  23.48,
  23.55,
  23.66,
  23.7,
  23.8,
  23.89,
  23.97,
  24.01,
  24.07,
  24.14,
  24.2,
  24.31,
  24.39,
  24.43,
  24.43,
  24.42,
  24.41,
  24.43,
  24.37,
  24.31,
  24.25,
  24.26,
  24.26,
  24.25,
  24.22,
  24.16,
  24.16,
  24.11,
  24.14,
  24.1,
  24.07,
  24.02,
  23.97,
  23.93,
  23.93,
  23.88,
  23.83,
  23.77,
  23.7,
  23.62,
  23.53,
  23.41,
  23.36,
  23.35,
  23.34,
  23.31,
  23.25,
  23.24,
  23.27,
  23.25,
  23.19,
  23.17
 ]
}