{
 "theta_star": 73.31548969008196,
 "after_same_kick": 10.523491337974164,
 "after_orth_kick": 11.30822427535822,
 "traj_same": [
  3.2,
  6.58,
  8.08,
  8.87,
  9.26,
  9.49,
  9.67,
  9.83,
  9.92,
  9.97,
  10.0,
  10.03,
  10.04,
  10.06,
  10.05,
  10.07,
  10.1,
  10.11,
  10.13,
  10.15,
  10.18,
  10.2,
  10.28,
  10.34,
  10.4,
  10.43,
  10.47,
  10.51,
  10.55,
  10.58,
  10.61,
  10.64,
  10.67,
  10.74,
  10.81,
  10.87,
  10.9,
  10.9,
  10.94,
  10.96,
  10.96,
  10.95,
  10.96,
  10.94,
  10.92,
  10.87,
  10.84,
  10.79,
  10.77,
  10.75,
  10.75,
  10.71,
  10.67,
  10.64,
  10.58,
  10.53,
  10.46,
  10.43,
  10.46,
  10.48,
  10.46,
  10.45,
  10.45,
  10.44,
  10.38,
  10.38,
  10.36,
  10.38,
  10.33,
  10.36,
  10.4,
  10.4,
  10.39,
  10.36,
  10.3,
  10.33,
  10.34,
  10.44,
  10.51,
  10.6,
  10.66,
  10.63,
  10.6,
  10.55,
  10.54,
  10.53,
  10.49,
  10.49,
  10.5,
  10.62,
  10.65,
  10.62,
  10.6,
  10.59,
  10.56,
  10.5,
  10.46,
  10.42,
  10.42,
  10.4
 ],
 "traj_orth": [
  89.73,
  86.59,
  82.36,
  76.9,
  70.15,
  62.34,
  53.97,
  45.69,
  38.08,
  31.39,
  25.94,
  21.61,
  18.36,
  16.08,
  14.55,
  13.61,
  13.04,
  12.67,
  12.46,
  12.35,
  12.24,
  12.16,
  12.13,
  12.16,
  12.17,
  12.18,
  12.15,
  12.09,
  12.06,
  12.01,
  11.96,
  11.9,
  11.82,
  11.78,
  11.7,
  11.6,
  11.5,
  11.43,
  11.43,
  11.45,
  11.43,
  11.5,
  11.53,
  11.55,
  11.52,
  11.51,
  11.52,
  11.5,
  11.45,
  11.43,
  11.49,
  11.53,
  11.59,
  11.64,
  11.64,
  11.57,
  11.49,
  11.38,
  11.36,
  11.37,
  11.38,
  11.36,
  11.35,
  11.33,
  11.28,
  11.25,
  11.29,
  11.29,
  11.28,
  11.29,
  11.32,
  11.26,
  11.22,
  11.2,
  11.16,
  11.22,
  11.27,
  11.36,
  11.38,
  11.4,
  11.38,
  11.33,
  11.34,
  11.38,
  11.45,
  11.43,
  11.38,
  11.33,
  11.28,
  11.3,
  11.29,
  11.32,
  11.35,
  11.38,
  11.34,
  11.32,
  11.31,
  11.29,
  11.28,
  11.22
 ]
}