{
 "theta_star": 82.29510112010607,
 "after_same_kick": 11.376185956282011,
 "after_orth_kick": 11.959234080607299,
 "traj_same": [
  3.26,
  6.54,
  8.03,
  8.73,
  9.14,
  9.35,
  9.47,
  9.57,
  9.71,
  9.83,
  9.89,
  9.95,
  9.97,
  10.06,
  10.14,
  10.16,
  10.19,
  10.26,
  10.3,
  10.39,
  10.43,
  10.49,
  10.59,
  10.67,
  10.75,
  10.87,
  11.0,
  11.12,
  11.22,
  11.27,
  11.38,
  11.39,
  11.43,
  11.46,
  11.41,
  11.41,
  11.5,
  11.53,
  11.54,
  11.63,
  11.65,
  11.68,
  11.74,
  11.72,
  11.72,
  11.75,
  11.8,
  11.81,
  11.83,
  11.83,
  11.82,
  11.81,
  11.76,
  11.75,
  11.8,
  11.85,
  11.87,
  11.87,
  11.91,
  11.87,
  11.88,
  11.88,
  11.88,
  11.87,
  11.89,
  11.88,
  11.84,
  11.87,
  11.85,
  11.85,
  11.85,
  11.87,
  11.84,
  11.87,
  11.8,
  11.82,
  11.74,
  11.72,
  11.7,
  11.69,
  11.73,
  11.75,
  11.77,
  11.8,
  11.77,
  11.69,
  11.63,
  11.57,
  11.55,
  11.5,
  11.48,
  11.45,
  11.46,
  11.4,
  11.3,
  11.3,
  11.31,
  11.35,
  11.31,
  11.41
 ],
 "traj_orth": [
  89.71,
  86.52,
  82.29,
  76.79,
  69.99,
  62.04,
  53.28,
  44.46,
  36.18,
  29.12,
  23.59,
  19.55,
  16.74,
  14.97,
  13.95,
  13.36,
  13.02,
  12.87,
  12.75,
  12.72,
  12.67,
  12.57,
  12.52,
  12.47,
  12.46,
  12.43,
  12.46,
  12.48,
  12.5,
  12.51,
  12.53,
  12.5,
  12.53,
  12.51,
  12.47,
  12.41,
  12.39,
  12.36,
  12.42,
  12.49,
  12.53,
  12.56,
  12.63,
  12.66,
  12.64,
  12.64,
  12.66,
  12.71,
  12.72,
  12.75,
  12.74,
  12.68,
  12.7,
  12.65,
  12.59,
  12.52,
  12.49,
  12.5,
  12.51,
  12.45,
  12.45,
  12.43,
  12.44,
  12.43,
  12.45,
  12.43,
  12.38,
  12.42,
  12.45,
  12.48,
  12.43,
  12.38,
  12.32,
  12.29,
  12.27,
  12.24,
  12.15,
  12.15,
  12.14,
  12.17,
  12.14,
  12.11,
  12.12,
  12.14,
  12.17,
  12.13,
  12.1,
  12.07,
  12.09,
  12.13,
  12.14,
  12.1,
  12.06,
  12.02,
  11.94,
  11.91,
  11.85,
  11.88,
  11.83,
  11.87
 ]
}