{
 "theta_star": 22.337503678078793,
 "after_same_kick": 20.47605885417773,
 "after_orth_kick": 20.483225723319286,
 "traj_same": [
  3.27,
  8.37,
  11.65,
  13.86,
  15.52,
  16.72,
  17.58,
  18.23,
  18.69,
  19.08,
  19.35,
  19.57,
  19.74,
  19.88,
  19.96,
  20.01,
  20.11,
  20.14,
  20.2,
  20.23,
  20.28,
  20.3,
  20.31,
  20.36,
  20.41,
  20.46,
  20.48,
  20.5,
  20.56,
  20.56,
  20.57,
  20.55,
  20.57,
  20.58,
  20.61,
  20.62,
  20.58,
  20.59,
  20.59,
  20.57,
  20.55,
  20.58,
  20.57,
  20.59,
  20.59,
  20.55,
  20.53,
  20.54,
  20.54,
  20.56,
  20.61,
  20.63,
  20.63,
  20.63,
  20.65,
  20.66,
  20.64,
  20.65,
  20.64,
  20.66,
  20.69,
  20.66,
  20.66,
  20.65,
  20.65,
  20.65,
  20.69,
  20.73,
  20.75,
  20.7,
  20.68,
  20.68,
  20.69,
  20.7,
  20.68,
  20.64,
  20.63,
  20.59,
  20.57,
  20.54,
  20.57,
  20.58,
  20.59,
  20.56,
  20.54,
  20.54,
  20.54,
  20.49,
  20.5,
  20.5,
  20.5,
  20.52,
  20.48,
  20.47,
  20.45,
  20.43,
  20.45,
  20.47,
  20.48,
  20.51
 ],
 "traj_orth": [
  89.74,
  86.28,
  80.64,
  72.76,
  63.27,
  53.38,
  44.03,
  35.79,
  29.0,
  23.75,
  20.1,
  17.95,
  16.91,
  16.6,
  16.68,
  16.97,
  17.39,
  17.77,
  18.16,
  18.52,
  18.86,
  19.13,
  19.37,
  19.61,
  19.83,
  20.01,
  20.1,
  20.18,
  20.3,
  20.36,
  20.41,
  20.42,
  20.48,
  20.5,
  20.55,
  20.57,
  20.55,
  20.58,
  20.58,
  20.58,
  20.57,
  20.58,
  20.57,
  20.61,
  20.62,
  20.62,
  20.64,
  20.67,
  20.68,
  20.69,
  20.74,
  20.76,
  20.77,
  20.78,
  20.8,
  20.82,
  20.84,
  20.87,
  20.86,
  20.89,
  20.92,
  20.91,
  20.92,
  20.94,
  20.94,
  20.95,
  20.99,
  21.04,
  21.05,
  20.98,
  20.94,
  20.92,
  20.91,
  20.88,
  20.8,
  20.73,
  20.72,
  20.7,
  20.68,
  20.62,
  20.61,
  20.62,
  20.62,
  20.59,
  20.55,
  20.53,
  20.51,
  20.46,
  20.47,
  20.48,
  20.48,
  20.51,
  20.48,
  20.48,
  20.46,
  20.45,
  20.47,
  20.49,
  20.5,
  20.51
 ]
}