{
 "theta_star": 26.95269713802046,
 "after_same_kick": 24.47632563284966,
 "after_orth_kick": 25.00810844758083,
 "traj_same": [
  3.74,
  8.6,
  12.06,
  14.57,
  16.49,
  18.04,
  19.27,
  20.24,
  21.01,
  21.66,
  22.16,
  22.59,
  22.94,
  23.19,
  23.43,
  23.58,
  23.74,
  23.85,
  23.93,
  24.06,
  24.14,
  24.25,
  24.3,
  24.34,
  24.42,
  24.42,
  24.43,
  24.48,
  24.51,
  24.49,
  24.52,
  24.5,
  24.52,
  24.53,
  24.56,
  24.54,
  24.53,
  24.52,
  24.5,
  24.47,
  24.45,
  24.46,
  24.47,
  24.52,
  24.57,
  24.59,
  24.6,
  24.59,
  24.66,
  24.68,
  24.72,
  24.76,
  24.77,
  24.82,
  24.82,
  24.85,
  24.87,
  24.88,
  24.83,
  24.78,
  24.72,
  24.71,
  24.64,
  24.58,
  24.56,
  24.52,
  24.53,
  24.56,
  24.55,
  24.55,
  24.54,
  24.53,
  24.53,
  24.54,
  24.55,
  24.52,
  24.47,
  24.48,
  24.48,
  24.48,
  24.52,
  24.54,
  24.52,
  24.5,
  24.47,
  24.44,
  24.48,
  24.49,
  24.47,
  24.51,
  24.52,
  24.52,
  24.48,
  24.52,
  24.48,
  24.44,
  24.45,
  24.43,
  24.45,
  24.48
 ],
 "traj_orth": [
  89.71,
  86.3,
  81.49,
  75.16,
  67.65,
  59.49,
  51.4,
  43.84,
  37.03,
  31.19,
  26.48,
  22.98,
  20.64,
  19.2,
  18.51,
  18.37,
  18.6,
  19.06,
  19.58,
  20.15,
  20.69,
  21.27,
  21.75,
  22.15,
  22.52,
  22.76,
  22.98,
  23.22,
  23.42,
  23.57,
  23.74,
  23.85,
  23.96,
  24.08,
  24.18,
  24.25,
  24.32,
  24.43,
  24.51,
  24.59,
  24.63,
  24.68,
  24.73,
  24.79,
  24.84,
  24.85,
  24.86,
  24.85,
  24.93,
  24.93,
  24.93,
  24.92,
  24.89,
  24.92,
  24.92,
  24.94,
  24.96,
  24.99,
  24.98,
  24.97,
  24.98,
  25.03,
  25.02,
  25.02,
  25.07,
  25.06,
  25.08,
  25.1,
  25.1,
  25.09,
  25.09,
  25.08,
  25.07,
  25.07,
  25.06,
  25.05,
  25.01,
  25.02,
  25.04,
  25.02,
  25.04,
  25.06,
  25.04,
  25.02,
  24.99,
  24.96,
  25.03,
  25.04,
  25.05,
  25.1,
  25.11,
  25.09,
  25.02,
  25.05,
  25.0,
  24.98,
  24.95,
  24.93,
  24.96,
  24.99
 ]
}