{
 "theta_star": 36.836747945518184,
 "after_same_kick": 6.858507647318872,
 "after_orth_kick": 6.860006245552391,
 "traj_same": [
  1.87,
  5.44,
  6.39,
  6.7,
  6.82,
  6.84,
  6.85,
  6.87,
  6.86,
  6.86,
  6.87,
  6.86,
  6.86,
  6.87,
  6.87,
  6.86,
  6.85,
  6.87,
  6.86,
  6.86,
  6.87,
  6.87,
  6.87,
  6.86,
  6.86,
  6.87,
  6.88,
  6.87,
  6.87,
  6.88,
  6.89,
  6.88,
  6.89,
  6.89,
  6.91,
  6.92,
  6.92,
  6.91,
  6.88,
  6.87,
  6.86,
  6.85,
  6.85,
  6.85,
  6.84,
  6.86,
  6.88,
  6.88,
  6.86,
  6.86,
  6.87,
  6.85,
  6.84,
  6.84,
  6.86,
  6.87,
  6.87,
  6.86,
  6.87,
  6.86,
  6.88,
  6.88,
  6.89,
  6.88,
  6.86,
  6.85,
  6.87,
  6.84,
  6.85,
  6.86,
  6.88,
  6.87,
  6.87,
  6.86,
  6.84,
  6.86,
  6.85,
  6.85,
  6.85,
  6.84,
  6.85,
  6.85,
  6.86,
  6.85,
  6.85,
  6.86,
  6.86,
  6.86,
  6.86,
  6.86,
  6.86,
  6.86,
  6.86,
  6.87,
  6.87,
  6.85,
  6.86,
  6.86,
  6.85,
  6.85
 ],
 "traj_orth": [
  89.71,
  86.32,
  81.31,
  74.03,
  64.32,
  52.9,
  41.11,
  30.57,
  22.22,
  16.34,
  12.86,
  11.03,
  10.02,
  9.32,
  8.83,
  8.6,
  8.45,
  8.38,
  8.25,
  8.15,
  8.07,
  7.97,
  7.83,
  7.66,
  7.57,
  7.51,
  7.43,
  7.33,
  7.27,
  7.23,
  7.22,
  7.23,
  7.24,
  7.22,
  7.21,
  7.18,
  7.15,
  7.11,
  7.05,
  7.02,
  7.01,
  7.01,
  7.01,
  7.0,
  6.97,
  6.98,
  7.0,
  7.0,
  6.99,
  6.99,
  7.0,
  6.98,
  6.96,
  6.96,
  6.96,
  6.99,
  7.0,
  7.0,
  7.01,
  6.98,
  6.98,
  6.97,
  6.96,
  6.93,
  6.88,
  6.85,
  6.86,
  6.84,
  6.85,
  6.86,
  6.88,
  6.88,
  6.88,
  6.87,
  6.85,
  6.87,
  6.85,
  6.85,
  6.86,
  6.84,
  6.85,
  6.85,
  6.86,
  6.85,
  6.85,
  6.86,
  6.86,
  6.86,
  6.86,
  6.86,
  6.86,
  6.86,
  6.86,
  6.87,
  6.87,
  6.86,
  6.86,
  6.86,
  6.85,
  6.85
 ]
}