{
 "theta_star": 27.05984213859559,
 "after_same_kick": 24.99816100935563,
 "after_orth_kick": 25.09674950067996,
 "traj_same": [
  2.78,
  8.35,
  12.0,
  14.62,
  16.65,
  18.21,
  19.49,
  20.48,
  21.28,
  21.93,
  22.43,
  22.84,
  23.17,
  23.47,
  23.71,
  23.9,
  24.07,
  24.2,
  24.31,
  24.39,
  24.45,
  24.47,
  24.51,
  24.54,
  24.57,
  24.62,
  24.64,
  24.66,
  24.69,
  24.73,
  24.75,
  24.75,
  24.73,
  24.76,
  24.8,
  24.85,
  24.85,
  24.85,
  24.86,
  24.85,
  24.85,
  24.85,
  24.8,
  24.77,
  24.74,
  24.75,
  24.73,
  24.72,
  24.68,
  24.68,
  24.71,
  24.74,
  24.76,
  24.81,
  24.8,
  24.8,
  24.78,
  24.76,
  24.78,
  24.8,
  24.83,
  24.91,
  24.95,
  24.99,
  25.04,
  25.13,
  25.18,
  25.19,
  25.19,
  25.18,
  25.15,
  25.12,
  25.06,
  25.02,
  24.99,
  24.96,
  24.92,
  24.91,
  24.9,
  24.9,
  24.91,
  24.92,
  24.94,
  24.97,
  25.03,
  25.0,
  25.0,
  25.03,
  25.04,
  25.06,
  25.06,
  25.06,
  25.08,
  25.05,
  25.01,
  24.99,
  24.96,
  24.94,
  24.92,
  24.92
 ],
 "traj_orth": [
  89.69,
  86.14,
  81.08,
  74.49,
  66.7,
  58.35,
  50.15,
  42.55,
  35.78,
  29.96,
  25.29,
  21.77,
  19.41,
  18.13,
  17.66,
  17.76,
  18.25,
  18.87,
  19.57,
  20.23,
  20.83,
  21.35,
  21.86,
  22.32,
  22.7,
  23.06,
  23.34,
  23.6,
  23.79,
  23.94,
  24.11,
  24.25,
  24.35,
  24.48,
  24.59,
  24.7,
  24.76,
  24.8,
  24.85,
  24.87,
  24.9,
  24.94,
  24.93,
  24.92,
  24.91,
  24.95,
  24.95,
  24.97,
  24.95,
  24.95,
  24.95,
  24.96,
  24.96,
  25.01,
  25.0,
  25.01,
  24.99,
  24.99,
  25.0,
  25.01,
  25.05,
  25.14,
  25.2,
  25.24,
  25.31,
  25.39,
  25.41,
  25.42,
  25.42,
  25.37,
  25.32,
  25.26,
  25.18,
  25.1,
  25.05,
  25.02,
  24.99,
  25.0,
  25.01,
  25.02,
  25.04,
  25.06,
  25.06,
  25.06,
  25.07,
  25.01,
  25.0,
  25.03,
  25.04,
  25.07,
  25.07,
  25.1,
  25.14,
  25.15,
  25.15,
  25.15,
  25.11,
  25.08,
  25.03,
  24.99
 ]
}