{
 "theta_star": 24.544948174571896,
 "after_same_kick": 23.935742689171704,
 "after_orth_kick": 24.203120631761458,
 "traj_same": [
  3.91,
  8.59,
  11.85,
  14.16,
  15.91,
  17.27,
  18.31,
  19.16,
  19.92,
  20.51,
  20.99,
  21.39,
  21.74,
  22.01,
  22.27,
  22.48,
  22.62,
  22.79,
  22.9,
  22.98,
  23.04,
  23.13,
  23.2,
  23.28,
  23.38,
  23.46,
  23.51,
  23.55,
  23.6,
  23.65,
  23.67,
  23.7,
  23.73,
  23.65,
  23.69,
  23.75,
  23.74,
  23.73,
  23.7,
  23.68,
  23.68,
  23.65,
  23.66,
  23.69,
  23.71,
  23.7,
  23.72,
  23.67,
  23.67,
  23.65,
  23.64,
  23.67,
  23.69,
  23.66,
  23.66,
  23.66,
  23.66,
  23.61,
  23.61,
  23.66,
  23.67,
  23.69,
  23.72,
  23.73,
  23.77,
  23.81,
  23.79,
  23.78,
  23.75,
  23.79,
  23.76,
  23.78,
  23.77,
  23.76,
  23.77,
  23.77,
  23.78,
  23.73,
  23.73,
  23.73,
  23.75,
  23.78,
  23.81,
  23.8,
  23.76,
  23.82,
  23.83,
  23.8,
  23.8,
  23.88,
  23.92,
  23.96,
  23.99,
  23.95,
  23.96,
  23.9,
  23.89,
  23.93,
  23.92,
  23.94
 ],
 "traj_orth": [
  89.77,
  86.74,
  82.41,
  76.7,
  69.87,
  62.4,
  54.83,
  47.44,
  40.53,
  34.49,
  29.44,
  25.45,
  22.51,
  20.47,
  19.3,
  18.67,
  18.47,
  18.59,
  18.85,
  19.27,
  19.7,
  20.21,
  20.69,
  21.14,
  21.55,
  21.91,
  22.21,
  22.5,
  22.77,
  23.02,
  23.23,
  23.43,
  23.58,
  23.59,
  23.69,
  23.79,
  23.84,
  23.87,
  23.87,
  23.85,
  23.83,
  23.82,
  23.84,
  23.89,
  23.95,
  23.99,
  24.04,
  23.99,
  23.96,
  23.92,
  23.9,
  23.91,
  23.94,
  23.91,
  23.92,
  23.93,
  23.95,
  23.91,
  23.91,
  23.92,
  23.88,
  23.88,
  23.91,
  23.96,
  24.01,
  24.06,
  24.05,
  24.06,
  24.04,
  24.07,
  24.02,
  24.03,
  24.02,
  24.02,
  24.02,
  24.05,
  24.06,
  24.01,
  24.02,
  24.0,
  24.01,
  24.03,
  24.05,
  24.03,
  23.99,
  24.05,
  24.06,
  24.03,
  24.03,
  24.09,
  24.14,
  24.19,
  24.21,
  24.17,
  24.2,
  24.19,
  24.21,
  24.27,
  24.25,
  24.21
 ]
}