{
 "theta_star": 28.727696843484946,
 "after_same_kick": 24.036008577269808,
 "after_orth_kick": 24.006264732792744,
 "traj_same": [
  3.27,
  8.46,
  11.94,
  14.36,
  16.21,
  17.69,
  18.88,
  19.83,
  20.58,
  21.2,
  21.7,
  22.11,
  22.46,
  22.75,
  22.97,
  23.15,
  23.33,
  23.48,
  23.63,
  23.75,
  23.88,
  23.96,
  24.07,
  24.15,
  24.16,
  24.2,
  24.21,
  24.23,
  24.29,
  24.29,
  24.3,
  24.3,
  24.32,
  24.33,
  24.35,
  24.35,
  24.38,
  24.41,
  24.4,
  24.41,
  24.41,
  24.45,
  24.44,
  24.46,
  24.48,
  24.53,
  24.54,
  24.51,
  24.52,
  24.56,
  24.58,
  24.6,
  24.58,
  24.53,
  24.47,
  24.42,
  24.4,
  24.35,
  24.32,
  24.3,
  24.27,
  24.29,
  24.29,
  24.33,
  24.32,
  24.27,
  24.25,
  24.22,
  24.2,
  24.13,
  24.09,
  24.05,
  24.04,
  24.06,
  24.07,
  24.09,
  24.08,
  24.09,
  24.11,
  24.11,
  24.15,
  24.2,
  24.19,
  24.16,
  24.14,
  24.15,
  24.13,
  24.14,
  24.14,
  24.15,
  24.11,
  24.13,
  24.15,
  24.13,
  24.09,
  24.07,
  24.02,
  23.93,
  23.89,
  23.83
 ],
 "traj_orth": [
  89.74,
  86.59,
  81.96,
  75.99,
  68.9,
  61.11,
  53.36,
  46.11,
  39.63,
  33.99,
  29.27,
  25.56,
  22.9,
  21.1,
  20.04,
  19.42,
  19.29,
  19.43,
  19.77,
  20.19,
  20.65,
  21.09,
  21.58,
  22.05,
  22.39,
  22.73,
  22.96,
  23.18,
  23.38,
  23.49,
  23.58,
  23.67,
  23.77,
  23.88,
  23.96,
  24.0,
  24.04,
  24.11,
  24.17,
  24.26,
  24.33,
  24.43,
  24.48,
  24.56,
  24.61,
  24.71,
  24.75,
  24.74,
  24.72,
  24.71,
  24.71,
  24.72,
  24.69,
  24.61,
  24.51,
  24.44,
  24.4,
  24.36,
  24.34,
  24.33,
  24.31,
  24.32,
  24.31,
  24.34,
  24.31,
  24.26,
  24.21,
  24.15,
  24.12,
  24.09,
  24.11,
  24.1,
  24.08,
  24.07,
  24.08,
  24.08,
  24.08,
  24.08,
  24.08,
  24.08,
  24.1,
  24.12,
  24.09,
  24.06,
  24.03,
  24.06,
  24.07,
  24.1,
  24.11,
  24.14,
  24.09,
  24.09,
  24.09,
  24.08,
  24.05,
  24.04,
  24.0,
  23.92,
  23.89,
  23.82
 ]
}