{
 "theta_star": 21.686377432853316,
 "after_same_kick": 21.250642117529512,
 "after_orth_kick": 21.382750253632928,
 "traj_same": [
  2.75,
  8.27,
  11.82,
  14.21,
  15.98,
  17.26,
  18.22,
  18.93,
  19.5,
  19.88,
  20.2,
  20.43,
  20.62,
  20.78,
  20.93,
  21.03,
  21.12,
  21.16,
  21.22,
  21.24,
  21.3,
  21.32,
  21.35,
  21.37,
  21.38,
  21.38,
  21.37,
  21.38,
  21.41,
  21.45,
  21.44,
  21.42,
  21.41,
  21.4,
  21.38,
  21.41,
  21.44,
  21.48,
  21.49,
  21.5,
  21.47,
  21.42,
  21.4,
  21.41,
  21.44,
  21.42,
  21.42,
  21.38,
  21.37,
  21.33,
  21.33,
  21.34,
  21.36,
  21.39,
  21.42,
  21.44,
  21.37,
  21.29,
  21.25,
  21.24,
  21.23,
  21.24,
  21.24,
  21.26,
  21.24,
  21.25,
  21.26,
  21.24,
  21.23,
  21.22,
  21.22,
  21.23,
  21.26,
  21.24,
  21.24,
  21.24,
  21.22,
  21.21,
  21.19,
  21.18,
  21.14,
  21.14,
  21.16,
  21.18,
  21.2,
  21.18,
  21.16,
  21.19,
  21.2,
  21.18,
  21.18,
  21.19,
  21.22,
  21.24,
  21.25,
  21.25,
  21.26,
  21.28,
  21.31,
  21.33
 ],
 "traj_orth": [
  89.69,
  85.84,
  79.61,
  70.88,
  60.49,
  49.78,
  39.92,
  31.83,
  25.63,
  21.12,
  18.19,
  16.67,
  16.2,
  16.4,
  16.94,
  17.57,
  18.21,
  18.78,
  19.3,
  19.72,
  20.12,
  20.42,
  20.67,
  20.84,
  20.99,
  21.13,
  21.24,
  21.33,
  21.4,
  21.46,
  21.46,
  21.45,
  21.44,
  21.45,
  21.47,
  21.51,
  21.56,
  21.6,
  21.62,
  21.63,
  21.61,
  21.57,
  21.56,
  21.59,
  21.61,
  21.59,
  21.59,
  21.56,
  21.54,
  21.48,
  21.45,
  21.45,
  21.47,
  21.48,
  21.48,
  21.51,
  21.52,
  21.54,
  21.6,
  21.69,
  21.72,
  21.76,
  21.76,
  21.75,
  21.69,
  21.63,
  21.55,
  21.46,
  21.42,
  21.36,
  21.35,
  21.36,
  21.39,
  21.36,
  21.36,
  21.36,
  21.35,
  21.35,
  21.37,
  21.37,
  21.33,
  21.32,
  21.31,
  21.32,
  21.34,
  21.33,
  21.33,
  21.37,
  21.37,
  21.35,
  21.36,
  21.37,
  21.39,
  21.39,
  21.36,
  21.35,
  21.36,
  21.39,
  21.43,
  21.43
 ]
}