{
 "theta_star": 36.83881119166856,
 "after_same_kick": 7.1906208573233386,
 "after_orth_kick": 7.1678528985851155,
 "traj_same": [
  2.04,
  5.62,
  6.56,
  6.89,
  6.98,
  7.0,
  7.04,
  7.07,
  7.06,
  7.06,
  7.06,
  7.05,
  7.05,
  7.06,
  7.06,
  7.06,
  7.07,
  7.06,
  7.04,
  7.04,
  7.04,
  7.04,
  7.05,
  7.06,
  7.07,
  7.05,
  7.06,
  7.05,
  7.06,
  7.08,
  7.07,
  7.06,
  7.04,
  7.05,
  7.05,
  7.06,
  7.06,
  7.05,
  7.06,
  7.04,
  7.03,
  7.03,
  7.02,
  7.02,
  7.02,
  7.02,
  7.04,
  7.04,
  7.03,
  7.03,
  7.05,
  7.05,
  7.06,
  7.06,
  7.05,
  7.05,
  7.03,
  7.04,
  7.05,
  7.06,
  7.06,
  7.05,
  7.06,
  7.06,
  7.03,
  7.05,
  7.04,
  7.06,
  7.03,
  7.05,
  7.07,
  7.07,
  7.08,
  7.08,
  7.08,
  7.12,
  7.18,
  7.23,
  7.24,
  7.22,
  7.21,
  7.2,
  7.2,
  7.25,
  7.34,
  7.36,
  7.32,
  7.31,
  7.27,
  7.2,
  7.16,
  7.18,
  7.21,
  7.22,
  7.22,
  7.18,
  7.16,
  7.16,
  7.2,
  7.2
 ],
 "traj_orth": [
  89.73,
  86.41,
  81.34,
  74.01,
  64.41,
  53.42,
  42.42,
  32.51,
  24.27,
  18.0,
  13.86,
  11.57,
  10.33,
  9.61,
  9.17,
  8.87,
  8.67,
  8.38,
  8.07,
  7.9,
  7.79,
  7.71,
  7.67,
  7.67,
  7.66,
  7.61,
  7.55,
  7.5,
  7.5,
  7.53,
  7.53,
  7.54,
  7.53,
  7.52,
  7.5,
  7.46,
  7.41,
  7.36,
  7.37,
  7.33,
  7.31,
  7.32,
  7.32,
  7.32,
  7.31,
  7.31,
  7.31,
  7.31,
  7.31,
  7.32,
  7.33,
  7.32,
  7.33,
  7.35,
  7.36,
  7.35,
  7.32,
  7.32,
  7.3,
  7.31,
  7.31,
  7.3,
  7.31,
  7.31,
  7.28,
  7.3,
  7.29,
  7.3,
  7.27,
  7.27,
  7.28,
  7.28,
  7.28,
  7.27,
  7.26,
  7.27,
  7.27,
  7.27,
  7.24,
  7.22,
  7.22,
  7.23,
  7.29,
  7.36,
  7.4,
  7.39,
  7.35,
  7.33,
  7.27,
  7.21,
  7.15,
  7.14,
  7.15,
  7.15,
  7.19,
  7.18,
  7.18,
  7.18,
  7.19,
  7.17
 ]
}