{
 "theta_star": 37.06538285172721,
 "after_same_kick": 7.0797264476029635,
 "after_orth_kick": 7.307610587883479,
 "traj_same": [
  2.18,
  5.69,
  6.61,
  6.96,
  7.04,
  7.06,
  7.09,
  7.12,
  7.11,
  7.1,
  7.11,
  7.1,
  7.1,
  7.1,
  7.1,
  7.09,
  7.11,
  7.11,
  7.1,
  7.11,
  7.11,
  7.11,
  7.12,
  7.14,
  7.15,
  7.14,
  7.14,
  7.13,
  7.13,
  7.13,
  7.12,
  7.11,
  7.1,
  7.1,
  7.1,
  7.12,
  7.12,
  7.09,
  7.11,
  7.09,
  7.07,
  7.08,
  7.07,
  7.06,
  7.06,
  7.06,
  7.09,
  7.08,
  7.08,
  7.09,
  7.1,
  7.1,
  7.11,
  7.12,
  7.11,
  7.1,
  7.08,
  7.09,
  7.1,
  7.1,
  7.1,
  7.08,
  7.09,
  7.09,
  7.04,
  7.07,
  7.06,
  7.08,
  7.04,
  7.06,
  7.09,
  7.08,
  7.09,
  7.09,
  7.07,
  7.08,
  7.07,
  7.1,
  7.09,
  7.09,
  7.09,
  7.08,
  7.08,
  7.07,
  7.07,
  7.06,
  7.04,
  7.06,
  7.06,
  7.08,
  7.07,
  7.07,
  7.07,
  7.08,
  7.1,
  7.07,
  7.07,
  7.08,
  7.1,
  7.08
 ],
 "traj_orth": [
  89.74,
  86.42,
  81.34,
  74.03,
  64.46,
  53.5,
  42.52,
  32.62,
  24.45,
  18.26,
  14.14,
  11.76,
  10.49,
  9.78,
  9.38,
  9.13,
  9.01,
  8.81,
  8.66,
  8.59,
  8.52,
  8.39,
  8.3,
  8.23,
  8.11,
  7.97,
  7.84,
  7.79,
  7.81,
  7.82,
  7.8,
  7.77,
  7.75,
  7.72,
  7.67,
  7.64,
  7.6,
  7.57,
  7.59,
  7.53,
  7.46,
  7.42,
  7.41,
  7.39,
  7.37,
  7.37,
  7.38,
  7.39,
  7.39,
  7.37,
  7.36,
  7.34,
  7.35,
  7.34,
  7.31,
  7.29,
  7.28,
  7.32,
  7.35,
  7.34,
  7.34,
  7.32,
  7.33,
  7.31,
  7.26,
  7.28,
  7.29,
  7.33,
  7.29,
  7.3,
  7.33,
  7.33,
  7.34,
  7.33,
  7.32,
  7.32,
  7.3,
  7.33,
  7.31,
  7.32,
  7.3,
  7.3,
  7.32,
  7.31,
  7.32,
  7.32,
  7.29,
  7.32,
  7.29,
  7.29,
  7.28,
  7.27,
  7.27,
  7.28,
  7.32,
  7.33,
  7.34,
  7.33,
  7.34,
  7.32
 ]
}