{
 "theta_star": 33.600628090646595,
 "after_same_kick": 7.0773720222456316,
 "after_orth_kick": 7.815794186659519,
 "traj_same": [
  2.0,
  5.65,
  6.64,
  6.96,
  7.07,
  7.1,
  7.11,
  7.1,
  7.1,
  7.11,
  7.1,
  7.1,
  7.13,
  7.14,
  7.17,
  7.17,
  7.18,
  7.19,
  7.19,
  7.18,
  7.19,
  7.19,
  7.21,
  7.2,
  7.19,
  7.21,
  7.28,
  7.34,
  7.35,
  7.3,
  7.29,
  7.24,
  7.18,
  7.14,
  7.09,
  7.1,
  7.1,
  7.07,
  7.07,
  7.07,
  7.07,
  7.06,
  7.05,
  7.06,
  7.05,
  7.06,
  7.07,
  7.07,
  7.07,
  7.06,
  7.04,
  7.04,
  7.05,
  7.03,
  7.03,
  7.04,
  7.06,
  7.06,
  7.05,
  7.05,
  7.06,
  7.05,
  7.06,
  7.04,
  7.06,
  7.05,
  7.06,
  7.06,
  7.06,
  7.08,
  7.07,
  7.07,
  7.06,
  7.06,
  7.07,
  7.07,
  7.08,
  7.07,
  7.07,
  7.07,
  7.06,
  7.05,
  7.04,
  7.05,
  7.04,
  7.06,
  7.06,
  7.05,
  7.06,
  7.06,
  7.07,
  7.08,
  7.08,
  7.07,
  7.07,
  7.08,
  7.08,
  7.08,
  7.08,
  7.09
 ],
 "traj_orth": [
  89.73,
  86.39,
  81.3,
  73.97,
  64.39,
  53.39,
  42.31,
  32.39,
  24.33,
  18.32,
  14.23,
  11.62,
  10.1,
  9.31,
  9.0,
  8.87,
  8.81,
  8.81,
  8.74,
  8.67,
  8.64,
  8.61,
  8.63,
  8.6,
  8.55,
  8.56,
  8.59,
  8.64,
  8.65,
  8.6,
  8.55,
  8.49,
  8.47,
  8.49,
  8.54,
  8.57,
  8.59,
  8.51,
  8.38,
  8.17,
  8.05,
  8.02,
  8.06,
  8.08,
  8.07,
  8.08,
  8.09,
  8.08,
  8.06,
  8.04,
  8.02,
  8.05,
  8.09,
  8.09,
  8.09,
  8.09,
  8.1,
  8.07,
  8.01,
  7.94,
  7.87,
  7.84,
  7.84,
  7.84,
  7.86,
  7.84,
  7.84,
  7.82,
  7.8,
  7.81,
  7.8,
  7.8,
  7.81,
  7.8,
  7.79,
  7.79,
  7.82,
  7.82,
  7.83,
  7.8,
  7.78,
  7.76,
  7.77,
  7.8,
  7.77,
  7.79,
  7.81,
  7.8,
  7.8,
  7.78,
  7.79,
  7.82,
  7.83,
  7.83,
  7.81,
  7.81,
  7.82,
  7.82,
  7.81,
  7.83
 ]
}