{
 "theta_star": 37.85502193645851,
 "after_same_kick": 35.616013417037394,
 "after_orth_kick": 35.49603104352399,
 "traj_same": [
  3.24,
  8.54,
  12.25,
  15.05,
  17.35,
  19.25,
  20.91,
  22.32,
  23.54,
  24.6,
  25.49,
  26.24,
  26.87,
  27.46,
  27.99,
  28.45,
  28.91,
  29.28,
  29.64,
  29.97,
  30.23,
  30.44,
  30.67,
  30.89,
  31.04,
  31.22,
  31.38,
  31.58,
  31.74,
  31.88,
  32.08,
  32.26,
  32.38,
  32.6,
  32.77,
  32.95,
  33.06,
  33.13,
  33.23,
  33.28,
  33.36,
  33.5,
  33.54,
  33.62,
  33.69,
  33.83,
  33.89,
  34.01,
  34.06,
  34.12,
  34.18,
  34.3,
  34.41,
  34.49,
  34.56,
  34.65,
  34.71,
  34.76,
  34.84,
  34.88,
  34.98,
  35.08,
  35.16,
  35.22,
  35.3,
  35.39,
  35.42,
  35.44,
  35.51,
  35.54,
  35.52,
  35.5,
  35.53,
  35.54,
  35.52,
  35.52,
  35.49,
  35.51,
  35.5,
  35.52,
  35.53,
  35.48,
  35.44,
  35.4,
  35.45,
  35.43,
  35.42,
  35.47,
  35.48,
  35.53,
  35.55,
  35.56,
  35.58,
  35.57,
  35.55,
  35.6,
  35.65,
  35.66,
  35.71,
  35.75
 ],
 "traj_orth": [
  89.69,
  86.35,
  82.09,
  76.96,
  71.08,
  64.7,
  58.15,
  51.76,
  45.7,
  40.07,
  35.06,
  30.65,
  27.03,
  24.18,
  22.06,
  20.68,
  20.03,
  19.89,
  20.18,
  20.73,
  21.43,
  22.2,
  23.01,
  23.83,
  24.57,
  25.35,
  26.02,
  26.68,
  27.26,
  27.79,
  28.35,
  28.84,
  29.25,
  29.71,
  30.11,
  30.47,
  30.73,
  30.96,
  31.18,
  31.36,
  31.53,
  31.76,
  31.88,
  32.03,
  32.18,
  32.37,
  32.49,
  32.67,
  32.77,
  32.89,
  33.0,
  33.17,
  33.34,
  33.49,
  33.61,
  33.74,
  33.84,
  33.94,
  34.04,
  34.09,
  34.2,
  34.33,
  34.42,
  34.47,
  34.54,
  34.61,
  34.66,
  34.69,
  34.77,
  34.83,
  34.86,
  34.88,
  34.92,
  34.95,
  34.94,
  34.94,
  34.95,
  35.01,
  35.04,
  35.1,
  35.14,
  35.13,
  35.12,
  35.11,
  35.19,
  35.18,
  35.19,
  35.27,
  35.31,
  35.37,
  35.41,
  35.44,
  35.48,
  35.48,
  35.45,
  35.48,
  35.51,
  35.51,
  35.57,
  35.61
 ]
}