{
 "theta_star": 27.054738272917792,
 "after_same_kick": 24.569800702586267,
 "after_orth_kick": 24.5179071022078,
 "traj_same": [
  3.75,
  8.66,
  12.07,
  14.55,
  16.49,
  18.03,
  19.23,
  20.21,
  21.05,
  21.79,
  22.35,
  22.76,
  23.12,
  23.42,
  23.67,
  23.82,
  23.99,
  24.09,
  24.16,
  24.23,
  24.35,
  24.49,
  24.53,
  24.6,
  24.68,
  24.67,
  24.64,
  24.59,
  24.53,
  24.54,
  24.5,
  24.45,
  24.44,
  24.4,
  24.39,
  24.38,
  24.38,
  24.36,
  24.36,
  24.41,
  24.46,
  24.46,
  24.47,
  24.5,
  24.53,
  24.59,
  24.57,
  24.57,
  24.58,
  24.59,
  24.59,
  24.67,
  24.75,
  24.76,
  24.71,
  24.69,
  24.65,
  24.63,
  24.62,
  24.59,
  24.6,
  24.61,
  24.62,
  24.57,
  24.54,
  24.55,
  24.55,
  24.57,
  24.6,
  24.63,
  24.63,
  24.61,
  24.61,
  24.61,
  24.6,
  24.55,
  24.55,
  24.53,
  24.51,
  24.48,
  24.47,
  24.48,
  24.45,
  24.45,
  24.43,
  24.47,
  24.5,
  24.48,
  24.52,
  24.5,
  24.53,
  24.56,
  24.53,
  24.54,
  24.55,
  24.61,
  24.61,
  24.6,
  24.58,
  24.59
 ],
 "traj_orth": [
  89.73,
  86.43,
  81.72,
  75.65,
  68.44,
  60.54,
  52.52,
  44.85,
  38.02,
  32.1,
  27.47,
  23.84,
  21.32,
  19.71,
  18.87,
  18.55,
  18.67,
  18.97,
  19.39,
  19.89,
  20.45,
  21.02,
  21.44,
  21.85,
  22.31,
  22.62,
  22.88,
  23.07,
  23.2,
  23.36,
  23.48,
  23.56,
  23.63,
  23.67,
  23.76,
  23.83,
  23.91,
  23.94,
  24.01,
  24.08,
  24.14,
  24.16,
  24.2,
  24.26,
  24.34,
  24.42,
  24.42,
  24.43,
  24.44,
  24.46,
  24.46,
  24.53,
  24.6,
  24.64,
  24.6,
  24.57,
  24.54,
  24.54,
  24.55,
  24.51,
  24.52,
  24.55,
  24.59,
  24.55,
  24.55,
  24.55,
  24.51,
  24.51,
  24.53,
  24.57,
  24.59,
  24.57,
  24.58,
  24.6,
  24.6,
  24.57,
  24.58,
  24.56,
  24.53,
  24.5,
  24.5,
  24.51,
  24.48,
  24.48,
  24.47,
  24.49,
  24.52,
  24.5,
  24.52,
  24.49,
  24.5,
  24.52,
  24.49,
  24.49,
  24.5,
  24.55,
  24.55,
  24.54,
  24.51,
  24.53
 ]
}