{
 "theta_star": 39.05439959374698,
 "after_same_kick": 33.28174746622424,
 "after_orth_kick": 33.294629518492854,
 "traj_same": [
  3.86,
  8.73,
  12.26,
  14.95,
  17.16,
  19.03,
  20.61,
  21.99,
  23.2,
  24.23,
  25.07,
  25.79,
  26.46,
  27.03,
  27.53,
  27.96,
  28.41,
  28.76,
  29.01,
  29.25,
  29.5,
  29.73,
  29.84,
  30.03,
  30.27,
  30.45,
  30.6,
  30.78,
  30.9,
  31.07,
  31.16,
  31.26,
  31.37,
  31.44,
  31.52,
  31.58,
  31.66,
  31.73,
  31.82,
  31.92,
  32.01,
  32.09,
  32.18,
  32.25,
  32.36,
  32.42,
  32.41,
  32.49,
  32.55,
  32.6,
  32.58,
  32.64,
  32.68,
  32.73,
  32.72,
  32.75,
  32.79,
  32.89,
  32.95,
  32.96,
  33.05,
  33.1,
  33.14,
  33.14,
  33.13,
  33.12,
  33.09,
  33.1,
  33.16,
  33.19,
  33.26,
  33.29,
  33.33,
  33.36,
  33.36,
  33.35,
  33.38,
  33.42,
  33.47,
  33.51,
  33.53,
  33.58,
  33.51,
  33.48,
  33.41,
  33.43,
  33.44,
  33.42,
  33.46,
  33.41,
  33.39,
  33.35,
  33.29,
  33.26,
  33.22,
  33.26,
  33.25,
  33.24,
  33.26,
  33.3
 ],
 "traj_orth": [
  89.73,
  86.62,
  82.63,
  77.82,
  72.33,
  66.34,
  60.13,
  53.91,
  48.01,
  42.39,
  37.43,
  32.98,
  29.24,
  26.28,
  24.07,
  22.49,
  21.5,
  21.02,
  20.93,
  21.16,
  21.61,
  22.22,
  22.79,
  23.46,
  24.16,
  24.77,
  25.36,
  25.93,
  26.44,
  26.94,
  27.38,
  27.78,
  28.18,
  28.5,
  28.81,
  29.11,
  29.39,
  29.65,
  29.91,
  30.14,
  30.36,
  30.54,
  30.74,
  30.92,
  31.11,
  31.27,
  31.34,
  31.47,
  31.6,
  31.71,
  31.76,
  31.88,
  31.99,
  32.08,
  32.1,
  32.17,
  32.25,
  32.38,
  32.47,
  32.51,
  32.62,
  32.67,
  32.72,
  32.73,
  32.75,
  32.76,
  32.75,
  32.77,
  32.85,
  32.9,
  33.0,
  33.04,
  33.1,
  33.15,
  33.17,
  33.17,
  33.18,
  33.19,
  33.23,
  33.29,
  33.33,
  33.41,
  33.37,
  33.35,
  33.29,
  33.3,
  33.3,
  33.28,
  33.36,
  33.34,
  33.36,
  33.33,
  33.28,
  33.25,
  33.21,
  33.25,
  33.28,
  33.29,
  33.32,
  33.37
 ]
}