{
 "theta_star": 39.27611245850267,
 "after_same_kick": 34.419555208073156,
 "after_orth_kick": 34.29785615633681,
 "traj_same": [
  3.45,
  8.59,
  12.28,
  15.03,
  17.26,
  19.14,
  20.72,
  22.06,
  23.2,
  24.13,
  24.99,
  25.71,
  26.33,
  26.86,
  27.29,
  27.68,
  27.98,
  28.28,
  28.54,
  28.79,
  29.03,
  29.23,
  29.37,
  29.5,
  29.6,
  29.76,
  29.83,
  29.96,
  30.09,
  30.2,
  30.3,
  30.4,
  30.48,
  30.62,
  30.79,
  30.94,
  31.06,
  31.16,
  31.3,
  31.43,
  31.54,
  31.65,
  31.76,
  31.87,
  32.02,
  32.12,
  32.19,
  32.23,
  32.3,
  32.36,
  32.43,
  32.47,
  32.52,
  32.59,
  32.69,
  32.75,
  32.77,
  32.88,
  32.92,
  32.94,
  32.95,
  32.9,
  32.93,
  32.91,
  32.91,
  32.95,
  32.96,
  33.0,
  33.0,
  33.03,
  33.14,
  33.21,
  33.26,
  33.32,
  33.37,
  33.41,
  33.45,
  33.5,
  33.58,
  33.61,
  33.73,
  33.79,
  33.81,
  33.84,
  33.91,
  33.93,
  34.0,
  34.09,
  34.15,
  34.21,
  34.23,
  34.25,
  34.32,
  34.3,
  34.39,
  34.43,
  34.5,
  34.51,
  34.59,
  34.67
 ],
 "traj_orth": [
  89.73,
  86.59,
  82.56,
  77.69,
  72.15,
  66.12,
  59.94,
  53.87,
  48.06,
  42.76,
  38.01,
  33.81,
  30.26,
  27.32,
  25.0,
  23.34,
  22.28,
  21.68,
  21.59,
  21.76,
  22.11,
  22.54,
  23.05,
  23.57,
  24.13,
  24.75,
  25.27,
  25.75,
  26.26,
  26.72,
  27.14,
  27.52,
  27.95,
  28.29,
  28.63,
  28.97,
  29.26,
  29.52,
  29.77,
  30.02,
  30.28,
  30.45,
  30.63,
  30.78,
  30.92,
  31.09,
  31.22,
  31.36,
  31.48,
  31.58,
  31.72,
  31.79,
  31.85,
  31.93,
  32.02,
  32.11,
  32.17,
  32.26,
  32.33,
  32.43,
  32.49,
  32.56,
  32.6,
  32.63,
  32.64,
  32.67,
  32.67,
  32.68,
  32.69,
  32.75,
  32.85,
  32.91,
  33.01,
  33.03,
  33.11,
  33.15,
  33.21,
  33.32,
  33.41,
  33.48,
  33.59,
  33.63,
  33.67,
  33.8,
  33.85,
  33.92,
  33.92,
  33.95,
  34.02,
  34.08,
  34.14,
  34.16,
  34.18,
  34.21,
  34.26,
  34.31,
  34.35,
  34.4,
  34.47,
  34.49
 ]
}