{
 "theta_star": 26.48787511754571,
 "after_same_kick": 25.495310639776875,
 "after_orth_kick": 25.707170126330368,
 "traj_same": [
  3.29,
  8.46,
  11.9,
  14.35,
  16.29,
  17.81,
  19.03,
  20.02,
  20.84,
  21.48,
  21.99,
  22.4,
  22.74,
  23.04,
  23.3,
  23.49,
  23.65,
  23.78,
  23.88,
  23.98,
  24.04,
  24.09,
  24.16,
  24.21,
  24.25,
  24.3,
  24.32,
  24.37,
  24.42,
  24.4,
  24.43,
  24.45,
  24.47,
  24.49,
  24.49,
  24.53,
  24.58,
  24.65,
  24.7,
  24.72,
  24.76,
  24.77,
  24.77,
  24.78,
  24.76,
  24.81,
  24.88,
  24.97,
  25.07,
  25.12,
  25.2,
  25.19,
  25.2,
  25.19,
  25.2,
  25.23,
  25.28,
  25.29,
  25.29,
  25.29,
  25.29,
  25.32,
  25.33,
  25.36,
  25.4,
  25.42,
  25.37,
  25.4,
  25.41,
  25.44,
  25.44,
  25.47,
  25.52,
  25.58,
  25.56,
  25.59,
  25.58,
  25.6,
  25.57,
  25.55,
  25.57,
  25.57,
  25.59,
  25.59,
  25.61,
  25.64,
  25.66,
  25.68,
  25.67,
  25.63,
  25.59,
  25.6,
  25.56,
  25.55,
  25.48,
  25.44,
  25.43,
  25.43,
  25.42,
  25.46
 ],
 "traj_orth": [
  89.72,
  86.37,
  81.59,
  75.35,
  67.94,
  59.87,
  51.63,
  43.83,
  36.78,
  30.88,
  26.22,
  22.75,
  20.33,
  18.84,
  18.17,
  18.02,
  18.19,
  18.62,
  19.15,
  19.74,
  20.29,
  20.84,
  21.39,
  21.87,
  22.29,
  22.67,
  22.99,
  23.3,
  23.56,
  23.74,
  23.94,
  24.09,
  24.22,
  24.33,
  24.4,
  24.49,
  24.59,
  24.7,
  24.79,
  24.83,
  24.89,
  24.9,
  24.9,
  24.89,
  24.88,
  24.92,
  24.98,
  25.03,
  25.05,
  25.04,
  25.07,
  25.07,
  25.1,
  25.1,
  25.1,
  25.13,
  25.19,
  25.21,
  25.22,
  25.22,
  25.21,
  25.2,
  25.14,
  25.16,
  25.2,
  25.24,
  25.23,
  25.25,
  25.27,
  25.3,
  25.32,
  25.36,
  25.39,
  25.42,
  25.38,
  25.4,
  25.41,
  25.47,
  25.52,
  25.54,
  25.57,
  25.58,
  25.58,
  25.58,
  25.6,
  25.61,
  25.62,
  25.61,
  25.61,
  25.62,
  25.64,
  25.7,
  25.71,
  25.72,
  25.68,
  25.7,
  25.73,
  25.74,
  25.73,
  25.74
 ]
}