{
 "theta_star": 29.488204245254693,
 "after_same_kick": 25.360853457542028,
 "after_orth_kick": 25.552615881277198,
 "traj_same": [
  3.54,
  8.73,
  12.26,
  14.72,
  16.58,
  18.05,
  19.23,
  20.12,
  20.88,
  21.46,
  21.98,
  22.4,
  22.77,
  23.06,
  23.31,
  23.47,
  23.64,
  23.75,
  23.83,
  23.88,
  23.9,
  23.94,
  23.98,
  23.99,
  24.01,
  24.09,
  24.13,
  24.21,
  24.27,
  24.31,
  24.35,
  24.35,
  24.34,
  24.32,
  24.3,
  24.38,
  24.43,
  24.4,
  24.44,
  24.46,
  24.45,
  24.43,
  24.45,
  24.49,
  24.5,
  24.52,
  24.56,
  24.57,
  24.6,
  24.62,
  24.64,
  24.66,
  24.71,
  24.73,
  24.74,
  24.8,
  24.88,
  24.9,
  24.95,
  24.99,
  25.03,
  25.06,
  25.06,
  25.04,
  25.01,
  24.97,
  25.01,
  25.02,
  25.01,
  25.04,
  25.07,
  25.1,
  25.12,
  25.12,
  25.13,
  25.14,
  25.15,
  25.18,
  25.22,
  25.27,
  25.31,
  25.37,
  25.37,
  25.4,
  25.37,
  25.35,
  25.32,
  25.29,
  25.33,
  25.33,
  25.41,
  25.42,
  25.4,
  25.39,
  25.37,
  25.34,
  25.36,
  25.33,
  25.3,
  25.29
 ],
 "traj_orth": [
  89.73,
  86.4,
  81.63,
  75.48,
  68.28,
  60.57,
  52.82,
  45.45,
  38.77,
  32.99,
  28.33,
  24.74,
  22.2,
  20.54,
  19.57,
  19.2,
  19.2,
  19.37,
  19.71,
  20.12,
  20.61,
  21.09,
  21.49,
  21.81,
  22.15,
  22.53,
  22.84,
  23.17,
  23.43,
  23.64,
  23.86,
  24.01,
  24.14,
  24.2,
  24.24,
  24.36,
  24.44,
  24.45,
  24.52,
  24.57,
  24.59,
  24.59,
  24.58,
  24.6,
  24.6,
  24.63,
  24.69,
  24.73,
  24.78,
  24.8,
  24.81,
  24.82,
  24.85,
  24.87,
  24.85,
  24.9,
  24.98,
  25.01,
  25.06,
  25.11,
  25.14,
  25.15,
  25.15,
  25.14,
  25.12,
  25.09,
  25.15,
  25.16,
  25.17,
  25.18,
  25.21,
  25.23,
  25.22,
  25.22,
  25.25,
  25.28,
  25.33,
  25.38,
  25.41,
  25.44,
  25.46,
  25.48,
  25.46,
  25.51,
  25.53,
  25.54,
  25.53,
  25.5,
  25.54,
  25.51,
  25.56,
  25.57,
  25.54,
  25.54,
  25.54,
  25.52,
  25.58,
  25.59,
  25.56,
  25.54
 ]
}