{
 "theta_star": 40.76672252639704,
 "after_same_kick": 33.2187224629801,
 "after_orth_kick": 33.14541173080356,
 "traj_same": [
  3.53,
  8.57,
  12.13,
  14.76,
  16.88,
  18.69,
  20.21,
  21.52,
  22.66,
  23.69,
  24.56,
  25.35,
  26.07,
  26.68,
  27.18,
  27.59,
  27.97,
  28.29,
  28.62,
  28.9,
  29.15,
  29.41,
  29.64,
  29.86,
  30.02,
  30.17,
  30.34,
  30.47,
  30.61,
  30.77,
  30.92,
  31.05,
  31.17,
  31.26,
  31.34,
  31.4,
  31.47,
  31.55,
  31.67,
  31.8,
  31.91,
  32.0,
  32.08,
  32.14,
  32.15,
  32.21,
  32.23,
  32.24,
  32.29,
  32.31,
  32.34,
  32.34,
  32.37,
  32.36,
  32.36,
  32.34,
  32.34,
  32.34,
  32.33,
  32.31,
  32.28,
  32.29,
  32.28,
  32.29,
  32.26,
  32.26,
  32.26,
  32.31,
  32.32,
  32.32,
  32.32,
  32.34,
  32.37,
  32.44,
  32.48,
  32.55,
  32.59,
  32.62,
  32.66,
  32.68,
  32.71,
  32.74,
  32.73,
  32.76,
  32.81,
  32.89,
  32.9,
  32.93,
  32.98,
  33.03,
  33.04,
  33.1,
  33.13,
  33.18,
  33.16,
  33.23,
  33.25,
  33.29,
  33.38,
  33.43
 ],
 "traj_orth": [
  89.74,
  86.8,
  82.93,
  78.3,
  73.02,
  67.23,
  61.3,
  55.41,
  49.83,
  44.68,
  40.02,
  35.89,
  32.43,
  29.53,
  27.32,
  25.6,
  24.45,
  23.73,
  23.37,
  23.3,
  23.46,
  23.82,
  24.29,
  24.81,
  25.3,
  25.8,
  26.3,
  26.78,
  27.24,
  27.68,
  28.09,
  28.49,
  28.84,
  29.14,
  29.39,
  29.61,
  29.84,
  30.02,
  30.25,
  30.45,
  30.61,
  30.74,
  30.86,
  30.95,
  31.02,
  31.15,
  31.2,
  31.23,
  31.27,
  31.31,
  31.36,
  31.42,
  31.5,
  31.54,
  31.56,
  31.54,
  31.55,
  31.58,
  31.62,
  31.66,
  31.71,
  31.81,
  31.89,
  31.98,
  32.02,
  32.07,
  32.13,
  32.19,
  32.24,
  32.25,
  32.28,
  32.33,
  32.38,
  32.45,
  32.47,
  32.52,
  32.54,
  32.57,
  32.62,
  32.66,
  32.69,
  32.71,
  32.68,
  32.69,
  32.73,
  32.8,
  32.82,
  32.85,
  32.9,
  32.93,
  32.92,
  32.99,
  33.0,
  33.04,
  33.03,
  33.14,
  33.2,
  33.27,
  33.39,
  33.48
 ]
}