{
 "theta_star": 20.88716275036118,
 "after_same_kick": 20.792811086085656,
 "after_orth_kick": 20.802319691171075,
 "traj_same": [
  2.82,
  8.28,
  11.76,
  14.07,
  15.72,
  16.9,
  17.78,
  18.42,
  18.9,
  19.3,
  19.58,
  19.78,
  19.9,
  20.02,
  20.13,
  20.21,
  20.25,
  20.29,
  20.35,
  20.39,
  20.45,
  20.46,
  20.46,
  20.48,
  20.49,
  20.48,
  20.5,
  20.51,
  20.51,
  20.54,
  20.56,
  20.58,
  20.59,
  20.59,
  20.62,
  20.61,
  20.63,
  20.64,
  20.63,
  20.62,
  20.62,
  20.61,
  20.6,
  20.59,
  20.54,
  20.57,
  20.6,
  20.6,
  20.61,
  20.61,
  20.62,
  20.61,
  20.63,
  20.65,
  20.67,
  20.67,
  20.67,
  20.64,
  20.64,
  20.62,
  20.62,
  20.65,
  20.68,
  20.69,
  20.74,
  20.74,
  20.74,
  20.73,
  20.72,
  20.76,
  20.8,
  20.8,
  20.79,
  20.74,
  20.68,
  20.64,
  20.63,
  20.63,
  20.62,
  20.62,
  20.62,
  20.64,
  20.66,
  20.68,
  20.67,
  20.66,
  20.69,
  20.72,
  20.72,
  20.77,
  20.75,
  20.76,
  20.8,
  20.81,
  20.81,
  20.79,
  20.8,
  20.79,
  20.81,
  20.81
 ],
 "traj_orth": [
  89.71,
  85.98,
  79.97,
  71.56,
  61.63,
  51.37,
  41.78,
  33.41,
  26.57,
  21.53,
  18.29,
  16.57,
  15.92,
  15.9,
  16.24,
  16.72,
  17.25,
  17.79,
  18.29,
  18.73,
  19.12,
  19.43,
  19.65,
  19.85,
  20.02,
  20.14,
  20.26,
  20.37,
  20.42,
  20.49,
  20.54,
  20.57,
  20.59,
  20.57,
  20.55,
  20.49,
  20.5,
  20.49,
  20.51,
  20.51,
  20.53,
  20.52,
  20.51,
  20.51,
  20.49,
  20.52,
  20.55,
  20.54,
  20.55,
  20.56,
  20.58,
  20.57,
  20.6,
  20.62,
  20.64,
  20.64,
  20.64,
  20.62,
  20.61,
  20.61,
  20.6,
  20.62,
  20.64,
  20.63,
  20.66,
  20.66,
  20.67,
  20.66,
  20.64,
  20.64,
  20.68,
  20.7,
  20.73,
  20.72,
  20.71,
  20.7,
  20.72,
  20.78,
  20.81,
  20.81,
  20.79,
  20.76,
  20.73,
  20.73,
  20.74,
  20.74,
  20.77,
  20.79,
  20.77,
  20.79,
  20.77,
  20.78,
  20.83,
  20.83,
  20.81,
  20.79,
  20.8,
  20.78,
  20.81,
  20.83
 ]
}