{
 "theta_star": 8.609473488315942,
 "after_same_kick": 5.409195722368348,
 "after_orth_kick": 5.410296378130925,
 "traj_same": [
  1.43,
  4.82,
  5.33,
  5.42,
  5.44,
  5.44,
  5.45,
  5.42,
  5.42,
  5.42,
  5.42,
  5.4,
  5.41,
  5.41,
  5.41,
  5.42,
  5.43,
  5.44,
  5.43,
  5.41,
  5.42,
  5.41,
  5.42,
  5.41,
  5.41,
  5.42,
  5.42,
  5.42,
  5.43,
  5.41,
  5.44,
  5.43,
  5.42,
  5.42,
  5.4,
  5.42,
  5.43,
  5.41,
  5.41,
  5.41,
  5.41,
  5.39,
  5.39,
  5.4,
  5.39,
  5.4,
  5.41,
  5.41,
  5.41,
  5.4,
  5.39,
  5.4,
  5.41,
  5.4,
  5.4,
  5.41,
  5.43,
  5.42,
  5.41,
  5.41,
  5.42,
  5.41,
  5.42,
  5.4,
  5.4,
  5.39,
  5.4,
  5.4,
  5.4,
  5.41,
  5.41,
  5.41,
  5.4,
  5.4,
  5.41,
  5.4,
  5.41,
  5.41,
  5.41,
  5.4,
  5.4,
  5.39,
  5.39,
  5.4,
  5.39,
  5.41,
  5.41,
  5.39,
  5.4,
  5.4,
  5.41,
  5.42,
  5.41,
  5.4,
  5.41,
  5.41,
  5.41,
  5.41,
  5.41,
  5.41
 ],
 "traj_orth": [
  89.73,
  86.12,
  79.66,
  69.31,
  55.77,
  41.52,
  28.68,
  18.77,
  12.3,
  8.74,
  7.02,
  6.3,
  6.04,
  5.95,
  5.86,
  5.73,
  5.63,
  5.58,
  5.55,
  5.52,
  5.51,
  5.46,
  5.45,
  5.43,
  5.41,
  5.41,
  5.41,
  5.41,
  5.42,
  5.39,
  5.41,
  5.41,
  5.4,
  5.41,
  5.39,
  5.42,
  5.43,
  5.41,
  5.41,
  5.41,
  5.41,
  5.39,
  5.39,
  5.4,
  5.39,
  5.4,
  5.41,
  5.41,
  5.41,
  5.4,
  5.39,
  5.39,
  5.4,
  5.39,
  5.39,
  5.4,
  5.42,
  5.41,
  5.41,
  5.41,
  5.42,
  5.41,
  5.41,
  5.39,
  5.4,
  5.39,
  5.4,
  5.4,
  5.4,
  5.41,
  5.41,
  5.41,
  5.4,
  5.4,
  5.41,
  5.4,
  5.41,
  5.41,
  5.41,
  5.41,
  5.41,
  5.39,
  5.39,
  5.4,
  5.4,
  5.41,
  5.41,
  5.4,
  5.4,
  5.41,
  5.41,
  5.42,
  5.41,
  5.4,
  5.41,
  5.41,
  5.41,
  5.41,
  5.42,
  5.41
 ]
}