{
 "theta_star": 39.14334890687994,
 "after_same_kick": 33.43312651320739,
 "after_orth_kick": 33.587896686784504,
 "traj_same": [
  3.44,
  8.52,
  12.04,
  14.67,
  16.85,
  18.65,
  20.19,
  21.53,
  22.72,
  23.72,
  24.57,
  25.29,
  25.94,
  26.53,
  27.07,
  27.51,
  27.87,
  28.23,
  28.53,
  28.8,
  29.04,
  29.23,
  29.42,
  29.6,
  29.76,
  29.92,
  30.04,
  30.16,
  30.29,
  30.37,
  30.46,
  30.53,
  30.61,
  30.68,
  30.71,
  30.8,
  30.85,
  30.92,
  30.99,
  31.07,
  31.18,
  31.25,
  31.36,
  31.47,
  31.52,
  31.63,
  31.71,
  31.79,
  31.84,
  31.88,
  31.96,
  31.98,
  32.09,
  32.14,
  32.15,
  32.16,
  32.23,
  32.22,
  32.23,
  32.29,
  32.37,
  32.49,
  32.57,
  32.62,
  32.64,
  32.69,
  32.66,
  32.71,
  32.72,
  32.75,
  32.78,
  32.82,
  32.84,
  32.85,
  32.83,
  32.88,
  32.92,
  32.96,
  32.99,
  33.05,
  33.11,
  33.14,
  33.13,
  33.11,
  33.12,
  33.12,
  33.14,
  33.15,
  33.22,
  33.3,
  33.38,
  33.44,
  33.46,
  33.47,
  33.44,
  33.41,
  33.44,
  33.43,
  33.41,
  33.44
 ],
 "traj_orth": [
  89.73,
  86.59,
  82.58,
  77.75,
  72.22,
  66.15,
  59.8,
  53.39,
  47.24,
  41.5,
  36.3,
  31.8,
  28.09,
  25.12,
  22.91,
  21.34,
  20.39,
  19.96,
  19.99,
  20.28,
  20.81,
  21.45,
  22.1,
  22.77,
  23.46,
  24.11,
  24.75,
  25.41,
  26.0,
  26.53,
  27.02,
  27.46,
  27.8,
  28.12,
  28.45,
  28.75,
  29.01,
  29.27,
  29.51,
  29.74,
  29.96,
  30.15,
  30.36,
  30.53,
  30.62,
  30.72,
  30.82,
  30.91,
  30.99,
  31.06,
  31.1,
  31.2,
  31.24,
  31.3,
  31.37,
  31.45,
  31.49,
  31.57,
  31.66,
  31.73,
  31.81,
  31.88,
  31.94,
  32.03,
  32.14,
  32.19,
  32.25,
  32.33,
  32.37,
  32.39,
  32.43,
  32.51,
  32.59,
  32.66,
  32.75,
  32.84,
  32.9,
  33.0,
  33.01,
  33.05,
  33.15,
  33.21,
  33.28,
  33.41,
  33.42,
  33.48,
  33.5,
  33.5,
  33.5,
  33.53,
  33.53,
  33.52,
  33.53,
  33.62,
  33.63,
  33.62,
  33.65,
  33.61,
  33.56,
  33.6
 ]
}