{
 "theta_star": 22.337503678078793,
 "after_same_kick": 20.47605885417773,
 "after_orth_kick": 20.504087125917735,
 "traj_same": [
  3.27,
  8.37,
  11.65,
  13.86,
  15.52,
  16.72,
  17.58,
  18.23,
  18.69,
  19.08,
  19.35,
  19.57,
  19.74,
  19.88,
  19.96,
  20.01,
  20.11,
  20.14,
  20.2,
  20.23,
  20.28,
  20.3,
  20.31,
  20.36,
  20.41,
  20.46,
  20.48,
  20.5,
  20.56,
  20.56,
  20.57,
  20.55,
  20.57,
  20.58,
  20.61,
  20.62,
  20.58,
  20.59,
  20.59,
  20.57,
  20.55,
  20.58,
  20.57,
  20.59,
  20.59,
  20.55,
  20.53,
  20.54,
  20.54,
  20.56,
  20.61,
  20.63,
  20.63,
  20.63,
  20.65,
  20.66,
  20.64,
  20.65,
  20.64,
  20.66,
  20.69,
  20.66,
  20.66,
  20.65,
  20.65,
  20.65,
  20.69,
  20.73,
  20.75,
  20.7,
  20.68,
  20.68,
  20.69,
  20.7,
  20.68,
  20.64,
  20.63,
  20.59,
  20.57,
  20.54,
  20.57,
  20.58,
  20.59,
  20.56,
  20.54,
  20.54,
  20.54,
  20.49,
  20.5,
  20.5,
  20.5,
  20.52,
  20.48,
  20.47,
  20.45,
  20.43,
  20.45,
  20.47,
  20.48,
  20.51
 ],
 "traj_orth": [
  89.73,
  86.26,
  80.58,
  72.66,
  63.21,
  53.35,
  44.05,
  35.85,
  29.04,
  23.83,
  20.22,
  18.01,
  16.95,
  16.61,
  16.67,
  16.99,
  17.42,
  17.84,
  18.22,
  18.55,
  18.86,
  19.14,
  19.42,
  19.66,
  19.92,
  20.11,
  20.26,
  20.34,
  20.43,
  20.44,
  20.48,
  20.51,
  20.52,
  20.55,
  20.57,
  20.61,
  20.63,
  20.66,
  20.64,
  20.57,
  20.55,
  20.55,
  20.59,
  20.65,
  20.68,
  20.72,
  20.76,
  20.77,
  20.8,
  20.8,
  20.85,
  20.86,
  20.87,
  20.88,
  20.89,
  20.89,
  20.89,
  20.88,
  20.88,
  20.87,
  20.87,
  20.9,
  20.9,
  20.89,
  20.93,
  20.96,
  20.93,
  20.86,
  20.83,
  20.84,
  20.81,
  20.81,
  20.84,
  20.85,
  20.88,
  20.89,
  20.89,
  20.87,
  20.87,
  20.86,
  20.82,
  20.82,
  20.8,
  20.78,
  20.76,
  20.74,
  20.69,
  20.65,
  20.58,
  20.52,
  20.52,
  20.5,
  20.49,
  20.5,
  20.49,
  20.5,
  20.51,
  20.5,
  20.5,
  20.54
 ]
}