{
 "theta_star": 37.891976223485464,
 "after_same_kick": 7.141066907147641,
 "after_orth_kick": 7.271255764645247,
 "traj_same": [
  2.09,
  5.5,
  6.41,
  6.7,
  6.83,
  6.86,
  6.88,
  6.9,
  6.88,
  6.9,
  6.91,
  6.92,
  6.92,
  6.92,
  6.9,
  6.88,
  6.91,
  6.89,
  6.9,
  6.9,
  6.93,
  6.93,
  6.92,
  6.93,
  6.93,
  6.93,
  6.91,
  6.91,
  6.93,
  6.92,
  6.95,
  6.94,
  6.94,
  6.92,
  6.93,
  6.93,
  6.91,
  6.93,
  6.93,
  6.91,
  6.91,
  6.94,
  6.92,
  6.92,
  6.93,
  6.92,
  6.91,
  6.94,
  6.93,
  6.92,
  6.93,
  6.94,
  6.92,
  6.93,
  6.93,
  6.94,
  6.94,
  6.96,
  6.94,
  6.94,
  6.94,
  6.93,
  6.92,
  6.93,
  6.95,
  6.93,
  6.92,
  6.95,
  6.97,
  6.93,
  6.92,
  6.94,
  6.95,
  6.97,
  6.97,
  6.98,
  7.01,
  7.03,
  7.05,
  7.03,
  7.05,
  7.05,
  7.05,
  7.06,
  7.09,
  7.09,
  7.08,
  7.06,
  7.07,
  7.07,
  7.06,
  7.1,
  7.11,
  7.15,
  7.12,
  7.12,
  7.14,
  7.16,
  7.21,
  7.22
 ],
 "traj_orth": [
  89.73,
  86.53,
  81.66,
  74.66,
  65.46,
  54.72,
  43.86,
  33.82,
  25.15,
  18.27,
  13.37,
  10.26,
  8.86,
  8.34,
  8.07,
  7.97,
  7.89,
  7.84,
  7.74,
  7.63,
  7.53,
  7.51,
  7.55,
  7.61,
  7.65,
  7.57,
  7.49,
  7.4,
  7.37,
  7.3,
  7.32,
  7.31,
  7.29,
  7.24,
  7.22,
  7.2,
  7.18,
  7.18,
  7.17,
  7.16,
  7.17,
  7.17,
  7.18,
  7.24,
  7.25,
  7.25,
  7.25,
  7.26,
  7.32,
  7.29,
  7.31,
  7.34,
  7.37,
  7.37,
  7.35,
  7.36,
  7.39,
  7.37,
  7.34,
  7.32,
  7.33,
  7.36,
  7.38,
  7.37,
  7.38,
  7.36,
  7.35,
  7.32,
  7.3,
  7.32,
  7.31,
  7.34,
  7.34,
  7.35,
  7.35,
  7.34,
  7.35,
  7.33,
  7.34,
  7.3,
  7.28,
  7.31,
  7.32,
  7.33,
  7.31,
  7.31,
  7.3,
  7.29,
  7.3,
  7.3,
  7.31,
  7.31,
  7.32,
  7.31,
  7.24,
  7.24,
  7.22,
  7.25,
  7.27,
  7.26
 ]
}