{
 "theta_star": 69.77045110596023,
 "after_same_kick": 57.63568028912031,
 "after_orth_kick": 55.626518424627875,
 "traj_same": [
  3.86,
  8.8,
  12.57,
  15.54,
  18.03,
  20.17,
  22.07,
  23.76,
  25.31,
  26.76,
  28.06,
  29.23,
  30.28,
  31.31,
  32.24,
  33.11,
  33.9,
  34.67,
  35.43,
  36.14,
  36.9,
  37.56,
  38.17,
  38.79,
  39.4,
  39.95,
  40.48,
  41.0,
  41.52,
  42.1,
  42.64,
  43.13,
  43.6,
  44.09,
  44.55,
  44.97,
  45.48,
  45.88,
  46.32,
  46.69,
  47.07,
  47.42,
  47.75,
  48.08,
  48.34,
  48.68,
  48.99,
  49.31,
  49.69,
  49.96,
  50.25,
  50.52,
  50.86,
  51.13,
  51.42,
  51.7,
  51.93,
  52.11,
  52.29,
  52.47,
  52.7,
  52.97,
  53.21,
  53.37,
  53.64,
  53.78,
  53.95,
  54.1,
  54.28,
  54.45,
  54.62,
  54.73,
  54.96,
  55.14,
  55.19,
  55.32,
  55.46,
  55.59,
  55.76,
  55.95,
  56.03,
  56.16,
  56.28,
  56.41,
  56.46,
  56.56,
  56.65,
  56.84,
  56.95,
  57.13,
  57.2,
  57.32,
  57.38,
  57.47,
  57.56,
  57.63,
  57.77,
  57.87,
  58.03,
  58.13
 ],
 "traj_orth": [
  89.71,
  86.56,
  82.84,
  78.62,
  74.01,
  69.13,
  64.07,
  59.03,
  54.05,
  49.24,
  44.74,
  40.49,
  36.61,
  33.18,
  30.24,
  27.86,
  26.02,
  24.71,
  23.9,
  23.51,
  23.45,
  23.7,
  24.21,
  24.86,
  25.57,
  26.43,
  27.27,
  28.22,
  29.14,
  30.04,
  30.88,
  31.78,
  32.63,
  33.46,
  34.28,
  35.04,
  35.75,
  36.45,
  37.1,
  37.72,
  38.34,
  38.96,
  39.54,
  40.07,
  40.58,
  41.11,
  41.57,
  42.08,
  42.56,
  42.99,
  43.44,
  43.86,
  44.29,
  44.73,
  45.13,
  45.6,
  46.0,
  46.37,
  46.79,
  47.16,
  47.52,
  47.91,
  48.27,
  48.57,
  48.94,
  49.35,
  49.68,
  50.0,
  50.27,
  50.57,
  50.81,
  51.05,
  51.36,
  51.6,
  51.87,
  52.15,
  52.41,
  52.61,
  52.84,
  53.09,
  53.4,
  53.61,
  53.79,
  53.98,
  54.18,
  54.38,
  54.52,
  54.67,
  54.89,
  55.05,
  55.13,
  55.21,
  55.29,
  55.46,
  55.55,
  55.69,
  55.82,
  55.93,
  56.03,
  56.17
 ]
}