{
 "theta_star": 8.370182974422804,
 "after_same_kick": 5.3318051076081145,
 "after_orth_kick": 5.339709558382486,
 "traj_same": [
  1.39,
  4.7,
  5.2,
  5.3,
  5.33,
  5.35,
  5.33,
  5.34,
  5.35,
  5.35,
  5.36,
  5.34,
  5.34,
  5.34,
  5.34,
  5.35,
  5.36,
  5.37,
  5.36,
  5.35,
  5.35,
  5.35,
  5.34,
  5.34,
  5.37,
  5.35,
  5.36,
  5.36,
  5.36,
  5.35,
  5.35,
  5.35,
  5.35,
  5.35,
  5.34,
  5.35,
  5.35,
  5.35,
  5.35,
  5.35,
  5.37,
  5.35,
  5.35,
  5.35,
  5.36,
  5.36,
  5.35,
  5.35,
  5.34,
  5.34,
  5.32,
  5.34,
  5.35,
  5.34,
  5.34,
  5.33,
  5.34,
  5.35,
  5.34,
  5.33,
  5.33,
  5.33,
  5.33,
  5.32,
  5.33,
  5.33,
  5.33,
  5.32,
  5.33,
  5.33,
  5.33,
  5.33,
  5.33,
  5.34,
  5.34,
  5.34,
  5.35,
  5.33,
  5.34,
  5.34,
  5.33,
  5.34,
  5.34,
  5.34,
  5.33,
  5.34,
  5.34,
  5.34,
  5.35,
  5.33,
  5.32,
  5.34,
  5.33,
  5.34,
  5.34,
  5.34,
  5.33,
  5.33,
  5.33,
  5.33
 ],
 "traj_orth": [
  89.73,
  86.12,
  79.71,
  69.43,
  55.68,
  40.82,
  27.57,
  17.67,
  11.45,
  7.76,
  6.43,
  6.13,
  5.95,
  5.74,
  5.59,
  5.52,
  5.51,
  5.52,
  5.52,
  5.54,
  5.55,
  5.57,
  5.53,
  5.51,
  5.52,
  5.51,
  5.53,
  5.55,
  5.56,
  5.53,
  5.51,
  5.51,
  5.5,
  5.51,
  5.51,
  5.53,
  5.54,
  5.53,
  5.51,
  5.5,
  5.5,
  5.48,
  5.49,
  5.5,
  5.49,
  5.49,
  5.46,
  5.42,
  5.37,
  5.36,
  5.34,
  5.36,
  5.36,
  5.35,
  5.34,
  5.33,
  5.34,
  5.35,
  5.34,
  5.33,
  5.34,
  5.34,
  5.34,
  5.32,
  5.33,
  5.33,
  5.33,
  5.32,
  5.33,
  5.33,
  5.32,
  5.33,
  5.33,
  5.33,
  5.34,
  5.34,
  5.35,
  5.32,
  5.34,
  5.34,
  5.33,
  5.34,
  5.33,
  5.34,
  5.32,
  5.33,
  5.34,
  5.34,
  5.35,
  5.34,
  5.33,
  5.34,
  5.33,
  5.34,
  5.34,
  5.35,
  5.34,
  5.34,
  5.34,
  5.34
 ]
}