{
 "theta_star": 35.930210289013864,
 "after_same_kick": 7.0437087855271985,
 "after_orth_kick": 7.210946671237785,
 "traj_same": [
  1.88,
  5.58,
  6.53,
  6.88,
  6.98,
  7.02,
  7.04,
  7.06,
  7.05,
  7.04,
  7.04,
  7.03,
  7.03,
  7.03,
  7.03,
  7.02,
  7.03,
  7.03,
  7.03,
  7.04,
  7.04,
  7.05,
  7.06,
  7.06,
  7.05,
  7.03,
  7.03,
  7.02,
  7.03,
  7.04,
  7.04,
  7.03,
  7.02,
  7.03,
  7.02,
  7.03,
  7.02,
  7.01,
  7.02,
  7.01,
  7.01,
  7.02,
  7.01,
  7.02,
  7.01,
  7.0,
  7.0,
  6.99,
  6.99,
  6.99,
  7.0,
  7.0,
  7.01,
  7.01,
  7.01,
  7.0,
  6.99,
  6.99,
  7.0,
  7.01,
  7.01,
  7.0,
  7.0,
  7.0,
  6.97,
  6.99,
  6.99,
  7.0,
  6.97,
  6.99,
  7.0,
  6.99,
  7.0,
  7.0,
  6.99,
  7.0,
  7.0,
  7.02,
  7.01,
  7.0,
  7.0,
  6.99,
  6.99,
  6.99,
  7.0,
  7.0,
  6.99,
  7.01,
  7.01,
  7.02,
  7.02,
  7.02,
  7.02,
  7.03,
  7.04,
  7.03,
  7.04,
  7.06,
  7.09,
  7.09
 ],
 "traj_orth": [
  89.73,
  86.4,
  81.33,
  74.0,
  64.39,
  53.41,
  42.46,
  32.59,
  24.41,
  18.22,
  14.2,
  11.95,
  10.7,
  9.92,
  9.47,
  9.18,
  8.98,
  8.69,
  8.4,
  8.19,
  8.04,
  7.94,
  7.88,
  7.79,
  7.66,
  7.5,
  7.43,
  7.36,
  7.36,
  7.37,
  7.37,
  7.36,
  7.38,
  7.39,
  7.37,
  7.35,
  7.34,
  7.33,
  7.34,
  7.32,
  7.31,
  7.31,
  7.29,
  7.22,
  7.16,
  7.14,
  7.16,
  7.16,
  7.16,
  7.15,
  7.16,
  7.16,
  7.17,
  7.2,
  7.21,
  7.19,
  7.15,
  7.13,
  7.12,
  7.12,
  7.13,
  7.13,
  7.13,
  7.11,
  7.08,
  7.09,
  7.09,
  7.1,
  7.08,
  7.11,
  7.13,
  7.12,
  7.11,
  7.1,
  7.08,
  7.09,
  7.09,
  7.12,
  7.12,
  7.12,
  7.12,
  7.1,
  7.12,
  7.13,
  7.16,
  7.17,
  7.16,
  7.17,
  7.17,
  7.17,
  7.16,
  7.15,
  7.18,
  7.2,
  7.24,
  7.21,
  7.21,
  7.22,
  7.25,
  7.29
 ]
}