{
 "theta_star": 21.228421291048786,
 "after_same_kick": 20.710948397771713,
 "after_orth_kick": 20.869143533600752,
 "traj_same": [
  3.71,
  8.56,
  11.84,
  14.07,
  15.68,
  16.87,
  17.77,
  18.44,
  18.92,
  19.29,
  19.57,
  19.82,
  20.0,
  20.1,
  20.22,
  20.3,
  20.38,
  20.42,
  20.42,
  20.46,
  20.49,
  20.51,
  20.5,
  20.48,
  20.49,
  20.44,
  20.42,
  20.45,
  20.46,
  20.44,
  20.46,
  20.43,
  20.44,
  20.44,
  20.44,
  20.43,
  20.45,
  20.47,
  20.48,
  20.47,
  20.45,
  20.46,
  20.45,
  20.44,
  20.46,
  20.44,
  20.44,
  20.45,
  20.51,
  20.5,
  20.5,
  20.52,
  20.52,
  20.56,
  20.56,
  20.58,
  20.62,
  20.64,
  20.62,
  20.59,
  20.57,
  20.6,
  20.6,
  20.62,
  20.64,
  20.62,
  20.66,
  20.69,
  20.66,
  20.66,
  20.67,
  20.68,
  20.67,
  20.69,
  20.69,
  20.66,
  20.63,
  20.63,
  20.62,
  20.61,
  20.62,
  20.61,
  20.61,
  20.62,
  20.61,
  20.61,
  20.66,
  20.67,
  20.65,
  20.68,
  20.73,
  20.76,
  20.74,
  20.78,
  20.72,
  20.7,
  20.68,
  20.65,
  20.67,
  20.69
 ],
 "traj_orth": [
  89.71,
  86.05,
  80.16,
  71.79,
  61.74,
  51.25,
  41.51,
  33.18,
  26.55,
  21.75,
  18.57,
  16.78,
  16.1,
  16.04,
  16.37,
  16.85,
  17.39,
  17.92,
  18.4,
  18.84,
  19.19,
  19.49,
  19.74,
  19.95,
  20.12,
  20.18,
  20.25,
  20.36,
  20.43,
  20.46,
  20.52,
  20.52,
  20.56,
  20.57,
  20.6,
  20.61,
  20.64,
  20.65,
  20.64,
  20.63,
  20.61,
  20.63,
  20.62,
  20.62,
  20.64,
  20.62,
  20.6,
  20.6,
  20.67,
  20.67,
  20.69,
  20.7,
  20.71,
  20.73,
  20.72,
  20.73,
  20.77,
  20.8,
  20.79,
  20.77,
  20.76,
  20.81,
  20.82,
  20.81,
  20.83,
  20.78,
  20.77,
  20.75,
  20.72,
  20.75,
  20.78,
  20.79,
  20.8,
  20.84,
  20.87,
  20.85,
  20.84,
  20.84,
  20.82,
  20.8,
  20.81,
  20.82,
  20.83,
  20.84,
  20.86,
  20.9,
  20.97,
  20.98,
  20.92,
  20.91,
  20.89,
  20.89,
  20.85,
  20.89,
  20.85,
  20.85,
  20.86,
  20.85,
  20.87,
  20.89
 ]
}