{
 "theta_star": 8.905788988260928,
 "after_same_kick": 5.4282074656758095,
 "after_orth_kick": 5.421946958982581,
 "traj_same": [
  1.69,
  4.8,
  5.28,
  5.39,
  5.42,
  5.45,
  5.42,
  5.42,
  5.44,
  5.44,
  5.46,
  5.43,
  5.44,
  5.43,
  5.43,
  5.44,
  5.46,
  5.47,
  5.45,
  5.45,
  5.44,
  5.45,
  5.43,
  5.43,
  5.47,
  5.44,
  5.45,
  5.45,
  5.44,
  5.44,
  5.44,
  5.45,
  5.44,
  5.45,
  5.43,
  5.44,
  5.44,
  5.44,
  5.43,
  5.45,
  5.47,
  5.44,
  5.44,
  5.45,
  5.45,
  5.46,
  5.44,
  5.43,
  5.43,
  5.43,
  5.41,
  5.44,
  5.45,
  5.44,
  5.43,
  5.42,
  5.44,
  5.46,
  5.44,
  5.43,
  5.43,
  5.43,
  5.43,
  5.4,
  5.41,
  5.43,
  5.42,
  5.4,
  5.43,
  5.43,
  5.42,
  5.43,
  5.43,
  5.42,
  5.44,
  5.43,
  5.45,
  5.41,
  5.43,
  5.43,
  5.41,
  5.43,
  5.42,
  5.43,
  5.39,
  5.42,
  5.43,
  5.43,
  5.44,
  5.42,
  5.41,
  5.43,
  5.41,
  5.44,
  5.43,
  5.44,
  5.43,
  5.43,
  5.42,
  5.43
 ],
 "traj_orth": [
  89.73,
  86.12,
  79.73,
  69.45,
  55.68,
  40.8,
  27.46,
  17.43,
  11.21,
  7.65,
  6.42,
  6.12,
  5.93,
  5.77,
  5.74,
  5.77,
  5.82,
  5.82,
  5.76,
  5.72,
  5.68,
  5.66,
  5.65,
  5.64,
  5.67,
  5.62,
  5.62,
  5.59,
  5.58,
  5.56,
  5.57,
  5.59,
  5.57,
  5.52,
  5.45,
  5.44,
  5.44,
  5.44,
  5.43,
  5.45,
  5.47,
  5.44,
  5.44,
  5.45,
  5.45,
  5.46,
  5.44,
  5.43,
  5.43,
  5.43,
  5.41,
  5.44,
  5.45,
  5.44,
  5.43,
  5.42,
  5.44,
  5.45,
  5.44,
  5.43,
  5.43,
  5.43,
  5.43,
  5.39,
  5.41,
  5.42,
  5.42,
  5.4,
  5.42,
  5.43,
  5.41,
  5.42,
  5.42,
  5.42,
  5.43,
  5.42,
  5.44,
  5.4,
  5.42,
  5.42,
  5.41,
  5.43,
  5.41,
  5.42,
  5.39,
  5.42,
  5.43,
  5.43,
  5.44,
  5.42,
  5.41,
  5.43,
  5.41,
  5.43,
  5.43,
  5.43,
  5.42,
  5.42,
  5.41,
  5.42
 ]
}