{
 "theta_star": 94.80461908637821,
 "after_same_kick": 15.582908161397054,
 "after_orth_kick": 16.32090088564994,
 "traj_same": [
  3.33,
  7.18,
  9.43,
  10.84,
  11.76,
  12.35,
  12.82,
  13.2,
  13.49,
  13.71,
  13.88,
  13.98,
  14.07,
  14.16,
  14.22,
  14.3,
  14.4,
  14.52,
  14.58,
  14.58,
  14.58,
  14.62,
  14.65,
  14.67,
  14.75,
  14.8,
  14.87,
  14.97,
  15.08,
  15.1,
  15.15,
  15.22,
  15.27,
  15.31,
  15.35,
  15.37,
  15.45,
  15.52,
  15.59,
  15.58,
  15.61,
  15.63,
  15.7,
  15.75,
  15.85,
  15.93,
  16.03,
  16.13,
  16.21,
  16.24,
  16.25,
  16.27,
  16.31,
  16.33,
  16.31,
  16.29,
  16.21,
  16.16,
  16.16,
  16.24,
  16.25,
  16.23,
  16.25,
  16.23,
  16.2,
  16.14,
  16.12,
  16.13,
  16.15,
  16.17,
  16.15,
  16.07,
  16.04,
  16.05,
  16.06,
  15.97,
  15.95,
  15.95,
  15.92,
  15.92,
  15.92,
  15.91,
  15.92,
  15.97,
  15.95,
  15.88,
  15.81,
  15.8,
  15.76,
  15.75,
  15.7,
  15.64,
  15.53,
  15.47,
  15.47,
  15.47,
  15.54,
  15.57,
  15.66,
  15.78
 ],
 "traj_orth": [
  89.68,
  86.26,
  82.15,
  77.34,
  71.76,
  65.5,
  58.75,
  51.84,
  45.11,
  38.89,
  33.42,
  28.81,
  25.15,
  22.34,
  20.26,
  18.75,
  17.7,
  17.03,
  16.63,
  16.44,
  16.37,
  16.39,
  16.39,
  16.42,
  16.47,
  16.5,
  16.51,
  16.47,
  16.45,
  16.44,
  16.46,
  16.46,
  16.41,
  16.37,
  16.22,
  16.11,
  16.03,
  16.03,
  15.99,
  15.98,
  16.01,
  16.04,
  16.07,
  16.13,
  16.13,
  16.13,
  16.14,
  16.19,
  16.2,
  16.14,
  16.1,
  16.08,
  16.12,
  16.1,
  16.12,
  16.16,
  16.15,
  16.11,
  16.08,
  16.04,
  16.05,
  15.98,
  15.92,
  15.91,
  15.91,
  15.89,
  15.9,
  15.87,
  15.88,
  15.88,
  15.9,
  15.96,
  15.98,
  16.03,
  16.07,
  16.11,
  16.2,
  16.26,
  16.35,
  16.33,
  16.3,
  16.28,
  16.26,
  16.26,
  16.3,
  16.33,
  16.37,
  16.36,
  16.26,
  16.24,
  16.27,
  16.25,
  16.22,
  16.23,
  16.27,
  16.3,
  16.33,
  16.38,
  16.46,
  16.49
 ]
}