{
 "theta_star": 64.23567340329117,
 "after_same_kick": 10.175361570488171,
 "after_orth_kick": 10.676803380834224,
 "traj_same": [
  2.51,
  6.34,
  7.91,
  8.66,
  9.06,
  9.29,
  9.43,
  9.53,
  9.6,
  9.66,
  9.71,
  9.75,
  9.78,
  9.8,
  9.83,
  9.86,
  9.85,
  9.86,
  9.91,
  9.97,
  10.02,
  10.07,
  10.13,
  10.15,
  10.12,
  10.1,
  10.12,
  10.16,
  10.23,
  10.28,
  10.29,
  10.25,
  10.19,
  10.14,
  10.1,
  10.09,
  10.1,
  10.14,
  10.16,
  10.21,
  10.2,
  10.21,
  10.19,
  10.22,
  10.24,
  10.23,
  10.25,
  10.25,
  10.26,
  10.24,
  10.2,
  10.09,
  10.07,
  10.09,
  10.1,
  10.11,
  10.09,
  10.1,
  10.12,
  10.11,
  10.09,
  10.09,
  10.08,
  10.07,
  10.01,
  9.99,
  10.0,
  10.0,
  10.01,
  10.03,
  10.02,
  10.0,
  10.0,
  10.0,
  10.01,
  10.03,
  10.07,
  10.08,
  10.04,
  10.09,
  10.13,
  10.13,
  10.09,
  10.04,
  10.01,
  10.01,
  10.02,
  10.05,
  10.09,
  10.12,
  10.15,
  10.13,
  10.12,
  10.13,
  10.16,
  10.16,
  10.19,
  10.22,
  10.26,
  10.25
 ],
 "traj_orth": [
  89.71,
  86.5,
  82.24,
  76.73,
  69.9,
  61.94,
  53.41,
  44.8,
  36.69,
  29.65,
  23.92,
  19.68,
  16.69,
  14.64,
  13.38,
  12.71,
  12.32,
  12.05,
  11.9,
  11.8,
  11.72,
  11.64,
  11.58,
  11.56,
  11.56,
  11.58,
  11.56,
  11.5,
  11.45,
  11.4,
  11.36,
  11.31,
  11.23,
  11.16,
  11.12,
  11.11,
  11.12,
  11.15,
  11.13,
  11.08,
  11.01,
  10.99,
  11.0,
  11.04,
  11.06,
  11.01,
  10.94,
  10.89,
  10.85,
  10.78,
  10.72,
  10.72,
  10.76,
  10.81,
  10.82,
  10.77,
  10.72,
  10.7,
  10.73,
  10.72,
  10.73,
  10.74,
  10.75,
  10.7,
  10.66,
  10.61,
  10.57,
  10.57,
  10.57,
  10.6,
  10.65,
  10.67,
  10.66,
  10.62,
  10.56,
  10.5,
  10.45,
  10.45,
  10.43,
  10.47,
  10.48,
  10.5,
  10.49,
  10.47,
  10.47,
  10.49,
  10.52,
  10.54,
  10.59,
  10.59,
  10.59,
  10.58,
  10.58,
  10.62,
  10.67,
  10.71,
  10.76,
  10.75,
  10.75,
  10.76
 ]
}