{
 "theta_star": 42.461676941060105,
 "after_same_kick": 7.149897871647546,
 "after_orth_kick": 7.767993120480007,
 "traj_same": [
  2.1,
  5.57,
  6.55,
  6.87,
  6.98,
  7.01,
  7.02,
  7.03,
  7.02,
  7.03,
  7.02,
  7.02,
  7.01,
  7.01,
  7.02,
  7.03,
  7.01,
  7.0,
  7.02,
  7.03,
  7.05,
  7.04,
  7.04,
  7.03,
  7.04,
  7.02,
  7.03,
  7.05,
  7.04,
  7.06,
  7.07,
  7.07,
  7.1,
  7.14,
  7.24,
  7.23,
  7.23,
  7.21,
  7.16,
  7.11,
  7.07,
  7.03,
  7.03,
  7.03,
  7.02,
  7.03,
  7.04,
  7.04,
  7.07,
  7.04,
  7.05,
  7.04,
  7.05,
  7.04,
  7.05,
  7.05,
  7.04,
  7.01,
  7.02,
  7.01,
  7.02,
  7.02,
  7.02,
  7.01,
  7.02,
  7.02,
  7.03,
  7.01,
  7.02,
  7.03,
  7.03,
  7.03,
  7.03,
  7.04,
  7.03,
  7.01,
  7.03,
  7.08,
  7.08,
  7.07,
  7.07,
  7.06,
  7.06,
  7.06,
  7.06,
  7.04,
  7.07,
  7.09,
  7.08,
  7.1,
  7.08,
  7.08,
  7.11,
  7.11,
  7.14,
  7.16,
  7.21,
  7.2,
  7.22,
  7.19
 ],
 "traj_orth": [
  89.71,
  86.26,
  81.07,
  73.6,
  63.77,
  52.49,
  41.08,
  30.62,
  22.01,
  15.76,
  11.88,
  9.93,
  9.07,
  8.58,
  8.25,
  8.06,
  7.97,
  7.92,
  7.87,
  7.86,
  7.83,
  7.81,
  7.82,
  7.8,
  7.79,
  7.84,
  7.85,
  7.88,
  7.86,
  7.85,
  7.87,
  7.94,
  7.98,
  7.98,
  8.0,
  8.0,
  7.99,
  7.91,
  7.88,
  7.86,
  7.8,
  7.77,
  7.78,
  7.75,
  7.74,
  7.71,
  7.72,
  7.69,
  7.67,
  7.65,
  7.65,
  7.63,
  7.62,
  7.6,
  7.58,
  7.6,
  7.63,
  7.62,
  7.63,
  7.65,
  7.66,
  7.68,
  7.63,
  7.61,
  7.58,
  7.62,
  7.66,
  7.64,
  7.66,
  7.69,
  7.67,
  7.66,
  7.66,
  7.63,
  7.62,
  7.64,
  7.62,
  7.65,
  7.65,
  7.63,
  7.67,
  7.63,
  7.61,
  7.63,
  7.65,
  7.65,
  7.67,
  7.71,
  7.74,
  7.75,
  7.75,
  7.77,
  7.74,
  7.75,
  7.73,
  7.8,
  7.85,
  7.83,
  7.75,
  7.72
 ]
}