{
 "theta_star": 42.449194551367675,
 "after_same_kick": 37.28397739187322,
 "after_orth_kick": 36.698698368284255,
 "traj_same": [
  3.41,
  8.67,
  12.43,
  15.3,
  17.66,
  19.63,
  21.26,
  22.67,
  23.9,
  24.96,
  25.91,
  26.71,
  27.42,
  28.02,
  28.53,
  29.02,
  29.44,
  29.8,
  30.09,
  30.36,
  30.66,
  30.9,
  31.15,
  31.36,
  31.54,
  31.75,
  31.93,
  32.08,
  32.21,
  32.36,
  32.53,
  32.67,
  32.85,
  32.99,
  33.16,
  33.29,
  33.4,
  33.54,
  33.69,
  33.8,
  33.95,
  34.04,
  34.16,
  34.26,
  34.33,
  34.45,
  34.49,
  34.59,
  34.62,
  34.7,
  34.74,
  34.77,
  34.85,
  34.93,
  35.04,
  35.15,
  35.21,
  35.31,
  35.35,
  35.4,
  35.4,
  35.48,
  35.6,
  35.67,
  35.73,
  35.83,
  35.89,
  35.94,
  36.01,
  36.09,
  36.12,
  36.21,
  36.26,
  36.31,
  36.41,
  36.48,
  36.6,
  36.61,
  36.74,
  36.8,
  36.82,
  36.87,
  36.86,
  36.83,
  36.88,
  36.91,
  36.97,
  37.06,
  37.09,
  37.12,
  37.19,
  37.25,
  37.2,
  37.2,
  37.27,
  37.31,
  37.35,
  37.33,
  37.35,
  37.4
 ],
 "traj_orth": [
  89.7,
  86.34,
  82.07,
  76.95,
  71.1,
  64.81,
  58.36,
  51.96,
  45.92,
  40.47,
  35.67,
  31.62,
  28.33,
  25.73,
  23.79,
  22.43,
  21.64,
  21.34,
  21.44,
  21.78,
  22.38,
  23.05,
  23.79,
  24.54,
  25.27,
  25.98,
  26.65,
  27.27,
  27.8,
  28.32,
  28.82,
  29.25,
  29.66,
  30.02,
  30.39,
  30.71,
  31.0,
  31.27,
  31.55,
  31.78,
  32.05,
  32.26,
  32.5,
  32.73,
  32.93,
  33.16,
  33.29,
  33.47,
  33.6,
  33.8,
  33.96,
  34.09,
  34.23,
  34.36,
  34.49,
  34.63,
  34.73,
  34.87,
  34.98,
  35.05,
  35.08,
  35.16,
  35.27,
  35.31,
  35.36,
  35.46,
  35.53,
  35.6,
  35.66,
  35.73,
  35.75,
  35.84,
  35.9,
  35.96,
  36.05,
  36.09,
  36.18,
  36.16,
  36.27,
  36.34,
  36.4,
  36.49,
  36.51,
  36.5,
  36.55,
  36.58,
  36.61,
  36.66,
  36.64,
  36.64,
  36.67,
  36.7,
  36.65,
  36.63,
  36.68,
  36.7,
  36.72,
  36.72,
  36.74,
  36.78
 ]
}