{
 "theta_star": 38.39433939346761,
 "after_same_kick": 33.25266369721761,
 "after_orth_kick": 32.93201001772043,
 "traj_same": [
  3.32,
  8.5,
  12.12,
  14.84,
  17.07,
  18.96,
  20.53,
  21.87,
  23.02,
  24.05,
  24.93,
  25.67,
  26.36,
  26.93,
  27.46,
  27.91,
  28.37,
  28.74,
  29.03,
  29.28,
  29.52,
  29.75,
  29.9,
  30.12,
  30.34,
  30.51,
  30.64,
  30.78,
  30.88,
  31.04,
  31.13,
  31.23,
  31.34,
  31.42,
  31.49,
  31.57,
  31.64,
  31.71,
  31.78,
  31.88,
  31.96,
  32.02,
  32.08,
  32.13,
  32.21,
  32.26,
  32.27,
  32.35,
  32.41,
  32.45,
  32.44,
  32.48,
  32.52,
  32.54,
  32.52,
  32.53,
  32.54,
  32.61,
  32.64,
  32.65,
  32.71,
  32.74,
  32.76,
  32.77,
  32.78,
  32.8,
  32.78,
  32.78,
  32.81,
  32.81,
  32.84,
  32.86,
  32.89,
  32.92,
  32.93,
  32.93,
  32.94,
  32.95,
  32.97,
  32.99,
  33.03,
  33.1,
  33.1,
  33.14,
  33.09,
  33.12,
  33.14,
  33.12,
  33.16,
  33.14,
  33.16,
  33.18,
  33.18,
  33.2,
  33.24,
  33.32,
  33.33,
  33.31,
  33.3,
  33.32
 ],
 "traj_orth": [
  89.73,
  86.61,
  82.6,
  77.78,
  72.29,
  66.29,
  60.07,
  53.85,
  47.93,
  42.32,
  37.4,
  33.0,
  29.31,
  26.34,
  24.1,
  22.51,
  21.54,
  21.07,
  20.98,
  21.21,
  21.66,
  22.28,
  22.9,
  23.59,
  24.31,
  24.96,
  25.54,
  26.11,
  26.6,
  27.11,
  27.53,
  27.93,
  28.31,
  28.61,
  28.9,
  29.2,
  29.45,
  29.69,
  29.88,
  30.08,
  30.26,
  30.41,
  30.57,
  30.72,
  30.86,
  30.99,
  31.06,
  31.19,
  31.32,
  31.42,
  31.49,
  31.61,
  31.71,
  31.8,
  31.82,
  31.89,
  31.95,
  32.06,
  32.12,
  32.14,
  32.23,
  32.28,
  32.32,
  32.34,
  32.34,
  32.36,
  32.35,
  32.36,
  32.41,
  32.42,
  32.48,
  32.51,
  32.55,
  32.6,
  32.62,
  32.61,
  32.6,
  32.61,
  32.63,
  32.66,
  32.7,
  32.76,
  32.75,
  32.77,
  32.74,
  32.76,
  32.78,
  32.77,
  32.84,
  32.84,
  32.88,
  32.9,
  32.88,
  32.88,
  32.9,
  32.96,
  32.97,
  32.97,
  32.98,
  33.01
 ]
}