{
 "theta_star": 33.8151447182137,
 "after_same_kick": 7.337163586338998,
 "after_orth_kick": 7.4098224635753,
 "traj_same": [
  2.3,
  5.76,
  6.73,
  7.03,
  7.12,
  7.19,
  7.22,
  7.19,
  7.2,
  7.23,
  7.23,
  7.24,
  7.29,
  7.3,
  7.32,
  7.34,
  7.38,
  7.41,
  7.45,
  7.48,
  7.49,
  7.47,
  7.49,
  7.43,
  7.37,
  7.32,
  7.29,
  7.29,
  7.33,
  7.31,
  7.39,
  7.38,
  7.35,
  7.35,
  7.31,
  7.34,
  7.34,
  7.29,
  7.28,
  7.27,
  7.24,
  7.2,
  7.17,
  7.16,
  7.13,
  7.14,
  7.16,
  7.16,
  7.16,
  7.15,
  7.12,
  7.12,
  7.15,
  7.14,
  7.14,
  7.19,
  7.25,
  7.29,
  7.3,
  7.29,
  7.3,
  7.27,
  7.28,
  7.26,
  7.3,
  7.3,
  7.31,
  7.3,
  7.29,
  7.3,
  7.28,
  7.27,
  7.24,
  7.22,
  7.21,
  7.19,
  7.19,
  7.17,
  7.18,
  7.18,
  7.18,
  7.17,
  7.15,
  7.18,
  7.17,
  7.22,
  7.23,
  7.23,
  7.26,
  7.29,
  7.33,
  7.38,
  7.37,
  7.32,
  7.3,
  7.31,
  7.34,
  7.36,
  7.35,
  7.33
 ],
 "traj_orth": [
  89.73,
  86.39,
  81.31,
  73.99,
  64.4,
  53.42,
  42.35,
  32.32,
  24.14,
  18.15,
  14.15,
  11.63,
  10.19,
  9.49,
  9.21,
  9.11,
  9.03,
  8.88,
  8.71,
  8.6,
  8.49,
  8.43,
  8.45,
  8.4,
  8.25,
  8.14,
  8.09,
  8.03,
  8.02,
  7.93,
  8.0,
  8.02,
  7.98,
  7.94,
  7.88,
  7.88,
  7.88,
  7.85,
  7.85,
  7.88,
  7.83,
  7.78,
  7.75,
  7.71,
  7.64,
  7.6,
  7.58,
  7.55,
  7.54,
  7.54,
  7.54,
  7.53,
  7.52,
  7.51,
  7.5,
  7.56,
  7.62,
  7.68,
  7.7,
  7.68,
  7.65,
  7.57,
  7.53,
  7.46,
  7.45,
  7.44,
  7.45,
  7.41,
  7.39,
  7.39,
  7.37,
  7.36,
  7.34,
  7.34,
  7.36,
  7.35,
  7.35,
  7.31,
  7.29,
  7.28,
  7.29,
  7.29,
  7.27,
  7.3,
  7.28,
  7.31,
  7.31,
  7.29,
  7.3,
  7.3,
  7.34,
  7.37,
  7.4,
  7.4,
  7.39,
  7.4,
  7.4,
  7.44,
  7.47,
  7.49
 ]
}