{
 "theta_star": 12.146934437694794,
 "after_same_kick": 5.475696550699396,
 "after_orth_kick": 5.476821606988092,
 "traj_same": [
  1.71,
  4.88,
  5.36,
  5.47,
  5.52,
  5.48,
  5.5,
  5.5,
  5.51,
  5.52,
  5.51,
  5.5,
  5.5,
  5.51,
  5.51,
  5.48,
  5.52,
  5.5,
  5.51,
  5.52,
  5.52,
  5.49,
  5.51,
  5.49,
  5.48,
  5.5,
  5.49,
  5.51,
  5.5,
  5.49,
  5.5,
  5.51,
  5.48,
  5.51,
  5.5,
  5.51,
  5.48,
  5.5,
  5.5,
  5.51,
  5.48,
  5.52,
  5.5,
  5.48,
  5.49,
  5.47,
  5.47,
  5.48,
  5.47,
  5.48,
  5.46,
  5.48,
  5.49,
  5.48,
  5.49,
  5.47,
  5.45,
  5.45,
  5.48,
  5.47,
  5.48,
  5.49,
  5.48,
  5.48,
  5.48,
  5.49,
  5.48,
  5.48,
  5.48,
  5.48,
  5.5,
  5.49,
  5.51,
  5.49,
  5.5,
  5.49,
  5.45,
  5.48,
  5.47,
  5.48,
  5.5,
  5.49,
  5.47,
  5.47,
  5.5,
  5.46,
  5.48,
  5.48,
  5.47,
  5.46,
  5.47,
  5.47,
  5.5,
  5.47,
  5.49,
  5.47,
  5.46,
  5.47,
  5.48,
  5.47
 ],
 "traj_orth": [
  89.69,
  85.83,
  79.05,
  68.02,
  53.38,
  38.45,
  25.71,
  15.95,
  9.9,
  7.36,
  6.79,
  6.67,
  6.58,
  6.49,
  6.4,
  6.3,
  6.27,
  6.22,
  6.2,
  6.18,
  6.11,
  6.0,
  5.86,
  5.67,
  5.64,
  5.64,
  5.62,
  5.62,
  5.61,
  5.62,
  5.65,
  5.69,
  5.66,
  5.67,
  5.65,
  5.66,
  5.62,
  5.63,
  5.62,
  5.62,
  5.61,
  5.65,
  5.62,
  5.6,
  5.62,
  5.61,
  5.58,
  5.58,
  5.54,
  5.51,
  5.47,
  5.48,
  5.49,
  5.47,
  5.49,
  5.47,
  5.45,
  5.45,
  5.48,
  5.47,
  5.48,
  5.49,
  5.48,
  5.47,
  5.48,
  5.49,
  5.48,
  5.47,
  5.47,
  5.47,
  5.49,
  5.49,
  5.51,
  5.49,
  5.5,
  5.48,
  5.44,
  5.48,
  5.47,
  5.48,
  5.49,
  5.48,
  5.46,
  5.47,
  5.5,
  5.45,
  5.47,
  5.47,
  5.47,
  5.45,
  5.47,
  5.47,
  5.5,
  5.48,
  5.49,
  5.47,
  5.46,
  5.48,
  5.48,
  5.47
 ]
}