{
 "theta_star": 22.204466571544508,
 "after_same_kick": 20.826008546472696,
 "after_orth_kick": 20.914253947653656,
 "traj_same": [
  2.8,
  8.26,
  11.63,
  13.85,
  15.47,
  16.64,
  17.52,
  18.19,
  18.72,
  19.11,
  19.39,
  19.62,
  19.79,
  19.95,
  20.07,
  20.14,
  20.23,
  20.31,
  20.37,
  20.42,
  20.47,
  20.51,
  20.56,
  20.58,
  20.59,
  20.62,
  20.63,
  20.66,
  20.67,
  20.67,
  20.71,
  20.71,
  20.73,
  20.69,
  20.64,
  20.64,
  20.62,
  20.61,
  20.6,
  20.61,
  20.62,
  20.64,
  20.65,
  20.66,
  20.63,
  20.62,
  20.62,
  20.63,
  20.62,
  20.59,
  20.57,
  20.54,
  20.54,
  20.53,
  20.53,
  20.52,
  20.53,
  20.52,
  20.51,
  20.51,
  20.54,
  20.57,
  20.58,
  20.6,
  20.6,
  20.62,
  20.6,
  20.59,
  20.59,
  20.59,
  20.59,
  20.61,
  20.62,
  20.64,
  20.62,
  20.67,
  20.7,
  20.73,
  20.77,
  20.79,
  20.81,
  20.78,
  20.75,
  20.73,
  20.74,
  20.78,
  20.79,
  20.8,
  20.82,
  20.82,
  20.82,
  20.83,
  20.83,
  20.83,
  20.79,
  20.8,
  20.82,
  20.84,
  20.84,
  20.86
 ],
 "traj_orth": [
  89.71,
  86.07,
  80.14,
  71.81,
  61.73,
  51.07,
  40.92,
  32.31,
  25.73,
  21.12,
  18.16,
  16.54,
  15.9,
  15.89,
  16.27,
  16.78,
  17.35,
  17.93,
  18.43,
  18.9,
  19.33,
  19.71,
  20.02,
  20.26,
  20.47,
  20.67,
  20.84,
  20.97,
  21.07,
  21.12,
  21.12,
  21.12,
  21.13,
  21.17,
  21.15,
  21.13,
  21.07,
  21.02,
  20.96,
  20.92,
  20.91,
  20.92,
  20.94,
  20.97,
  20.96,
  20.94,
  20.95,
  20.95,
  20.95,
  20.93,
  20.91,
  20.88,
  20.89,
  20.87,
  20.86,
  20.85,
  20.87,
  20.87,
  20.88,
  20.86,
  20.86,
  20.86,
  20.84,
  20.85,
  20.87,
  20.87,
  20.85,
  20.83,
  20.82,
  20.82,
  20.81,
  20.81,
  20.81,
  20.81,
  20.77,
  20.78,
  20.77,
  20.77,
  20.8,
  20.83,
  20.87,
  20.87,
  20.87,
  20.85,
  20.86,
  20.89,
  20.93,
  20.95,
  20.95,
  20.93,
  20.91,
  20.93,
  20.92,
  20.93,
  20.89,
  20.9,
  20.92,
  20.92,
  20.91,
  20.92
 ]
}