{
 "theta_star": 38.769488799687196,
 "after_same_kick": 7.340365096991869,
 "after_orth_kick": 7.765346621714357,
 "traj_same": [
  2.01,
  5.57,
  6.59,
  6.95,
  7.1,
  7.15,
  7.18,
  7.19,
  7.23,
  7.23,
  7.26,
  7.28,
  7.27,
  7.27,
  7.27,
  7.26,
  7.26,
  7.27,
  7.31,
  7.33,
  7.33,
  7.35,
  7.38,
  7.37,
  7.36,
  7.39,
  7.41,
  7.42,
  7.41,
  7.42,
  7.39,
  7.38,
  7.38,
  7.41,
  7.43,
  7.47,
  7.47,
  7.46,
  7.47,
  7.51,
  7.56,
  7.58,
  7.62,
  7.67,
  7.74,
  7.76,
  7.81,
  7.84,
  7.88,
  7.87,
  7.84,
  7.85,
  7.89,
  7.89,
  7.92,
  7.94,
  7.95,
  7.92,
  7.88,
  7.86,
  7.82,
  7.8,
  7.81,
  7.82,
  7.81,
  7.81,
  7.76,
  7.7,
  7.67,
  7.64,
  7.62,
  7.67,
  7.72,
  7.72,
  7.72,
  7.68,
  7.68,
  7.7,
  7.64,
  7.61,
  7.58,
  7.54,
  7.46,
  7.39,
  7.37,
  7.32,
  7.29,
  7.32,
  7.34,
  7.35,
  7.36,
  7.34,
  7.34,
  7.32,
  7.3,
  7.27,
  7.3,
  7.36,
  7.4,
  7.42
 ],
 "traj_orth": [
  89.69,
  86.06,
  80.66,
  72.85,
  62.61,
  50.92,
  39.35,
  29.67,
  22.48,
  17.17,
  13.3,
  11.01,
  9.94,
  9.6,
  9.45,
  9.39,
  9.34,
  9.28,
  9.24,
  9.18,
  9.07,
  9.02,
  8.99,
  8.95,
  8.92,
  8.87,
  8.82,
  8.74,
  8.63,
  8.55,
  8.51,
  8.53,
  8.54,
  8.54,
  8.51,
  8.54,
  8.53,
  8.56,
  8.53,
  8.52,
  8.49,
  8.44,
  8.43,
  8.42,
  8.41,
  8.43,
  8.48,
  8.49,
  8.49,
  8.5,
  8.51,
  8.51,
  8.52,
  8.48,
  8.48,
  8.5,
  8.5,
  8.42,
  8.35,
  8.32,
  8.23,
  8.19,
  8.14,
  8.11,
  8.11,
  8.14,
  8.15,
  8.14,
  8.13,
  8.11,
  8.07,
  8.08,
  8.06,
  8.04,
  8.08,
  8.08,
  8.09,
  8.08,
  8.05,
  8.04,
  8.0,
  7.98,
  7.96,
  7.95,
  7.97,
  7.94,
  7.94,
  7.99,
  8.01,
  8.0,
  7.97,
  7.93,
  7.88,
  7.8,
  7.74,
  7.68,
  7.67,
  7.68,
  7.65,
  7.63
 ]
}