{
 "theta_star": 84.94962616430496,
 "after_same_kick": 9.98947133275941,
 "after_orth_kick": 10.538790346070234,
 "traj_same": [
  2.92,
  6.46,
  8.07,
  8.85,
  9.31,
  9.56,
  9.73,
  9.79,
  9.84,
  9.81,
  9.8,
  9.8,
  9.8,
  9.84,
  9.92,
  10.04,
  10.07,
  9.98,
  9.9,
  9.87,
  9.89,
  9.92,
  9.96,
  10.01,
  10.05,
  10.06,
  10.08,
  10.08,
  10.11,
  10.14,
  10.15,
  10.17,
  10.23,
  10.26,
  10.25,
  10.26,
  10.31,
  10.33,
  10.37,
  10.39,
  10.43,
  10.42,
  10.4,
  10.38,
  10.39,
  10.39,
  10.44,
  10.42,
  10.43,
  10.42,
  10.41,
  10.44,
  10.48,
  10.46,
  10.45,
  10.45,
  10.46,
  10.42,
  10.45,
  10.48,
  10.47,
  10.43,
  10.43,
  10.41,
  10.38,
  10.37,
  10.35,
  10.35,
  10.35,
  10.33,
  10.3,
  10.28,
  10.25,
  10.17,
  10.14,
  10.14,
  10.13,
  10.12,
  10.11,
  10.08,
  10.04,
  10.01,
  9.98,
  9.98,
  10.0,
  9.99,
  9.99,
  10.01,
  9.99,
  9.94,
  9.91,
  9.91,
  9.95,
  10.0,
  10.03,
  10.04,
  10.08,
  10.09,
  9.96,
  9.92
 ],
 "traj_orth": [
  89.69,
  86.22,
  81.67,
  75.77,
  68.46,
  59.96,
  50.8,
  41.85,
  33.9,
  27.51,
  22.6,
  19.04,
  16.39,
  14.58,
  13.42,
  12.66,
  12.28,
  12.03,
  11.86,
  11.74,
  11.65,
  11.63,
  11.63,
  11.64,
  11.66,
  11.65,
  11.67,
  11.63,
  11.62,
  11.64,
  11.58,
  11.5,
  11.48,
  11.45,
  11.41,
  11.36,
  11.29,
  11.2,
  11.16,
  11.17,
  11.19,
  11.15,
  11.14,
  11.16,
  11.17,
  11.17,
  11.19,
  11.16,
  11.17,
  11.14,
  11.09,
  11.09,
  11.11,
  11.06,
  11.03,
  11.03,
  11.05,
  11.01,
  11.02,
  11.02,
  10.95,
  10.87,
  10.88,
  10.88,
  10.91,
  10.93,
  10.93,
  10.89,
  10.82,
  10.77,
  10.73,
  10.75,
  10.75,
  10.71,
  10.73,
  10.76,
  10.75,
  10.72,
  10.72,
  10.7,
  10.65,
  10.61,
  10.56,
  10.56,
  10.61,
  10.59,
  10.56,
  10.59,
  10.6,
  10.57,
  10.55,
  10.53,
  10.56,
  10.56,
  10.57,
  10.52,
  10.5,
  10.52,
  10.53,
  10.54
 ]
}