{
 "theta_star": 28.066360131572342,
 "after_same_kick": 25.648362069111062,
 "after_orth_kick": 25.937938278550575,
 "traj_same": [
  2.84,
  8.39,
  12.14,
  14.85,
  16.95,
  18.59,
  19.92,
  20.98,
  21.81,
  22.5,
  23.06,
  23.5,
  23.89,
  24.23,
  24.49,
  24.69,
  24.85,
  25.01,
  25.13,
  25.21,
  25.27,
  25.32,
  25.37,
  25.4,
  25.43,
  25.45,
  25.47,
  25.52,
  25.57,
  25.57,
  25.58,
  25.59,
  25.57,
  25.57,
  25.57,
  25.58,
  25.6,
  25.64,
  25.68,
  25.68,
  25.67,
  25.69,
  25.71,
  25.7,
  25.69,
  25.68,
  25.69,
  25.71,
  25.73,
  25.74,
  25.78,
  25.81,
  25.86,
  25.87,
  25.87,
  25.85,
  25.82,
  25.8,
  25.79,
  25.79,
  25.81,
  25.81,
  25.8,
  25.76,
  25.76,
  25.76,
  25.77,
  25.75,
  25.75,
  25.77,
  25.77,
  25.76,
  25.73,
  25.73,
  25.73,
  25.67,
  25.68,
  25.69,
  25.68,
  25.71,
  25.72,
  25.73,
  25.74,
  25.77,
  25.77,
  25.74,
  25.72,
  25.72,
  25.73,
  25.72,
  25.65,
  25.63,
  25.61,
  25.62,
  25.65,
  25.65,
  25.66,
  25.65,
  25.66,
  25.69
 ],
 "traj_orth": [
  89.68,
  85.97,
  80.73,
  73.96,
  66.01,
  57.52,
  49.13,
  41.4,
  34.69,
  29.17,
  24.9,
  21.76,
  19.7,
  18.6,
  18.29,
  18.53,
  19.07,
  19.8,
  20.54,
  21.25,
  21.88,
  22.45,
  22.96,
  23.39,
  23.8,
  24.13,
  24.42,
  24.65,
  24.88,
  25.03,
  25.19,
  25.32,
  25.4,
  25.48,
  25.55,
  25.61,
  25.66,
  25.72,
  25.79,
  25.79,
  25.78,
  25.81,
  25.85,
  25.83,
  25.84,
  25.83,
  25.87,
  25.91,
  25.96,
  26.0,
  26.04,
  26.06,
  26.09,
  26.1,
  26.09,
  26.09,
  26.08,
  26.06,
  26.05,
  26.06,
  26.06,
  26.04,
  26.01,
  25.97,
  25.97,
  25.96,
  25.98,
  25.97,
  25.95,
  25.92,
  25.86,
  25.82,
  25.79,
  25.81,
  25.83,
  25.78,
  25.79,
  25.8,
  25.77,
  25.81,
  25.85,
  25.9,
  25.94,
  25.98,
  25.99,
  25.97,
  25.96,
  25.95,
  25.95,
  25.96,
  25.95,
  25.97,
  25.96,
  25.97,
  25.98,
  25.94,
  25.93,
  25.89,
  25.89,
  25.9
 ]
}