{
 "theta_star": 38.696851459592416,
 "after_same_kick": 31.648679868703447,
 "after_orth_kick": 31.550790946399133,
 "traj_same": [
  3.98,
  8.73,
  12.26,
  14.96,
  17.14,
  19.01,
  20.58,
  21.9,
  23.02,
  23.99,
  24.81,
  25.54,
  26.17,
  26.69,
  27.19,
  27.58,
  27.97,
  28.27,
  28.51,
  28.72,
  28.93,
  29.14,
  29.3,
  29.42,
  29.58,
  29.65,
  29.7,
  29.81,
  29.9,
  29.94,
  30.05,
  30.1,
  30.2,
  30.27,
  30.35,
  30.39,
  30.45,
  30.54,
  30.57,
  30.61,
  30.6,
  30.6,
  30.62,
  30.66,
  30.68,
  30.7,
  30.7,
  30.69,
  30.78,
  30.81,
  30.85,
  30.88,
  30.87,
  30.9,
  30.89,
  30.88,
  30.9,
  30.9,
  30.87,
  30.85,
  30.85,
  30.91,
  30.92,
  30.95,
  31.0,
  31.0,
  31.02,
  31.06,
  31.09,
  31.13,
  31.16,
  31.19,
  31.21,
  31.26,
  31.32,
  31.33,
  31.35,
  31.38,
  31.35,
  31.34,
  31.34,
  31.41,
  31.42,
  31.45,
  31.5,
  31.53,
  31.59,
  31.61,
  31.57,
  31.61,
  31.63,
  31.65,
  31.62,
  31.69,
  31.63,
  31.63,
  31.65,
  31.62,
  31.66,
  31.71
 ],
 "traj_orth": [
  89.71,
  86.51,
  82.46,
  77.5,
  71.83,
  65.66,
  59.36,
  53.2,
  47.31,
  41.82,
  36.83,
  32.43,
  28.75,
  25.76,
  23.49,
  21.88,
  20.87,
  20.4,
  20.35,
  20.59,
  21.04,
  21.68,
  22.35,
  23.02,
  23.74,
  24.35,
  24.9,
  25.47,
  25.98,
  26.42,
  26.89,
  27.28,
  27.66,
  27.98,
  28.28,
  28.51,
  28.73,
  28.99,
  29.16,
  29.31,
  29.41,
  29.5,
  29.61,
  29.73,
  29.83,
  29.91,
  29.96,
  29.99,
  30.11,
  30.17,
  30.23,
  30.28,
  30.29,
  30.34,
  30.34,
  30.33,
  30.38,
  30.42,
  30.43,
  30.43,
  30.43,
  30.49,
  30.49,
  30.5,
  30.55,
  30.54,
  30.58,
  30.65,
  30.7,
  30.76,
  30.81,
  30.85,
  30.87,
  30.92,
  30.99,
  31.02,
  31.04,
  31.09,
  31.1,
  31.11,
  31.12,
  31.19,
  31.2,
  31.22,
  31.25,
  31.26,
  31.33,
  31.37,
  31.36,
  31.42,
  31.46,
  31.48,
  31.48,
  31.58,
  31.55,
  31.57,
  31.59,
  31.56,
  31.59,
  31.65
 ]
}