{
 "theta_star": 36.953402722729166,
 "after_same_kick": 6.865110984892519,
 "after_orth_kick": 6.874534704804385,
 "traj_same": [
  1.93,
  5.46,
  6.38,
  6.67,
  6.79,
  6.82,
  6.85,
  6.86,
  6.84,
  6.87,
  6.86,
  6.86,
  6.85,
  6.85,
  6.84,
  6.83,
  6.86,
  6.86,
  6.87,
  6.86,
  6.87,
  6.87,
  6.86,
  6.88,
  6.88,
  6.87,
  6.85,
  6.86,
  6.87,
  6.86,
  6.87,
  6.86,
  6.87,
  6.86,
  6.87,
  6.87,
  6.86,
  6.87,
  6.87,
  6.85,
  6.86,
  6.88,
  6.87,
  6.87,
  6.87,
  6.87,
  6.87,
  6.88,
  6.88,
  6.87,
  6.87,
  6.88,
  6.87,
  6.88,
  6.88,
  6.89,
  6.89,
  6.9,
  6.88,
  6.88,
  6.88,
  6.88,
  6.87,
  6.87,
  6.88,
  6.86,
  6.86,
  6.88,
  6.89,
  6.86,
  6.85,
  6.86,
  6.87,
  6.87,
  6.86,
  6.85,
  6.86,
  6.85,
  6.86,
  6.85,
  6.87,
  6.86,
  6.87,
  6.86,
  6.86,
  6.86,
  6.85,
  6.84,
  6.86,
  6.85,
  6.85,
  6.88,
  6.86,
  6.87,
  6.86,
  6.85,
  6.86,
  6.87,
  6.88,
  6.87
 ],
 "traj_orth": [
  89.74,
  86.53,
  81.7,
  74.76,
  65.55,
  54.8,
  43.79,
  33.63,
  25.0,
  18.28,
  13.52,
  10.55,
  9.12,
  8.5,
  8.16,
  8.03,
  8.03,
  8.0,
  7.93,
  7.85,
  7.81,
  7.77,
  7.73,
  7.7,
  7.69,
  7.7,
  7.69,
  7.68,
  7.66,
  7.58,
  7.52,
  7.48,
  7.45,
  7.42,
  7.39,
  7.35,
  7.29,
  7.27,
  7.26,
  7.26,
  7.3,
  7.34,
  7.33,
  7.3,
  7.26,
  7.23,
  7.2,
  7.2,
  7.19,
  7.2,
  7.22,
  7.22,
  7.21,
  7.2,
  7.16,
  7.14,
  7.15,
  7.19,
  7.21,
  7.21,
  7.18,
  7.14,
  7.09,
  7.07,
  7.05,
  6.98,
  6.89,
  6.88,
  6.89,
  6.85,
  6.85,
  6.86,
  6.87,
  6.88,
  6.87,
  6.86,
  6.86,
  6.86,
  6.87,
  6.86,
  6.87,
  6.87,
  6.88,
  6.86,
  6.87,
  6.86,
  6.87,
  6.85,
  6.87,
  6.87,
  6.86,
  6.89,
  6.87,
  6.88,
  6.86,
  6.86,
  6.87,
  6.88,
  6.89,
  6.88
 ]
}