{
 "theta_star": 4.562092458582448,
 "after_same_kick": 4.239914267119956,
 "after_orth_kick": 4.239076271900723,
 "traj_same": [
  1.4,
  4.04,
  4.25,
  4.26,
  4.26,
  4.25,
  4.26,
  4.26,
  4.27,
  4.27,
  4.24,
  4.26,
  4.26,
  4.25,
  4.25,
  4.24,
  4.25,
  4.25,
  4.26,
  4.25,
  4.26,
  4.25,
  4.25,
  4.24,
  4.24,
  4.24,
  4.24,
  4.24,
  4.23,
  4.24,
  4.24,
  4.24,
  4.24,
  4.24,
  4.27,
  4.25,
  4.23,
  4.24,
  4.23,
  4.24,
  4.23,
  4.24,
  4.23,
  4.25,
  4.23,
  4.24,
  4.23,
  4.25,
  4.24,
  4.25,
  4.23,
  4.22,
  4.23,
  4.23,
  4.22,
  4.24,
  4.24,
  4.24,
  4.23,
  4.24,
  4.25,
  4.23,
  4.23,
  4.24,
  4.23,
  4.23,
  4.24,
  4.22,
  4.23,
  4.23,
  4.24,
  4.24,
  4.24,
  4.24,
  4.24,
  4.24,
  4.22,
  4.25,
  4.25,
  4.23,
  4.23,
  4.23,
  4.23,
  4.24,
  4.24,
  4.23,
  4.24,
  4.24,
  4.22,
  4.23,
  4.24,
  4.25,
  4.23,
  4.23,
  4.24,
  4.24,
  4.24,
  4.25,
  4.25,
  4.23
 ],
 "traj_orth": [
  89.7,
  85.6,
  76.81,
  61.65,
  43.32,
  26.88,
  15.15,
  8.83,
  6.28,
  5.58,
  5.3,
  4.86,
  4.61,
  4.45,
  4.43,
  4.41,
  4.37,
  4.29,
  4.26,
  4.25,
  4.26,
  4.25,
  4.25,
  4.24,
  4.24,
  4.24,
  4.25,
  4.24,
  4.23,
  4.24,
  4.24,
  4.24,
  4.24,
  4.24,
  4.26,
  4.25,
  4.23,
  4.24,
  4.23,
  4.24,
  4.23,
  4.24,
  4.24,
  4.25,
  4.23,
  4.24,
  4.23,
  4.25,
  4.24,
  4.25,
  4.23,
  4.22,
  4.23,
  4.23,
  4.23,
  4.24,
  4.24,
  4.24,
  4.22,
  4.24,
  4.25,
  4.23,
  4.23,
  4.24,
  4.23,
  4.23,
  4.24,
  4.22,
  4.23,
  4.23,
  4.24,
  4.24,
  4.24,
  4.24,
  4.24,
  4.23,
  4.22,
  4.25,
  4.25,
  4.23,
  4.23,
  4.23,
  4.23,
  4.24,
  4.24,
  4.23,
  4.25,
  4.24,
  4.23,
  4.23,
  4.24,
  4.25,
  4.23,
  4.23,
  4.24,
  4.24,
  4.24,
  4.25,
  4.24,
  4.23
 ]
}