{
 "theta_star": 41.53992696660579,
 "after_same_kick": 36.089411743420285,
 "after_orth_kick": 35.263351159252316,
 "traj_same": [
  3.01,
  8.43,
  12.19,
  14.98,
  17.23,
  19.07,
  20.64,
  21.97,
  23.14,
  24.18,
  25.08,
  25.86,
  26.52,
  27.14,
  27.7,
  28.21,
  28.65,
  29.07,
  29.44,
  29.76,
  30.07,
  30.28,
  30.46,
  30.66,
  30.87,
  31.04,
  31.2,
  31.38,
  31.56,
  31.76,
  31.92,
  32.04,
  32.19,
  32.32,
  32.49,
  32.58,
  32.75,
  32.88,
  33.04,
  33.16,
  33.28,
  33.38,
  33.47,
  33.58,
  33.65,
  33.75,
  33.83,
  33.93,
  34.07,
  34.13,
  34.21,
  34.3,
  34.41,
  34.48,
  34.58,
  34.67,
  34.76,
  34.83,
  34.92,
  34.99,
  35.07,
  35.16,
  35.24,
  35.31,
  35.43,
  35.54,
  35.66,
  35.73,
  35.81,
  35.91,
  35.94,
  35.93,
  36.0,
  36.01,
  35.98,
  35.98,
  36.02,
  36.07,
  36.13,
  36.15,
  36.14,
  36.16,
  36.18,
  36.18,
  36.2,
  36.19,
  36.19,
  36.18,
  36.15,
  36.2,
  36.14,
  36.09,
  36.11,
  36.09,
  36.09,
  36.08,
  36.1,
  36.06,
  36.07,
  36.07
 ],
 "traj_orth": [
  89.71,
  86.44,
  82.31,
  77.33,
  71.69,
  65.57,
  59.29,
  53.12,
  47.19,
  41.63,
  36.65,
  32.25,
  28.62,
  25.74,
  23.61,
  22.17,
  21.35,
  21.08,
  21.2,
  21.58,
  22.15,
  22.75,
  23.36,
  24.03,
  24.7,
  25.33,
  25.96,
  26.58,
  27.18,
  27.76,
  28.29,
  28.75,
  29.18,
  29.56,
  29.93,
  30.2,
  30.51,
  30.79,
  31.09,
  31.34,
  31.57,
  31.76,
  31.91,
  32.09,
  32.22,
  32.39,
  32.52,
  32.64,
  32.81,
  32.92,
  33.04,
  33.14,
  33.27,
  33.36,
  33.48,
  33.6,
  33.7,
  33.76,
  33.84,
  33.9,
  33.99,
  34.07,
  34.12,
  34.16,
  34.24,
  34.28,
  34.36,
  34.4,
  34.47,
  34.57,
  34.59,
  34.56,
  34.62,
  34.65,
  34.65,
  34.68,
  34.74,
  34.79,
  34.85,
  34.9,
  34.88,
  34.89,
  34.92,
  34.95,
  34.98,
  35.0,
  35.04,
  35.09,
  35.1,
  35.18,
  35.16,
  35.18,
  35.25,
  35.27,
  35.28,
  35.28,
  35.3,
  35.27,
  35.3,
  35.32
 ]
}