{
 "theta_star": 4.799240783357138,
 "after_same_kick": 4.2610390585104705,
 "after_orth_kick": 4.274463562878315,
 "traj_same": [
  1.4,
  4.04,
  4.27,
  4.29,
  4.28,
  4.3,
  4.3,
  4.31,
  4.29,
  4.29,
  4.3,
  4.27,
  4.27,
  4.29,
  4.27,
  4.29,
  4.29,
  4.3,
  4.29,
  4.28,
  4.27,
  4.28,
  4.28,
  4.28,
  4.28,
  4.27,
  4.27,
  4.27,
  4.29,
  4.26,
  4.27,
  4.28,
  4.26,
  4.28,
  4.28,
  4.27,
  4.28,
  4.26,
  4.26,
  4.27,
  4.27,
  4.26,
  4.27,
  4.26,
  4.25,
  4.26,
  4.27,
  4.27,
  4.27,
  4.27,
  4.29,
  4.28,
  4.28,
  4.28,
  4.27,
  4.26,
  4.27,
  4.28,
  4.27,
  4.27,
  4.28,
  4.27,
  4.28,
  4.26,
  4.26,
  4.26,
  4.27,
  4.26,
  4.27,
  4.27,
  4.27,
  4.27,
  4.26,
  4.27,
  4.27,
  4.25,
  4.27,
  4.26,
  4.26,
  4.27,
  4.27,
  4.26,
  4.27,
  4.28,
  4.28,
  4.25,
  4.25,
  4.26,
  4.26,
  4.24,
  4.25,
  4.26,
  4.25,
  4.25,
  4.27,
  4.26,
  4.26,
  4.26,
  4.28,
  4.28
 ],
 "traj_orth": [
  89.68,
  85.29,
  75.95,
  59.67,
  40.3,
  24.12,
  13.4,
  7.8,
  5.9,
  5.51,
  5.32,
  5.15,
  5.08,
  5.04,
  5.02,
  5.0,
  4.94,
  4.77,
  4.69,
  4.65,
  4.63,
  4.62,
  4.6,
  4.62,
  4.68,
  4.7,
  4.69,
  4.65,
  4.61,
  4.59,
  4.61,
  4.62,
  4.61,
  4.6,
  4.52,
  4.46,
  4.45,
  4.49,
  4.49,
  4.48,
  4.47,
  4.45,
  4.42,
  4.41,
  4.39,
  4.37,
  4.35,
  4.3,
  4.28,
  4.27,
  4.26,
  4.27,
  4.27,
  4.27,
  4.26,
  4.28,
  4.28,
  4.28,
  4.28,
  4.27,
  4.28,
  4.27,
  4.28,
  4.28,
  4.28,
  4.28,
  4.27,
  4.26,
  4.26,
  4.25,
  4.26,
  4.27,
  4.27,
  4.27,
  4.27,
  4.27,
  4.26,
  4.26,
  4.29,
  4.25,
  4.27,
  4.27,
  4.26,
  4.27,
  4.27,
  4.26,
  4.27,
  4.27,
  4.26,
  4.27,
  4.28,
  4.28,
  4.27,
  4.27,
  4.27,
  4.27,
  4.28,
  4.26,
  4.28,
  4.28
 ]
}