{
 "theta_star": 26.98054913103582,
 "after_same_kick": 24.40504788347757,
 "after_orth_kick": 25.18212300565146,
 "traj_same": [
  2.82,
  8.19,
  11.77,
  14.34,
  16.29,
  17.84,
  19.07,
  20.03,
  20.8,
  21.43,
  21.92,
  22.33,
  22.67,
  22.93,
  23.15,
  23.3,
  23.44,
  23.54,
  23.62,
  23.71,
  23.78,
  23.87,
  23.91,
  23.92,
  23.95,
  23.94,
  23.94,
  23.98,
  24.01,
  24.03,
  24.09,
  24.11,
  24.16,
  24.21,
  24.26,
  24.28,
  24.32,
  24.35,
  24.38,
  24.4,
  24.43,
  24.46,
  24.49,
  24.53,
  24.54,
  24.52,
  24.5,
  24.49,
  24.55,
  24.58,
  24.62,
  24.64,
  24.63,
  24.65,
  24.64,
  24.64,
  24.66,
  24.64,
  24.56,
  24.49,
  24.44,
  24.46,
  24.44,
  24.45,
  24.48,
  24.49,
  24.51,
  24.54,
  24.53,
  24.53,
  24.54,
  24.56,
  24.58,
  24.57,
  24.55,
  24.52,
  24.49,
  24.47,
  24.45,
  24.43,
  24.43,
  24.44,
  24.42,
  24.39,
  24.36,
  24.33,
  24.34,
  24.34,
  24.33,
  24.35,
  24.35,
  24.36,
  24.35,
  24.4,
  24.4,
  24.41,
  24.44,
  24.43,
  24.44,
  24.46
 ],
 "traj_orth": [
  89.71,
  86.32,
  81.51,
  75.19,
  67.73,
  59.64,
  51.58,
  44.0,
  37.16,
  31.27,
  26.5,
  22.93,
  20.52,
  19.06,
  18.35,
  18.18,
  18.38,
  18.8,
  19.35,
  19.96,
  20.53,
  21.11,
  21.6,
  22.02,
  22.41,
  22.7,
  22.97,
  23.23,
  23.46,
  23.64,
  23.82,
  23.94,
  24.05,
  24.17,
  24.29,
  24.39,
  24.5,
  24.59,
  24.66,
  24.72,
  24.78,
  24.82,
  24.87,
  24.91,
  24.97,
  24.97,
  24.97,
  24.96,
  25.02,
  25.06,
  25.1,
  25.14,
  25.17,
  25.21,
  25.21,
  25.22,
  25.23,
  25.26,
  25.21,
  25.15,
  25.09,
  25.08,
  25.07,
  25.07,
  25.1,
  25.1,
  25.13,
  25.16,
  25.14,
  25.15,
  25.15,
  25.14,
  25.13,
  25.14,
  25.16,
  25.15,
  25.11,
  25.16,
  25.19,
  25.2,
  25.21,
  25.21,
  25.19,
  25.2,
  25.18,
  25.17,
  25.2,
  25.2,
  25.16,
  25.16,
  25.16,
  25.16,
  25.15,
  25.21,
  25.19,
  25.2,
  25.2,
  25.17,
  25.17,
  25.19
 ]
}