{
 "theta_star": 48.4158837193607,
 "after_same_kick": 7.934475205479659,
 "after_orth_kick": 8.043084607356338,
 "traj_same": [
  2.55,
  5.67,
  6.6,
  6.9,
  7.06,
  7.07,
  7.1,
  7.1,
  7.13,
  7.13,
  7.1,
  7.12,
  7.1,
  7.11,
  7.15,
  7.16,
  7.22,
  7.31,
  7.43,
  7.48,
  7.48,
  7.44,
  7.42,
  7.46,
  7.48,
  7.52,
  7.54,
  7.55,
  7.54,
  7.51,
  7.54,
  7.52,
  7.57,
  7.62,
  7.65,
  7.69,
  7.71,
  7.66,
  7.61,
  7.58,
  7.52,
  7.53,
  7.5,
  7.51,
  7.52,
  7.54,
  7.56,
  7.58,
  7.61,
  7.59,
  7.61,
  7.59,
  7.59,
  7.57,
  7.58,
  7.6,
  7.61,
  7.57,
  7.56,
  7.53,
  7.58,
  7.63,
  7.7,
  7.74,
  7.78,
  7.76,
  7.71,
  7.71,
  7.75,
  7.75,
  7.73,
  7.77,
  7.76,
  7.81,
  7.78,
  7.8,
  7.82,
  7.85,
  7.92,
  7.94,
  7.93,
  7.94,
  7.93,
  7.9,
  7.92,
  7.94,
  7.95,
  7.98,
  7.99,
  7.97,
  7.93,
  7.91,
  7.95,
  7.98,
  7.93,
  7.95,
  7.93,
  7.9,
  7.93,
  7.92
 ],
 "traj_orth": [
  89.71,
  86.31,
  81.19,
  73.79,
  63.97,
  52.42,
  40.5,
  29.93,
  21.83,
  16.53,
  13.45,
  11.82,
  10.96,
  10.45,
  10.13,
  9.92,
  9.79,
  9.67,
  9.56,
  9.46,
  9.39,
  9.27,
  9.19,
  9.16,
  9.09,
  9.06,
  8.92,
  8.79,
  8.68,
  8.55,
  8.49,
  8.38,
  8.4,
  8.4,
  8.39,
  8.36,
  8.37,
  8.35,
  8.33,
  8.32,
  8.28,
  8.28,
  8.24,
  8.26,
  8.27,
  8.31,
  8.32,
  8.32,
  8.32,
  8.24,
  8.25,
  8.25,
  8.26,
  8.25,
  8.27,
  8.33,
  8.33,
  8.27,
  8.25,
  8.21,
  8.23,
  8.2,
  8.22,
  8.23,
  8.28,
  8.33,
  8.36,
  8.43,
  8.43,
  8.34,
  8.17,
  8.15,
  8.08,
  8.06,
  8.01,
  8.04,
  8.09,
  8.13,
  8.16,
  8.18,
  8.21,
  8.23,
  8.24,
  8.19,
  8.16,
  8.14,
  8.13,
  8.16,
  8.19,
  8.13,
  8.04,
  8.0,
  8.01,
  8.05,
  8.03,
  8.08,
  8.09,
  8.04,
  8.04,
  8.05
 ]
}