{
 "theta_star": 28.47557825304516,
 "after_same_kick": 25.958058923369396,
 "after_orth_kick": 26.14764672906329,
 "traj_same": [
  3.8,
  8.81,
  12.42,
  15.09,
  17.16,
  18.78,
  20.11,
  21.17,
  21.99,
  22.67,
  23.24,
  23.64,
  23.98,
  24.31,
  24.57,
  24.79,
  24.98,
  25.19,
  25.33,
  25.42,
  25.47,
  25.55,
  25.62,
  25.65,
  25.7,
  25.72,
  25.75,
  25.79,
  25.89,
  25.9,
  25.93,
  25.93,
  25.9,
  25.88,
  25.89,
  25.9,
  25.9,
  25.92,
  25.97,
  25.92,
  25.91,
  25.92,
  25.94,
  25.9,
  25.89,
  25.88,
  25.9,
  25.93,
  25.96,
  25.95,
  25.98,
  26.01,
  26.09,
  26.15,
  26.16,
  26.17,
  26.11,
  26.09,
  26.03,
  26.04,
  26.1,
  26.13,
  26.15,
  26.1,
  26.09,
  26.03,
  26.0,
  25.93,
  25.88,
  25.87,
  25.84,
  25.83,
  25.82,
  25.89,
  25.92,
  25.81,
  25.78,
  25.79,
  25.78,
  25.83,
  25.87,
  25.89,
  25.9,
  25.92,
  25.95,
  25.95,
  25.97,
  25.99,
  26.0,
  26.0,
  25.93,
  25.94,
  25.9,
  25.91,
  25.94,
  25.94,
  25.98,
  25.98,
  26.01,
  26.04
 ],
 "traj_orth": [
  89.69,
  86.01,
  80.8,
  74.06,
  66.12,
  57.67,
  49.31,
  41.62,
  34.98,
  29.51,
  25.31,
  22.21,
  20.17,
  19.06,
  18.75,
  18.97,
  19.47,
  20.2,
  20.91,
  21.62,
  22.26,
  22.87,
  23.41,
  23.83,
  24.23,
  24.56,
  24.87,
  25.13,
  25.38,
  25.52,
  25.67,
  25.8,
  25.86,
  25.91,
  25.99,
  26.05,
  26.08,
  26.14,
  26.2,
  26.18,
  26.17,
  26.16,
  26.18,
  26.17,
  26.17,
  26.16,
  26.2,
  26.26,
  26.3,
  26.33,
  26.36,
  26.38,
  26.41,
  26.45,
  26.43,
  26.44,
  26.42,
  26.41,
  26.39,
  26.43,
  26.52,
  26.54,
  26.5,
  26.39,
  26.34,
  26.28,
  26.26,
  26.22,
  26.2,
  26.25,
  26.25,
  26.23,
  26.19,
  26.21,
  26.17,
  26.05,
  26.06,
  26.1,
  26.07,
  26.12,
  26.14,
  26.14,
  26.14,
  26.16,
  26.19,
  26.18,
  26.2,
  26.21,
  26.2,
  26.19,
  26.12,
  26.11,
  26.08,
  26.09,
  26.13,
  26.15,
  26.19,
  26.17,
  26.2,
  26.24
 ]
}