{
 "theta_star": 15.955363173075241,
 "after_same_kick": 5.29755800779441,
 "after_orth_kick": 5.297104236454703,
 "traj_same": [
  1.57,
  4.71,
  5.18,
  5.29,
  5.31,
  5.31,
  5.31,
  5.3,
  5.3,
  5.3,
  5.3,
  5.3,
  5.31,
  5.31,
  5.31,
  5.3,
  5.31,
  5.31,
  5.31,
  5.32,
  5.31,
  5.32,
  5.31,
  5.3,
  5.3,
  5.29,
  5.29,
  5.3,
  5.3,
  5.28,
  5.29,
  5.28,
  5.29,
  5.29,
  5.29,
  5.28,
  5.28,
  5.3,
  5.3,
  5.3,
  5.29,
  5.29,
  5.29,
  5.29,
  5.29,
  5.29,
  5.3,
  5.3,
  5.31,
  5.3,
  5.29,
  5.3,
  5.3,
  5.32,
  5.3,
  5.3,
  5.29,
  5.31,
  5.3,
  5.3,
  5.3,
  5.29,
  5.3,
  5.3,
  5.31,
  5.29,
  5.31,
  5.33,
  5.31,
  5.31,
  5.3,
  5.31,
  5.32,
  5.32,
  5.31,
  5.31,
  5.3,
  5.31,
  5.3,
  5.3,
  5.3,
  5.3,
  5.31,
  5.31,
  5.28,
  5.29,
  5.32,
  5.3,
  5.3,
  5.3,
  5.3,
  5.3,
  5.29,
  5.32,
  5.3,
  5.3,
  5.3,
  5.29,
  5.28,
  5.3
 ],
 "traj_orth": [
  89.71,
  86.02,
  79.56,
  68.98,
  54.87,
  40.04,
  27.04,
  17.23,
  11.25,
  8.24,
  6.89,
  6.3,
  6.02,
  5.88,
  5.83,
  5.78,
  5.76,
  5.74,
  5.75,
  5.77,
  5.76,
  5.79,
  5.81,
  5.82,
  5.83,
  5.82,
  5.79,
  5.76,
  5.76,
  5.75,
  5.74,
  5.68,
  5.61,
  5.49,
  5.41,
  5.37,
  5.35,
  5.33,
  5.31,
  5.3,
  5.29,
  5.29,
  5.29,
  5.29,
  5.29,
  5.29,
  5.3,
  5.3,
  5.32,
  5.3,
  5.3,
  5.31,
  5.3,
  5.32,
  5.3,
  5.3,
  5.29,
  5.31,
  5.3,
  5.3,
  5.3,
  5.3,
  5.29,
  5.3,
  5.3,
  5.29,
  5.3,
  5.33,
  5.32,
  5.31,
  5.3,
  5.31,
  5.32,
  5.33,
  5.31,
  5.31,
  5.3,
  5.32,
  5.3,
  5.3,
  5.3,
  5.3,
  5.31,
  5.31,
  5.28,
  5.29,
  5.32,
  5.3,
  5.3,
  5.3,
  5.3,
  5.3,
  5.29,
  5.32,
  5.3,
  5.3,
  5.29,
  5.29,
  5.28,
  5.3
 ]
}