{
 "theta_star": 39.33098836050512,
 "after_same_kick": 34.289607284139436,
 "after_orth_kick": 34.38767645714248,
 "traj_same": [
  3.98,
  8.84,
  12.47,
  15.17,
  17.39,
  19.27,
  20.85,
  22.18,
  23.31,
  24.21,
  25.04,
  25.73,
  26.33,
  26.86,
  27.31,
  27.77,
  28.13,
  28.48,
  28.74,
  28.99,
  29.21,
  29.39,
  29.54,
  29.65,
  29.74,
  29.89,
  29.91,
  30.0,
  30.12,
  30.22,
  30.32,
  30.44,
  30.49,
  30.63,
  30.79,
  30.93,
  31.03,
  31.12,
  31.24,
  31.37,
  31.48,
  31.61,
  31.75,
  31.84,
  31.95,
  32.0,
  32.04,
  32.05,
  32.08,
  32.11,
  32.18,
  32.22,
  32.29,
  32.37,
  32.49,
  32.56,
  32.58,
  32.69,
  32.76,
  32.81,
  32.89,
  32.89,
  32.93,
  32.89,
  32.89,
  32.96,
  33.0,
  33.03,
  33.0,
  33.0,
  33.07,
  33.11,
  33.11,
  33.13,
  33.15,
  33.16,
  33.2,
  33.29,
  33.38,
  33.39,
  33.5,
  33.56,
  33.59,
  33.64,
  33.73,
  33.76,
  33.83,
  33.92,
  33.99,
  34.04,
  34.06,
  34.07,
  34.15,
  34.18,
  34.3,
  34.35,
  34.42,
  34.4,
  34.46,
  34.52
 ],
 "traj_orth": [
  89.72,
  86.56,
  82.53,
  77.61,
  72.0,
  65.97,
  59.77,
  53.63,
  47.92,
  42.72,
  37.99,
  33.8,
  30.24,
  27.34,
  25.04,
  23.41,
  22.42,
  21.9,
  21.82,
  22.05,
  22.49,
  23.0,
  23.57,
  24.12,
  24.67,
  25.26,
  25.75,
  26.23,
  26.73,
  27.15,
  27.55,
  27.92,
  28.2,
  28.55,
  28.88,
  29.18,
  29.4,
  29.59,
  29.8,
  30.03,
  30.22,
  30.43,
  30.66,
  30.82,
  31.03,
  31.16,
  31.28,
  31.34,
  31.45,
  31.54,
  31.67,
  31.75,
  31.84,
  31.94,
  32.1,
  32.2,
  32.23,
  32.35,
  32.45,
  32.54,
  32.65,
  32.68,
  32.78,
  32.81,
  32.85,
  32.97,
  33.05,
  33.14,
  33.14,
  33.15,
  33.26,
  33.3,
  33.33,
  33.38,
  33.45,
  33.48,
  33.54,
  33.61,
  33.67,
  33.67,
  33.8,
  33.87,
  33.91,
  33.96,
  34.01,
  34.01,
  34.09,
  34.19,
  34.24,
  34.28,
  34.3,
  34.28,
  34.32,
  34.32,
  34.41,
  34.45,
  34.48,
  34.43,
  34.44,
  34.45
 ]
}