{
 "theta_star": 27.6054570837623,
 "after_same_kick": 24.63262218235309,
 "after_orth_kick": 24.772902524193242,
 "traj_same": [
  3.26,
  8.45,
  11.95,
  14.48,
  16.45,
  18.04,
  19.27,
  20.28,
  21.12,
  21.84,
  22.38,
  22.8,
  23.17,
  23.44,
  23.66,
  23.86,
  24.06,
  24.2,
  24.28,
  24.36,
  24.41,
  24.43,
  24.41,
  24.46,
  24.55,
  24.58,
  24.57,
  24.56,
  24.54,
  24.58,
  24.56,
  24.53,
  24.48,
  24.43,
  24.4,
  24.39,
  24.4,
  24.38,
  24.35,
  24.34,
  24.34,
  24.32,
  24.33,
  24.36,
  24.39,
  24.46,
  24.45,
  24.43,
  24.4,
  24.37,
  24.32,
  24.32,
  24.33,
  24.32,
  24.28,
  24.24,
  24.22,
  24.25,
  24.26,
  24.25,
  24.28,
  24.31,
  24.35,
  24.34,
  24.34,
  24.36,
  24.35,
  24.34,
  24.34,
  24.36,
  24.41,
  24.41,
  24.44,
  24.47,
  24.48,
  24.46,
  24.46,
  24.44,
  24.44,
  24.45,
  24.49,
  24.53,
  24.53,
  24.55,
  24.54,
  24.55,
  24.56,
  24.57,
  24.6,
  24.58,
  24.6,
  24.62,
  24.6,
  24.61,
  24.62,
  24.66,
  24.65,
  24.64,
  24.65,
  24.68
 ],
 "traj_orth": [
  89.73,
  86.43,
  81.7,
  75.62,
  68.42,
  60.54,
  52.53,
  44.9,
  38.11,
  32.26,
  27.67,
  24.06,
  21.5,
  19.83,
  19.0,
  18.72,
  18.82,
  19.08,
  19.46,
  19.9,
  20.36,
  20.85,
  21.3,
  21.78,
  22.23,
  22.55,
  22.81,
  23.04,
  23.21,
  23.4,
  23.53,
  23.64,
  23.74,
  23.79,
  23.87,
  23.93,
  23.99,
  24.03,
  24.06,
  24.13,
  24.21,
  24.26,
  24.31,
  24.31,
  24.32,
  24.35,
  24.34,
  24.35,
  24.36,
  24.36,
  24.33,
  24.37,
  24.4,
  24.44,
  24.42,
  24.41,
  24.39,
  24.41,
  24.4,
  24.38,
  24.4,
  24.4,
  24.43,
  24.42,
  24.42,
  24.45,
  24.46,
  24.45,
  24.46,
  24.48,
  24.53,
  24.52,
  24.57,
  24.62,
  24.66,
  24.65,
  24.66,
  24.63,
  24.62,
  24.6,
  24.61,
  24.66,
  24.67,
  24.71,
  24.7,
  24.72,
  24.74,
  24.74,
  24.75,
  24.73,
  24.75,
  24.77,
  24.75,
  24.76,
  24.76,
  24.8,
  24.79,
  24.78,
  24.77,
  24.8
 ]
}