{
 "theta_star": 11.484846674490207,
 "after_same_kick": 5.386068037463182,
 "after_orth_kick": 5.387676083719751,
 "traj_same": [
  1.51,
  4.78,
  5.25,
  5.39,
  5.39,
  5.38,
  5.4,
  5.41,
  5.39,
  5.39,
  5.39,
  5.38,
  5.38,
  5.38,
  5.38,
  5.37,
  5.39,
  5.39,
  5.38,
  5.38,
  5.39,
  5.39,
  5.39,
  5.4,
  5.4,
  5.39,
  5.4,
  5.39,
  5.4,
  5.41,
  5.41,
  5.4,
  5.39,
  5.4,
  5.4,
  5.41,
  5.41,
  5.4,
  5.42,
  5.4,
  5.39,
  5.39,
  5.38,
  5.38,
  5.38,
  5.38,
  5.4,
  5.4,
  5.39,
  5.39,
  5.4,
  5.39,
  5.4,
  5.4,
  5.4,
  5.4,
  5.39,
  5.39,
  5.4,
  5.41,
  5.4,
  5.39,
  5.4,
  5.4,
  5.37,
  5.39,
  5.39,
  5.4,
  5.37,
  5.39,
  5.4,
  5.39,
  5.4,
  5.4,
  5.39,
  5.4,
  5.4,
  5.42,
  5.4,
  5.4,
  5.4,
  5.39,
  5.39,
  5.38,
  5.38,
  5.39,
  5.37,
  5.38,
  5.38,
  5.39,
  5.38,
  5.38,
  5.39,
  5.39,
  5.4,
  5.38,
  5.37,
  5.38,
  5.4,
  5.38
 ],
 "traj_orth": [
  89.73,
  86.14,
  79.7,
  69.27,
  55.53,
  41.28,
  28.79,
  19.04,
  12.59,
  9.23,
  7.6,
  6.69,
  6.23,
  6.04,
  5.98,
  5.96,
  5.95,
  5.94,
  5.92,
  5.84,
  5.69,
  5.6,
  5.56,
  5.56,
  5.56,
  5.55,
  5.57,
  5.58,
  5.61,
  5.61,
  5.59,
  5.57,
  5.55,
  5.55,
  5.58,
  5.62,
  5.63,
  5.59,
  5.59,
  5.57,
  5.54,
  5.55,
  5.55,
  5.56,
  5.56,
  5.56,
  5.57,
  5.54,
  5.53,
  5.53,
  5.55,
  5.55,
  5.55,
  5.55,
  5.56,
  5.56,
  5.54,
  5.53,
  5.53,
  5.52,
  5.53,
  5.53,
  5.56,
  5.54,
  5.5,
  5.5,
  5.48,
  5.48,
  5.43,
  5.42,
  5.41,
  5.39,
  5.4,
  5.4,
  5.39,
  5.4,
  5.4,
  5.41,
  5.4,
  5.4,
  5.4,
  5.39,
  5.39,
  5.38,
  5.38,
  5.39,
  5.37,
  5.39,
  5.38,
  5.39,
  5.39,
  5.39,
  5.39,
  5.39,
  5.4,
  5.38,
  5.38,
  5.39,
  5.4,
  5.38
 ]
}