{
 "theta_star": 30.798821608646016,
 "after_same_kick": 26.57957252746861,
 "after_orth_kick": 26.38011601234907,
 "traj_same": [
  3.62,
  8.2,
  11.28,
  13.47,
  15.2,
  16.61,
  17.82,
  18.82,
  19.64,
  20.37,
  20.99,
  21.5,
  21.93,
  22.36,
  22.75,
  23.08,
  23.36,
  23.64,
  23.83,
  23.99,
  24.06,
  24.18,
  24.3,
  24.39,
  24.48,
  24.56,
  24.63,
  24.65,
  24.76,
  24.79,
  24.84,
  24.9,
  24.93,
  24.96,
  25.04,
  25.13,
  25.22,
  25.32,
  25.38,
  25.41,
  25.43,
  25.48,
  25.52,
  25.51,
  25.53,
  25.55,
  25.62,
  25.69,
  25.76,
  25.8,
  25.86,
  25.87,
  25.9,
  25.9,
  25.91,
  25.92,
  25.93,
  25.94,
  25.92,
  25.93,
  25.97,
  26.01,
  26.08,
  26.13,
  26.2,
  26.25,
  26.31,
  26.32,
  26.31,
  26.33,
  26.4,
  26.44,
  26.48,
  26.56,
  26.64,
  26.6,
  26.64,
  26.65,
  26.63,
  26.67,
  26.65,
  26.62,
  26.6,
  26.62,
  26.61,
  26.59,
  26.57,
  26.58,
  26.56,
  26.58,
  26.58,
  26.62,
  26.6,
  26.61,
  26.6,
  26.54,
  26.54,
  26.55,
  26.55,
  26.61
 ],
 "traj_orth": [
  89.83,
  87.79,
  84.91,
  81.38,
  77.28,
  72.76,
  67.95,
  63.01,
  58.07,
  53.3,
  48.79,
  44.54,
  40.69,
  37.19,
  34.08,
  31.4,
  29.1,
  27.21,
  25.55,
  24.26,
  23.23,
  22.51,
  22.02,
  21.74,
  21.67,
  21.71,
  21.84,
  22.04,
  22.25,
  22.48,
  22.79,
  23.09,
  23.34,
  23.62,
  23.83,
  24.03,
  24.18,
  24.41,
  24.56,
  24.7,
  24.8,
  24.88,
  24.99,
  25.12,
  25.23,
  25.32,
  25.37,
  25.43,
  25.51,
  25.54,
  25.63,
  25.73,
  25.79,
  25.82,
  25.84,
  25.91,
  25.95,
  25.98,
  26.04,
  26.1,
  26.16,
  26.18,
  26.23,
  26.23,
  26.25,
  26.24,
  26.26,
  26.22,
  26.19,
  26.14,
  26.14,
  26.16,
  26.15,
  26.11,
  26.08,
  26.07,
  26.04,
  26.05,
  26.07,
  26.04,
  26.06,
  26.14,
  26.11,
  26.15,
  26.21,
  26.25,
  26.29,
  26.33,
  26.32,
  26.33,
  26.38,
  26.37,
  26.37,
  26.36,
  26.38,
  26.35,
  26.36,
  26.39,
  26.41,
  26.44
 ]
}