{
 "theta_star": 37.26202450793124,
 "after_same_kick": 7.287794519406242,
 "after_orth_kick": 7.731621909250224,
 "traj_same": [
  2.22,
  5.68,
  6.68,
  7.01,
  7.12,
  7.17,
  7.19,
  7.21,
  7.18,
  7.17,
  7.19,
  7.16,
  7.15,
  7.2,
  7.19,
  7.2,
  7.19,
  7.23,
  7.22,
  7.19,
  7.17,
  7.19,
  7.19,
  7.2,
  7.23,
  7.26,
  7.32,
  7.36,
  7.42,
  7.39,
  7.37,
  7.36,
  7.34,
  7.37,
  7.37,
  7.35,
  7.36,
  7.34,
  7.32,
  7.3,
  7.32,
  7.33,
  7.34,
  7.3,
  7.28,
  7.31,
  7.36,
  7.37,
  7.38,
  7.36,
  7.38,
  7.37,
  7.37,
  7.36,
  7.33,
  7.32,
  7.36,
  7.38,
  7.39,
  7.36,
  7.36,
  7.35,
  7.34,
  7.33,
  7.37,
  7.38,
  7.38,
  7.34,
  7.34,
  7.33,
  7.32,
  7.32,
  7.3,
  7.34,
  7.36,
  7.32,
  7.33,
  7.31,
  7.29,
  7.32,
  7.34,
  7.32,
  7.31,
  7.32,
  7.31,
  7.26,
  7.28,
  7.32,
  7.34,
  7.3,
  7.29,
  7.29,
  7.26,
  7.26,
  7.31,
  7.31,
  7.3,
  7.28,
  7.29,
  7.29
 ],
 "traj_orth": [
  89.68,
  85.97,
  80.47,
  72.56,
  62.12,
  50.17,
  38.39,
  28.17,
  20.32,
  14.77,
  11.19,
  9.27,
  8.45,
  8.24,
  8.15,
  8.15,
  8.14,
  8.18,
  8.16,
  8.1,
  8.03,
  8.0,
  7.96,
  7.94,
  7.93,
  7.94,
  7.96,
  8.02,
  8.08,
  7.97,
  7.94,
  7.94,
  7.92,
  7.97,
  7.96,
  7.95,
  7.92,
  7.85,
  7.77,
  7.75,
  7.76,
  7.74,
  7.71,
  7.65,
  7.62,
  7.63,
  7.64,
  7.62,
  7.64,
  7.68,
  7.75,
  7.74,
  7.74,
  7.73,
  7.7,
  7.65,
  7.64,
  7.64,
  7.65,
  7.69,
  7.72,
  7.71,
  7.71,
  7.65,
  7.63,
  7.62,
  7.65,
  7.67,
  7.7,
  7.69,
  7.66,
  7.65,
  7.63,
  7.68,
  7.73,
  7.69,
  7.7,
  7.69,
  7.67,
  7.68,
  7.68,
  7.67,
  7.67,
  7.71,
  7.72,
  7.68,
  7.67,
  7.68,
  7.71,
  7.7,
  7.69,
  7.76,
  7.74,
  7.72,
  7.78,
  7.75,
  7.75,
  7.73,
  7.7,
  7.69
 ]
}