{
 "theta_star": 82.9765010058204,
 "after_same_kick": 11.391154653811071,
 "after_orth_kick": 11.472913780101512,
 "traj_same": [
  2.8,
  6.41,
  7.94,
  8.65,
  9.05,
  9.26,
  9.4,
  9.51,
  9.62,
  9.68,
  9.74,
  9.79,
  9.79,
  9.83,
  9.87,
  9.89,
  9.92,
  9.99,
  10.04,
  10.09,
  10.12,
  10.18,
  10.27,
  10.33,
  10.37,
  10.46,
  10.49,
  10.55,
  10.61,
  10.69,
  10.79,
  10.8,
  10.83,
  10.82,
  10.8,
  10.81,
  10.87,
  10.86,
  10.88,
  10.94,
  10.98,
  11.02,
  11.02,
  11.0,
  10.99,
  10.98,
  10.98,
  10.93,
  10.9,
  10.88,
  10.88,
  10.86,
  10.83,
  10.8,
  10.8,
  10.82,
  10.87,
  10.9,
  10.94,
  10.92,
  10.92,
  10.91,
  10.92,
  10.93,
  10.98,
  10.99,
  10.99,
  11.01,
  10.99,
  10.95,
  10.94,
  10.97,
  10.97,
  11.0,
  10.97,
  10.99,
  10.98,
  11.03,
  11.09,
  11.12,
  11.21,
  11.27,
  11.3,
  11.34,
  11.36,
  11.33,
  11.32,
  11.31,
  11.35,
  11.37,
  11.43,
  11.43,
  11.4,
  11.35,
  11.29,
  11.31,
  11.34,
  11.41,
  11.42,
  11.51
 ],
 "traj_orth": [
  89.71,
  86.5,
  82.24,
  76.74,
  69.95,
  62.03,
  53.29,
  44.42,
  36.0,
  28.77,
  23.07,
  18.93,
  16.07,
  14.31,
  13.32,
  12.67,
  12.28,
  12.08,
  11.98,
  11.97,
  11.91,
  11.78,
  11.66,
  11.52,
  11.39,
  11.32,
  11.23,
  11.21,
  11.27,
  11.3,
  11.34,
  11.36,
  11.42,
  11.44,
  11.42,
  11.38,
  11.38,
  11.38,
  11.41,
  11.45,
  11.51,
  11.55,
  11.55,
  11.55,
  11.55,
  11.54,
  11.55,
  11.53,
  11.5,
  11.52,
  11.54,
  11.54,
  11.57,
  11.57,
  11.55,
  11.53,
  11.5,
  11.49,
  11.49,
  11.48,
  11.46,
  11.41,
  11.4,
  11.36,
  11.39,
  11.44,
  11.47,
  11.5,
  11.51,
  11.5,
  11.5,
  11.46,
  11.44,
  11.42,
  11.42,
  11.45,
  11.46,
  11.52,
  11.57,
  11.6,
  11.61,
  11.65,
  11.63,
  11.62,
  11.63,
  11.64,
  11.66,
  11.67,
  11.65,
  11.65,
  11.63,
  11.59,
  11.52,
  11.48,
  11.43,
  11.42,
  11.41,
  11.43,
  11.41,
  11.43
 ]
}