{
 "theta_star": 9.81061967565717,
 "after_same_kick": 5.265846973029795,
 "after_orth_kick": 5.26792036437481,
 "traj_same": [
  1.4,
  4.69,
  5.17,
  5.28,
  5.31,
  5.31,
  5.31,
  5.31,
  5.28,
  5.3,
  5.29,
  5.3,
  5.29,
  5.29,
  5.28,
  5.26,
  5.28,
  5.26,
  5.27,
  5.27,
  5.28,
  5.27,
  5.26,
  5.27,
  5.27,
  5.27,
  5.27,
  5.27,
  5.28,
  5.28,
  5.3,
  5.28,
  5.28,
  5.28,
  5.28,
  5.29,
  5.27,
  5.29,
  5.29,
  5.28,
  5.29,
  5.3,
  5.29,
  5.29,
  5.29,
  5.29,
  5.28,
  5.29,
  5.29,
  5.28,
  5.29,
  5.29,
  5.28,
  5.28,
  5.28,
  5.27,
  5.28,
  5.29,
  5.28,
  5.28,
  5.27,
  5.27,
  5.26,
  5.27,
  5.28,
  5.26,
  5.26,
  5.28,
  5.29,
  5.25,
  5.26,
  5.26,
  5.27,
  5.27,
  5.26,
  5.26,
  5.27,
  5.27,
  5.27,
  5.26,
  5.28,
  5.28,
  5.28,
  5.27,
  5.28,
  5.27,
  5.27,
  5.26,
  5.27,
  5.27,
  5.27,
  5.29,
  5.27,
  5.27,
  5.25,
  5.26,
  5.26,
  5.26,
  5.27,
  5.26
 ],
 "traj_orth": [
  89.73,
  86.24,
  80.03,
  70.04,
  56.73,
  42.62,
  30.04,
  20.17,
  13.3,
  9.37,
  7.77,
  7.01,
  6.45,
  6.01,
  5.74,
  5.6,
  5.56,
  5.46,
  5.38,
  5.27,
  5.27,
  5.27,
  5.26,
  5.27,
  5.27,
  5.27,
  5.27,
  5.28,
  5.29,
  5.28,
  5.3,
  5.28,
  5.29,
  5.28,
  5.29,
  5.29,
  5.28,
  5.29,
  5.3,
  5.28,
  5.29,
  5.31,
  5.3,
  5.29,
  5.29,
  5.29,
  5.28,
  5.29,
  5.29,
  5.28,
  5.29,
  5.29,
  5.28,
  5.29,
  5.28,
  5.28,
  5.28,
  5.3,
  5.29,
  5.29,
  5.28,
  5.28,
  5.27,
  5.27,
  5.28,
  5.27,
  5.27,
  5.28,
  5.29,
  5.26,
  5.26,
  5.27,
  5.28,
  5.28,
  5.27,
  5.27,
  5.28,
  5.28,
  5.28,
  5.28,
  5.29,
  5.29,
  5.29,
  5.28,
  5.28,
  5.28,
  5.27,
  5.26,
  5.28,
  5.27,
  5.27,
  5.29,
  5.27,
  5.27,
  5.26,
  5.26,
  5.26,
  5.26,
  5.27,
  5.26
 ]
}