{
 "theta_star": 6.858490325080035,
 "after_same_kick": 6.7971206072958,
 "after_orth_kick": 6.813762450969962,
 "traj_same": [
  1.61,
  5.52,
  6.45,
  6.72,
  6.81,
  6.86,
  6.88,
  6.86,
  6.87,
  6.84,
  6.84,
  6.85,
  6.84,
  6.84,
  6.81,
  6.83,
  6.82,
  6.82,
  6.82,
  6.82,
  6.85,
  6.83,
  6.81,
  6.8,
  6.79,
  6.81,
  6.79,
  6.78,
  6.8,
  6.79,
  6.79,
  6.8,
  6.79,
  6.78,
  6.79,
  6.81,
  6.81,
  6.8,
  6.8,
  6.82,
  6.81,
  6.8,
  6.82,
  6.8,
  6.8,
  6.8,
  6.8,
  6.79,
  6.8,
  6.79,
  6.81,
  6.78,
  6.8,
  6.8,
  6.8,
  6.79,
  6.8,
  6.82,
  6.81,
  6.82,
  6.79,
  6.81,
  6.82,
  6.8,
  6.78,
  6.78,
  6.79,
  6.79,
  6.79,
  6.78,
  6.79,
  6.79,
  6.8,
  6.79,
  6.79,
  6.81,
  6.81,
  6.8,
  6.82,
  6.79,
  6.79,
  6.78,
  6.79,
  6.8,
  6.8,
  6.79,
  6.81,
  6.8,
  6.8,
  6.81,
  6.8,
  6.79,
  6.77,
  6.79,
  6.79,
  6.8,
  6.81,
  6.8,
  6.81,
  6.81
 ],
 "traj_orth": [
  81.63,
  30.27,
  11.34,
  6.32,
  6.22,
  6.56,
  6.72,
  6.78,
  6.83,
  6.82,
  6.83,
  6.84,
  6.83,
  6.83,
  6.82,
  6.83,
  6.83,
  6.81,
  6.81,
  6.8,
  6.82,
  6.8,
  6.81,
  6.82,
  6.82,
  6.82,
  6.79,
  6.77,
  6.8,
  6.8,
  6.8,
  6.81,
  6.81,
  6.79,
  6.79,
  6.79,
  6.81,
  6.81,
  6.79,
  6.79,
  6.79,
  6.79,
  6.78,
  6.79,
  6.76,
  6.78,
  6.78,
  6.8,
  6.79,
  6.79,
  6.8,
  6.8,
  6.8,
  6.79,
  6.81,
  6.81,
  6.79,
  6.8,
  6.79,
  6.81,
  6.8,
  6.81,
  6.8,
  6.8,
  6.78,
  6.8,
  6.81,
  6.78,
  6.79,
  6.79,
  6.78,
  6.8,
  6.8,
  6.79,
  6.8,
  6.82,
  6.79,
  6.8,
  6.8,
  6.8,
  6.82,
  6.81,
  6.8,
  6.82,
  6.82,
  6.82,
  6.8,
  6.79,
  6.8,
  6.82,
  6.83,
  6.8,
  6.82,
  6.79,
  6.81,
  6.81,
  6.82,
  6.82,
  6.82,
  6.82
 ]
}