{
 "theta_star": 45.674196995431856,
 "after_same_kick": 37.11971095786957,
 "after_orth_kick": 36.2824512703288,
 "traj_same": [
  4.02,
  8.94,
  12.64,
  15.5,
  17.88,
  19.88,
  21.61,
  23.07,
  24.29,
  25.4,
  26.37,
  27.16,
  27.85,
  28.5,
  29.05,
  29.53,
  29.95,
  30.36,
  30.7,
  30.98,
  31.19,
  31.45,
  31.67,
  31.86,
  32.06,
  32.24,
  32.4,
  32.56,
  32.8,
  32.94,
  33.14,
  33.34,
  33.49,
  33.63,
  33.79,
  33.96,
  34.11,
  34.24,
  34.32,
  34.41,
  34.51,
  34.61,
  34.71,
  34.77,
  34.83,
  34.86,
  34.91,
  34.98,
  35.09,
  35.18,
  35.34,
  35.45,
  35.56,
  35.61,
  35.65,
  35.68,
  35.72,
  35.74,
  35.74,
  35.82,
  35.9,
  35.98,
  36.06,
  36.08,
  36.12,
  36.15,
  36.24,
  36.27,
  36.33,
  36.4,
  36.48,
  36.55,
  36.6,
  36.72,
  36.85,
  36.79,
  36.86,
  36.9,
  36.88,
  36.96,
  37.0,
  37.03,
  37.05,
  37.1,
  37.07,
  37.04,
  37.0,
  36.98,
  36.97,
  37.06,
  37.01,
  37.06,
  37.01,
  37.08,
  37.11,
  37.1,
  37.17,
  37.2,
  37.19,
  37.26
 ],
 "traj_orth": [
  89.69,
  86.2,
  81.76,
  76.44,
  70.37,
  63.89,
  57.22,
  50.74,
  44.68,
  39.18,
  34.4,
  30.41,
  27.16,
  24.67,
  22.94,
  21.92,
  21.43,
  21.51,
  21.88,
  22.52,
  23.22,
  24.04,
  24.89,
  25.67,
  26.46,
  27.19,
  27.86,
  28.48,
  29.09,
  29.56,
  30.08,
  30.56,
  30.94,
  31.31,
  31.68,
  32.0,
  32.33,
  32.65,
  32.91,
  33.11,
  33.33,
  33.54,
  33.78,
  33.96,
  34.16,
  34.32,
  34.47,
  34.61,
  34.74,
  34.81,
  34.96,
  35.02,
  35.11,
  35.11,
  35.12,
  35.16,
  35.18,
  35.2,
  35.19,
  35.23,
  35.28,
  35.33,
  35.4,
  35.43,
  35.48,
  35.5,
  35.57,
  35.57,
  35.61,
  35.64,
  35.68,
  35.69,
  35.74,
  35.86,
  35.97,
  35.91,
  35.96,
  36.01,
  35.99,
  36.07,
  36.11,
  36.16,
  36.17,
  36.24,
  36.21,
  36.19,
  36.15,
  36.16,
  36.15,
  36.2,
  36.17,
  36.2,
  36.18,
  36.24,
  36.24,
  36.23,
  36.31,
  36.38,
  36.39,
  36.48
 ]
}