{
 "theta_star": 19.252473286394242,
 "after_same_kick": 18.666004036758746,
 "after_orth_kick": 18.900702505490997,
 "traj_same": [
  3.07,
  8.4,
  11.75,
  13.87,
  15.28,
  16.24,
  16.94,
  17.42,
  17.75,
  18.0,
  18.18,
  18.3,
  18.4,
  18.5,
  18.56,
  18.61,
  18.65,
  18.71,
  18.72,
  18.71,
  18.69,
  18.72,
  18.73,
  18.73,
  18.73,
  18.73,
  18.72,
  18.72,
  18.75,
  18.73,
  18.74,
  18.77,
  18.75,
  18.75,
  18.76,
  18.76,
  18.76,
  18.78,
  18.81,
  18.8,
  18.79,
  18.79,
  18.8,
  18.76,
  18.75,
  18.74,
  18.77,
  18.77,
  18.78,
  18.77,
  18.79,
  18.78,
  18.79,
  18.77,
  18.73,
  18.72,
  18.69,
  18.7,
  18.69,
  18.7,
  18.72,
  18.72,
  18.72,
  18.7,
  18.72,
  18.72,
  18.75,
  18.75,
  18.75,
  18.77,
  18.77,
  18.78,
  18.79,
  18.83,
  18.87,
  18.82,
  18.83,
  18.83,
  18.83,
  18.89,
  18.91,
  18.87,
  18.83,
  18.83,
  18.8,
  18.74,
  18.74,
  18.75,
  18.74,
  18.72,
  18.68,
  18.67,
  18.65,
  18.65,
  18.67,
  18.65,
  18.67,
  18.66,
  18.68,
  18.69
 ],
 "traj_orth": [
  89.68,
  85.36,
  77.22,
  65.28,
  51.65,
  39.04,
  28.94,
  21.79,
  17.17,
  14.79,
  14.04,
  14.23,
  14.83,
  15.53,
  16.19,
  16.73,
  17.17,
  17.54,
  17.83,
  18.07,
  18.25,
  18.41,
  18.5,
  18.58,
  18.66,
  18.73,
  18.78,
  18.81,
  18.82,
  18.85,
  18.89,
  18.9,
  18.9,
  18.9,
  18.9,
  18.88,
  18.85,
  18.88,
  18.86,
  18.88,
  18.9,
  18.93,
  18.92,
  18.92,
  18.91,
  18.89,
  18.89,
  18.91,
  18.95,
  18.93,
  18.91,
  18.92,
  18.91,
  18.88,
  18.86,
  18.87,
  18.88,
  18.88,
  18.88,
  18.89,
  18.9,
  18.87,
  18.89,
  18.9,
  18.94,
  18.96,
  18.97,
  18.94,
  18.92,
  18.88,
  18.89,
  18.91,
  18.92,
  18.91,
  18.91,
  18.9,
  18.89,
  18.9,
  18.93,
  18.92,
  18.94,
  18.97,
  18.96,
  18.95,
  18.97,
  18.99,
  19.01,
  19.02,
  19.01,
  19.01,
  19.02,
  18.96,
  18.91,
  18.9,
  18.91,
  18.9,
  18.88,
  18.85,
  18.84,
  18.84
 ]
}