{
 "theta_star": 83.9643249179948,
 "after_same_kick": 10.339323473525374,
 "after_orth_kick": 10.602907587419267,
 "traj_same": [
  3.19,
  6.54,
  8.13,
  8.91,
  9.4,
  9.68,
  9.9,
  9.99,
  10.09,
  10.07,
  10.08,
  10.1,
  10.12,
  10.2,
  10.32,
  10.36,
  10.35,
  10.2,
  10.18,
  10.17,
  10.2,
  10.25,
  10.28,
  10.28,
  10.28,
  10.27,
  10.28,
  10.24,
  10.33,
  10.38,
  10.4,
  10.4,
  10.42,
  10.38,
  10.34,
  10.33,
  10.34,
  10.35,
  10.4,
  10.43,
  10.44,
  10.35,
  10.31,
  10.31,
  10.32,
  10.29,
  10.31,
  10.29,
  10.26,
  10.23,
  10.23,
  10.26,
  10.29,
  10.28,
  10.23,
  10.2,
  10.16,
  10.13,
  10.13,
  10.12,
  10.08,
  10.05,
  10.05,
  10.06,
  10.05,
  10.05,
  10.04,
  10.0,
  10.01,
  10.03,
  10.04,
  10.02,
  10.04,
  10.0,
  10.01,
  10.01,
  10.03,
  10.06,
  10.1,
  10.15,
  10.15,
  10.15,
  10.15,
  10.13,
  10.13,
  10.1,
  10.09,
  10.17,
  10.26,
  10.28,
  10.29,
  10.34,
  10.4,
  10.43,
  10.43,
  10.34,
  10.3,
  10.3,
  10.3,
  10.27
 ],
 "traj_orth": [
  89.69,
  86.23,
  81.7,
  75.83,
  68.6,
  60.18,
  51.05,
  42.08,
  34.06,
  27.62,
  22.59,
  18.92,
  16.19,
  14.37,
  13.21,
  12.48,
  12.07,
  11.76,
  11.61,
  11.56,
  11.58,
  11.6,
  11.62,
  11.61,
  11.58,
  11.49,
  11.43,
  11.34,
  11.35,
  11.28,
  11.14,
  10.97,
  10.84,
  10.7,
  10.56,
  10.43,
  10.29,
  10.22,
  10.21,
  10.22,
  10.24,
  10.19,
  10.16,
  10.17,
  10.18,
  10.13,
  10.16,
  10.13,
  10.12,
  10.09,
  10.1,
  10.15,
  10.18,
  10.16,
  10.16,
  10.17,
  10.19,
  10.2,
  10.22,
  10.22,
  10.19,
  10.17,
  10.19,
  10.21,
  10.2,
  10.2,
  10.19,
  10.16,
  10.17,
  10.2,
  10.21,
  10.23,
  10.29,
  10.3,
  10.35,
  10.4,
  10.45,
  10.48,
  10.56,
  10.62,
  10.61,
  10.61,
  10.61,
  10.63,
  10.67,
  10.64,
  10.64,
  10.69,
  10.7,
  10.66,
  10.6,
  10.6,
  10.6,
  10.61,
  10.61,
  10.56,
  10.6,
  10.63,
  10.62,
  10.6
 ]
}