{
 "theta_star": 21.80572281539191,
 "after_same_kick": 21.14929199266162,
 "after_orth_kick": 21.488577800395554,
 "traj_same": [
  3.6,
  8.66,
  12.03,
  14.35,
  16.05,
  17.26,
  18.21,
  18.87,
  19.38,
  19.77,
  20.04,
  20.24,
  20.39,
  20.55,
  20.68,
  20.75,
  20.85,
  20.88,
  20.94,
  20.98,
  21.0,
  20.99,
  21.02,
  21.03,
  21.01,
  21.02,
  21.0,
  21.01,
  21.01,
  21.02,
  21.06,
  21.06,
  21.06,
  21.12,
  21.13,
  21.13,
  21.08,
  21.06,
  21.05,
  21.04,
  21.05,
  21.1,
  21.09,
  21.08,
  21.07,
  21.1,
  21.08,
  21.1,
  21.03,
  21.01,
  21.0,
  21.02,
  21.04,
  21.1,
  21.09,
  21.08,
  21.06,
  21.07,
  21.1,
  21.07,
  21.04,
  21.07,
  21.06,
  21.06,
  21.07,
  21.1,
  21.09,
  21.1,
  21.12,
  21.14,
  21.13,
  21.14,
  21.16,
  21.16,
  21.15,
  21.12,
  21.06,
  21.09,
  21.09,
  21.1,
  21.1,
  21.12,
  21.12,
  21.13,
  21.19,
  21.13,
  21.14,
  21.17,
  21.16,
  21.16,
  21.15,
  21.15,
  21.17,
  21.16,
  21.16,
  21.17,
  21.14,
  21.15,
  21.11,
  21.12
 ],
 "traj_orth": [
  89.69,
  85.89,
  79.71,
  71.04,
  60.73,
  50.2,
  40.5,
  32.12,
  25.48,
  20.67,
  17.7,
  16.17,
  15.79,
  16.05,
  16.6,
  17.23,
  17.91,
  18.48,
  18.99,
  19.41,
  19.76,
  20.02,
  20.26,
  20.46,
  20.58,
  20.76,
  20.87,
  20.96,
  21.04,
  21.1,
  21.21,
  21.23,
  21.27,
  21.35,
  21.39,
  21.42,
  21.41,
  21.39,
  21.39,
  21.39,
  21.4,
  21.47,
  21.47,
  21.45,
  21.46,
  21.48,
  21.45,
  21.43,
  21.39,
  21.38,
  21.38,
  21.42,
  21.45,
  21.52,
  21.5,
  21.49,
  21.44,
  21.42,
  21.48,
  21.49,
  21.5,
  21.52,
  21.48,
  21.47,
  21.47,
  21.49,
  21.49,
  21.5,
  21.52,
  21.49,
  21.48,
  21.5,
  21.52,
  21.5,
  21.46,
  21.45,
  21.42,
  21.44,
  21.44,
  21.45,
  21.45,
  21.47,
  21.45,
  21.46,
  21.52,
  21.46,
  21.47,
  21.5,
  21.49,
  21.5,
  21.51,
  21.5,
  21.51,
  21.48,
  21.5,
  21.51,
  21.49,
  21.5,
  21.45,
  21.44
 ]
}