{
 "theta_star": 39.09619853299767,
 "after_same_kick": 35.18814986041092,
 "after_orth_kick": 34.65556979810286,
 "traj_same": [
  3.24,
  8.61,
  12.32,
  15.03,
  17.19,
  19.0,
  20.54,
  21.81,
  22.94,
  23.9,
  24.75,
  25.48,
  26.14,
  26.72,
  27.26,
  27.71,
  28.14,
  28.51,
  28.81,
  29.09,
  29.32,
  29.59,
  29.84,
  30.06,
  30.28,
  30.5,
  30.7,
  30.89,
  31.07,
  31.21,
  31.34,
  31.47,
  31.6,
  31.76,
  31.9,
  32.1,
  32.24,
  32.32,
  32.42,
  32.49,
  32.52,
  32.57,
  32.67,
  32.79,
  32.86,
  32.95,
  33.05,
  33.12,
  33.22,
  33.33,
  33.42,
  33.47,
  33.53,
  33.6,
  33.61,
  33.7,
  33.81,
  33.89,
  33.99,
  34.06,
  34.14,
  34.29,
  34.42,
  34.52,
  34.61,
  34.63,
  34.68,
  34.78,
  34.87,
  34.93,
  34.99,
  35.02,
  35.09,
  35.13,
  35.19,
  35.27,
  35.3,
  35.35,
  35.37,
  35.36,
  35.35,
  35.35,
  35.32,
  35.32,
  35.27,
  35.24,
  35.22,
  35.22,
  35.23,
  35.23,
  35.27,
  35.28,
  35.29,
  35.28,
  35.22,
  35.16,
  35.17,
  35.14,
  35.08,
  35.0
 ],
 "traj_orth": [
  89.73,
  86.64,
  82.64,
  77.83,
  72.39,
  66.57,
  60.57,
  54.64,
  48.96,
  43.67,
  38.89,
  34.68,
  31.11,
  28.23,
  26.02,
  24.48,
  23.44,
  22.83,
  22.6,
  22.66,
  22.91,
  23.34,
  23.85,
  24.38,
  24.94,
  25.54,
  26.11,
  26.68,
  27.19,
  27.59,
  27.96,
  28.31,
  28.65,
  28.98,
  29.3,
  29.67,
  29.99,
  30.23,
  30.49,
  30.7,
  30.82,
  30.91,
  31.0,
  31.14,
  31.25,
  31.38,
  31.49,
  31.57,
  31.66,
  31.72,
  31.76,
  31.8,
  31.88,
  31.97,
  32.01,
  32.1,
  32.2,
  32.26,
  32.33,
  32.4,
  32.5,
  32.65,
  32.81,
  32.93,
  33.06,
  33.11,
  33.19,
  33.3,
  33.37,
  33.46,
  33.58,
  33.68,
  33.8,
  33.91,
  33.99,
  34.1,
  34.15,
  34.25,
  34.34,
  34.39,
  34.44,
  34.48,
  34.49,
  34.51,
  34.51,
  34.56,
  34.56,
  34.61,
  34.67,
  34.7,
  34.75,
  34.78,
  34.78,
  34.76,
  34.7,
  34.63,
  34.63,
  34.58,
  34.5,
  34.45
 ]
}