{
 "theta_star": 87.71687175375673,
 "after_same_kick": 10.457526509384618,
 "after_orth_kick": 11.314664609638754,
 "traj_same": [
  2.92,
  6.5,
  8.15,
  8.97,
  9.39,
  9.66,
  9.81,
  9.88,
  9.93,
  9.97,
  9.99,
  9.99,
  9.98,
  9.98,
  10.0,
  10.0,
  10.02,
  10.06,
  10.09,
  10.13,
  10.17,
  10.15,
  10.15,
  10.15,
  10.16,
  10.18,
  10.19,
  10.2,
  10.23,
  10.27,
  10.27,
  10.25,
  10.28,
  10.31,
  10.28,
  10.29,
  10.31,
  10.36,
  10.39,
  10.42,
  10.47,
  10.48,
  10.5,
  10.49,
  10.47,
  10.49,
  10.48,
  10.54,
  10.6,
  10.62,
  10.64,
  10.62,
  10.6,
  10.64,
  10.7,
  10.74,
  10.78,
  10.78,
  10.79,
  10.76,
  10.73,
  10.71,
  10.71,
  10.72,
  10.7,
  10.69,
  10.65,
  10.63,
  10.61,
  10.64,
  10.64,
  10.65,
  10.65,
  10.65,
  10.62,
  10.59,
  10.55,
  10.5,
  10.48,
  10.46,
  10.47,
  10.5,
  10.5,
  10.47,
  10.46,
  10.46,
  10.47,
  10.46,
  10.47,
  10.5,
  10.51,
  10.5,
  10.48,
  10.48,
  10.47,
  10.43,
  10.42,
  10.4,
  10.43,
  10.45
 ],
 "traj_orth": [
  89.69,
  86.18,
  81.53,
  75.52,
  68.13,
  59.72,
  51.0,
  42.56,
  34.94,
  28.5,
  23.51,
  19.87,
  17.32,
  15.5,
  14.22,
  13.27,
  12.64,
  12.24,
  12.01,
  11.88,
  11.82,
  11.75,
  11.76,
  11.82,
  11.84,
  11.83,
  11.8,
  11.77,
  11.72,
  11.67,
  11.64,
  11.58,
  11.59,
  11.63,
  11.63,
  11.66,
  11.66,
  11.68,
  11.69,
  11.73,
  11.8,
  11.82,
  11.82,
  11.78,
  11.73,
  11.73,
  11.69,
  11.7,
  11.71,
  11.72,
  11.74,
  11.72,
  11.71,
  11.71,
  11.74,
  11.75,
  11.78,
  11.78,
  11.76,
  11.78,
  11.84,
  11.87,
  11.85,
  11.79,
  11.66,
  11.6,
  11.57,
  11.56,
  11.55,
  11.55,
  11.53,
  11.56,
  11.52,
  11.49,
  11.42,
  11.41,
  11.41,
  11.41,
  11.42,
  11.38,
  11.33,
  11.32,
  11.35,
  11.38,
  11.4,
  11.39,
  11.36,
  11.34,
  11.31,
  11.31,
  11.34,
  11.37,
  11.38,
  11.38,
  11.36,
  11.3,
  11.28,
  11.26,
  11.26,
  11.22
 ]
}