{
 "theta_star": 9.786290137624599,
 "after_same_kick": 5.299893062369652,
 "after_orth_kick": 5.3097834658407645,
 "traj_same": [
  1.49,
  4.72,
  5.2,
  5.31,
  5.34,
  5.34,
  5.35,
  5.34,
  5.31,
  5.34,
  5.33,
  5.34,
  5.33,
  5.32,
  5.3,
  5.28,
  5.32,
  5.31,
  5.32,
  5.34,
  5.36,
  5.32,
  5.29,
  5.31,
  5.3,
  5.3,
  5.3,
  5.3,
  5.31,
  5.3,
  5.32,
  5.31,
  5.31,
  5.3,
  5.31,
  5.32,
  5.31,
  5.32,
  5.33,
  5.3,
  5.31,
  5.33,
  5.31,
  5.31,
  5.31,
  5.31,
  5.3,
  5.32,
  5.31,
  5.3,
  5.31,
  5.31,
  5.3,
  5.3,
  5.29,
  5.29,
  5.3,
  5.32,
  5.31,
  5.31,
  5.31,
  5.3,
  5.29,
  5.3,
  5.31,
  5.29,
  5.29,
  5.32,
  5.32,
  5.29,
  5.29,
  5.3,
  5.31,
  5.31,
  5.3,
  5.3,
  5.31,
  5.3,
  5.31,
  5.3,
  5.32,
  5.31,
  5.32,
  5.31,
  5.32,
  5.31,
  5.31,
  5.29,
  5.31,
  5.3,
  5.29,
  5.32,
  5.3,
  5.31,
  5.29,
  5.29,
  5.3,
  5.3,
  5.31,
  5.3
 ],
 "traj_orth": [
  89.73,
  86.22,
  79.98,
  69.92,
  56.61,
  42.58,
  30.1,
  20.16,
  13.19,
  9.35,
  7.71,
  6.92,
  6.4,
  6.1,
  5.93,
  5.8,
  5.75,
  5.72,
  5.63,
  5.52,
  5.43,
  5.4,
  5.41,
  5.42,
  5.4,
  5.33,
  5.31,
  5.3,
  5.33,
  5.29,
  5.3,
  5.3,
  5.31,
  5.29,
  5.29,
  5.31,
  5.29,
  5.31,
  5.3,
  5.3,
  5.31,
  5.29,
  5.31,
  5.33,
  5.32,
  5.32,
  5.32,
  5.31,
  5.33,
  5.3,
  5.31,
  5.31,
  5.32,
  5.32,
  5.31,
  5.31,
  5.32,
  5.31,
  5.31,
  5.32,
  5.32,
  5.32,
  5.29,
  5.3,
  5.32,
  5.31,
  5.31,
  5.3,
  5.3,
  5.32,
  5.29,
  5.3,
  5.31,
  5.31,
  5.31,
  5.31,
  5.32,
  5.3,
  5.33,
  5.31,
  5.3,
  5.31,
  5.32,
  5.31,
  5.31,
  5.32,
  5.32,
  5.32,
  5.31,
  5.3,
  5.3,
  5.3,
  5.32,
  5.32,
  5.3,
  5.32,
  5.31,
  5.31,
  5.31,
  5.31
 ]
}