{
 "theta_star": 80.15942540673939,
 "after_same_kick": 9.573466638503223,
 "after_orth_kick": 9.985090963340223,
 "traj_same": [
  2.92,
  6.31,
  7.82,
  8.54,
  8.93,
  9.16,
  9.29,
  9.39,
  9.47,
  9.51,
  9.52,
  9.49,
  9.45,
  9.4,
  9.41,
  9.41,
  9.43,
  9.52,
  9.56,
  9.54,
  9.5,
  9.51,
  9.49,
  9.5,
  9.45,
  9.39,
  9.39,
  9.42,
  9.42,
  9.39,
  9.35,
  9.33,
  9.31,
  9.28,
  9.32,
  9.36,
  9.35,
  9.34,
  9.32,
  9.32,
  9.33,
  9.32,
  9.33,
  9.39,
  9.45,
  9.47,
  9.47,
  9.43,
  9.41,
  9.43,
  9.39,
  9.39,
  9.4,
  9.39,
  9.39,
  9.35,
  9.35,
  9.33,
  9.31,
  9.33,
  9.32,
  9.32,
  9.35,
  9.34,
  9.33,
  9.35,
  9.34,
  9.38,
  9.43,
  9.52,
  9.53,
  9.55,
  9.52,
  9.52,
  9.52,
  9.55,
  9.58,
  9.56,
  9.58,
  9.55,
  9.55,
  9.58,
  9.59,
  9.55,
  9.5,
  9.51,
  9.49,
  9.47,
  9.5,
  9.53,
  9.55,
  9.55,
  9.58,
  9.59,
  9.61,
  9.6,
  9.58,
  9.58,
  9.56,
  9.53
 ],
 "traj_orth": [
  89.76,
  86.85,
  83.0,
  78.01,
  71.82,
  64.54,
  56.57,
  48.34,
  40.32,
  33.06,
  26.85,
  21.95,
  18.32,
  15.78,
  14.22,
  13.23,
  12.67,
  12.4,
  12.19,
  12.18,
  12.15,
  12.08,
  12.0,
  11.92,
  11.86,
  11.84,
  11.79,
  11.76,
  11.77,
  11.79,
  11.75,
  11.71,
  11.65,
  11.59,
  11.55,
  11.54,
  11.51,
  11.54,
  11.57,
  11.57,
  11.61,
  11.69,
  11.72,
  11.77,
  11.73,
  11.47,
  11.3,
  11.19,
  11.11,
  11.03,
  10.92,
  10.87,
  10.86,
  10.8,
  10.8,
  10.8,
  10.84,
  10.83,
  10.86,
  10.88,
  10.84,
  10.78,
  10.76,
  10.75,
  10.75,
  10.86,
  10.9,
  10.93,
  10.95,
  10.98,
  10.92,
  10.9,
  10.87,
  10.88,
  10.81,
  10.7,
  10.6,
  10.48,
  10.46,
  10.39,
  10.39,
  10.34,
  10.3,
  10.21,
  10.14,
  10.1,
  10.06,
  10.0,
  10.01,
  10.04,
  10.07,
  10.13,
  10.17,
  10.15,
  10.08,
  9.96,
  9.86,
  9.83,
  9.81,
  9.79
 ]
}