{
 "theta_star": 20.578649103977597,
 "after_same_kick": 20.028379799701895,
 "after_orth_kick": 20.055583482588133,
 "traj_same": [
  2.91,
  8.1,
  11.37,
  13.53,
  15.08,
  16.23,
  17.08,
  17.73,
  18.25,
  18.64,
  18.93,
  19.17,
  19.36,
  19.5,
  19.62,
  19.69,
  19.76,
  19.82,
  19.84,
  19.84,
  19.85,
  19.9,
  19.95,
  19.99,
  20.04,
  20.07,
  20.07,
  20.08,
  20.11,
  20.13,
  20.14,
  20.15,
  20.19,
  20.18,
  20.22,
  20.26,
  20.28,
  20.29,
  20.27,
  20.28,
  20.29,
  20.25,
  20.19,
  20.13,
  20.04,
  19.96,
  19.92,
  19.84,
  19.81,
  19.8,
  19.81,
  19.83,
  19.85,
  19.85,
  19.87,
  19.88,
  19.87,
  19.85,
  19.85,
  19.88,
  19.88,
  19.87,
  19.89,
  19.88,
  19.87,
  19.87,
  19.86,
  19.88,
  19.86,
  19.88,
  19.87,
  19.88,
  19.88,
  19.87,
  19.86,
  19.89,
  19.92,
  19.9,
  19.92,
  19.91,
  19.91,
  19.91,
  19.93,
  19.92,
  19.93,
  20.0,
  20.02,
  20.02,
  20.03,
  20.03,
  20.01,
  20.02,
  20.04,
  20.05,
  20.07,
  20.05,
  20.04,
  20.03,
  19.99,
  19.98
 ],
 "traj_orth": [
  89.76,
  86.47,
  81.05,
  73.39,
  64.06,
  54.18,
  44.72,
  36.36,
  29.52,
  24.44,
  20.88,
  18.56,
  17.26,
  16.67,
  16.63,
  16.82,
  17.17,
  17.58,
  17.97,
  18.37,
  18.7,
  19.02,
  19.25,
  19.45,
  19.56,
  19.66,
  19.75,
  19.85,
  19.94,
  20.01,
  20.03,
  20.06,
  20.1,
  20.11,
  20.18,
  20.26,
  20.27,
  20.25,
  20.22,
  20.17,
  20.09,
  20.05,
  20.02,
  20.02,
  20.02,
  20.01,
  20.01,
  19.99,
  20.01,
  20.01,
  20.0,
  19.99,
  20.01,
  20.05,
  20.1,
  20.16,
  20.2,
  20.19,
  20.2,
  20.22,
  20.2,
  20.19,
  20.21,
  20.22,
  20.25,
  20.27,
  20.26,
  20.25,
  20.23,
  20.24,
  20.22,
  20.21,
  20.18,
  20.18,
  20.17,
  20.18,
  20.2,
  20.16,
  20.16,
  20.13,
  20.11,
  20.1,
  20.09,
  20.04,
  20.01,
  20.04,
  20.04,
  20.03,
  20.05,
  20.07,
  20.06,
  20.08,
  20.1,
  20.08,
  20.08,
  20.04,
  20.03,
  20.04,
  20.03,
  20.02
 ]
}