{
 "theta_star": 7.186772970946504,
 "after_same_kick": 5.355608832260166,
 "after_orth_kick": 5.492580530465171,
 "traj_same": [
  1.46,
  4.75,
  5.24,
  5.36,
  5.38,
  5.39,
  5.38,
  5.38,
  5.37,
  5.38,
  5.38,
  5.37,
  5.4,
  5.39,
  5.39,
  5.39,
  5.39,
  5.37,
  5.39,
  5.39,
  5.38,
  5.39,
  5.4,
  5.39,
  5.37,
  5.36,
  5.37,
  5.36,
  5.36,
  5.36,
  5.36,
  5.38,
  5.37,
  5.37,
  5.37,
  5.35,
  5.34,
  5.36,
  5.34,
  5.35,
  5.35,
  5.36,
  5.36,
  5.36,
  5.38,
  5.36,
  5.37,
  5.37,
  5.38,
  5.38,
  5.36,
  5.36,
  5.38,
  5.37,
  5.37,
  5.39,
  5.38,
  5.37,
  5.37,
  5.37,
  5.38,
  5.38,
  5.38,
  5.37,
  5.36,
  5.37,
  5.36,
  5.36,
  5.37,
  5.36,
  5.37,
  5.36,
  5.37,
  5.37,
  5.37,
  5.37,
  5.37,
  5.37,
  5.36,
  5.36,
  5.37,
  5.38,
  5.37,
  5.36,
  5.36,
  5.36,
  5.37,
  5.37,
  5.36,
  5.35,
  5.35,
  5.36,
  5.36,
  5.35,
  5.37,
  5.35,
  5.35,
  5.35,
  5.36,
  5.35
 ],
 "traj_orth": [
  89.71,
  86.05,
  79.56,
  69.05,
  55.06,
  40.01,
  26.56,
  16.8,
  11.05,
  8.11,
  6.95,
  6.61,
  6.44,
  6.27,
  6.14,
  6.04,
  5.96,
  5.9,
  5.88,
  5.88,
  5.87,
  5.89,
  5.88,
  5.82,
  5.75,
  5.67,
  5.65,
  5.64,
  5.62,
  5.63,
  5.64,
  5.7,
  5.73,
  5.73,
  5.7,
  5.67,
  5.64,
  5.64,
  5.61,
  5.62,
  5.62,
  5.67,
  5.68,
  5.68,
  5.68,
  5.65,
  5.66,
  5.66,
  5.66,
  5.65,
  5.65,
  5.69,
  5.7,
  5.69,
  5.68,
  5.67,
  5.65,
  5.63,
  5.62,
  5.65,
  5.69,
  5.72,
  5.69,
  5.67,
  5.65,
  5.64,
  5.61,
  5.59,
  5.63,
  5.65,
  5.67,
  5.65,
  5.62,
  5.6,
  5.57,
  5.56,
  5.56,
  5.59,
  5.6,
  5.61,
  5.58,
  5.57,
  5.54,
  5.52,
  5.54,
  5.58,
  5.61,
  5.58,
  5.56,
  5.53,
  5.52,
  5.53,
  5.53,
  5.55,
  5.58,
  5.55,
  5.5,
  5.44,
  5.38,
  5.35
 ]
}