{
 "theta_star": 41.75688233692521,
 "after_same_kick": 37.72276449728722,
 "after_orth_kick": 37.84236628271412,
 "traj_same": [
  3.01,
  8.51,
  12.34,
  15.24,
  17.61,
  19.6,
  21.26,
  22.69,
  23.93,
  24.99,
  25.94,
  26.76,
  27.47,
  28.07,
  28.58,
  29.04,
  29.43,
  29.76,
  30.06,
  30.34,
  30.64,
  30.89,
  31.12,
  31.34,
  31.52,
  31.72,
  31.91,
  32.07,
  32.22,
  32.38,
  32.55,
  32.65,
  32.79,
  32.89,
  33.02,
  33.14,
  33.26,
  33.42,
  33.58,
  33.69,
  33.83,
  33.93,
  34.06,
  34.19,
  34.3,
  34.44,
  34.52,
  34.65,
  34.76,
  34.92,
  35.05,
  35.16,
  35.29,
  35.41,
  35.5,
  35.57,
  35.62,
  35.71,
  35.76,
  35.82,
  35.88,
  36.01,
  36.15,
  36.24,
  36.31,
  36.4,
  36.48,
  36.57,
  36.63,
  36.71,
  36.76,
  36.85,
  36.91,
  36.94,
  37.04,
  37.11,
  37.21,
  37.23,
  37.3,
  37.34,
  37.38,
  37.44,
  37.44,
  37.42,
  37.45,
  37.46,
  37.49,
  37.55,
  37.56,
  37.59,
  37.64,
  37.69,
  37.65,
  37.64,
  37.69,
  37.72,
  37.75,
  37.76,
  37.82,
  37.88
 ],
 "traj_orth": [
  89.7,
  86.34,
  82.06,
  76.94,
  71.1,
  64.82,
  58.37,
  52.0,
  46.0,
  40.58,
  35.82,
  31.81,
  28.53,
  25.96,
  24.07,
  22.76,
  21.97,
  21.65,
  21.71,
  22.07,
  22.65,
  23.31,
  24.04,
  24.78,
  25.49,
  26.2,
  26.86,
  27.47,
  28.01,
  28.53,
  29.03,
  29.46,
  29.87,
  30.21,
  30.54,
  30.84,
  31.14,
  31.46,
  31.74,
  31.98,
  32.24,
  32.45,
  32.7,
  32.91,
  33.11,
  33.33,
  33.48,
  33.65,
  33.8,
  33.99,
  34.16,
  34.29,
  34.42,
  34.53,
  34.64,
  34.76,
  34.84,
  34.97,
  35.05,
  35.16,
  35.24,
  35.35,
  35.47,
  35.53,
  35.59,
  35.69,
  35.8,
  35.92,
  36.02,
  36.14,
  36.23,
  36.34,
  36.44,
  36.51,
  36.6,
  36.64,
  36.73,
  36.74,
  36.84,
  36.91,
  36.97,
  37.05,
  37.11,
  37.15,
  37.25,
  37.32,
  37.39,
  37.51,
  37.58,
  37.66,
  37.73,
  37.79,
  37.77,
  37.77,
  37.83,
  37.84,
  37.88,
  37.89,
  37.94,
  37.98
 ]
}