{
 "theta_star": 77.80402555470155,
 "after_same_kick": 9.603715234920987,
 "after_orth_kick": 10.239752798014385,
 "traj_same": [
  2.89,
  6.36,
  7.89,
  8.64,
  9.05,
  9.25,
  9.38,
  9.45,
  9.47,
  9.48,
  9.51,
  9.52,
  9.54,
  9.57,
  9.61,
  9.65,
  9.69,
  9.76,
  9.76,
  9.72,
  9.73,
  9.77,
  9.81,
  9.83,
  9.81,
  9.82,
  9.81,
  9.8,
  9.79,
  9.78,
  9.81,
  9.83,
  9.89,
  9.93,
  9.98,
  10.06,
  10.12,
  10.13,
  10.12,
  10.11,
  10.13,
  10.16,
  10.19,
  10.25,
  10.32,
  10.39,
  10.39,
  10.37,
  10.34,
  10.29,
  10.24,
  10.2,
  10.2,
  10.17,
  10.12,
  10.12,
  10.11,
  10.1,
  10.12,
  10.13,
  10.15,
  10.12,
  10.11,
  10.07,
  10.03,
  10.03,
  10.09,
  10.08,
  10.09,
  10.04,
  10.02,
  9.97,
  9.94,
  9.9,
  9.87,
  9.9,
  9.95,
  9.97,
  9.99,
  9.93,
  9.91,
  9.85,
  9.8,
  9.75,
  9.72,
  9.73,
  9.71,
  9.65,
  9.62,
  9.62,
  9.59,
  9.58,
  9.58,
  9.58,
  9.6,
  9.6,
  9.62,
  9.63,
  9.63,
  9.62
 ],
 "traj_orth": [
  89.71,
  86.49,
  82.28,
  76.79,
  69.99,
  62.1,
  53.47,
  44.68,
  36.44,
  29.29,
  23.67,
  19.48,
  16.76,
  15.21,
  14.35,
  13.8,
  13.38,
  13.09,
  12.84,
  12.62,
  12.44,
  12.32,
  12.25,
  12.27,
  12.28,
  12.3,
  12.27,
  12.19,
  12.17,
  12.22,
  12.28,
  12.3,
  12.32,
  12.39,
  12.4,
  12.35,
  12.21,
  12.08,
  11.96,
  11.89,
  11.82,
  11.73,
  11.61,
  11.54,
  11.47,
  11.43,
  11.37,
  11.3,
  11.25,
  11.22,
  11.21,
  11.21,
  11.22,
  11.19,
  11.15,
  11.14,
  11.18,
  11.18,
  11.16,
  11.15,
  11.17,
  11.21,
  11.25,
  11.26,
  11.21,
  11.16,
  11.11,
  10.99,
  10.92,
  10.85,
  10.81,
  10.78,
  10.71,
  10.69,
  10.7,
  10.7,
  10.66,
  10.62,
  10.59,
  10.52,
  10.47,
  10.4,
  10.36,
  10.31,
  10.32,
  10.34,
  10.32,
  10.24,
  10.17,
  10.17,
  10.17,
  10.19,
  10.23,
  10.26,
  10.28,
  10.27,
  10.25,
  10.24,
  10.25,
  10.25
 ]
}