{
 "theta_star": 28.371848537307436,
 "after_same_kick": 6.983521783793106,
 "after_orth_kick": 6.9911982658586895,
 "traj_same": [
  1.87,
  5.53,
  6.49,
  6.81,
  6.93,
  6.98,
  6.98,
  6.99,
  6.98,
  6.99,
  6.99,
  6.99,
  7.01,
  7.0,
  7.01,
  7.01,
  7.01,
  6.98,
  7.0,
  7.0,
  7.0,
  7.02,
  7.06,
  7.07,
  7.08,
  7.08,
  7.08,
  7.06,
  7.03,
  6.99,
  7.0,
  7.01,
  7.0,
  6.99,
  6.99,
  6.98,
  6.97,
  6.99,
  6.97,
  6.99,
  6.98,
  7.0,
  6.99,
  7.0,
  7.01,
  6.99,
  6.99,
  6.99,
  7.0,
  6.99,
  6.97,
  6.98,
  6.99,
  6.99,
  6.99,
  7.01,
  7.0,
  6.98,
  6.98,
  6.98,
  7.0,
  7.0,
  7.0,
  6.99,
  6.98,
  6.99,
  6.98,
  6.98,
  6.99,
  6.99,
  6.99,
  6.99,
  6.99,
  7.0,
  6.99,
  6.99,
  6.98,
  6.99,
  6.98,
  6.99,
  6.99,
  6.99,
  6.99,
  6.97,
  6.97,
  6.99,
  6.99,
  6.99,
  7.0,
  6.98,
  6.98,
  6.99,
  6.99,
  6.98,
  7.0,
  6.98,
  6.98,
  6.98,
  6.98,
  6.98
 ],
 "traj_orth": [
  89.71,
  86.31,
  81.19,
  73.77,
  63.94,
  52.5,
  40.85,
  30.12,
  21.76,
  16.22,
  12.83,
  10.89,
  9.91,
  9.39,
  9.06,
  8.78,
  8.55,
  8.34,
  8.15,
  7.96,
  7.84,
  7.72,
  7.59,
  7.42,
  7.32,
  7.27,
  7.27,
  7.26,
  7.25,
  7.25,
  7.24,
  7.25,
  7.22,
  7.17,
  7.14,
  7.09,
  7.04,
  7.02,
  6.98,
  7.0,
  6.98,
  7.0,
  6.99,
  7.0,
  7.02,
  6.99,
  6.99,
  6.99,
  7.0,
  7.0,
  6.98,
  6.98,
  7.0,
  6.99,
  6.99,
  7.01,
  7.0,
  6.98,
  6.98,
  6.99,
  7.0,
  7.0,
  7.0,
  6.99,
  6.98,
  6.99,
  6.98,
  6.97,
  6.98,
  6.99,
  6.99,
  6.98,
  6.99,
  7.0,
  7.0,
  7.0,
  6.99,
  7.0,
  6.98,
  6.99,
  6.99,
  6.99,
  6.99,
  6.97,
  6.97,
  6.99,
  6.99,
  7.0,
  7.0,
  6.99,
  6.99,
  7.0,
  7.0,
  6.99,
  7.0,
  6.98,
  6.99,
  6.99,
  6.99,
  6.99
 ]
}