{
 "theta_star": 72.42350084259131,
 "after_same_kick": 9.676346064090191,
 "after_orth_kick": 10.90438556408282,
 "traj_same": [
  3.29,
  6.65,
  8.17,
  8.9,
  9.27,
  9.53,
  9.71,
  9.81,
  9.92,
  9.97,
  9.96,
  9.92,
  9.91,
  9.85,
  9.8,
  9.77,
  9.79,
  9.82,
  9.83,
  9.83,
  9.84,
  9.83,
  9.87,
  9.87,
  9.88,
  9.9,
  9.92,
  9.93,
  9.97,
  9.96,
  10.03,
  10.07,
  10.02,
  9.98,
  9.92,
  9.96,
  9.99,
  9.97,
  9.97,
  9.97,
  9.94,
  9.89,
  9.87,
  9.85,
  9.83,
  9.83,
  9.84,
  9.84,
  9.85,
  9.83,
  9.8,
  9.79,
  9.81,
  9.8,
  9.78,
  9.79,
  9.83,
  9.83,
  9.83,
  9.84,
  9.85,
  9.84,
  9.85,
  9.81,
  9.83,
  9.85,
  9.91,
  9.95,
  9.96,
  9.99,
  10.0,
  10.0,
  9.98,
  9.99,
  9.99,
  10.01,
  10.02,
  10.0,
  10.04,
  10.04,
  10.06,
  10.0,
  9.97,
  9.97,
  9.92,
  9.94,
  9.93,
  9.89,
  9.86,
  9.78,
  9.73,
  9.71,
  9.69,
  9.67,
  9.66,
  9.66,
  9.67,
  9.66,
  9.66,
  9.65
 ],
 "traj_orth": [
  89.73,
  86.57,
  82.35,
  76.89,
  70.2,
  62.51,
  54.24,
  46.05,
  38.44,
  31.72,
  26.14,
  21.77,
  18.67,
  16.48,
  14.95,
  13.88,
  13.18,
  12.7,
  12.34,
  12.14,
  11.98,
  11.86,
  11.82,
  11.76,
  11.72,
  11.72,
  11.71,
  11.75,
  11.75,
  11.71,
  11.76,
  11.79,
  11.73,
  11.74,
  11.74,
  11.82,
  11.83,
  11.82,
  11.81,
  11.74,
  11.68,
  11.61,
  11.61,
  11.66,
  11.64,
  11.63,
  11.63,
  11.57,
  11.55,
  11.5,
  11.42,
  11.39,
  11.37,
  11.31,
  11.33,
  11.34,
  11.35,
  11.31,
  11.26,
  11.23,
  11.22,
  11.18,
  11.17,
  11.11,
  11.14,
  11.1,
  11.12,
  11.12,
  11.06,
  11.02,
  10.98,
  10.98,
  10.97,
  11.0,
  11.01,
  11.06,
  11.14,
  11.1,
  11.07,
  11.06,
  11.02,
  11.01,
  10.97,
  10.98,
  10.97,
  11.01,
  11.03,
  11.01,
  11.02,
  11.0,
  10.99,
  11.0,
  10.97,
  11.0,
  10.98,
  10.93,
  10.85,
  10.82,
  10.77,
  10.73
 ]
}