{
 "theta_star": 26.337335547401995,
 "after_same_kick": 25.094141034128352,
 "after_orth_kick": 25.008103094801353,
 "traj_same": [
  3.83,
  8.75,
  12.25,
  14.74,
  16.71,
  18.3,
  19.58,
  20.61,
  21.46,
  22.06,
  22.58,
  22.96,
  23.26,
  23.52,
  23.71,
  23.9,
  24.0,
  24.09,
  24.14,
  24.23,
  24.31,
  24.38,
  24.41,
  24.45,
  24.49,
  24.59,
  24.56,
  24.56,
  24.58,
  24.57,
  24.62,
  24.68,
  24.69,
  24.77,
  24.89,
  24.96,
  24.98,
  24.94,
  24.94,
  24.97,
  24.96,
  24.98,
  25.05,
  25.09,
  25.12,
  25.09,
  25.09,
  25.07,
  25.07,
  25.06,
  25.08,
  25.03,
  25.06,
  25.07,
  25.11,
  25.11,
  25.07,
  25.09,
  25.09,
  25.1,
  25.09,
  25.06,
  25.09,
  25.03,
  25.01,
  25.03,
  25.04,
  25.08,
  25.1,
  25.1,
  25.18,
  25.18,
  25.17,
  25.18,
  25.21,
  25.24,
  25.28,
  25.3,
  25.33,
  25.29,
  25.34,
  25.35,
  25.32,
  25.31,
  25.28,
  25.22,
  25.26,
  25.25,
  25.23,
  25.21,
  25.18,
  25.17,
  25.14,
  25.12,
  25.14,
  25.1,
  25.07,
  25.02,
  25.02,
  24.98
 ],
 "traj_orth": [
  89.72,
  86.39,
  81.64,
  75.4,
  68.01,
  60.1,
  52.22,
  44.79,
  38.32,
  32.85,
  28.38,
  24.92,
  22.43,
  20.83,
  19.92,
  19.56,
  19.57,
  19.79,
  20.12,
  20.6,
  21.11,
  21.6,
  22.03,
  22.45,
  22.82,
  23.18,
  23.37,
  23.59,
  23.83,
  24.0,
  24.19,
  24.36,
  24.45,
  24.58,
  24.72,
  24.82,
  24.89,
  24.89,
  24.9,
  24.93,
  24.93,
  24.98,
  25.05,
  25.1,
  25.16,
  25.15,
  25.15,
  25.13,
  25.12,
  25.11,
  25.13,
  25.11,
  25.16,
  25.2,
  25.27,
  25.25,
  25.2,
  25.21,
  25.24,
  25.31,
  25.34,
  25.31,
  25.3,
  25.21,
  25.16,
  25.17,
  25.18,
  25.23,
  25.24,
  25.23,
  25.28,
  25.26,
  25.25,
  25.24,
  25.26,
  25.27,
  25.29,
  25.3,
  25.32,
  25.28,
  25.32,
  25.31,
  25.29,
  25.29,
  25.28,
  25.21,
  25.21,
  25.2,
  25.16,
  25.14,
  25.1,
  25.07,
  25.03,
  25.0,
  25.03,
  25.0,
  24.99,
  24.96,
  24.96,
  24.95
 ]
}