{
 "theta_star": 28.02914061693181,
 "after_same_kick": 24.342253736120234,
 "after_orth_kick": 24.35048889180894,
 "traj_same": [
  3.27,
  8.4,
  11.8,
  14.2,
  16.1,
  17.58,
  18.75,
  19.71,
  20.45,
  21.09,
  21.59,
  22.01,
  22.34,
  22.63,
  22.83,
  22.98,
  23.17,
  23.29,
  23.42,
  23.53,
  23.67,
  23.8,
  23.88,
  23.96,
  24.01,
  24.05,
  24.07,
  24.12,
  24.23,
  24.27,
  24.34,
  24.35,
  24.37,
  24.35,
  24.33,
  24.3,
  24.26,
  24.25,
  24.23,
  24.22,
  24.21,
  24.24,
  24.22,
  24.21,
  24.19,
  24.17,
  24.2,
  24.21,
  24.2,
  24.2,
  24.22,
  24.22,
  24.2,
  24.18,
  24.19,
  24.19,
  24.18,
  24.18,
  24.14,
  24.14,
  24.17,
  24.16,
  24.16,
  24.18,
  24.2,
  24.2,
  24.24,
  24.28,
  24.33,
  24.31,
  24.28,
  24.29,
  24.3,
  24.33,
  24.33,
  24.32,
  24.31,
  24.3,
  24.33,
  24.34,
  24.38,
  24.4,
  24.4,
  24.37,
  24.34,
  24.32,
  24.33,
  24.3,
  24.31,
  24.33,
  24.35,
  24.38,
  24.37,
  24.35,
  24.34,
  24.32,
  24.32,
  24.34,
  24.34,
  24.32
 ],
 "traj_orth": [
  89.74,
  86.55,
  81.97,
  76.06,
  68.99,
  61.35,
  53.63,
  46.24,
  39.49,
  33.58,
  28.66,
  24.81,
  21.98,
  20.13,
  19.11,
  18.69,
  18.76,
  19.04,
  19.48,
  19.94,
  20.43,
  20.91,
  21.3,
  21.69,
  22.02,
  22.34,
  22.59,
  22.81,
  23.06,
  23.24,
  23.41,
  23.54,
  23.67,
  23.76,
  23.86,
  23.95,
  24.01,
  24.09,
  24.13,
  24.14,
  24.12,
  24.14,
  24.12,
  24.11,
  24.1,
  24.08,
  24.13,
  24.17,
  24.18,
  24.19,
  24.23,
  24.25,
  24.26,
  24.27,
  24.29,
  24.27,
  24.24,
  24.23,
  24.19,
  24.2,
  24.24,
  24.23,
  24.22,
  24.24,
  24.26,
  24.25,
  24.28,
  24.31,
  24.37,
  24.36,
  24.35,
  24.35,
  24.34,
  24.36,
  24.34,
  24.33,
  24.32,
  24.31,
  24.33,
  24.34,
  24.38,
  24.4,
  24.41,
  24.4,
  24.38,
  24.38,
  24.4,
  24.38,
  24.39,
  24.4,
  24.4,
  24.41,
  24.39,
  24.38,
  24.36,
  24.32,
  24.31,
  24.32,
  24.31,
  24.3
 ]
}