{
 "theta_star": 18.931893111936642,
 "after_same_kick": 17.997683893806883,
 "after_orth_kick": 18.02423924538354,
 "traj_same": [
  3.16,
  8.35,
  11.58,
  13.6,
  14.95,
  15.9,
  16.54,
  16.97,
  17.28,
  17.45,
  17.61,
  17.72,
  17.81,
  17.87,
  17.92,
  18.0,
  18.05,
  18.13,
  18.11,
  18.1,
  18.11,
  18.11,
  18.09,
  18.09,
  18.09,
  18.12,
  18.1,
  18.11,
  18.12,
  18.1,
  18.12,
  18.13,
  18.12,
  18.14,
  18.18,
  18.22,
  18.26,
  18.23,
  18.22,
  18.23,
  18.22,
  18.24,
  18.25,
  18.25,
  18.25,
  18.23,
  18.24,
  18.22,
  18.21,
  18.18,
  18.21,
  18.18,
  18.18,
  18.17,
  18.17,
  18.13,
  18.12,
  18.16,
  18.16,
  18.17,
  18.13,
  18.1,
  18.09,
  18.04,
  17.99,
  17.98,
  18.0,
  18.02,
  18.02,
  18.0,
  18.03,
  18.02,
  18.03,
  18.02,
  18.04,
  18.03,
  18.03,
  18.03,
  18.05,
  18.02,
  18.03,
  18.02,
  18.02,
  18.02,
  18.01,
  17.98,
  18.0,
  18.01,
  18.0,
  17.99,
  17.99,
  17.98,
  17.96,
  17.97,
  18.0,
  18.02,
  18.04,
  18.01,
  18.01,
  17.99
 ],
 "traj_orth": [
  89.73,
  85.8,
  78.32,
  67.23,
  54.57,
  42.67,
  32.83,
  25.3,
  20.08,
  17.08,
  15.58,
  15.09,
  15.14,
  15.52,
  15.98,
  16.46,
  16.85,
  17.18,
  17.47,
  17.64,
  17.79,
  17.88,
  17.95,
  18.04,
  18.08,
  18.12,
  18.1,
  18.08,
  18.12,
  18.14,
  18.16,
  18.16,
  18.19,
  18.16,
  18.17,
  18.2,
  18.19,
  18.17,
  18.17,
  18.15,
  18.16,
  18.15,
  18.15,
  18.14,
  18.09,
  18.09,
  18.07,
  18.09,
  18.08,
  18.06,
  18.09,
  18.09,
  18.08,
  18.06,
  18.08,
  18.09,
  18.08,
  18.1,
  18.11,
  18.13,
  18.12,
  18.13,
  18.1,
  18.07,
  18.04,
  18.05,
  18.04,
  18.01,
  18.01,
  18.01,
  18.01,
  18.02,
  18.06,
  18.05,
  18.05,
  18.04,
  18.04,
  18.04,
  18.04,
  18.04,
  18.07,
  18.06,
  18.04,
  18.07,
  18.07,
  18.08,
  18.06,
  18.02,
  18.01,
  18.03,
  18.05,
  18.01,
  18.03,
  18.01,
  18.02,
  18.02,
  18.03,
  18.03,
  18.02,
  18.03
 ]
}