{
 "theta_star": 45.12282317014306,
 "after_same_kick": 35.24681848246263,
 "after_orth_kick": 35.441991734203974,
 "traj_same": [
  3.47,
  8.6,
  12.37,
  15.24,
  17.61,
  19.59,
  21.31,
  22.76,
  24.03,
  25.04,
  25.95,
  26.71,
  27.42,
  28.03,
  28.58,
  29.06,
  29.49,
  29.83,
  30.21,
  30.47,
  30.77,
  31.02,
  31.24,
  31.38,
  31.53,
  31.69,
  31.83,
  31.96,
  32.11,
  32.25,
  32.37,
  32.45,
  32.56,
  32.63,
  32.68,
  32.75,
  32.82,
  32.89,
  32.97,
  32.98,
  32.98,
  33.0,
  33.04,
  33.12,
  33.2,
  33.24,
  33.32,
  33.34,
  33.33,
  33.27,
  33.26,
  33.28,
  33.33,
  33.35,
  33.4,
  33.47,
  33.49,
  33.49,
  33.55,
  33.64,
  33.67,
  33.68,
  33.69,
  33.73,
  33.75,
  33.82,
  33.86,
  33.89,
  33.93,
  33.95,
  33.99,
  34.04,
  34.13,
  34.19,
  34.2,
  34.23,
  34.3,
  34.33,
  34.42,
  34.49,
  34.5,
  34.51,
  34.59,
  34.68,
  34.76,
  34.79,
  34.83,
  34.9,
  34.94,
  34.97,
  35.0,
  35.06,
  35.12,
  35.18,
  35.23,
  35.27,
  35.33,
  35.38,
  35.44,
  35.47
 ],
 "traj_orth": [
  89.7,
  86.31,
  82.01,
  76.83,
  70.97,
  64.65,
  58.1,
  51.7,
  45.66,
  40.29,
  35.57,
  31.62,
  28.33,
  25.74,
  23.83,
  22.49,
  21.79,
  21.55,
  21.76,
  22.28,
  22.99,
  23.78,
  24.57,
  25.28,
  25.99,
  26.66,
  27.28,
  27.9,
  28.49,
  29.03,
  29.53,
  29.94,
  30.32,
  30.61,
  30.84,
  31.09,
  31.32,
  31.53,
  31.73,
  31.86,
  31.96,
  32.07,
  32.17,
  32.33,
  32.48,
  32.58,
  32.71,
  32.79,
  32.84,
  32.86,
  32.89,
  32.97,
  33.06,
  33.13,
  33.2,
  33.29,
  33.33,
  33.35,
  33.42,
  33.5,
  33.56,
  33.61,
  33.65,
  33.71,
  33.74,
  33.85,
  33.94,
  34.02,
  34.09,
  34.15,
  34.2,
  34.25,
  34.31,
  34.37,
  34.41,
  34.47,
  34.54,
  34.54,
  34.6,
  34.63,
  34.62,
  34.62,
  34.7,
  34.79,
  34.87,
  34.91,
  34.95,
  35.02,
  35.07,
  35.12,
  35.17,
  35.25,
  35.35,
  35.42,
  35.46,
  35.48,
  35.52,
  35.54,
  35.59,
  35.65
 ]
}