{
 "theta_star": 22.18721663896281,
 "after_same_kick": 20.406976548890036,
 "after_orth_kick": 20.83015538382776,
 "traj_same": [
  3.43,
  8.65,
  12.02,
  14.22,
  15.76,
  16.9,
  17.78,
  18.38,
  18.85,
  19.18,
  19.46,
  19.68,
  19.89,
  20.05,
  20.19,
  20.28,
  20.34,
  20.37,
  20.38,
  20.37,
  20.37,
  20.41,
  20.45,
  20.46,
  20.47,
  20.52,
  20.54,
  20.56,
  20.55,
  20.49,
  20.45,
  20.43,
  20.4,
  20.4,
  20.38,
  20.43,
  20.44,
  20.41,
  20.42,
  20.43,
  20.42,
  20.38,
  20.37,
  20.35,
  20.32,
  20.31,
  20.33,
  20.32,
  20.32,
  20.34,
  20.32,
  20.32,
  20.3,
  20.29,
  20.25,
  20.27,
  20.33,
  20.33,
  20.33,
  20.33,
  20.33,
  20.33,
  20.34,
  20.32,
  20.32,
  20.29,
  20.32,
  20.34,
  20.35,
  20.38,
  20.38,
  20.35,
  20.31,
  20.29,
  20.27,
  20.27,
  20.3,
  20.34,
  20.38,
  20.39,
  20.39,
  20.4,
  20.38,
  20.42,
  20.4,
  20.41,
  20.41,
  20.39,
  20.41,
  20.4,
  20.41,
  20.43,
  20.41,
  20.39,
  20.39,
  20.39,
  20.42,
  20.41,
  20.4,
  20.41
 ],
 "traj_orth": [
  89.73,
  86.14,
  80.23,
  72.06,
  62.43,
  52.47,
  43.03,
  34.8,
  28.26,
  23.45,
  20.27,
  18.35,
  17.36,
  17.08,
  17.2,
  17.58,
  18.01,
  18.43,
  18.82,
  19.14,
  19.41,
  19.69,
  19.91,
  20.08,
  20.24,
  20.41,
  20.54,
  20.67,
  20.74,
  20.74,
  20.75,
  20.75,
  20.74,
  20.74,
  20.75,
  20.83,
  20.88,
  20.88,
  20.89,
  20.87,
  20.84,
  20.8,
  20.78,
  20.77,
  20.74,
  20.74,
  20.74,
  20.72,
  20.72,
  20.71,
  20.69,
  20.69,
  20.69,
  20.72,
  20.71,
  20.75,
  20.81,
  20.82,
  20.81,
  20.78,
  20.75,
  20.75,
  20.76,
  20.73,
  20.73,
  20.72,
  20.76,
  20.77,
  20.78,
  20.81,
  20.84,
  20.85,
  20.82,
  20.81,
  20.83,
  20.84,
  20.85,
  20.86,
  20.86,
  20.86,
  20.86,
  20.87,
  20.84,
  20.9,
  20.87,
  20.87,
  20.86,
  20.84,
  20.86,
  20.86,
  20.86,
  20.86,
  20.84,
  20.83,
  20.82,
  20.81,
  20.83,
  20.82,
  20.81,
  20.82
 ]
}