{
 "theta_star": 37.4133117037334,
 "after_same_kick": 7.153525591857405,
 "after_orth_kick": 7.574997126638175,
 "traj_same": [
  2.1,
  5.64,
  6.62,
  7.01,
  7.23,
  7.28,
  7.3,
  7.26,
  7.24,
  7.21,
  7.17,
  7.13,
  7.1,
  7.1,
  7.1,
  7.08,
  7.12,
  7.11,
  7.11,
  7.11,
  7.11,
  7.09,
  7.09,
  7.08,
  7.07,
  7.09,
  7.08,
  7.1,
  7.09,
  7.09,
  7.11,
  7.12,
  7.1,
  7.13,
  7.13,
  7.15,
  7.12,
  7.13,
  7.12,
  7.14,
  7.14,
  7.17,
  7.13,
  7.11,
  7.12,
  7.1,
  7.1,
  7.11,
  7.1,
  7.1,
  7.09,
  7.1,
  7.11,
  7.11,
  7.12,
  7.11,
  7.1,
  7.09,
  7.11,
  7.11,
  7.12,
  7.14,
  7.13,
  7.11,
  7.1,
  7.12,
  7.12,
  7.11,
  7.11,
  7.1,
  7.12,
  7.12,
  7.13,
  7.11,
  7.11,
  7.1,
  7.07,
  7.1,
  7.1,
  7.11,
  7.12,
  7.12,
  7.1,
  7.1,
  7.13,
  7.1,
  7.11,
  7.12,
  7.11,
  7.1,
  7.11,
  7.11,
  7.14,
  7.12,
  7.14,
  7.14,
  7.15,
  7.19,
  7.21,
  7.23
 ],
 "traj_orth": [
  89.69,
  86.16,
  80.86,
  73.24,
  63.11,
  51.4,
  39.84,
  29.63,
  21.37,
  15.41,
  11.87,
  10.08,
  9.27,
  8.84,
  8.6,
  8.48,
  8.43,
  8.36,
  8.26,
  8.24,
  8.17,
  8.07,
  8.01,
  7.96,
  7.94,
  7.94,
  7.89,
  7.84,
  7.78,
  7.74,
  7.74,
  7.76,
  7.78,
  7.85,
  7.87,
  7.86,
  7.8,
  7.79,
  7.78,
  7.8,
  7.82,
  7.88,
  7.87,
  7.83,
  7.81,
  7.78,
  7.78,
  7.8,
  7.78,
  7.77,
  7.75,
  7.81,
  7.85,
  7.88,
  7.88,
  7.9,
  7.9,
  7.88,
  7.88,
  7.88,
  7.93,
  7.98,
  7.98,
  7.94,
  7.9,
  7.9,
  7.87,
  7.88,
  7.9,
  7.91,
  7.92,
  7.87,
  7.81,
  7.75,
  7.72,
  7.7,
  7.67,
  7.69,
  7.69,
  7.7,
  7.68,
  7.64,
  7.6,
  7.58,
  7.59,
  7.55,
  7.57,
  7.59,
  7.56,
  7.52,
  7.53,
  7.54,
  7.61,
  7.62,
  7.64,
  7.61,
  7.57,
  7.54,
  7.53,
  7.55
 ]
}