{
 "theta_star": 82.73674782273864,
 "after_same_kick": 10.986872693588086,
 "after_orth_kick": 11.849788342747535,
 "traj_same": [
  2.78,
  6.33,
  7.86,
  8.6,
  8.99,
  9.21,
  9.34,
  9.44,
  9.53,
  9.6,
  9.67,
  9.74,
  9.79,
  9.83,
  9.88,
  9.9,
  9.94,
  9.98,
  10.03,
  10.1,
  10.19,
  10.32,
  10.37,
  10.42,
  10.46,
  10.45,
  10.44,
  10.42,
  10.44,
  10.47,
  10.5,
  10.49,
  10.47,
  10.45,
  10.43,
  10.4,
  10.37,
  10.37,
  10.4,
  10.46,
  10.51,
  10.53,
  10.52,
  10.51,
  10.48,
  10.42,
  10.43,
  10.43,
  10.5,
  10.53,
  10.57,
  10.59,
  10.56,
  10.58,
  10.58,
  10.58,
  10.59,
  10.66,
  10.76,
  10.82,
  10.88,
  10.89,
  10.89,
  10.86,
  10.83,
  10.8,
  10.82,
  10.88,
  10.93,
  10.96,
  10.99,
  11.0,
  10.99,
  11.01,
  11.06,
  11.09,
  11.12,
  11.12,
  11.1,
  11.08,
  11.07,
  11.0,
  11.01,
  11.01,
  10.97,
  10.94,
  10.95,
  10.95,
  10.97,
  10.97,
  10.97,
  10.96,
  10.93,
  10.97,
  10.96,
  10.98,
  11.0,
  11.01,
  11.03,
  11.05
 ],
 "traj_orth": [
  89.71,
  86.48,
  82.25,
  76.74,
  69.88,
  61.83,
  53.19,
  44.63,
  36.65,
  29.62,
  23.74,
  19.14,
  15.85,
  13.72,
  12.57,
  12.03,
  11.85,
  11.79,
  11.73,
  11.69,
  11.66,
  11.73,
  11.76,
  11.79,
  11.8,
  11.73,
  11.67,
  11.66,
  11.73,
  11.79,
  11.77,
  11.7,
  11.71,
  11.73,
  11.73,
  11.74,
  11.73,
  11.73,
  11.74,
  11.74,
  11.75,
  11.72,
  11.69,
  11.68,
  11.65,
  11.67,
  11.7,
  11.75,
  11.85,
  11.92,
  11.95,
  11.91,
  11.82,
  11.8,
  11.76,
  11.73,
  11.68,
  11.71,
  11.76,
  11.73,
  11.64,
  11.56,
  11.55,
  11.52,
  11.5,
  11.5,
  11.56,
  11.64,
  11.67,
  11.68,
  11.68,
  11.7,
  11.7,
  11.74,
  11.73,
  11.73,
  11.72,
  11.73,
  11.75,
  11.77,
  11.79,
  11.8,
  11.85,
  11.86,
  11.83,
  11.8,
  11.76,
  11.72,
  11.77,
  11.84,
  11.88,
  11.87,
  11.81,
  11.84,
  11.85,
  11.84,
  11.86,
  11.86,
  11.85,
  11.84
 ]
}