{
 "theta_star": 84.74777671443877,
 "after_same_kick": 10.07452809348332,
 "after_orth_kick": 10.401700241206164,
 "traj_same": [
  2.66,
  6.4,
  8.02,
  8.82,
  9.29,
  9.55,
  9.69,
  9.75,
  9.79,
  9.78,
  9.79,
  9.84,
  9.9,
  9.94,
  9.97,
  9.87,
  9.8,
  9.77,
  9.76,
  9.75,
  9.78,
  9.8,
  9.84,
  9.88,
  9.92,
  9.97,
  10.01,
  10.03,
  10.06,
  10.1,
  10.11,
  10.14,
  10.2,
  10.25,
  10.28,
  10.29,
  10.29,
  10.27,
  10.28,
  10.32,
  10.36,
  10.35,
  10.32,
  10.3,
  10.3,
  10.28,
  10.29,
  10.24,
  10.22,
  10.21,
  10.21,
  10.23,
  10.25,
  10.21,
  10.18,
  10.16,
  10.14,
  10.12,
  10.14,
  10.19,
  10.18,
  10.16,
  10.15,
  10.1,
  10.06,
  10.07,
  10.1,
  10.12,
  10.13,
  10.11,
  10.08,
  10.05,
  10.03,
  9.98,
  9.98,
  10.01,
  10.02,
  10.05,
  10.07,
  10.08,
  10.06,
  10.03,
  10.0,
  10.02,
  10.04,
  10.02,
  10.01,
  10.05,
  10.06,
  10.02,
  9.98,
  9.97,
  10.03,
  10.07,
  10.11,
  10.13,
  10.13,
  10.14,
  10.11,
  10.06
 ],
 "traj_orth": [
  89.69,
  86.22,
  81.68,
  75.8,
  68.5,
  60.01,
  50.86,
  41.9,
  33.9,
  27.45,
  22.46,
  18.78,
  16.05,
  14.16,
  12.94,
  12.17,
  11.76,
  11.47,
  11.3,
  11.17,
  11.09,
  11.07,
  11.11,
  11.16,
  11.2,
  11.2,
  11.23,
  11.24,
  11.25,
  11.28,
  11.3,
  11.35,
  11.37,
  11.34,
  11.31,
  11.32,
  11.33,
  11.28,
  11.25,
  11.23,
  11.24,
  11.17,
  11.07,
  11.02,
  11.01,
  10.99,
  10.98,
  10.96,
  10.98,
  10.98,
  10.97,
  10.99,
  11.01,
  10.93,
  10.87,
  10.86,
  10.87,
  10.84,
  10.85,
  10.86,
  10.81,
  10.76,
  10.76,
  10.75,
  10.75,
  10.76,
  10.73,
  10.72,
  10.68,
  10.67,
  10.65,
  10.65,
  10.66,
  10.65,
  10.67,
  10.69,
  10.68,
  10.66,
  10.67,
  10.65,
  10.62,
  10.58,
  10.54,
  10.52,
  10.53,
  10.48,
  10.43,
  10.45,
  10.46,
  10.44,
  10.44,
  10.44,
  10.46,
  10.44,
  10.4,
  10.34,
  10.34,
  10.37,
  10.39,
  10.4
 ]
}