{
 "theta_star": 28.352193331532963,
 "after_same_kick": 6.947579027231082,
 "after_orth_kick": 6.95034410218526,
 "traj_same": [
  1.78,
  5.49,
  6.44,
  6.77,
  6.89,
  6.93,
  6.93,
  6.94,
  6.93,
  6.94,
  6.94,
  6.94,
  6.96,
  6.96,
  6.96,
  6.97,
  6.97,
  6.96,
  7.0,
  7.08,
  7.15,
  7.15,
  7.21,
  7.19,
  7.12,
  7.09,
  7.08,
  7.08,
  7.1,
  7.11,
  7.14,
  7.17,
  7.18,
  7.16,
  7.16,
  7.14,
  7.12,
  7.13,
  7.12,
  7.13,
  7.11,
  7.12,
  7.11,
  7.12,
  7.12,
  7.08,
  7.07,
  7.05,
  7.02,
  6.98,
  6.95,
  6.95,
  6.96,
  6.96,
  6.96,
  6.97,
  6.96,
  6.95,
  6.95,
  6.95,
  6.96,
  6.96,
  6.95,
  6.95,
  6.94,
  6.95,
  6.94,
  6.94,
  6.94,
  6.95,
  6.95,
  6.95,
  6.95,
  6.95,
  6.95,
  6.95,
  6.94,
  6.95,
  6.94,
  6.95,
  6.94,
  6.95,
  6.94,
  6.93,
  6.93,
  6.95,
  6.96,
  6.96,
  6.96,
  6.95,
  6.95,
  6.95,
  6.95,
  6.94,
  6.96,
  6.94,
  6.95,
  6.94,
  6.95,
  6.95
 ],
 "traj_orth": [
  89.71,
  86.32,
  81.19,
  73.76,
  63.9,
  52.42,
  40.73,
  29.98,
  21.57,
  15.93,
  12.49,
  10.58,
  9.61,
  9.1,
  8.82,
  8.66,
  8.5,
  8.34,
  8.24,
  8.13,
  7.96,
  7.77,
  7.6,
  7.41,
  7.29,
  7.24,
  7.2,
  7.16,
  7.16,
  7.16,
  7.14,
  7.14,
  7.12,
  7.07,
  7.04,
  7.01,
  6.97,
  6.97,
  6.95,
  6.96,
  6.95,
  6.96,
  6.95,
  6.95,
  6.97,
  6.95,
  6.95,
  6.95,
  6.96,
  6.96,
  6.94,
  6.95,
  6.96,
  6.96,
  6.97,
  6.98,
  6.97,
  6.95,
  6.95,
  6.95,
  6.96,
  6.96,
  6.96,
  6.95,
  6.94,
  6.95,
  6.94,
  6.94,
  6.95,
  6.95,
  6.95,
  6.95,
  6.95,
  6.95,
  6.95,
  6.95,
  6.94,
  6.96,
  6.95,
  6.95,
  6.95,
  6.95,
  6.95,
  6.94,
  6.94,
  6.95,
  6.96,
  6.96,
  6.96,
  6.95,
  6.95,
  6.95,
  6.96,
  6.95,
  6.96,
  6.94,
  6.95,
  6.95,
  6.95,
  6.95
 ]
}