{
 "theta_star": 82.7113082447532,
 "after_same_kick": 11.125957677229847,
 "after_orth_kick": 11.824927145096865,
 "traj_same": [
  2.96,
  6.45,
  7.97,
  8.67,
  9.07,
  9.27,
  9.39,
  9.48,
  9.61,
  9.7,
  9.75,
  9.78,
  9.79,
  9.87,
  9.94,
  9.95,
  9.96,
  10.0,
  10.01,
  10.05,
  10.07,
  10.09,
  10.12,
  10.15,
  10.16,
  10.22,
  10.27,
  10.35,
  10.45,
  10.54,
  10.64,
  10.67,
  10.71,
  10.75,
  10.76,
  10.82,
  10.93,
  10.93,
  10.96,
  11.01,
  11.03,
  11.06,
  11.08,
  11.06,
  11.06,
  11.06,
  11.08,
  11.02,
  10.98,
  10.98,
  11.01,
  11.0,
  10.96,
  10.89,
  10.85,
  10.83,
  10.82,
  10.8,
  10.81,
  10.8,
  10.8,
  10.77,
  10.76,
  10.75,
  10.79,
  10.81,
  10.82,
  10.88,
  10.9,
  10.91,
  10.91,
  10.9,
  10.86,
  10.86,
  10.8,
  10.82,
  10.8,
  10.85,
  10.91,
  10.95,
  11.09,
  11.15,
  11.15,
  11.15,
  11.15,
  11.12,
  11.12,
  11.11,
  11.14,
  11.13,
  11.17,
  11.17,
  11.13,
  11.11,
  11.04,
  11.07,
  11.1,
  11.14,
  11.12,
  11.2
 ],
 "traj_orth": [
  89.71,
  86.5,
  82.25,
  76.75,
  69.95,
  62.01,
  53.24,
  44.36,
  35.94,
  28.67,
  22.91,
  18.67,
  15.71,
  13.88,
  12.92,
  12.42,
  12.19,
  12.08,
  12.02,
  12.04,
  12.06,
  12.06,
  12.11,
  12.11,
  12.12,
  12.14,
  12.14,
  12.16,
  12.23,
  12.27,
  12.31,
  12.27,
  12.27,
  12.23,
  12.18,
  12.08,
  12.01,
  11.95,
  11.96,
  11.96,
  11.95,
  11.92,
  11.92,
  11.95,
  11.98,
  12.02,
  12.08,
  12.11,
  12.08,
  12.03,
  11.96,
  11.92,
  11.93,
  11.94,
  11.94,
  11.93,
  11.92,
  11.9,
  11.85,
  11.79,
  11.78,
  11.85,
  11.92,
  11.94,
  12.0,
  12.02,
  11.99,
  11.97,
  11.95,
  11.95,
  12.03,
  12.09,
  12.11,
  12.09,
  12.03,
  11.97,
  11.84,
  11.8,
  11.82,
  11.9,
  11.99,
  12.0,
  11.93,
  11.87,
  11.84,
  11.78,
  11.75,
  11.78,
  11.86,
  11.93,
  11.96,
  11.89,
  11.81,
  11.79,
  11.76,
  11.76,
  11.77,
  11.82,
  11.84,
  11.85
 ]
}