{
 "theta_star": 8.92317865517294,
 "after_same_kick": 5.366055965133741,
 "after_orth_kick": 5.536951297610099,
 "traj_same": [
  1.52,
  4.74,
  5.23,
  5.34,
  5.36,
  5.39,
  5.37,
  5.37,
  5.39,
  5.39,
  5.39,
  5.37,
  5.38,
  5.37,
  5.37,
  5.38,
  5.4,
  5.41,
  5.39,
  5.39,
  5.39,
  5.39,
  5.38,
  5.38,
  5.4,
  5.38,
  5.39,
  5.39,
  5.39,
  5.38,
  5.38,
  5.39,
  5.38,
  5.39,
  5.38,
  5.39,
  5.39,
  5.38,
  5.38,
  5.38,
  5.41,
  5.39,
  5.39,
  5.4,
  5.4,
  5.41,
  5.39,
  5.38,
  5.38,
  5.38,
  5.36,
  5.38,
  5.39,
  5.38,
  5.38,
  5.36,
  5.37,
  5.39,
  5.38,
  5.37,
  5.37,
  5.37,
  5.37,
  5.35,
  5.36,
  5.37,
  5.36,
  5.35,
  5.37,
  5.37,
  5.36,
  5.37,
  5.36,
  5.36,
  5.37,
  5.36,
  5.38,
  5.35,
  5.37,
  5.37,
  5.36,
  5.37,
  5.36,
  5.37,
  5.34,
  5.36,
  5.37,
  5.37,
  5.38,
  5.36,
  5.36,
  5.37,
  5.36,
  5.37,
  5.37,
  5.38,
  5.37,
  5.36,
  5.36,
  5.37
 ],
 "traj_orth": [
  89.73,
  86.12,
  79.72,
  69.44,
  55.68,
  40.81,
  27.48,
  17.44,
  11.13,
  7.47,
  6.2,
  5.91,
  5.76,
  5.67,
  5.65,
  5.66,
  5.67,
  5.66,
  5.61,
  5.58,
  5.56,
  5.55,
  5.53,
  5.55,
  5.59,
  5.56,
  5.56,
  5.56,
  5.56,
  5.56,
  5.55,
  5.56,
  5.56,
  5.58,
  5.56,
  5.57,
  5.57,
  5.57,
  5.54,
  5.55,
  5.56,
  5.54,
  5.55,
  5.56,
  5.58,
  5.61,
  5.58,
  5.55,
  5.55,
  5.55,
  5.52,
  5.54,
  5.54,
  5.57,
  5.58,
  5.57,
  5.56,
  5.56,
  5.54,
  5.53,
  5.52,
  5.53,
  5.54,
  5.55,
  5.56,
  5.57,
  5.55,
  5.53,
  5.54,
  5.53,
  5.53,
  5.53,
  5.53,
  5.56,
  5.59,
  5.58,
  5.57,
  5.53,
  5.53,
  5.52,
  5.5,
  5.54,
  5.56,
  5.58,
  5.53,
  5.53,
  5.53,
  5.53,
  5.53,
  5.51,
  5.51,
  5.55,
  5.56,
  5.58,
  5.55,
  5.54,
  5.53,
  5.52,
  5.51,
  5.52
 ]
}