{
 "theta_star": 6.810157152354846,
 "after_same_kick": 5.2552379606636155,
 "after_orth_kick": 5.405582082354263,
 "traj_same": [
  1.33,
  4.65,
  5.15,
  5.26,
  5.29,
  5.28,
  5.28,
  5.29,
  5.27,
  5.27,
  5.28,
  5.27,
  5.28,
  5.29,
  5.28,
  5.28,
  5.27,
  5.28,
  5.28,
  5.28,
  5.28,
  5.28,
  5.28,
  5.27,
  5.27,
  5.29,
  5.28,
  5.28,
  5.27,
  5.28,
  5.28,
  5.27,
  5.27,
  5.27,
  5.27,
  5.27,
  5.26,
  5.27,
  5.26,
  5.27,
  5.27,
  5.27,
  5.27,
  5.27,
  5.26,
  5.27,
  5.28,
  5.28,
  5.27,
  5.27,
  5.28,
  5.26,
  5.26,
  5.26,
  5.27,
  5.27,
  5.27,
  5.26,
  5.28,
  5.27,
  5.29,
  5.29,
  5.29,
  5.28,
  5.26,
  5.25,
  5.27,
  5.24,
  5.25,
  5.26,
  5.27,
  5.26,
  5.27,
  5.26,
  5.26,
  5.27,
  5.26,
  5.26,
  5.26,
  5.25,
  5.26,
  5.25,
  5.26,
  5.26,
  5.25,
  5.26,
  5.26,
  5.27,
  5.26,
  5.26,
  5.25,
  5.25,
  5.26,
  5.26,
  5.26,
  5.25,
  5.26,
  5.26,
  5.25,
  5.24
 ],
 "traj_orth": [
  89.72,
  86.05,
  79.65,
  69.16,
  55.06,
  39.91,
  26.89,
  17.46,
  11.7,
  8.92,
  7.61,
  6.79,
  6.38,
  6.26,
  6.2,
  6.12,
  5.99,
  5.93,
  5.9,
  5.92,
  5.94,
  5.94,
  5.9,
  5.89,
  5.85,
  5.83,
  5.82,
  5.82,
  5.84,
  5.84,
  5.79,
  5.71,
  5.62,
  5.57,
  5.55,
  5.54,
  5.5,
  5.49,
  5.46,
  5.45,
  5.41,
  5.41,
  5.41,
  5.44,
  5.46,
  5.48,
  5.47,
  5.45,
  5.42,
  5.42,
  5.44,
  5.45,
  5.47,
  5.47,
  5.45,
  5.44,
  5.43,
  5.41,
  5.44,
  5.46,
  5.5,
  5.48,
  5.45,
  5.43,
  5.41,
  5.41,
  5.43,
  5.41,
  5.44,
  5.44,
  5.46,
  5.43,
  5.42,
  5.4,
  5.39,
  5.42,
  5.44,
  5.47,
  5.44,
  5.41,
  5.41,
  5.39,
  5.41,
  5.43,
  5.45,
  5.46,
  5.44,
  5.43,
  5.4,
  5.39,
  5.39,
  5.41,
  5.44,
  5.44,
  5.42,
  5.4,
  5.39,
  5.39,
  5.38,
  5.39
 ]
}