{
 "theta_star": 46.95985044962014,
 "after_same_kick": 36.354385059361825,
 "after_orth_kick": 35.811413925932094,
 "traj_same": [
  3.03,
  8.48,
  12.32,
  15.24,
  17.65,
  19.69,
  21.43,
  22.92,
  24.15,
  25.24,
  26.19,
  26.99,
  27.7,
  28.35,
  28.9,
  29.36,
  29.78,
  30.17,
  30.51,
  30.81,
  31.06,
  31.31,
  31.53,
  31.74,
  31.97,
  32.19,
  32.4,
  32.59,
  32.81,
  32.95,
  33.14,
  33.35,
  33.52,
  33.7,
  33.87,
  34.01,
  34.14,
  34.27,
  34.4,
  34.52,
  34.64,
  34.74,
  34.81,
  34.87,
  34.9,
  34.92,
  34.96,
  35.03,
  35.12,
  35.16,
  35.26,
  35.29,
  35.36,
  35.39,
  35.42,
  35.47,
  35.51,
  35.54,
  35.55,
  35.6,
  35.65,
  35.7,
  35.73,
  35.72,
  35.72,
  35.7,
  35.72,
  35.73,
  35.73,
  35.77,
  35.78,
  35.78,
  35.77,
  35.82,
  35.86,
  35.8,
  35.83,
  35.87,
  35.86,
  35.91,
  35.96,
  36.02,
  36.05,
  36.1,
  36.11,
  36.12,
  36.1,
  36.15,
  36.14,
  36.18,
  36.19,
  36.23,
  36.23,
  36.29,
  36.33,
  36.34,
  36.43,
  36.47,
  36.48,
  36.56
 ],
 "traj_orth": [
  89.69,
  86.19,
  81.75,
  76.44,
  70.4,
  63.92,
  57.28,
  50.79,
  44.71,
  39.18,
  34.37,
  30.36,
  27.08,
  24.56,
  22.81,
  21.76,
  21.25,
  21.28,
  21.63,
  22.24,
  22.97,
  23.8,
  24.64,
  25.46,
  26.28,
  27.03,
  27.73,
  28.35,
  28.94,
  29.4,
  29.84,
  30.26,
  30.62,
  30.98,
  31.32,
  31.61,
  31.9,
  32.18,
  32.44,
  32.66,
  32.87,
  33.07,
  33.27,
  33.42,
  33.58,
  33.71,
  33.85,
  34.0,
  34.15,
  34.25,
  34.39,
  34.46,
  34.54,
  34.58,
  34.61,
  34.64,
  34.67,
  34.7,
  34.7,
  34.73,
  34.78,
  34.82,
  34.87,
  34.88,
  34.91,
  34.91,
  34.95,
  34.95,
  34.97,
  34.99,
  35.01,
  35.01,
  35.03,
  35.09,
  35.13,
  35.08,
  35.11,
  35.14,
  35.14,
  35.2,
  35.25,
  35.29,
  35.31,
  35.36,
  35.37,
  35.4,
  35.41,
  35.47,
  35.48,
  35.56,
  35.57,
  35.62,
  35.64,
  35.71,
  35.76,
  35.81,
  35.93,
  35.98,
  36.01,
  36.09
 ]
}