{
 "theta_star": 40.240595968661225,
 "after_same_kick": 32.91640621093781,
 "after_orth_kick": 33.235988209412966,
 "traj_same": [
  2.9,
  8.27,
  11.94,
  14.67,
  16.91,
  18.74,
  20.3,
  21.66,
  22.8,
  23.81,
  24.68,
  25.45,
  26.12,
  26.68,
  27.2,
  27.62,
  27.98,
  28.31,
  28.6,
  28.87,
  29.09,
  29.32,
  29.48,
  29.65,
  29.81,
  29.94,
  30.07,
  30.17,
  30.27,
  30.32,
  30.4,
  30.46,
  30.54,
  30.62,
  30.69,
  30.77,
  30.81,
  30.88,
  30.93,
  31.01,
  31.08,
  31.15,
  31.21,
  31.28,
  31.33,
  31.34,
  31.4,
  31.45,
  31.46,
  31.5,
  31.53,
  31.53,
  31.55,
  31.55,
  31.61,
  31.66,
  31.7,
  31.71,
  31.71,
  31.71,
  31.75,
  31.79,
  31.82,
  31.85,
  31.83,
  31.82,
  31.85,
  31.83,
  31.87,
  31.89,
  31.94,
  31.98,
  32.0,
  32.01,
  32.0,
  32.01,
  32.03,
  32.07,
  32.09,
  32.08,
  32.15,
  32.16,
  32.22,
  32.27,
  32.31,
  32.37,
  32.41,
  32.42,
  32.46,
  32.54,
  32.63,
  32.72,
  32.79,
  32.83,
  32.88,
  32.92,
  33.03,
  33.08,
  33.12,
  33.17
 ],
 "traj_orth": [
  89.72,
  86.54,
  82.51,
  77.61,
  72.0,
  65.92,
  59.58,
  53.24,
  47.21,
  41.62,
  36.68,
  32.36,
  28.77,
  25.88,
  23.72,
  22.21,
  21.28,
  20.89,
  20.86,
  21.12,
  21.55,
  22.17,
  22.83,
  23.53,
  24.17,
  24.82,
  25.46,
  26.05,
  26.55,
  26.98,
  27.42,
  27.8,
  28.17,
  28.49,
  28.79,
  29.09,
  29.34,
  29.59,
  29.8,
  30.02,
  30.21,
  30.38,
  30.53,
  30.68,
  30.81,
  30.91,
  31.04,
  31.15,
  31.23,
  31.3,
  31.38,
  31.42,
  31.48,
  31.54,
  31.66,
  31.75,
  31.81,
  31.84,
  31.87,
  31.9,
  31.98,
  32.05,
  32.13,
  32.2,
  32.21,
  32.24,
  32.3,
  32.29,
  32.35,
  32.39,
  32.47,
  32.54,
  32.61,
  32.66,
  32.66,
  32.69,
  32.7,
  32.7,
  32.7,
  32.68,
  32.73,
  32.75,
  32.81,
  32.84,
  32.86,
  32.92,
  32.94,
  32.93,
  32.93,
  32.94,
  32.99,
  33.05,
  33.1,
  33.13,
  33.19,
  33.25,
  33.34,
  33.39,
  33.43,
  33.49
 ]
}