{
 "theta_star": 45.610179725238766,
 "after_same_kick": 7.242077893168525,
 "after_orth_kick": 7.253096688708181,
 "traj_same": [
  2.41,
  5.71,
  6.69,
  7.03,
  7.15,
  7.23,
  7.25,
  7.23,
  7.24,
  7.27,
  7.28,
  7.29,
  7.28,
  7.31,
  7.35,
  7.33,
  7.33,
  7.34,
  7.34,
  7.33,
  7.37,
  7.35,
  7.38,
  7.41,
  7.41,
  7.42,
  7.4,
  7.38,
  7.39,
  7.4,
  7.4,
  7.37,
  7.4,
  7.41,
  7.36,
  7.35,
  7.34,
  7.34,
  7.32,
  7.31,
  7.31,
  7.29,
  7.28,
  7.25,
  7.22,
  7.24,
  7.2,
  7.24,
  7.23,
  7.21,
  7.21,
  7.2,
  7.19,
  7.22,
  7.23,
  7.22,
  7.22,
  7.2,
  7.2,
  7.21,
  7.22,
  7.23,
  7.23,
  7.25,
  7.25,
  7.23,
  7.22,
  7.2,
  7.21,
  7.25,
  7.21,
  7.25,
  7.23,
  7.25,
  7.23,
  7.24,
  7.25,
  7.24,
  7.26,
  7.22,
  7.23,
  7.25,
  7.24,
  7.23,
  7.25,
  7.23,
  7.25,
  7.24,
  7.24,
  7.24,
  7.24,
  7.24,
  7.24,
  7.25,
  7.26,
  7.22,
  7.24,
  7.24,
  7.26,
  7.23
 ],
 "traj_orth": [
  89.7,
  86.04,
  80.56,
  72.66,
  62.41,
  50.86,
  39.54,
  29.52,
  21.72,
  16.55,
  13.5,
  11.6,
  10.26,
  9.52,
  9.23,
  9.05,
  8.94,
  8.82,
  8.67,
  8.49,
  8.4,
  8.33,
  8.27,
  8.15,
  7.99,
  7.9,
  7.76,
  7.66,
  7.65,
  7.64,
  7.62,
  7.58,
  7.6,
  7.59,
  7.55,
  7.54,
  7.53,
  7.51,
  7.45,
  7.42,
  7.4,
  7.36,
  7.35,
  7.33,
  7.3,
  7.31,
  7.3,
  7.33,
  7.33,
  7.29,
  7.3,
  7.29,
  7.3,
  7.35,
  7.38,
  7.36,
  7.35,
  7.32,
  7.32,
  7.33,
  7.37,
  7.41,
  7.41,
  7.4,
  7.39,
  7.36,
  7.36,
  7.36,
  7.38,
  7.44,
  7.38,
  7.39,
  7.35,
  7.35,
  7.31,
  7.32,
  7.34,
  7.32,
  7.35,
  7.32,
  7.34,
  7.37,
  7.37,
  7.35,
  7.36,
  7.33,
  7.34,
  7.33,
  7.32,
  7.32,
  7.3,
  7.28,
  7.25,
  7.25,
  7.26,
  7.21,
  7.23,
  7.24,
  7.27,
  7.23
 ]
}