{
 "theta_star": 29.77592508767072,
 "after_same_kick": 25.11414738178666,
 "after_orth_kick": 24.91199711017166,
 "traj_same": [
  3.08,
  8.54,
  12.13,
  14.63,
  16.52,
  18.01,
  19.21,
  20.12,
  20.91,
  21.53,
  22.05,
  22.44,
  22.77,
  23.01,
  23.24,
  23.43,
  23.64,
  23.8,
  23.89,
  23.93,
  23.92,
  23.9,
  23.93,
  23.96,
  24.03,
  24.11,
  24.17,
  24.21,
  24.25,
  24.25,
  24.27,
  24.29,
  24.29,
  24.3,
  24.3,
  24.37,
  24.39,
  24.37,
  24.41,
  24.43,
  24.43,
  24.43,
  24.45,
  24.48,
  24.49,
  24.51,
  24.55,
  24.55,
  24.56,
  24.57,
  24.58,
  24.61,
  24.67,
  24.71,
  24.72,
  24.77,
  24.83,
  24.85,
  24.85,
  24.87,
  24.88,
  24.92,
  24.92,
  24.88,
  24.84,
  24.8,
  24.82,
  24.83,
  24.85,
  24.9,
  24.94,
  24.98,
  25.01,
  25.0,
  24.99,
  24.99,
  25.01,
  25.06,
  25.1,
  25.13,
  25.13,
  25.14,
  25.13,
  25.18,
  25.19,
  25.19,
  25.18,
  25.15,
  25.17,
  25.13,
  25.13,
  25.13,
  25.11,
  25.11,
  25.09,
  25.07,
  25.11,
  25.11,
  25.12,
  25.14
 ],
 "traj_orth": [
  89.73,
  86.41,
  81.65,
  75.52,
  68.36,
  60.68,
  52.97,
  45.66,
  39.04,
  33.31,
  28.65,
  25.04,
  22.49,
  20.79,
  19.76,
  19.31,
  19.27,
  19.49,
  19.84,
  20.19,
  20.58,
  20.98,
  21.4,
  21.73,
  22.07,
  22.43,
  22.75,
  23.05,
  23.29,
  23.5,
  23.71,
  23.89,
  24.02,
  24.11,
  24.14,
  24.2,
  24.21,
  24.19,
  24.24,
  24.29,
  24.31,
  24.33,
  24.35,
  24.38,
  24.39,
  24.41,
  24.46,
  24.46,
  24.48,
  24.47,
  24.46,
  24.47,
  24.5,
  24.52,
  24.53,
  24.55,
  24.59,
  24.59,
  24.59,
  24.6,
  24.61,
  24.64,
  24.66,
  24.66,
  24.62,
  24.55,
  24.57,
  24.57,
  24.57,
  24.6,
  24.64,
  24.68,
  24.7,
  24.71,
  24.72,
  24.74,
  24.75,
  24.79,
  24.81,
  24.82,
  24.84,
  24.87,
  24.85,
  24.9,
  24.92,
  24.94,
  24.9,
  24.85,
  24.86,
  24.85,
  24.88,
  24.9,
  24.89,
  24.89,
  24.9,
  24.9,
  24.92,
  24.93,
  24.94,
  24.97
 ]
}