{
 "theta_star": 4.214131099070005,
 "after_same_kick": 4.192648033456451,
 "after_orth_kick": 4.19428819942012,
 "traj_same": [
  1.38,
  3.99,
  4.21,
  4.22,
  4.23,
  4.23,
  4.23,
  4.22,
  4.23,
  4.21,
  4.22,
  4.22,
  4.21,
  4.22,
  4.2,
  4.21,
  4.2,
  4.21,
  4.21,
  4.21,
  4.23,
  4.21,
  4.19,
  4.2,
  4.19,
  4.2,
  4.19,
  4.19,
  4.2,
  4.19,
  4.2,
  4.19,
  4.2,
  4.19,
  4.19,
  4.21,
  4.21,
  4.19,
  4.19,
  4.2,
  4.2,
  4.2,
  4.21,
  4.2,
  4.2,
  4.2,
  4.2,
  4.2,
  4.19,
  4.19,
  4.21,
  4.19,
  4.2,
  4.2,
  4.2,
  4.19,
  4.2,
  4.21,
  4.2,
  4.21,
  4.18,
  4.2,
  4.21,
  4.19,
  4.19,
  4.19,
  4.19,
  4.19,
  4.2,
  4.2,
  4.2,
  4.19,
  4.21,
  4.19,
  4.19,
  4.21,
  4.21,
  4.19,
  4.21,
  4.19,
  4.19,
  4.19,
  4.2,
  4.21,
  4.2,
  4.19,
  4.2,
  4.19,
  4.19,
  4.2,
  4.19,
  4.18,
  4.17,
  4.19,
  4.18,
  4.19,
  4.21,
  4.19,
  4.2,
  4.21
 ],
 "traj_orth": [
  89.72,
  85.71,
  77.13,
  62.1,
  43.96,
  28.03,
  16.8,
  10.6,
  7.35,
  5.7,
  5.37,
  5.33,
  5.25,
  5.17,
  5.08,
  4.91,
  4.69,
  4.46,
  4.35,
  4.28,
  4.24,
  4.21,
  4.19,
  4.2,
  4.19,
  4.2,
  4.19,
  4.19,
  4.2,
  4.19,
  4.2,
  4.2,
  4.2,
  4.2,
  4.2,
  4.21,
  4.21,
  4.19,
  4.19,
  4.2,
  4.2,
  4.2,
  4.21,
  4.2,
  4.2,
  4.2,
  4.2,
  4.2,
  4.19,
  4.19,
  4.21,
  4.19,
  4.2,
  4.2,
  4.2,
  4.19,
  4.2,
  4.21,
  4.2,
  4.21,
  4.18,
  4.2,
  4.2,
  4.2,
  4.19,
  4.19,
  4.19,
  4.19,
  4.2,
  4.2,
  4.2,
  4.19,
  4.21,
  4.19,
  4.19,
  4.2,
  4.2,
  4.19,
  4.2,
  4.19,
  4.2,
  4.19,
  4.2,
  4.21,
  4.2,
  4.19,
  4.21,
  4.19,
  4.2,
  4.2,
  4.2,
  4.19,
  4.18,
  4.19,
  4.18,
  4.2,
  4.21,
  4.19,
  4.21,
  4.21
 ]
}