{
 "theta_star": 35.14023696520747,
 "after_same_kick": 7.035834859700583,
 "after_orth_kick": 7.050154342485439,
 "traj_same": [
  2.23,
  5.64,
  6.6,
  6.93,
  7.06,
  7.14,
  7.16,
  7.19,
  7.22,
  7.25,
  7.33,
  7.42,
  7.52,
  7.55,
  7.6,
  7.64,
  7.65,
  7.6,
  7.52,
  7.42,
  7.36,
  7.36,
  7.3,
  7.26,
  7.25,
  7.15,
  7.11,
  7.08,
  7.08,
  7.08,
  7.07,
  7.07,
  7.06,
  7.06,
  7.04,
  7.06,
  7.06,
  7.05,
  7.05,
  7.06,
  7.09,
  7.07,
  7.07,
  7.09,
  7.09,
  7.11,
  7.09,
  7.07,
  7.06,
  7.06,
  7.03,
  7.07,
  7.09,
  7.08,
  7.06,
  7.05,
  7.05,
  7.08,
  7.06,
  7.05,
  7.04,
  7.04,
  7.05,
  7.01,
  7.03,
  7.04,
  7.04,
  7.02,
  7.04,
  7.06,
  7.05,
  7.05,
  7.05,
  7.05,
  7.05,
  7.04,
  7.06,
  7.03,
  7.05,
  7.06,
  7.05,
  7.08,
  7.07,
  7.07,
  7.03,
  7.04,
  7.05,
  7.04,
  7.05,
  7.03,
  7.03,
  7.05,
  7.02,
  7.04,
  7.03,
  7.05,
  7.04,
  7.03,
  7.03,
  7.04
 ],
 "traj_orth": [
  89.73,
  86.4,
  81.4,
  74.25,
  64.78,
  53.66,
  42.29,
  31.96,
  23.68,
  17.58,
  13.64,
  11.26,
  10.06,
  9.44,
  9.11,
  8.91,
  8.85,
  8.73,
  8.6,
  8.39,
  8.13,
  7.97,
  7.85,
  7.84,
  7.93,
  7.97,
  8.02,
  7.97,
  7.9,
  7.82,
  7.76,
  7.75,
  7.75,
  7.76,
  7.75,
  7.8,
  7.8,
  7.79,
  7.76,
  7.76,
  7.78,
  7.76,
  7.77,
  7.78,
  7.76,
  7.78,
  7.74,
  7.69,
  7.65,
  7.54,
  7.44,
  7.47,
  7.49,
  7.47,
  7.41,
  7.37,
  7.38,
  7.4,
  7.41,
  7.43,
  7.42,
  7.4,
  7.39,
  7.33,
  7.33,
  7.33,
  7.32,
  7.3,
  7.31,
  7.29,
  7.28,
  7.27,
  7.28,
  7.29,
  7.29,
  7.25,
  7.25,
  7.21,
  7.2,
  7.19,
  7.16,
  7.16,
  7.1,
  7.08,
  7.04,
  7.06,
  7.07,
  7.06,
  7.09,
  7.08,
  7.06,
  7.06,
  7.04,
  7.06,
  7.05,
  7.06,
  7.05,
  7.04,
  7.03,
  7.05
 ]
}