{
 "theta_star": 14.378607737225627,
 "after_same_kick": 5.497328131826658,
 "after_orth_kick": 5.502896617516826,
 "traj_same": [
  1.41,
  4.72,
  5.24,
  5.34,
  5.37,
  5.37,
  5.36,
  5.37,
  5.37,
  5.38,
  5.38,
  5.37,
  5.37,
  5.37,
  5.38,
  5.37,
  5.37,
  5.36,
  5.39,
  5.39,
  5.4,
  5.39,
  5.41,
  5.45,
  5.56,
  5.55,
  5.5,
  5.42,
  5.38,
  5.4,
  5.39,
  5.39,
  5.4,
  5.4,
  5.44,
  5.47,
  5.56,
  5.57,
  5.55,
  5.53,
  5.53,
  5.5,
  5.5,
  5.49,
  5.51,
  5.53,
  5.57,
  5.54,
  5.55,
  5.51,
  5.51,
  5.5,
  5.5,
  5.5,
  5.53,
  5.55,
  5.54,
  5.5,
  5.49,
  5.49,
  5.49,
  5.48,
  5.48,
  5.49,
  5.52,
  5.52,
  5.52,
  5.49,
  5.49,
  5.48,
  5.48,
  5.48,
  5.5,
  5.52,
  5.5,
  5.48,
  5.48,
  5.51,
  5.51,
  5.5,
  5.5,
  5.48,
  5.49,
  5.5,
  5.5,
  5.48,
  5.5,
  5.52,
  5.51,
  5.51,
  5.49,
  5.49,
  5.51,
  5.5,
  5.5,
  5.5,
  5.51,
  5.49,
  5.5,
  5.49
 ],
 "traj_orth": [
  89.71,
  85.95,
  79.38,
  68.71,
  54.66,
  40.0,
  27.09,
  17.28,
  11.24,
  8.4,
  7.18,
  6.44,
  6.11,
  5.99,
  5.91,
  5.83,
  5.73,
  5.69,
  5.69,
  5.7,
  5.69,
  5.66,
  5.67,
  5.77,
  5.9,
  5.9,
  5.85,
  5.85,
  5.83,
  5.85,
  5.83,
  5.8,
  5.77,
  5.72,
  5.65,
  5.54,
  5.53,
  5.52,
  5.51,
  5.52,
  5.54,
  5.51,
  5.52,
  5.52,
  5.52,
  5.51,
  5.51,
  5.51,
  5.54,
  5.52,
  5.52,
  5.51,
  5.51,
  5.51,
  5.53,
  5.53,
  5.51,
  5.49,
  5.5,
  5.5,
  5.5,
  5.48,
  5.48,
  5.48,
  5.5,
  5.49,
  5.49,
  5.47,
  5.49,
  5.49,
  5.5,
  5.49,
  5.49,
  5.5,
  5.49,
  5.48,
  5.49,
  5.52,
  5.51,
  5.49,
  5.5,
  5.5,
  5.5,
  5.49,
  5.49,
  5.48,
  5.51,
  5.53,
  5.51,
  5.51,
  5.51,
  5.51,
  5.53,
  5.5,
  5.49,
  5.49,
  5.51,
  5.49,
  5.5,
  5.51
 ]
}