{
 "theta_star": 4.188714578857679,
 "after_same_kick": 4.1565833365478255,
 "after_orth_kick": 4.157232576297626,
 "traj_same": [
  1.37,
  3.95,
  4.16,
  4.19,
  4.21,
  4.19,
  4.19,
  4.2,
  4.18,
  4.18,
  4.18,
  4.18,
  4.18,
  4.19,
  4.18,
  4.19,
  4.17,
  4.19,
  4.18,
  4.19,
  4.2,
  4.2,
  4.19,
  4.18,
  4.18,
  4.2,
  4.2,
  4.19,
  4.18,
  4.19,
  4.19,
  4.18,
  4.18,
  4.18,
  4.18,
  4.18,
  4.17,
  4.18,
  4.17,
  4.18,
  4.17,
  4.17,
  4.17,
  4.17,
  4.15,
  4.17,
  4.18,
  4.18,
  4.17,
  4.17,
  4.17,
  4.15,
  4.15,
  4.15,
  4.16,
  4.17,
  4.17,
  4.16,
  4.17,
  4.17,
  4.18,
  4.18,
  4.18,
  4.18,
  4.16,
  4.15,
  4.17,
  4.14,
  4.15,
  4.16,
  4.18,
  4.16,
  4.17,
  4.16,
  4.15,
  4.17,
  4.15,
  4.16,
  4.16,
  4.15,
  4.16,
  4.15,
  4.16,
  4.15,
  4.14,
  4.16,
  4.16,
  4.16,
  4.15,
  4.15,
  4.15,
  4.15,
  4.16,
  4.17,
  4.17,
  4.16,
  4.16,
  4.16,
  4.15,
  4.15
 ],
 "traj_orth": [
  89.72,
  85.68,
  77.16,
  62.15,
  43.39,
  26.56,
  15.29,
  9.51,
  7.45,
  6.47,
  5.92,
  5.61,
  5.43,
  5.25,
  5.15,
  5.13,
  5.19,
  5.25,
  5.28,
  5.22,
  5.15,
  5.03,
  4.91,
  4.84,
  4.79,
  4.67,
  4.53,
  4.46,
  4.41,
  4.38,
  4.36,
  4.35,
  4.38,
  4.41,
  4.45,
  4.42,
  4.38,
  4.37,
  4.34,
  4.35,
  4.35,
  4.34,
  4.33,
  4.29,
  4.21,
  4.18,
  4.19,
  4.18,
  4.17,
  4.17,
  4.18,
  4.16,
  4.15,
  4.16,
  4.16,
  4.17,
  4.17,
  4.16,
  4.17,
  4.16,
  4.18,
  4.18,
  4.18,
  4.18,
  4.16,
  4.16,
  4.17,
  4.14,
  4.15,
  4.15,
  4.18,
  4.16,
  4.16,
  4.16,
  4.15,
  4.17,
  4.16,
  4.16,
  4.16,
  4.15,
  4.16,
  4.15,
  4.16,
  4.15,
  4.14,
  4.16,
  4.16,
  4.16,
  4.16,
  4.15,
  4.15,
  4.15,
  4.16,
  4.17,
  4.17,
  4.15,
  4.16,
  4.17,
  4.15,
  4.15
 ]
}