{
 "theta_star": 20.736831493000025,
 "after_same_kick": 20.670223107810365,
 "after_orth_kick": 20.66421631244585,
 "traj_same": [
  3.1,
  8.33,
  11.62,
  13.82,
  15.4,
  16.58,
  17.45,
  18.12,
  18.64,
  19.06,
  19.36,
  19.59,
  19.78,
  19.94,
  20.06,
  20.17,
  20.28,
  20.36,
  20.4,
  20.44,
  20.5,
  20.56,
  20.54,
  20.55,
  20.61,
  20.59,
  20.58,
  20.56,
  20.58,
  20.61,
  20.61,
  20.59,
  20.61,
  20.59,
  20.59,
  20.61,
  20.64,
  20.67,
  20.71,
  20.77,
  20.84,
  20.85,
  20.85,
  20.84,
  20.83,
  20.88,
  20.88,
  20.83,
  20.74,
  20.7,
  20.63,
  20.63,
  20.62,
  20.6,
  20.55,
  20.52,
  20.52,
  20.54,
  20.54,
  20.51,
  20.48,
  20.45,
  20.45,
  20.42,
  20.43,
  20.46,
  20.47,
  20.46,
  20.47,
  20.47,
  20.5,
  20.5,
  20.53,
  20.58,
  20.6,
  20.6,
  20.61,
  20.62,
  20.61,
  20.61,
  20.61,
  20.63,
  20.62,
  20.65,
  20.63,
  20.65,
  20.67,
  20.68,
  20.7,
  20.68,
  20.67,
  20.67,
  20.64,
  20.64,
  20.63,
  20.67,
  20.68,
  20.7,
  20.7,
  20.72
 ],
 "traj_orth": [
  89.73,
  86.16,
  80.34,
  72.24,
  62.46,
  52.04,
  42.12,
  33.5,
  26.74,
  21.72,
  18.42,
  16.4,
  15.53,
  15.41,
  15.76,
  16.31,
  16.93,
  17.5,
  18.0,
  18.42,
  18.78,
  19.12,
  19.35,
  19.58,
  19.81,
  19.93,
  20.05,
  20.15,
  20.24,
  20.32,
  20.37,
  20.43,
  20.5,
  20.53,
  20.59,
  20.66,
  20.72,
  20.74,
  20.74,
  20.74,
  20.75,
  20.71,
  20.7,
  20.7,
  20.69,
  20.75,
  20.77,
  20.76,
  20.68,
  20.6,
  20.51,
  20.49,
  20.47,
  20.46,
  20.42,
  20.41,
  20.42,
  20.45,
  20.46,
  20.45,
  20.44,
  20.44,
  20.44,
  20.41,
  20.41,
  20.43,
  20.44,
  20.45,
  20.47,
  20.49,
  20.51,
  20.5,
  20.52,
  20.55,
  20.56,
  20.57,
  20.6,
  20.61,
  20.62,
  20.62,
  20.62,
  20.63,
  20.61,
  20.63,
  20.61,
  20.64,
  20.67,
  20.68,
  20.69,
  20.67,
  20.67,
  20.67,
  20.64,
  20.65,
  20.64,
  20.67,
  20.66,
  20.67,
  20.67,
  20.7
 ]
}