{
 "theta_star": 26.914201506534788,
 "after_same_kick": 25.55562567756774,
 "after_orth_kick": 25.633263009902343,
 "traj_same": [
  3.69,
  8.72,
  12.25,
  14.83,
  16.86,
  18.4,
  19.68,
  20.66,
  21.44,
  22.09,
  22.6,
  23.0,
  23.3,
  23.58,
  23.8,
  23.97,
  24.17,
  24.28,
  24.37,
  24.44,
  24.49,
  24.51,
  24.56,
  24.63,
  24.66,
  24.73,
  24.75,
  24.8,
  24.85,
  24.89,
  24.97,
  25.02,
  25.03,
  25.12,
  25.16,
  25.21,
  25.2,
  25.21,
  25.23,
  25.23,
  25.22,
  25.24,
  25.19,
  25.15,
  25.14,
  25.19,
  25.19,
  25.24,
  25.24,
  25.25,
  25.27,
  25.3,
  25.3,
  25.35,
  25.33,
  25.32,
  25.28,
  25.28,
  25.31,
  25.32,
  25.36,
  25.45,
  25.47,
  25.47,
  25.45,
  25.48,
  25.48,
  25.49,
  25.56,
  25.62,
  25.66,
  25.66,
  25.62,
  25.54,
  25.47,
  25.42,
  25.37,
  25.38,
  25.38,
  25.41,
  25.46,
  25.46,
  25.45,
  25.44,
  25.51,
  25.49,
  25.49,
  25.56,
  25.62,
  25.64,
  25.61,
  25.6,
  25.59,
  25.57,
  25.56,
  25.58,
  25.54,
  25.51,
  25.49,
  25.51
 ],
 "traj_orth": [
  89.69,
  86.16,
  81.12,
  74.54,
  66.76,
  58.4,
  50.22,
  42.64,
  35.89,
  30.09,
  25.47,
  21.97,
  19.62,
  18.31,
  17.78,
  17.87,
  18.39,
  18.99,
  19.69,
  20.33,
  20.94,
  21.45,
  21.97,
  22.45,
  22.82,
  23.22,
  23.51,
  23.79,
  24.03,
  24.21,
  24.42,
  24.59,
  24.71,
  24.89,
  25.03,
  25.16,
  25.21,
  25.26,
  25.32,
  25.34,
  25.37,
  25.39,
  25.37,
  25.33,
  25.32,
  25.39,
  25.38,
  25.43,
  25.44,
  25.44,
  25.49,
  25.54,
  25.54,
  25.61,
  25.58,
  25.58,
  25.56,
  25.55,
  25.59,
  25.61,
  25.65,
  25.72,
  25.7,
  25.66,
  25.64,
  25.67,
  25.63,
  25.63,
  25.66,
  25.67,
  25.68,
  25.7,
  25.71,
  25.69,
  25.68,
  25.66,
  25.62,
  25.62,
  25.6,
  25.61,
  25.63,
  25.64,
  25.62,
  25.62,
  25.67,
  25.63,
  25.62,
  25.66,
  25.68,
  25.68,
  25.65,
  25.66,
  25.67,
  25.64,
  25.63,
  25.67,
  25.64,
  25.61,
  25.58,
  25.6
 ]
}