{
 "theta_star": 11.534819898420404,
 "after_same_kick": 5.416535045011367,
 "after_orth_kick": 5.5998615475723685,
 "traj_same": [
  1.55,
  4.81,
  5.33,
  5.44,
  5.45,
  5.46,
  5.46,
  5.47,
  5.45,
  5.45,
  5.46,
  5.43,
  5.43,
  5.46,
  5.44,
  5.46,
  5.46,
  5.48,
  5.46,
  5.45,
  5.43,
  5.45,
  5.44,
  5.44,
  5.44,
  5.44,
  5.44,
  5.44,
  5.46,
  5.43,
  5.44,
  5.44,
  5.42,
  5.45,
  5.45,
  5.43,
  5.45,
  5.42,
  5.43,
  5.43,
  5.44,
  5.43,
  5.44,
  5.43,
  5.41,
  5.43,
  5.44,
  5.44,
  5.44,
  5.44,
  5.46,
  5.45,
  5.45,
  5.45,
  5.44,
  5.43,
  5.44,
  5.45,
  5.44,
  5.44,
  5.44,
  5.43,
  5.44,
  5.42,
  5.43,
  5.43,
  5.44,
  5.43,
  5.44,
  5.44,
  5.43,
  5.43,
  5.44,
  5.46,
  5.48,
  5.46,
  5.44,
  5.42,
  5.42,
  5.43,
  5.44,
  5.43,
  5.44,
  5.46,
  5.45,
  5.42,
  5.43,
  5.44,
  5.44,
  5.42,
  5.42,
  5.42,
  5.41,
  5.4,
  5.42,
  5.41,
  5.41,
  5.41,
  5.43,
  5.43
 ],
 "traj_orth": [
  89.69,
  85.66,
  78.65,
  67.24,
  52.14,
  36.73,
  24.11,
  15.56,
  10.43,
  7.88,
  6.92,
  6.49,
  6.25,
  6.14,
  6.04,
  6.03,
  6.04,
  6.05,
  6.05,
  6.04,
  6.03,
  6.01,
  5.98,
  5.99,
  6.03,
  6.06,
  6.09,
  6.07,
  6.09,
  5.99,
  5.97,
  5.96,
  5.95,
  6.0,
  6.03,
  6.01,
  5.97,
  5.89,
  5.84,
  5.83,
  5.83,
  5.84,
  5.88,
  5.88,
  5.89,
  5.89,
  5.86,
  5.81,
  5.8,
  5.82,
  5.85,
  5.8,
  5.76,
  5.75,
  5.71,
  5.68,
  5.68,
  5.7,
  5.7,
  5.69,
  5.7,
  5.68,
  5.7,
  5.68,
  5.65,
  5.62,
  5.61,
  5.59,
  5.57,
  5.56,
  5.56,
  5.58,
  5.6,
  5.62,
  5.63,
  5.58,
  5.59,
  5.58,
  5.57,
  5.58,
  5.59,
  5.61,
  5.64,
  5.66,
  5.63,
  5.58,
  5.57,
  5.57,
  5.58,
  5.59,
  5.62,
  5.64,
  5.62,
  5.59,
  5.59,
  5.55,
  5.56,
  5.59,
  5.63,
  5.61
 ]
}