{
 "theta_star": 98.43759301519918,
 "after_same_kick": 15.103776650921253,
 "after_orth_kick": 15.386298071910977,
 "traj_same": [
  3.28,
  7.1,
  9.19,
  10.39,
  11.18,
  11.77,
  12.23,
  12.58,
  12.9,
  13.15,
  13.34,
  13.52,
  13.67,
  13.8,
  13.9,
  13.95,
  13.99,
  13.98,
  13.92,
  13.88,
  13.88,
  13.88,
  13.89,
  13.88,
  13.85,
  13.83,
  13.86,
  13.9,
  13.95,
  14.0,
  14.06,
  14.11,
  14.12,
  14.13,
  14.16,
  14.21,
  14.28,
  14.34,
  14.39,
  14.41,
  14.41,
  14.36,
  14.31,
  14.33,
  14.35,
  14.41,
  14.41,
  14.42,
  14.46,
  14.52,
  14.57,
  14.6,
  14.66,
  14.66,
  14.68,
  14.71,
  14.78,
  14.81,
  14.88,
  14.94,
  14.97,
  15.02,
  15.08,
  15.12,
  15.15,
  15.24,
  15.29,
  15.3,
  15.32,
  15.24,
  15.17,
  15.18,
  15.24,
  15.27,
  15.29,
  15.27,
  15.25,
  15.24,
  15.23,
  15.24,
  15.22,
  15.17,
  15.05,
  15.0,
  14.98,
  14.99,
  14.99,
  14.97,
  14.99,
  15.04,
  15.03,
  15.04,
  15.06,
  15.07,
  15.02,
  15.07,
  15.13,
  15.18,
  15.26,
  15.18
 ],
 "traj_orth": [
  89.73,
  86.86,
  83.32,
  79.12,
  74.22,
  68.64,
  62.57,
  56.16,
  49.78,
  43.73,
  38.24,
  33.43,
  29.46,
  26.22,
  23.73,
  21.78,
  20.35,
  19.27,
  18.39,
  17.73,
  17.23,
  16.86,
  16.62,
  16.44,
  16.21,
  16.05,
  15.87,
  15.79,
  15.76,
  15.76,
  15.73,
  15.68,
  15.69,
  15.69,
  15.7,
  15.69,
  15.74,
  15.75,
  15.81,
  15.92,
  15.98,
  15.95,
  15.91,
  15.92,
  15.95,
  16.02,
  16.0,
  15.93,
  15.93,
  15.9,
  15.87,
  15.8,
  15.76,
  15.71,
  15.69,
  15.67,
  15.65,
  15.62,
  15.63,
  15.66,
  15.68,
  15.71,
  15.8,
  15.85,
  15.88,
  15.89,
  15.88,
  15.84,
  15.82,
  15.77,
  15.75,
  15.76,
  15.81,
  15.8,
  15.79,
  15.77,
  15.71,
  15.7,
  15.7,
  15.72,
  15.64,
  15.51,
  15.36,
  15.27,
  15.26,
  15.28,
  15.31,
  15.29,
  15.29,
  15.33,
  15.3,
  15.3,
  15.31,
  15.32,
  15.28,
  15.33,
  15.41,
  15.47,
  15.57,
  15.56
 ]
}