{
 "theta_star": 27.12129425934921,
 "after_same_kick": 25.05176958222352,
 "after_orth_kick": 24.5451655378131,
 "traj_same": [
  3.46,
  8.15,
  11.19,
  13.31,
  14.94,
  16.22,
  17.34,
  18.25,
  19.04,
  19.71,
  20.28,
  20.73,
  21.11,
  21.46,
  21.78,
  22.04,
  22.31,
  22.46,
  22.59,
  22.73,
  22.87,
  22.97,
  23.08,
  23.18,
  23.24,
  23.35,
  23.42,
  23.52,
  23.6,
  23.68,
  23.8,
  23.91,
  23.98,
  24.15,
  24.29,
  24.4,
  24.43,
  24.45,
  24.47,
  24.5,
  24.57,
  24.67,
  24.69,
  24.68,
  24.69,
  24.72,
  24.73,
  24.77,
  24.78,
  24.82,
  24.87,
  24.94,
  24.98,
  24.99,
  25.01,
  25.03,
  25.06,
  25.1,
  25.15,
  25.17,
  25.22,
  25.28,
  25.31,
  25.33,
  25.35,
  25.39,
  25.39,
  25.41,
  25.43,
  25.43,
  25.42,
  25.41,
  25.42,
  25.44,
  25.43,
  25.42,
  25.44,
  25.49,
  25.51,
  25.52,
  25.55,
  25.51,
  25.45,
  25.4,
  25.39,
  25.29,
  25.2,
  25.15,
  25.09,
  25.08,
  25.03,
  24.99,
  25.01,
  25.01,
  25.0,
  25.03,
  25.05,
  25.08,
  25.14,
  25.18
 ],
 "traj_orth": [
  89.83,
  87.91,
  85.23,
  81.88,
  77.97,
  73.63,
  68.99,
  64.2,
  59.4,
  54.68,
  50.15,
  45.87,
  41.86,
  38.12,
  34.7,
  31.68,
  29.04,
  26.77,
  24.91,
  23.39,
  22.25,
  21.51,
  20.99,
  20.68,
  20.56,
  20.52,
  20.61,
  20.73,
  20.94,
  21.21,
  21.43,
  21.63,
  21.85,
  22.06,
  22.24,
  22.41,
  22.62,
  22.86,
  23.05,
  23.22,
  23.35,
  23.47,
  23.61,
  23.74,
  23.84,
  23.93,
  24.01,
  24.11,
  24.13,
  24.16,
  24.18,
  24.18,
  24.23,
  24.31,
  24.36,
  24.37,
  24.39,
  24.41,
  24.46,
  24.5,
  24.55,
  24.61,
  24.63,
  24.68,
  24.69,
  24.72,
  24.77,
  24.79,
  24.88,
  24.89,
  24.93,
  24.95,
  24.98,
  25.03,
  25.07,
  25.09,
  25.09,
  25.06,
  25.02,
  24.93,
  24.87,
  24.82,
  24.78,
  24.71,
  24.62,
  24.6,
  24.56,
  24.55,
  24.51,
  24.49,
  24.48,
  24.47,
  24.49,
  24.54,
  24.51,
  24.48,
  24.54,
  24.59,
  24.66,
  24.69
 ]
}