{
 "theta_star": 23.60137227280114,
 "after_same_kick": 21.086052018707356,
 "after_orth_kick": 21.58829456005828,
 "traj_same": [
  2.78,
  8.39,
  11.91,
  14.3,
  16.02,
  17.29,
  18.2,
  18.88,
  19.43,
  19.83,
  20.15,
  20.39,
  20.59,
  20.73,
  20.83,
  20.93,
  21.01,
  21.06,
  21.09,
  21.12,
  21.17,
  21.17,
  21.18,
  21.18,
  21.17,
  21.19,
  21.19,
  21.21,
  21.22,
  21.26,
  21.29,
  21.3,
  21.34,
  21.35,
  21.36,
  21.39,
  21.4,
  21.42,
  21.43,
  21.43,
  21.46,
  21.44,
  21.43,
  21.45,
  21.45,
  21.44,
  21.42,
  21.43,
  21.42,
  21.45,
  21.47,
  21.49,
  21.48,
  21.47,
  21.48,
  21.49,
  21.5,
  21.51,
  21.5,
  21.48,
  21.51,
  21.54,
  21.58,
  21.57,
  21.54,
  21.52,
  21.49,
  21.46,
  21.45,
  21.46,
  21.45,
  21.45,
  21.46,
  21.48,
  21.5,
  21.46,
  21.42,
  21.38,
  21.37,
  21.35,
  21.36,
  21.35,
  21.3,
  21.25,
  21.22,
  21.2,
  21.21,
  21.21,
  21.2,
  21.18,
  21.15,
  21.13,
  21.1,
  21.08,
  21.1,
  21.1,
  21.06,
  21.04,
  21.05,
  21.06
 ],
 "traj_orth": [
  89.7,
  85.84,
  79.61,
  70.94,
  60.62,
  50.1,
  40.59,
  32.76,
  26.75,
  22.36,
  19.34,
  17.59,
  16.88,
  16.86,
  17.23,
  17.79,
  18.37,
  18.88,
  19.33,
  19.74,
  20.14,
  20.43,
  20.68,
  20.88,
  21.05,
  21.22,
  21.35,
  21.46,
  21.53,
  21.63,
  21.69,
  21.71,
  21.76,
  21.76,
  21.76,
  21.76,
  21.76,
  21.79,
  21.81,
  21.82,
  21.84,
  21.84,
  21.83,
  21.84,
  21.84,
  21.84,
  21.83,
  21.86,
  21.87,
  21.91,
  21.9,
  21.9,
  21.91,
  21.92,
  21.96,
  21.97,
  21.98,
  21.97,
  21.95,
  21.93,
  21.94,
  21.95,
  21.98,
  22.0,
  22.01,
  22.05,
  22.03,
  21.98,
  21.91,
  21.88,
  21.85,
  21.84,
  21.82,
  21.83,
  21.83,
  21.79,
  21.73,
  21.65,
  21.6,
  21.56,
  21.58,
  21.59,
  21.57,
  21.55,
  21.56,
  21.55,
  21.55,
  21.56,
  21.55,
  21.55,
  21.57,
  21.61,
  21.61,
  21.6,
  21.61,
  21.62,
  21.59,
  21.56,
  21.56,
  21.55
 ]
}