{
 "theta_star": 4.420659212933184,
 "after_same_kick": 4.206350101764075,
 "after_orth_kick": 4.206638173958394,
 "traj_same": [
  1.35,
  3.99,
  4.2,
  4.23,
  4.24,
  4.24,
  4.22,
  4.22,
  4.21,
  4.22,
  4.22,
  4.21,
  4.23,
  4.23,
  4.23,
  4.22,
  4.22,
  4.2,
  4.21,
  4.21,
  4.21,
  4.22,
  4.23,
  4.22,
  4.2,
  4.19,
  4.2,
  4.2,
  4.2,
  4.2,
  4.21,
  4.22,
  4.21,
  4.21,
  4.22,
  4.2,
  4.2,
  4.21,
  4.2,
  4.21,
  4.2,
  4.21,
  4.21,
  4.21,
  4.23,
  4.21,
  4.22,
  4.21,
  4.21,
  4.22,
  4.2,
  4.21,
  4.22,
  4.21,
  4.21,
  4.23,
  4.21,
  4.2,
  4.2,
  4.2,
  4.22,
  4.21,
  4.21,
  4.21,
  4.2,
  4.2,
  4.2,
  4.19,
  4.2,
  4.2,
  4.21,
  4.2,
  4.21,
  4.21,
  4.2,
  4.21,
  4.2,
  4.21,
  4.2,
  4.2,
  4.2,
  4.21,
  4.21,
  4.2,
  4.2,
  4.21,
  4.22,
  4.21,
  4.21,
  4.2,
  4.2,
  4.21,
  4.2,
  4.2,
  4.22,
  4.2,
  4.2,
  4.2,
  4.21,
  4.21
 ],
 "traj_orth": [
  89.71,
  85.68,
  77.07,
  62.07,
  43.52,
  26.61,
  15.21,
  9.15,
  6.3,
  5.29,
  4.91,
  4.78,
  4.66,
  4.42,
  4.24,
  4.23,
  4.23,
  4.2,
  4.22,
  4.22,
  4.21,
  4.22,
  4.23,
  4.22,
  4.2,
  4.19,
  4.2,
  4.2,
  4.2,
  4.2,
  4.21,
  4.22,
  4.22,
  4.21,
  4.22,
  4.21,
  4.2,
  4.21,
  4.2,
  4.21,
  4.21,
  4.21,
  4.21,
  4.21,
  4.23,
  4.21,
  4.22,
  4.22,
  4.22,
  4.22,
  4.2,
  4.21,
  4.22,
  4.21,
  4.21,
  4.22,
  4.21,
  4.2,
  4.2,
  4.2,
  4.22,
  4.21,
  4.21,
  4.21,
  4.2,
  4.2,
  4.2,
  4.19,
  4.2,
  4.19,
  4.2,
  4.2,
  4.21,
  4.21,
  4.21,
  4.21,
  4.2,
  4.21,
  4.2,
  4.2,
  4.2,
  4.21,
  4.21,
  4.2,
  4.2,
  4.21,
  4.22,
  4.21,
  4.21,
  4.2,
  4.2,
  4.22,
  4.21,
  4.2,
  4.22,
  4.2,
  4.2,
  4.2,
  4.21,
  4.2
 ]
}