{
 "theta_star": 81.08683121234323,
 "after_same_kick": 9.420586163278628,
 "after_orth_kick": 10.162789549872087,
 "traj_same": [
  2.79,
  6.24,
  7.75,
  8.47,
  8.87,
  9.1,
  9.19,
  9.24,
  9.29,
  9.31,
  9.34,
  9.38,
  9.43,
  9.5,
  9.58,
  9.58,
  9.58,
  9.61,
  9.6,
  9.59,
  9.55,
  9.5,
  9.44,
  9.37,
  9.33,
  9.29,
  9.29,
  9.32,
  9.31,
  9.24,
  9.17,
  9.14,
  9.13,
  9.11,
  9.14,
  9.17,
  9.16,
  9.15,
  9.15,
  9.15,
  9.18,
  9.19,
  9.21,
  9.25,
  9.27,
  9.26,
  9.25,
  9.23,
  9.21,
  9.23,
  9.23,
  9.26,
  9.28,
  9.26,
  9.24,
  9.22,
  9.2,
  9.17,
  9.17,
  9.21,
  9.2,
  9.2,
  9.23,
  9.21,
  9.18,
  9.16,
  9.13,
  9.14,
  9.14,
  9.19,
  9.21,
  9.24,
  9.24,
  9.24,
  9.23,
  9.24,
  9.27,
  9.28,
  9.34,
  9.36,
  9.37,
  9.37,
  9.38,
  9.38,
  9.39,
  9.42,
  9.4,
  9.39,
  9.39,
  9.37,
  9.36,
  9.37,
  9.41,
  9.45,
  9.5,
  9.49,
  9.46,
  9.44,
  9.38,
  9.34
 ],
 "traj_orth": [
  89.76,
  86.85,
  83.0,
  77.99,
  71.78,
  64.52,
  56.6,
  48.48,
  40.58,
  33.46,
  27.43,
  22.69,
  19.17,
  16.69,
  15.07,
  14.05,
  13.49,
  13.27,
  13.11,
  13.08,
  13.05,
  12.96,
  12.82,
  12.65,
  12.49,
  12.43,
  12.41,
  12.38,
  12.38,
  12.36,
  12.33,
  12.27,
  12.15,
  12.06,
  12.0,
  12.02,
  12.03,
  12.05,
  12.06,
  11.98,
  11.95,
  11.94,
  11.86,
  11.85,
  11.83,
  11.82,
  11.79,
  11.73,
  11.62,
  11.53,
  11.42,
  11.33,
  11.3,
  11.26,
  11.26,
  11.25,
  11.26,
  11.23,
  11.23,
  11.24,
  11.19,
  11.16,
  11.08,
  11.01,
  10.91,
  10.87,
  10.81,
  10.77,
  10.71,
  10.69,
  10.61,
  10.59,
  10.55,
  10.53,
  10.5,
  10.47,
  10.42,
  10.36,
  10.38,
  10.39,
  10.46,
  10.47,
  10.48,
  10.44,
  10.42,
  10.37,
  10.29,
  10.21,
  10.19,
  10.18,
  10.18,
  10.2,
  10.23,
  10.22,
  10.23,
  10.25,
  10.23,
  10.14,
  10.01,
  9.94
 ]
}