{
 "theta_star": 81.27297294978905,
 "after_same_kick": 10.851907202742947,
 "after_orth_kick": 11.337354817739332,
 "traj_same": [
  2.87,
  6.48,
  8.07,
  8.86,
  9.29,
  9.55,
  9.79,
  9.92,
  10.0,
  10.05,
  10.07,
  10.08,
  10.1,
  10.12,
  10.14,
  10.13,
  10.17,
  10.17,
  10.16,
  10.14,
  10.16,
  10.14,
  10.15,
  10.13,
  10.15,
  10.19,
  10.2,
  10.21,
  10.22,
  10.26,
  10.31,
  10.35,
  10.38,
  10.46,
  10.54,
  10.63,
  10.68,
  10.7,
  10.7,
  10.69,
  10.67,
  10.7,
  10.68,
  10.66,
  10.72,
  10.76,
  10.78,
  10.76,
  10.73,
  10.67,
  10.65,
  10.65,
  10.64,
  10.65,
  10.62,
  10.57,
  10.51,
  10.48,
  10.49,
  10.49,
  10.51,
  10.53,
  10.51,
  10.5,
  10.5,
  10.51,
  10.53,
  10.59,
  10.65,
  10.67,
  10.67,
  10.69,
  10.7,
  10.71,
  10.72,
  10.75,
  10.77,
  10.84,
  10.85,
  10.86,
  10.87,
  10.85,
  10.84,
  10.88,
  10.93,
  10.9,
  10.9,
  10.9,
  10.93,
  10.94,
  10.95,
  10.94,
  10.95,
  10.9,
  10.86,
  10.83,
  10.8,
  10.77,
  10.76,
  10.74
 ],
 "traj_orth": [
  89.69,
  86.28,
  81.79,
  76.01,
  68.84,
  60.47,
  51.5,
  42.66,
  34.56,
  27.47,
  21.66,
  17.24,
  14.28,
  12.61,
  11.73,
  11.39,
  11.39,
  11.43,
  11.49,
  11.52,
  11.54,
  11.51,
  11.47,
  11.43,
  11.42,
  11.47,
  11.51,
  11.57,
  11.6,
  11.66,
  11.65,
  11.67,
  11.64,
  11.66,
  11.65,
  11.69,
  11.68,
  11.66,
  11.61,
  11.54,
  11.49,
  11.53,
  11.51,
  11.42,
  11.35,
  11.3,
  11.25,
  11.21,
  11.16,
  11.13,
  11.14,
  11.17,
  11.14,
  11.06,
  11.0,
  10.96,
  10.96,
  10.95,
  10.97,
  10.99,
  11.02,
  11.09,
  11.12,
  11.12,
  11.13,
  11.16,
  11.21,
  11.22,
  11.25,
  11.25,
  11.24,
  11.25,
  11.28,
  11.29,
  11.32,
  11.34,
  11.31,
  11.35,
  11.35,
  11.38,
  11.41,
  11.42,
  11.43,
  11.43,
  11.49,
  11.46,
  11.45,
  11.43,
  11.42,
  11.43,
  11.46,
  11.42,
  11.4,
  11.34,
  11.35,
  11.32,
  11.3,
  11.27,
  11.27,
  11.26
 ]
}