{
 "theta_star": 26.817048119261468,
 "after_same_kick": 25.570366609372424,
 "after_orth_kick": 25.716727796396754,
 "traj_same": [
  3.16,
  8.51,
  12.12,
  14.75,
  16.79,
  18.35,
  19.63,
  20.62,
  21.42,
  22.06,
  22.58,
  22.99,
  23.31,
  23.6,
  23.82,
  23.99,
  24.16,
  24.26,
  24.36,
  24.46,
  24.54,
  24.57,
  24.62,
  24.68,
  24.7,
  24.78,
  24.82,
  24.88,
  24.91,
  24.91,
  24.92,
  24.91,
  24.85,
  24.86,
  24.87,
  24.91,
  24.91,
  24.92,
  24.94,
  24.95,
  24.97,
  25.01,
  25.01,
  25.01,
  25.01,
  25.05,
  25.05,
  25.06,
  25.03,
  25.02,
  25.04,
  25.09,
  25.12,
  25.2,
  25.21,
  25.24,
  25.22,
  25.21,
  25.23,
  25.26,
  25.31,
  25.37,
  25.36,
  25.35,
  25.35,
  25.41,
  25.42,
  25.44,
  25.47,
  25.47,
  25.47,
  25.49,
  25.48,
  25.47,
  25.46,
  25.43,
  25.4,
  25.42,
  25.44,
  25.47,
  25.5,
  25.53,
  25.52,
  25.51,
  25.54,
  25.5,
  25.48,
  25.51,
  25.52,
  25.54,
  25.54,
  25.55,
  25.56,
  25.54,
  25.54,
  25.58,
  25.58,
  25.59,
  25.59,
  25.63
 ],
 "traj_orth": [
  89.69,
  86.14,
  81.08,
  74.5,
  66.72,
  58.39,
  50.22,
  42.68,
  35.95,
  30.17,
  25.55,
  22.09,
  19.77,
  18.48,
  17.97,
  18.05,
  18.52,
  19.11,
  19.8,
  20.45,
  21.08,
  21.62,
  22.16,
  22.63,
  22.99,
  23.36,
  23.64,
  23.88,
  24.06,
  24.16,
  24.3,
  24.4,
  24.48,
  24.6,
  24.69,
  24.79,
  24.85,
  24.9,
  24.95,
  24.98,
  25.03,
  25.1,
  25.12,
  25.12,
  25.12,
  25.16,
  25.15,
  25.15,
  25.15,
  25.17,
  25.22,
  25.27,
  25.27,
  25.34,
  25.34,
  25.34,
  25.32,
  25.31,
  25.33,
  25.33,
  25.34,
  25.4,
  25.43,
  25.5,
  25.56,
  25.64,
  25.65,
  25.65,
  25.65,
  25.66,
  25.67,
  25.68,
  25.66,
  25.65,
  25.65,
  25.64,
  25.64,
  25.67,
  25.68,
  25.67,
  25.67,
  25.67,
  25.66,
  25.64,
  25.67,
  25.62,
  25.6,
  25.62,
  25.63,
  25.65,
  25.68,
  25.68,
  25.68,
  25.67,
  25.68,
  25.74,
  25.76,
  25.77,
  25.75,
  25.75
 ]
}