{
 "theta_star": 26.130569803863793,
 "after_same_kick": 25.385485371090606,
 "after_orth_kick": 25.44124871963165,
 "traj_same": [
  3.77,
  8.68,
  12.05,
  14.48,
  16.43,
  17.95,
  19.15,
  20.12,
  20.93,
  21.54,
  22.04,
  22.46,
  22.81,
  23.09,
  23.3,
  23.47,
  23.59,
  23.69,
  23.75,
  23.85,
  23.94,
  24.01,
  24.14,
  24.23,
  24.3,
  24.38,
  24.41,
  24.45,
  24.51,
  24.5,
  24.56,
  24.61,
  24.66,
  24.71,
  24.73,
  24.77,
  24.79,
  24.83,
  24.85,
  24.85,
  24.87,
  24.88,
  24.91,
  24.94,
  24.95,
  25.03,
  25.11,
  25.19,
  25.27,
  25.27,
  25.28,
  25.25,
  25.3,
  25.31,
  25.33,
  25.37,
  25.44,
  25.47,
  25.46,
  25.42,
  25.42,
  25.42,
  25.38,
  25.44,
  25.49,
  25.53,
  25.51,
  25.51,
  25.49,
  25.49,
  25.45,
  25.4,
  25.36,
  25.37,
  25.28,
  25.25,
  25.21,
  25.22,
  25.25,
  25.24,
  25.28,
  25.28,
  25.3,
  25.28,
  25.25,
  25.23,
  25.19,
  25.22,
  25.28,
  25.3,
  25.32,
  25.37,
  25.39,
  25.42,
  25.35,
  25.34,
  25.36,
  25.4,
  25.44,
  25.48
 ],
 "traj_orth": [
  89.72,
  86.38,
  81.61,
  75.37,
  67.95,
  59.86,
  51.56,
  43.68,
  36.58,
  30.67,
  26.06,
  22.68,
  20.35,
  18.87,
  18.17,
  17.98,
  18.16,
  18.62,
  19.16,
  19.76,
  20.36,
  20.91,
  21.47,
  21.95,
  22.39,
  22.78,
  23.11,
  23.42,
  23.69,
  23.86,
  24.06,
  24.23,
  24.37,
  24.52,
  24.65,
  24.76,
  24.85,
  24.96,
  25.05,
  25.09,
  25.15,
  25.17,
  25.18,
  25.21,
  25.22,
  25.28,
  25.35,
  25.42,
  25.5,
  25.54,
  25.59,
  25.57,
  25.64,
  25.66,
  25.67,
  25.69,
  25.76,
  25.78,
  25.75,
  25.7,
  25.69,
  25.7,
  25.68,
  25.75,
  25.8,
  25.83,
  25.77,
  25.75,
  25.73,
  25.74,
  25.72,
  25.69,
  25.66,
  25.68,
  25.61,
  25.61,
  25.59,
  25.58,
  25.58,
  25.56,
  25.56,
  25.56,
  25.59,
  25.6,
  25.58,
  25.55,
  25.5,
  25.49,
  25.51,
  25.51,
  25.53,
  25.59,
  25.59,
  25.61,
  25.5,
  25.42,
  25.37,
  25.31,
  25.26,
  25.23
 ]
}