{
 "theta_star": 23.381228158607147,
 "after_same_kick": 21.633050724106166,
 "after_orth_kick": 21.72674532840862,
 "traj_same": [
  3.23,
  8.55,
  12.11,
  14.59,
  16.33,
  17.65,
  18.62,
  19.32,
  19.87,
  20.27,
  20.56,
  20.77,
  20.96,
  21.13,
  21.32,
  21.44,
  21.54,
  21.62,
  21.63,
  21.65,
  21.73,
  21.76,
  21.83,
  21.9,
  21.93,
  21.95,
  21.93,
  21.91,
  21.88,
  21.89,
  21.91,
  21.91,
  21.97,
  22.07,
  22.08,
  22.1,
  22.1,
  22.07,
  22.04,
  22.0,
  22.02,
  21.99,
  22.02,
  22.0,
  21.96,
  21.97,
  21.94,
  21.95,
  21.94,
  21.87,
  21.79,
  21.71,
  21.64,
  21.64,
  21.65,
  21.64,
  21.62,
  21.61,
  21.64,
  21.67,
  21.7,
  21.69,
  21.7,
  21.7,
  21.69,
  21.69,
  21.68,
  21.68,
  21.73,
  21.76,
  21.74,
  21.74,
  21.72,
  21.74,
  21.69,
  21.68,
  21.67,
  21.64,
  21.66,
  21.65,
  21.62,
  21.63,
  21.65,
  21.65,
  21.66,
  21.64,
  21.68,
  21.67,
  21.65,
  21.65,
  21.64,
  21.63,
  21.61,
  21.66,
  21.68,
  21.65,
  21.62,
  21.62,
  21.64,
  21.59
 ],
 "traj_orth": [
  89.7,
  85.77,
  79.39,
  70.51,
  60.21,
  49.81,
  40.4,
  32.46,
  26.26,
  21.86,
  19.12,
  17.64,
  17.12,
  17.23,
  17.69,
  18.28,
  18.91,
  19.49,
  19.89,
  20.24,
  20.62,
  20.87,
  21.15,
  21.39,
  21.6,
  21.76,
  21.85,
  21.9,
  21.93,
  21.98,
  22.03,
  22.04,
  22.11,
  22.21,
  22.25,
  22.32,
  22.37,
  22.34,
  22.31,
  22.31,
  22.31,
  22.27,
  22.28,
  22.26,
  22.24,
  22.25,
  22.2,
  22.19,
  22.14,
  22.04,
  21.94,
  21.88,
  21.81,
  21.77,
  21.75,
  21.73,
  21.69,
  21.65,
  21.66,
  21.65,
  21.66,
  21.66,
  21.69,
  21.69,
  21.69,
  21.69,
  21.67,
  21.65,
  21.67,
  21.68,
  21.64,
  21.65,
  21.67,
  21.71,
  21.69,
  21.71,
  21.71,
  21.69,
  21.71,
  21.71,
  21.7,
  21.72,
  21.75,
  21.74,
  21.73,
  21.7,
  21.72,
  21.71,
  21.71,
  21.71,
  21.71,
  21.71,
  21.72,
  21.76,
  21.77,
  21.74,
  21.72,
  21.72,
  21.73,
  21.68
 ]
}