{
 "theta_star": 7.012593713191969,
 "after_same_kick": 6.918830387127177,
 "after_orth_kick": 6.946141482581382,
 "traj_same": [
  1.64,
  5.58,
  6.55,
  6.84,
  6.93,
  6.97,
  6.98,
  6.99,
  6.98,
  6.97,
  6.98,
  6.95,
  6.95,
  6.98,
  6.96,
  6.97,
  6.97,
  6.99,
  6.98,
  6.96,
  6.94,
  6.95,
  6.95,
  6.95,
  6.95,
  6.94,
  6.94,
  6.94,
  6.96,
  6.94,
  6.95,
  6.95,
  6.93,
  6.95,
  6.95,
  6.94,
  6.96,
  6.95,
  6.95,
  6.94,
  6.94,
  6.93,
  6.93,
  6.92,
  6.91,
  6.92,
  6.93,
  6.94,
  6.94,
  6.94,
  6.96,
  6.96,
  6.97,
  6.97,
  6.95,
  6.93,
  6.93,
  6.93,
  6.92,
  6.92,
  6.93,
  6.92,
  6.94,
  6.92,
  6.92,
  6.92,
  6.94,
  6.93,
  6.93,
  6.93,
  6.92,
  6.91,
  6.91,
  6.92,
  6.93,
  6.9,
  6.92,
  6.92,
  6.91,
  6.93,
  6.94,
  6.93,
  6.93,
  6.95,
  6.95,
  6.91,
  6.91,
  6.93,
  6.93,
  6.91,
  6.91,
  6.91,
  6.91,
  6.9,
  6.92,
  6.91,
  6.91,
  6.92,
  6.94,
  6.95
 ],
 "traj_orth": [
  81.58,
  30.01,
  10.98,
  6.11,
  6.21,
  6.62,
  6.84,
  6.94,
  6.96,
  6.97,
  6.95,
  6.96,
  6.97,
  6.99,
  6.99,
  6.98,
  6.97,
  6.97,
  6.94,
  6.94,
  6.93,
  6.95,
  6.94,
  6.94,
  6.96,
  6.96,
  6.95,
  6.96,
  6.95,
  6.95,
  6.97,
  6.96,
  6.95,
  6.96,
  6.95,
  6.94,
  6.94,
  6.97,
  6.96,
  6.96,
  6.95,
  6.95,
  6.92,
  6.92,
  6.92,
  6.91,
  6.93,
  6.93,
  6.94,
  6.93,
  6.91,
  6.92,
  6.94,
  6.94,
  6.93,
  6.93,
  6.92,
  6.92,
  6.92,
  6.92,
  6.94,
  6.92,
  6.93,
  6.93,
  6.94,
  6.93,
  6.93,
  6.92,
  6.92,
  6.91,
  6.92,
  6.94,
  6.94,
  6.94,
  6.94,
  6.94,
  6.92,
  6.91,
  6.95,
  6.92,
  6.93,
  6.95,
  6.94,
  6.94,
  6.95,
  6.93,
  6.93,
  6.94,
  6.93,
  6.94,
  6.96,
  6.95,
  6.94,
  6.95,
  6.95,
  6.94,
  6.95,
  6.93,
  6.95,
  6.95
 ]
}