{
 "theta_star": 39.14718237846195,
 "after_same_kick": 34.07500831963054,
 "after_orth_kick": 34.17738206128857,
 "traj_same": [
  3.01,
  8.39,
  12.13,
  14.91,
  17.16,
  19.05,
  20.65,
  21.99,
  23.13,
  24.07,
  24.91,
  25.64,
  26.26,
  26.8,
  27.27,
  27.69,
  28.02,
  28.32,
  28.57,
  28.79,
  29.0,
  29.17,
  29.3,
  29.42,
  29.52,
  29.67,
  29.74,
  29.86,
  29.98,
  30.1,
  30.21,
  30.34,
  30.43,
  30.57,
  30.71,
  30.84,
  30.95,
  31.04,
  31.15,
  31.26,
  31.36,
  31.47,
  31.58,
  31.66,
  31.76,
  31.83,
  31.9,
  31.94,
  31.99,
  32.03,
  32.07,
  32.1,
  32.13,
  32.18,
  32.26,
  32.29,
  32.29,
  32.35,
  32.39,
  32.43,
  32.49,
  32.51,
  32.56,
  32.56,
  32.57,
  32.62,
  32.65,
  32.71,
  32.72,
  32.75,
  32.82,
  32.84,
  32.85,
  32.87,
  32.91,
  32.93,
  32.97,
  33.01,
  33.07,
  33.1,
  33.19,
  33.26,
  33.32,
  33.39,
  33.48,
  33.52,
  33.58,
  33.66,
  33.69,
  33.74,
  33.78,
  33.83,
  33.93,
  33.98,
  34.09,
  34.14,
  34.21,
  34.21,
  34.25,
  34.31
 ],
 "traj_orth": [
  89.72,
  86.56,
  82.53,
  77.63,
  72.03,
  65.99,
  59.79,
  53.65,
  47.91,
  42.65,
  37.87,
  33.65,
  30.05,
  27.11,
  24.79,
  23.13,
  22.09,
  21.5,
  21.32,
  21.48,
  21.86,
  22.35,
  22.89,
  23.47,
  24.04,
  24.65,
  25.2,
  25.74,
  26.27,
  26.76,
  27.21,
  27.61,
  27.93,
  28.3,
  28.64,
  28.97,
  29.24,
  29.47,
  29.71,
  29.95,
  30.16,
  30.36,
  30.58,
  30.76,
  30.97,
  31.13,
  31.24,
  31.32,
  31.44,
  31.54,
  31.64,
  31.72,
  31.8,
  31.91,
  32.03,
  32.1,
  32.14,
  32.25,
  32.31,
  32.36,
  32.43,
  32.46,
  32.52,
  32.56,
  32.6,
  32.67,
  32.72,
  32.81,
  32.85,
  32.91,
  33.02,
  33.08,
  33.13,
  33.18,
  33.24,
  33.29,
  33.36,
  33.44,
  33.52,
  33.56,
  33.67,
  33.71,
  33.73,
  33.78,
  33.84,
  33.85,
  33.92,
  33.97,
  34.01,
  34.05,
  34.08,
  34.09,
  34.13,
  34.12,
  34.2,
  34.23,
  34.27,
  34.24,
  34.21,
  34.21
 ]
}