{
 "theta_star": 21.04754799668784,
 "after_same_kick": 20.96073036948051,
 "after_orth_kick": 21.182961557067607,
 "traj_same": [
  3.29,
  8.48,
  11.9,
  14.18,
  15.81,
  16.96,
  17.84,
  18.5,
  18.92,
  19.27,
  19.53,
  19.74,
  19.88,
  20.04,
  20.18,
  20.25,
  20.28,
  20.32,
  20.36,
  20.4,
  20.47,
  20.49,
  20.51,
  20.53,
  20.55,
  20.53,
  20.54,
  20.55,
  20.55,
  20.57,
  20.58,
  20.6,
  20.61,
  20.6,
  20.62,
  20.58,
  20.58,
  20.59,
  20.6,
  20.6,
  20.6,
  20.59,
  20.59,
  20.59,
  20.57,
  20.6,
  20.64,
  20.64,
  20.66,
  20.66,
  20.67,
  20.65,
  20.67,
  20.69,
  20.72,
  20.73,
  20.73,
  20.7,
  20.69,
  20.68,
  20.68,
  20.71,
  20.74,
  20.74,
  20.78,
  20.79,
  20.81,
  20.8,
  20.79,
  20.8,
  20.84,
  20.83,
  20.86,
  20.91,
  20.93,
  20.91,
  20.91,
  20.9,
  20.86,
  20.79,
  20.76,
  20.76,
  20.79,
  20.82,
  20.84,
  20.84,
  20.89,
  20.91,
  20.9,
  20.94,
  20.92,
  20.91,
  20.93,
  20.93,
  20.93,
  20.94,
  20.96,
  20.98,
  21.04,
  21.07
 ],
 "traj_orth": [
  89.71,
  85.99,
  79.98,
  71.57,
  61.67,
  51.45,
  41.88,
  33.5,
  26.61,
  21.54,
  18.31,
  16.61,
  15.99,
  16.03,
  16.41,
  16.89,
  17.4,
  17.93,
  18.43,
  18.87,
  19.27,
  19.59,
  19.85,
  20.08,
  20.25,
  20.37,
  20.5,
  20.61,
  20.67,
  20.74,
  20.81,
  20.87,
  20.92,
  20.94,
  20.95,
  20.91,
  20.9,
  20.89,
  20.88,
  20.84,
  20.83,
  20.83,
  20.82,
  20.82,
  20.77,
  20.79,
  20.81,
  20.79,
  20.8,
  20.81,
  20.83,
  20.81,
  20.83,
  20.85,
  20.88,
  20.88,
  20.88,
  20.86,
  20.86,
  20.86,
  20.86,
  20.87,
  20.9,
  20.9,
  20.93,
  20.92,
  20.94,
  20.92,
  20.91,
  20.92,
  20.96,
  20.98,
  21.03,
  21.04,
  21.05,
  21.05,
  21.08,
  21.14,
  21.19,
  21.28,
  21.34,
  21.35,
  21.33,
  21.32,
  21.3,
  21.26,
  21.3,
  21.3,
  21.27,
  21.29,
  21.23,
  21.22,
  21.21,
  21.2,
  21.19,
  21.18,
  21.16,
  21.13,
  21.16,
  21.16
 ]
}