{
 "theta_star": 20.557480908527427,
 "after_same_kick": 21.072878175682188,
 "after_orth_kick": 20.731895408037555,
 "traj_same": [
  2.66,
  8.16,
  11.52,
  13.74,
  15.31,
  16.49,
  17.37,
  18.03,
  18.54,
  18.96,
  19.28,
  19.51,
  19.71,
  19.86,
  19.98,
  20.07,
  20.16,
  20.25,
  20.3,
  20.36,
  20.43,
  20.51,
  20.53,
  20.55,
  20.59,
  20.59,
  20.59,
  20.57,
  20.53,
  20.49,
  20.47,
  20.46,
  20.47,
  20.46,
  20.47,
  20.49,
  20.51,
  20.51,
  20.52,
  20.55,
  20.59,
  20.58,
  20.57,
  20.58,
  20.58,
  20.6,
  20.58,
  20.57,
  20.56,
  20.57,
  20.55,
  20.57,
  20.56,
  20.54,
  20.51,
  20.51,
  20.51,
  20.52,
  20.51,
  20.49,
  20.48,
  20.49,
  20.53,
  20.54,
  20.55,
  20.58,
  20.56,
  20.56,
  20.58,
  20.62,
  20.66,
  20.66,
  20.68,
  20.72,
  20.75,
  20.77,
  20.79,
  20.8,
  20.8,
  20.82,
  20.84,
  20.86,
  20.87,
  20.89,
  20.89,
  20.93,
  20.97,
  20.98,
  20.99,
  20.97,
  20.96,
  20.97,
  20.96,
  21.01,
  21.05,
  21.13,
  21.16,
  21.17,
  21.16,
  21.17
 ],
 "traj_orth": [
  89.73,
  86.14,
  80.31,
  72.21,
  62.42,
  52.0,
  42.07,
  33.46,
  26.69,
  21.7,
  18.4,
  16.38,
  15.51,
  15.41,
  15.73,
  16.26,
  16.85,
  17.43,
  17.96,
  18.42,
  18.79,
  19.14,
  19.4,
  19.63,
  19.83,
  19.95,
  20.05,
  20.13,
  20.19,
  20.25,
  20.31,
  20.37,
  20.45,
  20.5,
  20.54,
  20.57,
  20.58,
  20.57,
  20.56,
  20.56,
  20.58,
  20.57,
  20.56,
  20.58,
  20.58,
  20.6,
  20.58,
  20.56,
  20.53,
  20.51,
  20.46,
  20.47,
  20.48,
  20.51,
  20.51,
  20.53,
  20.54,
  20.56,
  20.56,
  20.55,
  20.56,
  20.57,
  20.6,
  20.6,
  20.61,
  20.65,
  20.65,
  20.63,
  20.62,
  20.62,
  20.63,
  20.62,
  20.64,
  20.67,
  20.7,
  20.71,
  20.73,
  20.72,
  20.71,
  20.7,
  20.7,
  20.72,
  20.71,
  20.74,
  20.73,
  20.76,
  20.8,
  20.79,
  20.79,
  20.77,
  20.76,
  20.75,
  20.71,
  20.71,
  20.7,
  20.74,
  20.74,
  20.74,
  20.73,
  20.74
 ]
}