{
 "theta_star": 26.64063624495973,
 "after_same_kick": 24.533701877641484,
 "after_orth_kick": 24.852807678594445,
 "traj_same": [
  3.32,
  8.53,
  12.15,
  14.72,
  16.69,
  18.23,
  19.47,
  20.46,
  21.25,
  21.92,
  22.45,
  22.86,
  23.17,
  23.45,
  23.67,
  23.84,
  23.97,
  24.1,
  24.21,
  24.29,
  24.38,
  24.39,
  24.41,
  24.43,
  24.46,
  24.45,
  24.46,
  24.48,
  24.47,
  24.49,
  24.5,
  24.49,
  24.5,
  24.5,
  24.53,
  24.51,
  24.55,
  24.56,
  24.55,
  24.53,
  24.53,
  24.52,
  24.51,
  24.52,
  24.51,
  24.55,
  24.57,
  24.56,
  24.6,
  24.6,
  24.61,
  24.58,
  24.6,
  24.6,
  24.61,
  24.62,
  24.64,
  24.61,
  24.6,
  24.58,
  24.57,
  24.6,
  24.62,
  24.6,
  24.63,
  24.61,
  24.62,
  24.6,
  24.59,
  24.6,
  24.63,
  24.6,
  24.59,
  24.58,
  24.55,
  24.54,
  24.55,
  24.58,
  24.58,
  24.59,
  24.55,
  24.54,
  24.54,
  24.54,
  24.53,
  24.52,
  24.54,
  24.57,
  24.54,
  24.58,
  24.55,
  24.55,
  24.58,
  24.54,
  24.53,
  24.51,
  24.54,
  24.5,
  24.52,
  24.52
 ],
 "traj_orth": [
  89.71,
  86.27,
  81.38,
  75.03,
  67.59,
  59.63,
  51.68,
  44.17,
  37.38,
  31.52,
  26.79,
  23.16,
  20.7,
  19.34,
  18.76,
  18.71,
  18.96,
  19.41,
  19.92,
  20.42,
  20.9,
  21.36,
  21.84,
  22.25,
  22.6,
  22.93,
  23.17,
  23.44,
  23.64,
  23.8,
  23.92,
  24.06,
  24.16,
  24.22,
  24.29,
  24.36,
  24.41,
  24.46,
  24.49,
  24.51,
  24.54,
  24.59,
  24.63,
  24.66,
  24.69,
  24.72,
  24.77,
  24.81,
  24.82,
  24.79,
  24.81,
  24.8,
  24.82,
  24.84,
  24.82,
  24.81,
  24.85,
  24.86,
  24.87,
  24.88,
  24.85,
  24.84,
  24.83,
  24.81,
  24.84,
  24.88,
  24.91,
  24.89,
  24.87,
  24.87,
  24.86,
  24.87,
  24.92,
  24.92,
  24.88,
  24.9,
  24.9,
  24.93,
  24.93,
  24.93,
  25.0,
  24.98,
  24.97,
  24.96,
  24.99,
  24.99,
  25.0,
  25.03,
  25.06,
  25.09,
  25.07,
  25.05,
  24.98,
  24.98,
  24.91,
  24.83,
  24.78,
  24.69,
  24.64,
  24.6
 ]
}