{
 "theta_star": 39.43522909862263,
 "after_same_kick": 33.600963251407265,
 "after_orth_kick": 33.5786039224502,
 "traj_same": [
  2.95,
  8.35,
  12.04,
  14.79,
  17.04,
  18.98,
  20.61,
  21.96,
  23.11,
  24.11,
  24.96,
  25.7,
  26.37,
  26.95,
  27.46,
  27.89,
  28.31,
  28.67,
  28.97,
  29.26,
  29.53,
  29.76,
  29.91,
  30.11,
  30.33,
  30.5,
  30.64,
  30.78,
  30.9,
  31.03,
  31.11,
  31.18,
  31.27,
  31.34,
  31.43,
  31.52,
  31.59,
  31.65,
  31.71,
  31.79,
  31.87,
  31.96,
  32.04,
  32.1,
  32.18,
  32.22,
  32.23,
  32.29,
  32.35,
  32.4,
  32.43,
  32.5,
  32.55,
  32.63,
  32.66,
  32.71,
  32.73,
  32.8,
  32.86,
  32.9,
  32.99,
  33.04,
  33.05,
  33.03,
  33.02,
  33.04,
  33.05,
  33.09,
  33.14,
  33.17,
  33.23,
  33.25,
  33.26,
  33.32,
  33.36,
  33.39,
  33.4,
  33.4,
  33.44,
  33.49,
  33.53,
  33.56,
  33.53,
  33.55,
  33.52,
  33.55,
  33.56,
  33.56,
  33.59,
  33.56,
  33.56,
  33.55,
  33.53,
  33.56,
  33.58,
  33.65,
  33.65,
  33.64,
  33.63,
  33.65
 ],
 "traj_orth": [
  89.73,
  86.59,
  82.57,
  77.74,
  72.23,
  66.24,
  60.04,
  53.83,
  47.9,
  42.31,
  37.36,
  32.97,
  29.3,
  26.35,
  24.13,
  22.53,
  21.52,
  21.01,
  20.89,
  21.1,
  21.53,
  22.13,
  22.74,
  23.45,
  24.18,
  24.85,
  25.48,
  26.08,
  26.62,
  27.13,
  27.58,
  28.01,
  28.4,
  28.74,
  29.06,
  29.35,
  29.6,
  29.83,
  30.06,
  30.29,
  30.5,
  30.67,
  30.83,
  30.98,
  31.16,
  31.31,
  31.41,
  31.54,
  31.64,
  31.71,
  31.77,
  31.87,
  31.98,
  32.09,
  32.12,
  32.15,
  32.19,
  32.26,
  32.33,
  32.37,
  32.46,
  32.54,
  32.58,
  32.61,
  32.65,
  32.7,
  32.73,
  32.79,
  32.88,
  32.96,
  33.06,
  33.12,
  33.16,
  33.22,
  33.27,
  33.31,
  33.34,
  33.37,
  33.41,
  33.46,
  33.49,
  33.52,
  33.48,
  33.47,
  33.42,
  33.44,
  33.46,
  33.46,
  33.52,
  33.51,
  33.53,
  33.53,
  33.53,
  33.55,
  33.57,
  33.63,
  33.63,
  33.6,
  33.6,
  33.63
 ]
}