{
 "theta_star": 38.20098437089935,
 "after_same_kick": 33.44597840248929,
 "after_orth_kick": 32.94086375196092,
 "traj_same": [
  3.97,
  8.76,
  12.2,
  14.78,
  16.99,
  18.84,
  20.44,
  21.85,
  22.99,
  24.04,
  24.93,
  25.71,
  26.4,
  27.0,
  27.43,
  27.82,
  28.28,
  28.57,
  28.88,
  29.14,
  29.41,
  29.66,
  29.85,
  30.05,
  30.23,
  30.39,
  30.52,
  30.68,
  30.93,
  31.05,
  31.21,
  31.33,
  31.44,
  31.53,
  31.6,
  31.66,
  31.71,
  31.82,
  31.87,
  31.93,
  31.93,
  32.04,
  32.08,
  32.19,
  32.19,
  32.21,
  32.25,
  32.26,
  32.26,
  32.26,
  32.27,
  32.28,
  32.33,
  32.34,
  32.38,
  32.4,
  32.4,
  32.43,
  32.4,
  32.42,
  32.53,
  32.57,
  32.59,
  32.65,
  32.7,
  32.68,
  32.73,
  32.74,
  32.79,
  32.78,
  32.77,
  32.84,
  32.88,
  32.94,
  32.91,
  32.86,
  32.89,
  32.89,
  32.99,
  33.02,
  33.04,
  33.07,
  33.16,
  33.19,
  33.21,
  33.23,
  33.27,
  33.26,
  33.3,
  33.34,
  33.32,
  33.36,
  33.38,
  33.41,
  33.42,
  33.42,
  33.47,
  33.58,
  33.56,
  33.54
 ],
 "traj_orth": [
  89.74,
  86.73,
  82.87,
  78.22,
  72.83,
  67.02,
  61.03,
  55.1,
  49.39,
  44.06,
  39.21,
  34.93,
  31.23,
  28.17,
  25.75,
  23.94,
  22.85,
  22.23,
  22.01,
  22.14,
  22.5,
  22.98,
  23.51,
  24.14,
  24.74,
  25.34,
  25.88,
  26.41,
  27.01,
  27.43,
  27.86,
  28.2,
  28.56,
  28.89,
  29.24,
  29.5,
  29.74,
  29.98,
  30.12,
  30.29,
  30.39,
  30.55,
  30.64,
  30.79,
  30.85,
  30.94,
  31.03,
  31.12,
  31.2,
  31.26,
  31.35,
  31.43,
  31.52,
  31.57,
  31.63,
  31.68,
  31.69,
  31.74,
  31.73,
  31.78,
  31.9,
  31.95,
  31.98,
  32.05,
  32.11,
  32.07,
  32.13,
  32.14,
  32.2,
  32.19,
  32.18,
  32.25,
  32.31,
  32.41,
  32.43,
  32.4,
  32.44,
  32.45,
  32.54,
  32.56,
  32.59,
  32.63,
  32.72,
  32.76,
  32.8,
  32.83,
  32.86,
  32.83,
  32.82,
  32.86,
  32.84,
  32.87,
  32.89,
  32.91,
  32.91,
  32.91,
  32.96,
  33.06,
  33.04,
  33.03
 ]
}