{
 "theta_star": 75.69901884251925,
 "after_same_kick": 10.363776601423137,
 "after_orth_kick": 10.094408896768659,
 "traj_same": [
  3.06,
  6.4,
  7.89,
  8.61,
  9.06,
  9.33,
  9.48,
  9.57,
  9.61,
  9.67,
  9.71,
  9.78,
  9.86,
  9.91,
  9.86,
  9.85,
  9.9,
  9.94,
  10.0,
  10.09,
  10.17,
  10.2,
  10.18,
  10.2,
  10.22,
  10.29,
  10.35,
  10.45,
  10.53,
  10.51,
  10.45,
  10.35,
  10.34,
  10.36,
  10.4,
  10.48,
  10.5,
  10.53,
  10.56,
  10.55,
  10.59,
  10.65,
  10.69,
  10.79,
  10.82,
  10.76,
  10.76,
  10.79,
  10.78,
  10.77,
  10.84,
  10.87,
  10.87,
  10.82,
  10.77,
  10.76,
  10.75,
  10.82,
  10.85,
  10.91,
  10.91,
  10.89,
  10.83,
  10.78,
  10.73,
  10.7,
  10.73,
  10.77,
  10.78,
  10.71,
  10.72,
  10.74,
  10.76,
  10.75,
  10.71,
  10.64,
  10.58,
  10.55,
  10.52,
  10.46,
  10.46,
  10.46,
  10.48,
  10.47,
  10.49,
  10.46,
  10.43,
  10.39,
  10.38,
  10.38,
  10.37,
  10.4,
  10.39,
  10.35,
  10.3,
  10.28,
  10.31,
  10.35,
  10.41,
  10.46
 ],
 "traj_orth": [
  89.73,
  86.63,
  82.54,
  77.28,
  70.71,
  63.12,
  55.01,
  46.97,
  39.49,
  32.82,
  27.08,
  22.39,
  18.79,
  16.21,
  14.51,
  13.52,
  13.05,
  12.73,
  12.55,
  12.45,
  12.39,
  12.31,
  12.2,
  12.12,
  12.12,
  12.14,
  12.06,
  11.98,
  11.9,
  11.78,
  11.68,
  11.57,
  11.49,
  11.41,
  11.35,
  11.33,
  11.27,
  11.25,
  11.24,
  11.18,
  11.17,
  11.16,
  11.13,
  11.23,
  11.27,
  11.26,
  11.28,
  11.28,
  11.26,
  11.23,
  11.28,
  11.29,
  11.27,
  11.24,
  11.24,
  11.24,
  11.2,
  11.14,
  11.05,
  10.98,
  10.93,
  10.87,
  10.79,
  10.71,
  10.62,
  10.49,
  10.4,
  10.37,
  10.35,
  10.28,
  10.23,
  10.21,
  10.24,
  10.22,
  10.18,
  10.14,
  10.14,
  10.13,
  10.12,
  10.1,
  10.15,
  10.18,
  10.2,
  10.17,
  10.17,
  10.13,
  10.1,
  10.03,
  10.04,
  10.06,
  10.07,
  10.12,
  10.12,
  10.12,
  10.08,
  10.07,
  10.08,
  10.09,
  10.11,
  10.09
 ]
}