{
 "theta_star": 21.20825519565486,
 "after_same_kick": 20.458401495131103,
 "after_orth_kick": 20.45823719063593,
 "traj_same": [
  2.73,
  8.13,
  11.53,
  13.83,
  15.47,
  16.68,
  17.59,
  18.26,
  18.77,
  19.17,
  19.47,
  19.72,
  19.91,
  20.02,
  20.13,
  20.21,
  20.28,
  20.31,
  20.33,
  20.36,
  20.38,
  20.39,
  20.38,
  20.35,
  20.35,
  20.32,
  20.32,
  20.34,
  20.36,
  20.36,
  20.37,
  20.36,
  20.36,
  20.36,
  20.36,
  20.35,
  20.36,
  20.37,
  20.36,
  20.35,
  20.32,
  20.32,
  20.32,
  20.31,
  20.33,
  20.33,
  20.33,
  20.33,
  20.37,
  20.36,
  20.36,
  20.35,
  20.34,
  20.35,
  20.35,
  20.36,
  20.39,
  20.41,
  20.4,
  20.39,
  20.38,
  20.4,
  20.38,
  20.37,
  20.37,
  20.34,
  20.35,
  20.38,
  20.38,
  20.39,
  20.4,
  20.41,
  20.42,
  20.45,
  20.47,
  20.49,
  20.49,
  20.52,
  20.53,
  20.53,
  20.54,
  20.54,
  20.55,
  20.53,
  20.52,
  20.51,
  20.54,
  20.54,
  20.53,
  20.55,
  20.57,
  20.58,
  20.54,
  20.54,
  20.45,
  20.42,
  20.39,
  20.35,
  20.36,
  20.38
 ],
 "traj_orth": [
  89.71,
  86.06,
  80.16,
  71.81,
  61.78,
  51.34,
  41.63,
  33.28,
  26.63,
  21.82,
  18.68,
  16.96,
  16.26,
  16.15,
  16.41,
  16.82,
  17.33,
  17.84,
  18.32,
  18.74,
  19.1,
  19.42,
  19.66,
  19.83,
  19.97,
  20.06,
  20.16,
  20.28,
  20.34,
  20.36,
  20.36,
  20.29,
  20.26,
  20.26,
  20.25,
  20.24,
  20.27,
  20.28,
  20.28,
  20.28,
  20.26,
  20.28,
  20.28,
  20.28,
  20.29,
  20.29,
  20.3,
  20.31,
  20.35,
  20.34,
  20.35,
  20.35,
  20.34,
  20.35,
  20.34,
  20.34,
  20.37,
  20.39,
  20.38,
  20.35,
  20.33,
  20.35,
  20.36,
  20.38,
  20.39,
  20.37,
  20.39,
  20.42,
  20.43,
  20.45,
  20.48,
  20.51,
  20.52,
  20.54,
  20.53,
  20.5,
  20.47,
  20.45,
  20.44,
  20.42,
  20.43,
  20.43,
  20.43,
  20.43,
  20.44,
  20.45,
  20.49,
  20.5,
  20.5,
  20.51,
  20.49,
  20.48,
  20.46,
  20.49,
  20.45,
  20.45,
  20.46,
  20.44,
  20.44,
  20.42
 ]
}