{
 "theta_star": 28.781807623573656,
 "after_same_kick": 25.406724343857956,
 "after_orth_kick": 25.3875302636771,
 "traj_same": [
  3.27,
  8.57,
  12.28,
  15.0,
  17.07,
  18.75,
  20.04,
  21.04,
  21.85,
  22.51,
  23.05,
  23.48,
  23.83,
  24.09,
  24.36,
  24.53,
  24.68,
  24.81,
  24.89,
  24.99,
  25.12,
  25.16,
  25.23,
  25.28,
  25.31,
  25.36,
  25.36,
  25.39,
  25.4,
  25.42,
  25.41,
  25.38,
  25.41,
  25.45,
  25.42,
  25.42,
  25.43,
  25.43,
  25.42,
  25.43,
  25.47,
  25.47,
  25.51,
  25.5,
  25.49,
  25.5,
  25.46,
  25.47,
  25.46,
  25.43,
  25.41,
  25.4,
  25.39,
  25.4,
  25.42,
  25.41,
  25.41,
  25.4,
  25.41,
  25.44,
  25.46,
  25.47,
  25.5,
  25.53,
  25.54,
  25.58,
  25.6,
  25.6,
  25.61,
  25.63,
  25.59,
  25.62,
  25.63,
  25.67,
  25.66,
  25.68,
  25.66,
  25.61,
  25.62,
  25.59,
  25.55,
  25.54,
  25.58,
  25.6,
  25.59,
  25.57,
  25.58,
  25.56,
  25.54,
  25.5,
  25.46,
  25.4,
  25.37,
  25.38,
  25.4,
  25.39,
  25.4,
  25.41,
  25.44,
  25.4
 ],
 "traj_orth": [
  89.7,
  86.07,
  80.89,
  74.19,
  66.4,
  58.15,
  50.13,
  42.7,
  36.13,
  30.58,
  26.19,
  22.95,
  20.79,
  19.55,
  19.09,
  19.06,
  19.41,
  19.92,
  20.51,
  21.14,
  21.8,
  22.33,
  22.81,
  23.26,
  23.65,
  23.98,
  24.23,
  24.46,
  24.64,
  24.8,
  24.91,
  24.98,
  25.09,
  25.2,
  25.24,
  25.32,
  25.39,
  25.44,
  25.45,
  25.48,
  25.49,
  25.47,
  25.5,
  25.48,
  25.5,
  25.55,
  25.53,
  25.55,
  25.53,
  25.49,
  25.47,
  25.49,
  25.49,
  25.55,
  25.57,
  25.58,
  25.58,
  25.57,
  25.59,
  25.61,
  25.66,
  25.67,
  25.71,
  25.76,
  25.78,
  25.8,
  25.81,
  25.8,
  25.82,
  25.83,
  25.79,
  25.79,
  25.77,
  25.78,
  25.73,
  25.72,
  25.7,
  25.66,
  25.69,
  25.67,
  25.61,
  25.59,
  25.6,
  25.58,
  25.54,
  25.47,
  25.46,
  25.41,
  25.39,
  25.38,
  25.37,
  25.35,
  25.35,
  25.37,
  25.4,
  25.38,
  25.39,
  25.4,
  25.45,
  25.41
 ]
}