{
 "theta_star": 28.35794991556052,
 "after_same_kick": 25.914255335386315,
 "after_orth_kick": 26.41667295043706,
 "traj_same": [
  3.28,
  8.56,
  12.26,
  14.95,
  17.04,
  18.66,
  19.99,
  21.04,
  21.87,
  22.56,
  23.12,
  23.55,
  23.92,
  24.25,
  24.49,
  24.7,
  24.89,
  25.08,
  25.2,
  25.3,
  25.36,
  25.45,
  25.54,
  25.61,
  25.68,
  25.69,
  25.69,
  25.69,
  25.73,
  25.72,
  25.73,
  25.75,
  25.75,
  25.75,
  25.76,
  25.75,
  25.74,
  25.75,
  25.8,
  25.78,
  25.77,
  25.77,
  25.78,
  25.74,
  25.73,
  25.71,
  25.72,
  25.75,
  25.78,
  25.78,
  25.82,
  25.82,
  25.84,
  25.84,
  25.82,
  25.82,
  25.81,
  25.82,
  25.82,
  25.83,
  25.87,
  25.9,
  25.93,
  25.93,
  25.98,
  26.0,
  26.02,
  25.95,
  25.88,
  25.87,
  25.85,
  25.86,
  25.87,
  25.91,
  25.94,
  25.88,
  25.89,
  25.87,
  25.85,
  25.89,
  25.93,
  25.97,
  26.0,
  26.03,
  26.03,
  26.02,
  26.01,
  26.0,
  25.99,
  25.99,
  25.94,
  25.94,
  25.91,
  25.89,
  25.89,
  25.86,
  25.9,
  25.9,
  25.93,
  25.99
 ],
 "traj_orth": [
  89.68,
  85.99,
  80.73,
  73.97,
  66.01,
  57.53,
  49.18,
  41.48,
  34.76,
  29.25,
  24.99,
  21.9,
  19.88,
  18.78,
  18.47,
  18.71,
  19.26,
  19.98,
  20.72,
  21.45,
  22.12,
  22.74,
  23.24,
  23.7,
  24.14,
  24.51,
  24.78,
  25.0,
  25.17,
  25.35,
  25.52,
  25.64,
  25.73,
  25.8,
  25.83,
  25.84,
  25.83,
  25.9,
  25.9,
  25.94,
  25.95,
  25.96,
  25.99,
  26.02,
  26.06,
  26.05,
  26.06,
  26.05,
  26.06,
  26.04,
  26.05,
  26.08,
  26.13,
  26.13,
  26.15,
  26.18,
  26.2,
  26.22,
  26.25,
  26.27,
  26.29,
  26.27,
  26.27,
  26.25,
  26.26,
  26.26,
  26.25,
  26.21,
  26.2,
  26.15,
  26.17,
  26.22,
  26.23,
  26.2,
  26.19,
  26.19,
  26.18,
  26.17,
  26.18,
  26.16,
  26.2,
  26.26,
  26.26,
  26.28,
  26.31,
  26.32,
  26.31,
  26.32,
  26.33,
  26.35,
  26.39,
  26.4,
  26.4,
  26.38,
  26.39,
  26.38,
  26.39,
  26.42,
  26.47,
  26.53
 ]
}