{
 "theta_star": 26.654154088835263,
 "after_same_kick": 25.491240379240754,
 "after_orth_kick": 25.491741452504055,
 "traj_same": [
  2.94,
  8.31,
  11.8,
  14.27,
  16.21,
  17.75,
  18.95,
  19.9,
  20.68,
  21.3,
  21.81,
  22.24,
  22.61,
  22.92,
  23.16,
  23.34,
  23.5,
  23.65,
  23.78,
  23.89,
  24.0,
  24.08,
  24.18,
  24.25,
  24.29,
  24.33,
  24.34,
  24.38,
  24.46,
  24.5,
  24.56,
  24.6,
  24.65,
  24.69,
  24.72,
  24.76,
  24.8,
  24.86,
  24.9,
  24.93,
  24.97,
  25.0,
  25.02,
  25.04,
  25.06,
  25.09,
  25.12,
  25.12,
  25.11,
  25.1,
  25.11,
  25.09,
  25.1,
  25.08,
  25.07,
  25.09,
  25.12,
  25.13,
  25.13,
  25.11,
  25.09,
  25.08,
  25.05,
  25.07,
  25.11,
  25.15,
  25.15,
  25.17,
  25.17,
  25.17,
  25.15,
  25.14,
  25.14,
  25.14,
  25.12,
  25.14,
  25.16,
  25.19,
  25.22,
  25.25,
  25.31,
  25.32,
  25.32,
  25.29,
  25.26,
  25.25,
  25.24,
  25.29,
  25.34,
  25.38,
  25.4,
  25.44,
  25.45,
  25.48,
  25.46,
  25.48,
  25.51,
  25.55,
  25.55,
  25.59
 ],
 "traj_orth": [
  89.72,
  86.37,
  81.59,
  75.37,
  67.98,
  59.9,
  51.63,
  43.77,
  36.7,
  30.77,
  26.09,
  22.58,
  20.13,
  18.65,
  17.97,
  17.78,
  17.96,
  18.43,
  19.01,
  19.64,
  20.26,
  20.84,
  21.41,
  21.93,
  22.34,
  22.72,
  23.03,
  23.33,
  23.6,
  23.8,
  24.01,
  24.18,
  24.35,
  24.5,
  24.6,
  24.69,
  24.78,
  24.9,
  24.99,
  25.05,
  25.13,
  25.19,
  25.23,
  25.26,
  25.28,
  25.32,
  25.36,
  25.38,
  25.37,
  25.38,
  25.41,
  25.42,
  25.47,
  25.47,
  25.48,
  25.47,
  25.51,
  25.52,
  25.52,
  25.52,
  25.51,
  25.5,
  25.49,
  25.52,
  25.55,
  25.56,
  25.52,
  25.5,
  25.48,
  25.48,
  25.48,
  25.48,
  25.48,
  25.49,
  25.47,
  25.53,
  25.55,
  25.58,
  25.58,
  25.58,
  25.62,
  25.62,
  25.64,
  25.65,
  25.67,
  25.67,
  25.64,
  25.6,
  25.56,
  25.52,
  25.49,
  25.5,
  25.49,
  25.52,
  25.48,
  25.47,
  25.47,
  25.48,
  25.49,
  25.52
 ]
}