{
 "theta_star": 21.04754799668784,
 "after_same_kick": 20.96073036948051,
 "after_orth_kick": 21.096170963078457,
 "traj_same": [
  3.29,
  8.48,
  11.9,
  14.18,
  15.81,
  16.96,
  17.84,
  18.5,
  18.92,
  19.27,
  19.53,
  19.74,
  19.88,
  20.04,
  20.18,
  20.25,
  20.28,
  20.32,
  20.36,
  20.4,
  20.47,
  20.49,
  20.51,
  20.53,
  20.55,
  20.53,
  20.54,
  20.55,
  20.55,
  20.57,
  20.58,
  20.6,
  20.61,
  20.6,
  20.62,
  20.58,
  20.58,
  20.59,
  20.6,
  20.6,
  20.6,
  20.59,
  20.59,
  20.59,
  20.57,
  20.6,
  20.64,
  20.64,
  20.66,
  20.66,
  20.67,
  20.65,
  20.67,
  20.69,
  20.72,
  20.73,
  20.73,
  20.7,
  20.69,
  20.68,
  20.68,
  20.71,
  20.74,
  20.74,
  20.78,
  20.79,
  20.81,
  20.8,
  20.79,
  20.8,
  20.84,
  20.83,
  20.86,
  20.91,
  20.93,
  20.91,
  20.91,
  20.9,
  20.86,
  20.79,
  20.76,
  20.76,
  20.79,
  20.82,
  20.84,
  20.84,
  20.89,
  20.91,
  20.9,
  20.94,
  20.92,
  20.91,
  20.93,
  20.93,
  20.93,
  20.94,
  20.96,
  20.98,
  21.04,
  21.07
 ],
 "traj_orth": [
  89.71,
  86.02,
  80.01,
  71.6,
  61.65,
  51.37,
  41.72,
  33.32,
  26.46,
  21.43,
  18.25,
  16.56,
  15.91,
  15.97,
  16.34,
  16.88,
  17.45,
  18.0,
  18.51,
  18.95,
  19.31,
  19.61,
  19.9,
  20.11,
  20.28,
  20.44,
  20.52,
  20.63,
  20.7,
  20.75,
  20.79,
  20.85,
  20.89,
  20.9,
  20.89,
  20.87,
  20.86,
  20.85,
  20.82,
  20.8,
  20.77,
  20.79,
  20.82,
  20.81,
  20.8,
  20.76,
  20.78,
  20.78,
  20.79,
  20.78,
  20.83,
  20.83,
  20.85,
  20.85,
  20.83,
  20.83,
  20.88,
  20.89,
  20.9,
  20.91,
  20.92,
  20.93,
  20.95,
  20.92,
  20.95,
  20.99,
  21.02,
  21.02,
  20.98,
  20.98,
  21.0,
  21.05,
  21.12,
  21.19,
  21.23,
  21.28,
  21.3,
  21.32,
  21.31,
  21.34,
  21.43,
  21.4,
  21.37,
  21.3,
  21.26,
  21.24,
  21.22,
  21.21,
  21.19,
  21.2,
  21.17,
  21.16,
  21.13,
  21.15,
  21.11,
  21.09,
  21.08,
  21.04,
  21.03,
  21.01
 ]
}