{
 "theta_star": 38.051925359302174,
 "after_same_kick": 6.962197627315791,
 "after_orth_kick": 7.32827681931982,
 "traj_same": [
  2.21,
  5.55,
  6.45,
  6.74,
  6.87,
  6.91,
  6.93,
  6.95,
  6.92,
  6.95,
  6.95,
  6.96,
  6.96,
  6.96,
  6.94,
  6.92,
  6.95,
  6.94,
  6.95,
  6.95,
  6.97,
  6.98,
  6.95,
  6.98,
  6.97,
  6.96,
  6.94,
  6.94,
  6.97,
  6.96,
  6.99,
  6.98,
  7.0,
  6.98,
  6.99,
  6.99,
  6.95,
  6.98,
  6.99,
  6.96,
  6.97,
  7.01,
  6.98,
  6.98,
  6.98,
  6.97,
  6.96,
  6.99,
  6.99,
  6.97,
  6.97,
  6.98,
  6.95,
  6.95,
  6.95,
  6.95,
  6.96,
  6.98,
  6.97,
  6.96,
  6.97,
  6.95,
  6.92,
  6.93,
  6.95,
  6.93,
  6.93,
  6.97,
  6.99,
  6.95,
  6.93,
  6.95,
  6.97,
  6.97,
  6.95,
  6.94,
  6.94,
  6.94,
  6.95,
  6.94,
  6.96,
  6.97,
  6.99,
  6.96,
  6.96,
  6.96,
  6.95,
  6.94,
  6.97,
  6.96,
  6.95,
  6.99,
  6.96,
  6.98,
  6.95,
  6.94,
  6.95,
  6.96,
  6.99,
  6.96
 ],
 "traj_orth": [
  89.74,
  86.54,
  81.71,
  74.79,
  65.57,
  54.85,
  43.84,
  33.71,
  25.09,
  18.36,
  13.51,
  10.49,
  9.13,
  8.64,
  8.37,
  8.21,
  8.19,
  8.12,
  8.11,
  8.1,
  8.12,
  8.04,
  7.91,
  7.81,
  7.76,
  7.72,
  7.66,
  7.62,
  7.59,
  7.52,
  7.51,
  7.49,
  7.51,
  7.48,
  7.49,
  7.49,
  7.44,
  7.48,
  7.47,
  7.45,
  7.46,
  7.47,
  7.43,
  7.4,
  7.4,
  7.39,
  7.41,
  7.46,
  7.48,
  7.45,
  7.43,
  7.4,
  7.36,
  7.32,
  7.3,
  7.32,
  7.33,
  7.35,
  7.36,
  7.37,
  7.39,
  7.36,
  7.31,
  7.31,
  7.33,
  7.3,
  7.29,
  7.34,
  7.38,
  7.35,
  7.32,
  7.33,
  7.32,
  7.33,
  7.34,
  7.33,
  7.34,
  7.32,
  7.3,
  7.28,
  7.3,
  7.33,
  7.38,
  7.36,
  7.36,
  7.32,
  7.29,
  7.24,
  7.28,
  7.3,
  7.33,
  7.39,
  7.35,
  7.34,
  7.28,
  7.28,
  7.3,
  7.32,
  7.35,
  7.34
 ]
}