{
 "theta_star": 91.56117146252929,
 "after_same_kick": 16.635404418279002,
 "after_orth_kick": 16.944707332571973,
 "traj_same": [
  3.36,
  7.18,
  9.39,
  10.73,
  11.62,
  12.24,
  12.7,
  13.06,
  13.32,
  13.56,
  13.74,
  13.8,
  13.84,
  13.91,
  14.02,
  14.1,
  14.16,
  14.17,
  14.21,
  14.24,
  14.33,
  14.37,
  14.47,
  14.56,
  14.66,
  14.72,
  14.79,
  14.86,
  14.93,
  15.01,
  15.07,
  15.09,
  15.13,
  15.14,
  15.24,
  15.26,
  15.33,
  15.36,
  15.42,
  15.46,
  15.52,
  15.58,
  15.62,
  15.67,
  15.73,
  15.81,
  15.9,
  15.93,
  15.97,
  16.0,
  16.03,
  16.06,
  16.12,
  16.14,
  16.19,
  16.23,
  16.31,
  16.38,
  16.47,
  16.49,
  16.48,
  16.53,
  16.55,
  16.52,
  16.54,
  16.54,
  16.64,
  16.64,
  16.7,
  16.67,
  16.67,
  16.63,
  16.64,
  16.63,
  16.6,
  16.56,
  16.61,
  16.65,
  16.7,
  16.69,
  16.68,
  16.69,
  16.73,
  16.76,
  16.78,
  16.77,
  16.78,
  16.79,
  16.76,
  16.79,
  16.75,
  16.72,
  16.74,
  16.69,
  16.68,
  16.63,
  16.61,
  16.55,
  16.5,
  16.49
 ],
 "traj_orth": [
  89.7,
  86.46,
  82.6,
  78.01,
  72.7,
  66.69,
  60.25,
  53.67,
  47.12,
  40.84,
  35.15,
  30.11,
  25.91,
  22.6,
  20.14,
  18.49,
  17.52,
  16.94,
  16.68,
  16.55,
  16.53,
  16.55,
  16.61,
  16.66,
  16.72,
  16.71,
  16.71,
  16.74,
  16.81,
  16.89,
  16.95,
  16.96,
  17.0,
  17.0,
  17.06,
  17.0,
  17.02,
  16.97,
  16.92,
  16.9,
  16.88,
  16.88,
  16.84,
  16.85,
  16.82,
  16.81,
  16.84,
  16.87,
  16.97,
  17.04,
  17.05,
  17.02,
  16.99,
  16.94,
  16.91,
  16.89,
  16.87,
  16.87,
  16.89,
  16.86,
  16.85,
  16.93,
  17.01,
  17.01,
  17.03,
  17.03,
  17.11,
  17.08,
  17.13,
  17.13,
  17.19,
  17.2,
  17.21,
  17.19,
  17.16,
  17.09,
  17.08,
  17.05,
  17.06,
  17.06,
  17.02,
  16.99,
  17.04,
  17.09,
  17.12,
  17.08,
  17.07,
  17.07,
  17.05,
  17.07,
  17.02,
  17.0,
  17.03,
  16.97,
  16.93,
  16.91,
  16.91,
  16.88,
  16.87,
  16.92
 ]
}