{
 "theta_star": 36.417109152292376,
 "after_same_kick": 30.21189408509984,
 "after_orth_kick": 29.93276089458856,
 "traj_same": [
  3.08,
  8.18,
  11.69,
  14.26,
  16.33,
  18.07,
  19.52,
  20.77,
  21.87,
  22.82,
  23.65,
  24.37,
  25.01,
  25.53,
  26.0,
  26.43,
  26.8,
  27.19,
  27.51,
  27.8,
  28.03,
  28.26,
  28.47,
  28.68,
  28.9,
  29.1,
  29.28,
  29.4,
  29.55,
  29.62,
  29.67,
  29.7,
  29.72,
  29.69,
  29.74,
  29.82,
  29.86,
  29.89,
  29.9,
  29.92,
  29.92,
  29.94,
  29.95,
  29.97,
  29.97,
  29.97,
  29.96,
  29.91,
  29.88,
  29.82,
  29.77,
  29.72,
  29.73,
  29.72,
  29.76,
  29.8,
  29.81,
  29.77,
  29.78,
  29.81,
  29.81,
  29.85,
  29.92,
  29.98,
  30.02,
  30.09,
  30.11,
  30.17,
  30.22,
  30.34,
  30.37,
  30.43,
  30.45,
  30.47,
  30.48,
  30.51,
  30.56,
  30.57,
  30.59,
  30.57,
  30.58,
  30.58,
  30.6,
  30.54,
  30.49,
  30.51,
  30.49,
  30.42,
  30.36,
  30.34,
  30.29,
  30.27,
  30.3,
  30.25,
  30.23,
  30.18,
  30.15,
  30.17,
  30.15,
  30.12
 ],
 "traj_orth": [
  89.76,
  86.91,
  83.26,
  78.82,
  73.71,
  68.13,
  62.34,
  56.5,
  50.76,
  45.36,
  40.38,
  35.94,
  32.12,
  28.92,
  26.37,
  24.37,
  22.96,
  22.09,
  21.63,
  21.58,
  21.75,
  22.14,
  22.58,
  23.08,
  23.63,
  24.17,
  24.72,
  25.24,
  25.77,
  26.17,
  26.51,
  26.84,
  27.15,
  27.37,
  27.64,
  27.89,
  28.09,
  28.26,
  28.42,
  28.55,
  28.65,
  28.76,
  28.88,
  29.0,
  29.08,
  29.15,
  29.21,
  29.22,
  29.24,
  29.26,
  29.29,
  29.33,
  29.39,
  29.42,
  29.48,
  29.55,
  29.58,
  29.55,
  29.57,
  29.62,
  29.61,
  29.62,
  29.67,
  29.7,
  29.73,
  29.79,
  29.81,
  29.86,
  29.92,
  30.05,
  30.09,
  30.16,
  30.19,
  30.22,
  30.23,
  30.25,
  30.3,
  30.31,
  30.34,
  30.33,
  30.33,
  30.33,
  30.33,
  30.27,
  30.22,
  30.23,
  30.22,
  30.14,
  30.1,
  30.08,
  30.01,
  29.97,
  29.98,
  29.95,
  29.95,
  29.91,
  29.88,
  29.91,
  29.89,
  29.88
 ]
}