{
 "theta_star": 47.90286283865743,
 "after_same_kick": 7.496713042259428,
 "after_orth_kick": 8.485911962398456,
 "traj_same": [
  2.33,
  5.63,
  6.6,
  6.92,
  7.06,
  7.08,
  7.13,
  7.16,
  7.21,
  7.22,
  7.2,
  7.21,
  7.21,
  7.22,
  7.27,
  7.29,
  7.31,
  7.32,
  7.29,
  7.26,
  7.25,
  7.25,
  7.25,
  7.26,
  7.26,
  7.32,
  7.32,
  7.32,
  7.29,
  7.24,
  7.27,
  7.25,
  7.28,
  7.32,
  7.29,
  7.26,
  7.25,
  7.24,
  7.22,
  7.23,
  7.22,
  7.24,
  7.24,
  7.25,
  7.25,
  7.25,
  7.24,
  7.23,
  7.22,
  7.23,
  7.3,
  7.31,
  7.31,
  7.27,
  7.24,
  7.24,
  7.25,
  7.23,
  7.27,
  7.31,
  7.38,
  7.41,
  7.43,
  7.42,
  7.41,
  7.39,
  7.34,
  7.35,
  7.37,
  7.42,
  7.45,
  7.48,
  7.47,
  7.51,
  7.47,
  7.48,
  7.49,
  7.53,
  7.6,
  7.63,
  7.6,
  7.55,
  7.48,
  7.43,
  7.45,
  7.48,
  7.5,
  7.52,
  7.51,
  7.5,
  7.46,
  7.46,
  7.49,
  7.52,
  7.52,
  7.54,
  7.53,
  7.46,
  7.48,
  7.5
 ],
 "traj_orth": [
  89.72,
  86.32,
  81.21,
  73.86,
  64.1,
  52.59,
  40.79,
  30.31,
  22.41,
  17.18,
  14.04,
  12.28,
  11.36,
  10.96,
  10.88,
  10.73,
  10.49,
  10.32,
  10.14,
  9.99,
  9.9,
  9.83,
  9.75,
  9.63,
  9.55,
  9.5,
  9.43,
  9.34,
  9.33,
  9.27,
  9.28,
  9.27,
  9.23,
  9.17,
  9.16,
  9.13,
  9.08,
  9.04,
  9.05,
  9.09,
  9.08,
  9.11,
  9.1,
  9.08,
  9.04,
  9.0,
  9.0,
  8.97,
  8.92,
  8.91,
  8.97,
  8.99,
  8.99,
  8.99,
  8.89,
  8.86,
  8.82,
  8.79,
  8.78,
  8.76,
  8.82,
  8.82,
  8.78,
  8.78,
  8.74,
  8.72,
  8.69,
  8.7,
  8.69,
  8.64,
  8.55,
  8.47,
  8.35,
  8.31,
  8.28,
  8.26,
  8.26,
  8.27,
  8.28,
  8.27,
  8.29,
  8.32,
  8.35,
  8.38,
  8.37,
  8.38,
  8.41,
  8.43,
  8.41,
  8.43,
  8.44,
  8.43,
  8.46,
  8.49,
  8.48,
  8.5,
  8.53,
  8.54,
  8.52,
  8.47
 ]
}