{
 "theta_star": 26.806356279228197,
 "after_same_kick": 26.1557418005032,
 "after_orth_kick": 26.599156903995357,
 "traj_same": [
  3.78,
  8.83,
  12.38,
  15.0,
  17.03,
  18.62,
  19.86,
  20.87,
  21.72,
  22.4,
  22.98,
  23.4,
  23.76,
  24.01,
  24.22,
  24.45,
  24.64,
  24.77,
  24.9,
  25.0,
  25.13,
  25.17,
  25.2,
  25.24,
  25.27,
  25.33,
  25.35,
  25.37,
  25.38,
  25.41,
  25.47,
  25.47,
  25.53,
  25.53,
  25.53,
  25.52,
  25.51,
  25.55,
  25.6,
  25.63,
  25.67,
  25.65,
  25.67,
  25.7,
  25.7,
  25.74,
  25.72,
  25.74,
  25.73,
  25.79,
  25.81,
  25.84,
  25.83,
  25.87,
  25.92,
  25.92,
  25.95,
  25.99,
  26.0,
  26.01,
  26.04,
  26.06,
  26.09,
  26.09,
  26.09,
  26.11,
  26.11,
  26.11,
  26.11,
  26.16,
  26.19,
  26.21,
  26.19,
  26.23,
  26.26,
  26.27,
  26.27,
  26.22,
  26.23,
  26.23,
  26.26,
  26.29,
  26.27,
  26.2,
  26.2,
  26.19,
  26.18,
  26.2,
  26.2,
  26.19,
  26.2,
  26.2,
  26.16,
  26.14,
  26.15,
  26.16,
  26.14,
  26.13,
  26.13,
  26.14
 ],
 "traj_orth": [
  89.7,
  86.13,
  81.07,
  74.55,
  66.83,
  58.58,
  50.41,
  42.82,
  36.23,
  30.89,
  26.67,
  23.45,
  21.22,
  19.8,
  19.12,
  19.01,
  19.28,
  19.73,
  20.35,
  20.98,
  21.67,
  22.25,
  22.75,
  23.19,
  23.57,
  23.96,
  24.29,
  24.57,
  24.77,
  25.0,
  25.2,
  25.32,
  25.5,
  25.6,
  25.66,
  25.7,
  25.72,
  25.78,
  25.85,
  25.9,
  25.97,
  25.99,
  26.03,
  26.07,
  26.11,
  26.19,
  26.22,
  26.26,
  26.26,
  26.31,
  26.32,
  26.32,
  26.33,
  26.36,
  26.41,
  26.4,
  26.43,
  26.49,
  26.47,
  26.45,
  26.44,
  26.47,
  26.51,
  26.49,
  26.49,
  26.51,
  26.51,
  26.5,
  26.5,
  26.56,
  26.62,
  26.65,
  26.61,
  26.61,
  26.64,
  26.64,
  26.63,
  26.6,
  26.6,
  26.59,
  26.6,
  26.65,
  26.64,
  26.59,
  26.58,
  26.57,
  26.57,
  26.6,
  26.63,
  26.62,
  26.66,
  26.68,
  26.63,
  26.6,
  26.6,
  26.61,
  26.57,
  26.55,
  26.53,
  26.55
 ]
}