{
 "theta_star": 6.892275736695167,
 "after_same_kick": 5.332850399746357,
 "after_orth_kick": 5.4671629730842,
 "traj_same": [
  1.62,
  4.74,
  5.24,
  5.35,
  5.39,
  5.37,
  5.38,
  5.4,
  5.38,
  5.37,
  5.39,
  5.37,
  5.38,
  5.39,
  5.38,
  5.39,
  5.37,
  5.39,
  5.39,
  5.38,
  5.4,
  5.39,
  5.39,
  5.38,
  5.38,
  5.4,
  5.4,
  5.38,
  5.38,
  5.39,
  5.39,
  5.38,
  5.39,
  5.38,
  5.38,
  5.37,
  5.36,
  5.38,
  5.36,
  5.38,
  5.36,
  5.36,
  5.36,
  5.36,
  5.33,
  5.36,
  5.38,
  5.38,
  5.36,
  5.36,
  5.37,
  5.34,
  5.33,
  5.34,
  5.36,
  5.37,
  5.37,
  5.36,
  5.37,
  5.35,
  5.38,
  5.38,
  5.39,
  5.38,
  5.36,
  5.34,
  5.36,
  5.31,
  5.33,
  5.33,
  5.36,
  5.34,
  5.35,
  5.33,
  5.32,
  5.35,
  5.33,
  5.33,
  5.34,
  5.32,
  5.34,
  5.33,
  5.35,
  5.34,
  5.32,
  5.34,
  5.34,
  5.34,
  5.33,
  5.33,
  5.33,
  5.33,
  5.34,
  5.35,
  5.35,
  5.33,
  5.34,
  5.34,
  5.32,
  5.32
 ],
 "traj_orth": [
  89.72,
  86.03,
  79.63,
  69.12,
  55.03,
  39.95,
  27.05,
  17.78,
  12.2,
  9.53,
  8.24,
  7.34,
  6.74,
  6.35,
  6.14,
  5.99,
  5.87,
  5.84,
  5.86,
  5.93,
  6.01,
  6.08,
  6.06,
  5.98,
  5.92,
  5.86,
  5.78,
  5.7,
  5.7,
  5.71,
  5.71,
  5.64,
  5.57,
  5.54,
  5.54,
  5.54,
  5.54,
  5.55,
  5.54,
  5.56,
  5.53,
  5.54,
  5.54,
  5.55,
  5.52,
  5.53,
  5.55,
  5.55,
  5.53,
  5.55,
  5.53,
  5.5,
  5.5,
  5.52,
  5.52,
  5.55,
  5.55,
  5.53,
  5.53,
  5.51,
  5.53,
  5.55,
  5.57,
  5.58,
  5.55,
  5.51,
  5.52,
  5.46,
  5.47,
  5.49,
  5.55,
  5.53,
  5.54,
  5.52,
  5.49,
  5.5,
  5.47,
  5.47,
  5.47,
  5.46,
  5.5,
  5.51,
  5.54,
  5.51,
  5.48,
  5.48,
  5.48,
  5.47,
  5.47,
  5.48,
  5.5,
  5.49,
  5.48,
  5.48,
  5.47,
  5.45,
  5.46,
  5.47,
  5.44,
  5.42
 ]
}