{
 "theta_star": 26.79111510167105,
 "after_same_kick": 25.191130941792448,
 "after_orth_kick": 25.53310748572548,
 "traj_same": [
  3.72,
  8.72,
  12.34,
  14.95,
  17.01,
  18.63,
  19.97,
  21.04,
  21.94,
  22.56,
  23.09,
  23.49,
  23.84,
  24.13,
  24.39,
  24.58,
  24.78,
  24.9,
  25.06,
  25.11,
  25.22,
  25.28,
  25.34,
  25.37,
  25.44,
  25.48,
  25.5,
  25.5,
  25.56,
  25.59,
  25.62,
  25.61,
  25.64,
  25.66,
  25.65,
  25.65,
  25.67,
  25.68,
  25.68,
  25.7,
  25.67,
  25.61,
  25.59,
  25.61,
  25.64,
  25.64,
  25.65,
  25.62,
  25.61,
  25.56,
  25.58,
  25.6,
  25.63,
  25.59,
  25.53,
  25.54,
  25.52,
  25.5,
  25.51,
  25.56,
  25.57,
  25.6,
  25.58,
  25.58,
  25.54,
  25.54,
  25.55,
  25.58,
  25.61,
  25.63,
  25.64,
  25.62,
  25.64,
  25.59,
  25.56,
  25.54,
  25.54,
  25.52,
  25.52,
  25.53,
  25.49,
  25.5,
  25.52,
  25.53,
  25.54,
  25.49,
  25.45,
  25.48,
  25.49,
  25.41,
  25.34,
  25.29,
  25.22,
  25.18,
  25.14,
  25.11,
  25.12,
  25.14,
  25.19,
  25.18
 ],
 "traj_orth": [
  89.69,
  86.09,
  81.03,
  74.43,
  66.68,
  58.35,
  50.03,
  42.39,
  35.8,
  30.47,
  26.21,
  23.02,
  20.78,
  19.47,
  19.02,
  19.03,
  19.44,
  19.97,
  20.67,
  21.32,
  22.01,
  22.63,
  23.2,
  23.63,
  24.06,
  24.42,
  24.7,
  24.92,
  25.18,
  25.37,
  25.54,
  25.62,
  25.71,
  25.81,
  25.88,
  25.94,
  26.03,
  26.09,
  26.12,
  26.16,
  26.17,
  26.15,
  26.12,
  26.16,
  26.16,
  26.17,
  26.19,
  26.18,
  26.16,
  26.1,
  26.08,
  26.03,
  26.03,
  26.0,
  25.99,
  26.05,
  26.05,
  26.06,
  26.08,
  26.11,
  26.1,
  26.13,
  26.1,
  26.09,
  26.06,
  26.03,
  26.01,
  25.99,
  25.98,
  25.95,
  25.88,
  25.82,
  25.82,
  25.75,
  25.72,
  25.73,
  25.74,
  25.73,
  25.77,
  25.78,
  25.74,
  25.72,
  25.7,
  25.69,
  25.71,
  25.67,
  25.64,
  25.69,
  25.71,
  25.65,
  25.61,
  25.59,
  25.54,
  25.52,
  25.51,
  25.5,
  25.51,
  25.51,
  25.53,
  25.52
 ]
}