{
 "theta_star": 38.85903530944775,
 "after_same_kick": 31.379998996831496,
 "after_orth_kick": 31.477960507215066,
 "traj_same": [
  3.44,
  8.49,
  12.0,
  14.61,
  16.82,
  18.65,
  20.21,
  21.58,
  22.72,
  23.72,
  24.56,
  25.28,
  25.91,
  26.47,
  26.91,
  27.32,
  27.73,
  28.05,
  28.35,
  28.63,
  28.9,
  29.13,
  29.27,
  29.41,
  29.56,
  29.69,
  29.8,
  29.92,
  30.11,
  30.17,
  30.25,
  30.3,
  30.37,
  30.42,
  30.48,
  30.54,
  30.57,
  30.63,
  30.66,
  30.7,
  30.73,
  30.82,
  30.89,
  31.0,
  31.04,
  31.07,
  31.13,
  31.19,
  31.24,
  31.29,
  31.34,
  31.35,
  31.38,
  31.39,
  31.38,
  31.38,
  31.33,
  31.33,
  31.29,
  31.33,
  31.4,
  31.43,
  31.43,
  31.44,
  31.46,
  31.44,
  31.48,
  31.51,
  31.56,
  31.55,
  31.54,
  31.6,
  31.63,
  31.68,
  31.69,
  31.67,
  31.67,
  31.67,
  31.71,
  31.71,
  31.73,
  31.76,
  31.79,
  31.78,
  31.75,
  31.69,
  31.63,
  31.58,
  31.6,
  31.62,
  31.59,
  31.56,
  31.49,
  31.42,
  31.35,
  31.27,
  31.27,
  31.31,
  31.29,
  31.24
 ],
 "traj_orth": [
  89.73,
  86.71,
  82.82,
  78.14,
  72.8,
  66.98,
  61.02,
  55.11,
  49.4,
  44.06,
  39.22,
  34.85,
  31.05,
  27.85,
  25.35,
  23.57,
  22.4,
  21.75,
  21.5,
  21.61,
  21.9,
  22.28,
  22.86,
  23.44,
  24.1,
  24.68,
  25.24,
  25.71,
  26.2,
  26.6,
  27.0,
  27.35,
  27.67,
  28.0,
  28.28,
  28.56,
  28.76,
  28.97,
  29.13,
  29.24,
  29.39,
  29.56,
  29.73,
  29.92,
  30.04,
  30.13,
  30.23,
  30.31,
  30.42,
  30.43,
  30.51,
  30.56,
  30.63,
  30.73,
  30.81,
  30.87,
  30.97,
  31.04,
  31.08,
  31.11,
  31.11,
  31.15,
  31.18,
  31.25,
  31.31,
  31.39,
  31.44,
  31.44,
  31.4,
  31.45,
  31.44,
  31.49,
  31.52,
  31.52,
  31.55,
  31.55,
  31.57,
  31.57,
  31.57,
  31.56,
  31.57,
  31.61,
  31.63,
  31.64,
  31.65,
  31.64,
  31.61,
  31.6,
  31.58,
  31.51,
  31.5,
  31.51,
  31.53,
  31.53,
  31.47,
  31.44,
  31.44,
  31.45,
  31.46,
  31.46
 ]
}