{
 "theta_star": 15.918399726172579,
 "after_same_kick": 5.264917660552545,
 "after_orth_kick": 5.2674417537306635,
 "traj_same": [
  1.46,
  4.67,
  5.16,
  5.26,
  5.28,
  5.28,
  5.28,
  5.28,
  5.27,
  5.28,
  5.28,
  5.28,
  5.28,
  5.28,
  5.28,
  5.28,
  5.29,
  5.29,
  5.28,
  5.29,
  5.28,
  5.29,
  5.29,
  5.27,
  5.28,
  5.27,
  5.27,
  5.27,
  5.28,
  5.26,
  5.27,
  5.26,
  5.27,
  5.26,
  5.27,
  5.25,
  5.26,
  5.27,
  5.27,
  5.27,
  5.26,
  5.26,
  5.26,
  5.26,
  5.25,
  5.26,
  5.27,
  5.27,
  5.28,
  5.27,
  5.27,
  5.27,
  5.26,
  5.27,
  5.26,
  5.26,
  5.25,
  5.27,
  5.26,
  5.26,
  5.26,
  5.26,
  5.26,
  5.27,
  5.27,
  5.26,
  5.27,
  5.28,
  5.28,
  5.28,
  5.27,
  5.28,
  5.28,
  5.28,
  5.27,
  5.27,
  5.27,
  5.28,
  5.27,
  5.27,
  5.27,
  5.27,
  5.28,
  5.27,
  5.25,
  5.26,
  5.28,
  5.27,
  5.27,
  5.27,
  5.26,
  5.26,
  5.26,
  5.29,
  5.27,
  5.27,
  5.26,
  5.26,
  5.25,
  5.26
 ],
 "traj_orth": [
  89.71,
  86.02,
  79.56,
  68.98,
  54.92,
  40.16,
  27.19,
  17.46,
  11.66,
  8.78,
  7.41,
  6.73,
  6.31,
  6.04,
  5.97,
  5.97,
  5.95,
  5.93,
  5.94,
  5.95,
  5.97,
  6.04,
  6.08,
  6.09,
  6.08,
  6.08,
  6.09,
  6.09,
  6.1,
  6.08,
  6.05,
  5.98,
  5.86,
  5.77,
  5.72,
  5.67,
  5.66,
  5.65,
  5.64,
  5.57,
  5.49,
  5.43,
  5.39,
  5.38,
  5.36,
  5.35,
  5.33,
  5.28,
  5.28,
  5.26,
  5.26,
  5.26,
  5.26,
  5.27,
  5.26,
  5.26,
  5.25,
  5.26,
  5.26,
  5.26,
  5.26,
  5.26,
  5.26,
  5.26,
  5.27,
  5.25,
  5.26,
  5.28,
  5.27,
  5.27,
  5.26,
  5.27,
  5.28,
  5.28,
  5.27,
  5.27,
  5.26,
  5.27,
  5.26,
  5.26,
  5.27,
  5.27,
  5.28,
  5.28,
  5.25,
  5.26,
  5.28,
  5.27,
  5.27,
  5.27,
  5.27,
  5.27,
  5.26,
  5.29,
  5.27,
  5.27,
  5.26,
  5.26,
  5.25,
  5.26
 ]
}