{
 "theta_star": 7.755370629149468,
 "after_same_kick": 5.332839499680171,
 "after_orth_kick": 5.335374440847181,
 "traj_same": [
  1.5,
  4.75,
  5.23,
  5.31,
  5.34,
  5.35,
  5.35,
  5.33,
  5.34,
  5.35,
  5.33,
  5.34,
  5.35,
  5.33,
  5.34,
  5.33,
  5.34,
  5.32,
  5.34,
  5.35,
  5.35,
  5.35,
  5.35,
  5.34,
  5.34,
  5.32,
  5.32,
  5.32,
  5.34,
  5.32,
  5.32,
  5.33,
  5.33,
  5.32,
  5.32,
  5.32,
  5.32,
  5.34,
  5.33,
  5.34,
  5.34,
  5.33,
  5.32,
  5.34,
  5.34,
  5.35,
  5.33,
  5.31,
  5.33,
  5.33,
  5.32,
  5.32,
  5.34,
  5.33,
  5.33,
  5.32,
  5.34,
  5.31,
  5.32,
  5.33,
  5.32,
  5.33,
  5.33,
  5.36,
  5.34,
  5.34,
  5.34,
  5.34,
  5.34,
  5.32,
  5.31,
  5.31,
  5.32,
  5.32,
  5.35,
  5.34,
  5.33,
  5.32,
  5.32,
  5.32,
  5.34,
  5.33,
  5.33,
  5.32,
  5.33,
  5.34,
  5.33,
  5.34,
  5.33,
  5.35,
  5.32,
  5.33,
  5.33,
  5.32,
  5.31,
  5.34,
  5.34,
  5.33,
  5.36,
  5.33
 ],
 "traj_orth": [
  89.74,
  86.31,
  80.07,
  70.03,
  56.53,
  42.09,
  29.89,
  20.45,
  14.14,
  10.49,
  8.22,
  6.88,
  6.2,
  5.99,
  5.94,
  5.86,
  5.82,
  5.78,
  5.79,
  5.83,
  5.85,
  5.88,
  5.88,
  5.81,
  5.75,
  5.72,
  5.71,
  5.74,
  5.8,
  5.77,
  5.72,
  5.65,
  5.58,
  5.51,
  5.46,
  5.39,
  5.34,
  5.34,
  5.33,
  5.33,
  5.34,
  5.33,
  5.32,
  5.34,
  5.33,
  5.34,
  5.32,
  5.31,
  5.33,
  5.33,
  5.32,
  5.32,
  5.35,
  5.34,
  5.33,
  5.32,
  5.33,
  5.32,
  5.32,
  5.33,
  5.32,
  5.34,
  5.33,
  5.36,
  5.34,
  5.34,
  5.35,
  5.35,
  5.34,
  5.33,
  5.32,
  5.32,
  5.32,
  5.32,
  5.35,
  5.34,
  5.33,
  5.32,
  5.32,
  5.31,
  5.33,
  5.33,
  5.33,
  5.32,
  5.33,
  5.34,
  5.32,
  5.34,
  5.33,
  5.35,
  5.32,
  5.33,
  5.34,
  5.33,
  5.32,
  5.34,
  5.34,
  5.33,
  5.37,
  5.33
 ]
}