{
 "theta_star": 26.817048119261468,
 "after_same_kick": 25.570366609372424,
 "after_orth_kick": 25.56752903941821,
 "traj_same": [
  3.16,
  8.51,
  12.12,
  14.75,
  16.79,
  18.35,
  19.63,
  20.62,
  21.42,
  22.06,
  22.58,
  22.99,
  23.31,
  23.6,
  23.82,
  23.99,
  24.16,
  24.26,
  24.36,
  24.46,
  24.54,
  24.57,
  24.62,
  24.68,
  24.7,
  24.78,
  24.82,
  24.88,
  24.91,
  24.91,
  24.92,
  24.91,
  24.85,
  24.86,
  24.87,
  24.91,
  24.91,
  24.92,
  24.94,
  24.95,
  24.97,
  25.01,
  25.01,
  25.01,
  25.01,
  25.05,
  25.05,
  25.06,
  25.03,
  25.02,
  25.04,
  25.09,
  25.12,
  25.2,
  25.21,
  25.24,
  25.22,
  25.21,
  25.23,
  25.26,
  25.31,
  25.37,
  25.36,
  25.35,
  25.35,
  25.41,
  25.42,
  25.44,
  25.47,
  25.47,
  25.47,
  25.49,
  25.48,
  25.47,
  25.46,
  25.43,
  25.4,
  25.42,
  25.44,
  25.47,
  25.5,
  25.53,
  25.52,
  25.51,
  25.54,
  25.5,
  25.48,
  25.51,
  25.52,
  25.54,
  25.54,
  25.55,
  25.56,
  25.54,
  25.54,
  25.58,
  25.58,
  25.59,
  25.59,
  25.63
 ],
 "traj_orth": [
  89.69,
  86.12,
  81.08,
  74.52,
  66.77,
  58.48,
  50.35,
  42.8,
  36.06,
  30.24,
  25.55,
  22.05,
  19.69,
  18.35,
  17.87,
  17.98,
  18.43,
  19.02,
  19.69,
  20.36,
  20.99,
  21.58,
  22.12,
  22.57,
  22.96,
  23.29,
  23.57,
  23.8,
  23.98,
  24.14,
  24.28,
  24.41,
  24.56,
  24.67,
  24.74,
  24.79,
  24.88,
  25.0,
  25.07,
  25.12,
  25.14,
  25.16,
  25.2,
  25.23,
  25.26,
  25.3,
  25.32,
  25.34,
  25.34,
  25.36,
  25.36,
  25.36,
  25.36,
  25.37,
  25.4,
  25.42,
  25.43,
  25.4,
  25.39,
  25.38,
  25.38,
  25.4,
  25.42,
  25.45,
  25.49,
  25.52,
  25.54,
  25.57,
  25.61,
  25.6,
  25.62,
  25.62,
  25.6,
  25.57,
  25.54,
  25.54,
  25.55,
  25.54,
  25.54,
  25.54,
  25.53,
  25.56,
  25.54,
  25.52,
  25.5,
  25.52,
  25.55,
  25.59,
  25.6,
  25.6,
  25.59,
  25.53,
  25.56,
  25.58,
  25.58,
  25.55,
  25.57,
  25.56,
  25.58,
  25.57
 ]
}