{
 "theta_star": 97.36951006823583,
 "after_same_kick": 14.454079828006067,
 "after_orth_kick": 16.911742599801975,
 "traj_same": [
  3.2,
  7.05,
  9.09,
  10.28,
  11.12,
  11.68,
  12.1,
  12.42,
  12.69,
  12.88,
  13.02,
  13.12,
  13.23,
  13.34,
  13.48,
  13.6,
  13.65,
  13.72,
  13.76,
  13.79,
  13.79,
  13.78,
  13.79,
  13.84,
  13.9,
  13.98,
  13.99,
  14.0,
  14.03,
  14.05,
  14.07,
  14.06,
  14.1,
  14.15,
  14.15,
  14.17,
  14.23,
  14.29,
  14.36,
  14.4,
  14.38,
  14.37,
  14.37,
  14.39,
  14.41,
  14.42,
  14.46,
  14.54,
  14.59,
  14.63,
  14.66,
  14.64,
  14.65,
  14.65,
  14.59,
  14.54,
  14.54,
  14.53,
  14.58,
  14.58,
  14.58,
  14.59,
  14.6,
  14.61,
  14.64,
  14.67,
  14.67,
  14.73,
  14.79,
  14.82,
  14.75,
  14.71,
  14.71,
  14.74,
  14.79,
  14.84,
  14.79,
  14.7,
  14.57,
  14.52,
  14.53,
  14.59,
  14.61,
  14.59,
  14.58,
  14.56,
  14.53,
  14.5,
  14.53,
  14.53,
  14.52,
  14.51,
  14.46,
  14.47,
  14.45,
  14.47,
  14.49,
  14.45,
  14.39,
  14.35
 ],
 "traj_orth": [
  89.71,
  86.66,
  82.97,
  78.55,
  73.41,
  67.61,
  61.2,
  54.47,
  47.59,
  40.94,
  34.75,
  29.26,
  24.62,
  20.98,
  18.34,
  16.55,
  15.42,
  14.88,
  14.68,
  14.67,
  14.71,
  14.73,
  14.78,
  14.84,
  14.87,
  14.93,
  14.97,
  15.04,
  15.07,
  15.1,
  15.12,
  15.14,
  15.21,
  15.23,
  15.2,
  15.2,
  15.27,
  15.35,
  15.46,
  15.56,
  15.62,
  15.66,
  15.73,
  15.78,
  15.84,
  15.87,
  15.96,
  16.04,
  16.12,
  16.22,
  16.29,
  16.3,
  16.31,
  16.28,
  16.22,
  16.22,
  16.26,
  16.21,
  16.21,
  16.19,
  16.19,
  16.19,
  16.16,
  16.16,
  16.22,
  16.29,
  16.27,
  16.31,
  16.36,
  16.42,
  16.42,
  16.41,
  16.44,
  16.44,
  16.46,
  16.51,
  16.51,
  16.59,
  16.59,
  16.59,
  16.58,
  16.6,
  16.58,
  16.6,
  16.63,
  16.64,
  16.67,
  16.67,
  16.76,
  16.83,
  16.86,
  16.86,
  16.87,
  16.95,
  16.94,
  16.9,
  16.93,
  16.93,
  16.92,
  16.94
 ]
}