{
 "theta_star": 27.200021682030798,
 "after_same_kick": 25.402860630196496,
 "after_orth_kick": 24.735550419929034,
 "traj_same": [
  2.79,
  8.33,
  11.93,
  14.52,
  16.45,
  17.96,
  19.17,
  20.17,
  20.94,
  21.58,
  22.09,
  22.48,
  22.8,
  23.07,
  23.31,
  23.52,
  23.7,
  23.83,
  23.94,
  24.03,
  24.1,
  24.15,
  24.22,
  24.25,
  24.3,
  24.36,
  24.43,
  24.45,
  24.48,
  24.52,
  24.52,
  24.54,
  24.54,
  24.58,
  24.6,
  24.63,
  24.69,
  24.72,
  24.76,
  24.74,
  24.75,
  24.76,
  24.76,
  24.76,
  24.79,
  24.84,
  24.91,
  24.97,
  24.99,
  25.03,
  25.08,
  25.1,
  25.17,
  25.22,
  25.25,
  25.28,
  25.3,
  25.31,
  25.3,
  25.34,
  25.35,
  25.34,
  25.31,
  25.32,
  25.3,
  25.31,
  25.28,
  25.25,
  25.25,
  25.28,
  25.32,
  25.37,
  25.42,
  25.43,
  25.42,
  25.41,
  25.39,
  25.43,
  25.45,
  25.49,
  25.53,
  25.53,
  25.51,
  25.49,
  25.52,
  25.46,
  25.43,
  25.45,
  25.45,
  25.46,
  25.44,
  25.43,
  25.4,
  25.39,
  25.4,
  25.38,
  25.4,
  25.4,
  25.4,
  25.39
 ],
 "traj_orth": [
  89.73,
  86.41,
  81.61,
  75.39,
  68.08,
  60.22,
  52.42,
  45.1,
  38.57,
  32.9,
  28.24,
  24.64,
  22.02,
  20.31,
  19.36,
  18.98,
  19.03,
  19.31,
  19.77,
  20.26,
  20.78,
  21.23,
  21.69,
  22.09,
  22.47,
  22.82,
  23.12,
  23.38,
  23.61,
  23.81,
  23.97,
  24.14,
  24.27,
  24.4,
  24.51,
  24.61,
  24.71,
  24.8,
  24.9,
  24.95,
  25.0,
  25.03,
  25.03,
  25.02,
  25.02,
  25.04,
  25.07,
  25.09,
  25.1,
  25.16,
  25.2,
  25.22,
  25.24,
  25.25,
  25.24,
  25.24,
  25.23,
  25.23,
  25.24,
  25.27,
  25.28,
  25.25,
  25.22,
  25.2,
  25.18,
  25.2,
  25.19,
  25.16,
  25.13,
  25.11,
  25.12,
  25.14,
  25.16,
  25.17,
  25.14,
  25.11,
  25.04,
  25.04,
  25.03,
  25.03,
  25.06,
  25.06,
  25.03,
  24.98,
  24.96,
  24.9,
  24.85,
  24.85,
  24.86,
  24.88,
  24.9,
  24.9,
  24.87,
  24.85,
  24.81,
  24.75,
  24.65,
  24.56,
  24.54,
  24.52
 ]
}