{
 "theta_star": 42.461676941060105,
 "after_same_kick": 7.149897871647546,
 "after_orth_kick": 7.751339660441223,
 "traj_same": [
  2.1,
  5.57,
  6.55,
  6.87,
  6.98,
  7.01,
  7.02,
  7.03,
  7.02,
  7.03,
  7.02,
  7.02,
  7.01,
  7.01,
  7.02,
  7.03,
  7.01,
  7.0,
  7.02,
  7.03,
  7.05,
  7.04,
  7.04,
  7.03,
  7.04,
  7.02,
  7.03,
  7.05,
  7.04,
  7.06,
  7.07,
  7.07,
  7.1,
  7.14,
  7.24,
  7.23,
  7.23,
  7.21,
  7.16,
  7.11,
  7.07,
  7.03,
  7.03,
  7.03,
  7.02,
  7.03,
  7.04,
  7.04,
  7.07,
  7.04,
  7.05,
  7.04,
  7.05,
  7.04,
  7.05,
  7.05,
  7.04,
  7.01,
  7.02,
  7.01,
  7.02,
  7.02,
  7.02,
  7.01,
  7.02,
  7.02,
  7.03,
  7.01,
  7.02,
  7.03,
  7.03,
  7.03,
  7.03,
  7.04,
  7.03,
  7.01,
  7.03,
  7.08,
  7.08,
  7.07,
  7.07,
  7.06,
  7.06,
  7.06,
  7.06,
  7.04,
  7.07,
  7.09,
  7.08,
  7.1,
  7.08,
  7.08,
  7.11,
  7.11,
  7.14,
  7.16,
  7.21,
  7.2,
  7.22,
  7.19
 ],
 "traj_orth": [
  89.71,
  86.23,
  81.08,
  73.62,
  63.83,
  52.58,
  41.25,
  30.87,
  22.22,
  15.88,
  11.86,
  9.86,
  8.98,
  8.49,
  8.19,
  8.0,
  7.87,
  7.82,
  7.84,
  7.87,
  7.86,
  7.82,
  7.8,
  7.79,
  7.82,
  7.82,
  7.83,
  7.88,
  7.89,
  7.92,
  7.91,
  7.9,
  7.96,
  7.99,
  8.03,
  8.04,
  8.06,
  8.01,
  7.91,
  7.86,
  7.85,
  7.81,
  7.8,
  7.78,
  7.78,
  7.82,
  7.83,
  7.79,
  7.76,
  7.69,
  7.66,
  7.63,
  7.64,
  7.66,
  7.68,
  7.65,
  7.63,
  7.56,
  7.57,
  7.57,
  7.6,
  7.62,
  7.66,
  7.65,
  7.64,
  7.63,
  7.6,
  7.59,
  7.62,
  7.65,
  7.66,
  7.65,
  7.66,
  7.65,
  7.64,
  7.61,
  7.59,
  7.61,
  7.58,
  7.58,
  7.61,
  7.65,
  7.67,
  7.67,
  7.66,
  7.62,
  7.65,
  7.66,
  7.65,
  7.69,
  7.68,
  7.7,
  7.76,
  7.78,
  7.77,
  7.78,
  7.78,
  7.77,
  7.78,
  7.72
 ]
}