{
 "theta_star": 76.66318727143285,
 "after_same_kick": 9.340229218067043,
 "after_orth_kick": 10.636536953418416,
 "traj_same": [
  2.67,
  6.3,
  7.87,
  8.62,
  9.03,
  9.24,
  9.37,
  9.46,
  9.49,
  9.52,
  9.55,
  9.58,
  9.6,
  9.62,
  9.63,
  9.64,
  9.64,
  9.68,
  9.72,
  9.75,
  9.76,
  9.78,
  9.75,
  9.74,
  9.76,
  9.81,
  9.85,
  9.85,
  9.8,
  9.76,
  9.77,
  9.77,
  9.8,
  9.79,
  9.79,
  9.79,
  9.8,
  9.82,
  9.83,
  9.93,
  10.04,
  10.08,
  10.09,
  10.07,
  10.05,
  10.07,
  10.01,
  9.85,
  9.79,
  9.78,
  9.79,
  9.73,
  9.7,
  9.67,
  9.66,
  9.66,
  9.66,
  9.67,
  9.71,
  9.72,
  9.78,
  9.79,
  9.83,
  9.85,
  9.85,
  9.87,
  9.95,
  9.97,
  9.97,
  9.93,
  9.89,
  9.85,
  9.82,
  9.79,
  9.78,
  9.81,
  9.81,
  9.79,
  9.76,
  9.74,
  9.76,
  9.77,
  9.77,
  9.75,
  9.71,
  9.7,
  9.64,
  9.61,
  9.57,
  9.52,
  9.46,
  9.4,
  9.36,
  9.35,
  9.35,
  9.34,
  9.31,
  9.29,
  9.27,
  9.27
 ],
 "traj_orth": [
  89.71,
  86.49,
  82.27,
  76.78,
  69.96,
  62.03,
  53.37,
  44.57,
  36.35,
  29.19,
  23.53,
  19.35,
  16.64,
  15.11,
  14.32,
  13.85,
  13.5,
  13.28,
  13.16,
  13.07,
  12.99,
  12.91,
  12.88,
  12.88,
  12.85,
  12.8,
  12.74,
  12.7,
  12.7,
  12.72,
  12.76,
  12.73,
  12.71,
  12.67,
  12.57,
  12.53,
  12.51,
  12.49,
  12.39,
  12.3,
  12.21,
  12.11,
  12.0,
  11.85,
  11.73,
  11.65,
  11.57,
  11.54,
  11.55,
  11.55,
  11.56,
  11.49,
  11.47,
  11.45,
  11.42,
  11.38,
  11.37,
  11.28,
  11.22,
  11.13,
  11.1,
  11.09,
  11.08,
  11.01,
  10.9,
  10.82,
  10.8,
  10.74,
  10.73,
  10.73,
  10.78,
  10.8,
  10.78,
  10.74,
  10.7,
  10.68,
  10.64,
  10.6,
  10.55,
  10.52,
  10.53,
  10.54,
  10.61,
  10.66,
  10.67,
  10.64,
  10.58,
  10.53,
  10.49,
  10.51,
  10.52,
  10.54,
  10.6,
  10.65,
  10.69,
  10.73,
  10.7,
  10.67,
  10.65,
  10.62
 ]
}