{
 "theta_star": 21.393672125125217,
 "after_same_kick": 21.109177321609046,
 "after_orth_kick": 20.958315879596206,
 "traj_same": [
  3.73,
  8.68,
  12.03,
  14.27,
  15.9,
  17.13,
  18.02,
  18.65,
  19.13,
  19.44,
  19.73,
  19.96,
  20.13,
  20.27,
  20.36,
  20.48,
  20.53,
  20.59,
  20.61,
  20.65,
  20.69,
  20.7,
  20.67,
  20.66,
  20.66,
  20.73,
  20.72,
  20.76,
  20.77,
  20.77,
  20.79,
  20.81,
  20.79,
  20.83,
  20.9,
  20.94,
  20.97,
  20.96,
  20.97,
  21.02,
  21.0,
  21.03,
  21.03,
  20.99,
  20.95,
  20.89,
  20.88,
  20.85,
  20.84,
  20.82,
  20.83,
  20.79,
  20.8,
  20.82,
  20.85,
  20.83,
  20.83,
  20.89,
  20.89,
  20.92,
  20.9,
  20.88,
  20.91,
  20.86,
  20.82,
  20.82,
  20.85,
  20.89,
  20.92,
  20.93,
  20.98,
  20.98,
  20.98,
  20.97,
  20.99,
  20.99,
  21.0,
  21.01,
  21.07,
  21.07,
  21.09,
  21.1,
  21.1,
  21.09,
  21.01,
  20.96,
  21.01,
  21.05,
  21.02,
  21.02,
  21.04,
  21.04,
  21.04,
  21.06,
  21.1,
  21.13,
  21.17,
  21.17,
  21.19,
  21.15
 ],
 "traj_orth": [
  89.72,
  86.1,
  80.18,
  71.81,
  61.85,
  51.65,
  42.24,
  34.14,
  27.79,
  23.07,
  19.85,
  17.91,
  16.94,
  16.64,
  16.8,
  17.23,
  17.72,
  18.25,
  18.71,
  19.13,
  19.5,
  19.76,
  19.97,
  20.17,
  20.34,
  20.53,
  20.62,
  20.72,
  20.78,
  20.81,
  20.84,
  20.86,
  20.81,
  20.84,
  20.91,
  20.93,
  20.95,
  20.92,
  20.91,
  20.93,
  20.9,
  20.92,
  20.93,
  20.93,
  20.93,
  20.92,
  20.94,
  20.93,
  20.94,
  20.92,
  20.93,
  20.9,
  20.91,
  20.93,
  20.94,
  20.93,
  20.92,
  20.96,
  20.96,
  21.0,
  20.98,
  20.98,
  21.02,
  20.97,
  20.93,
  20.91,
  20.92,
  20.94,
  20.96,
  20.95,
  21.0,
  20.98,
  20.97,
  20.95,
  20.97,
  20.97,
  20.99,
  21.0,
  21.06,
  21.04,
  21.06,
  21.05,
  21.07,
  21.07,
  21.02,
  20.95,
  20.96,
  20.96,
  20.93,
  20.93,
  20.92,
  20.91,
  20.92,
  20.94,
  20.97,
  21.0,
  21.01,
  20.97,
  20.98,
  20.96
 ]
}