{
 "theta_star": 39.384269358756114,
 "after_same_kick": 6.927772220852665,
 "after_orth_kick": 6.92370355099889,
 "traj_same": [
  2.0,
  5.51,
  6.47,
  6.77,
  6.87,
  6.92,
  6.94,
  6.94,
  6.94,
  6.92,
  6.92,
  6.93,
  6.93,
  6.94,
  6.96,
  7.01,
  7.03,
  7.04,
  7.01,
  6.96,
  6.94,
  6.92,
  6.9,
  6.89,
  6.89,
  6.9,
  6.88,
  6.88,
  6.89,
  6.89,
  6.89,
  6.89,
  6.89,
  6.89,
  6.89,
  6.91,
  6.91,
  6.9,
  6.9,
  6.91,
  6.9,
  6.9,
  6.92,
  6.91,
  6.91,
  6.9,
  6.91,
  6.91,
  6.91,
  6.91,
  6.92,
  6.9,
  6.91,
  6.91,
  6.92,
  6.9,
  6.9,
  6.92,
  6.92,
  6.92,
  6.91,
  6.92,
  6.93,
  6.92,
  6.91,
  6.9,
  6.91,
  6.91,
  6.91,
  6.91,
  6.91,
  6.91,
  6.92,
  6.91,
  6.91,
  6.92,
  6.93,
  6.92,
  6.94,
  6.92,
  6.92,
  6.91,
  6.92,
  6.92,
  6.92,
  6.91,
  6.93,
  6.93,
  6.93,
  6.93,
  6.92,
  6.92,
  6.91,
  6.92,
  6.92,
  6.94,
  6.95,
  6.93,
  6.94,
  6.94
 ],
 "traj_orth": [
  89.72,
  86.37,
  81.33,
  73.98,
  64.21,
  52.92,
  41.72,
  31.86,
  23.89,
  17.85,
  13.84,
  11.53,
  10.19,
  9.34,
  8.81,
  8.54,
  8.35,
  8.21,
  8.11,
  8.02,
  7.93,
  7.81,
  7.77,
  7.76,
  7.77,
  7.73,
  7.68,
  7.58,
  7.47,
  7.29,
  7.18,
  7.12,
  7.11,
  7.11,
  7.15,
  7.18,
  7.17,
  7.15,
  7.14,
  7.14,
  7.13,
  7.13,
  7.16,
  7.16,
  7.18,
  7.18,
  7.19,
  7.17,
  7.16,
  7.14,
  7.15,
  7.13,
  7.16,
  7.17,
  7.18,
  7.16,
  7.16,
  7.16,
  7.14,
  7.14,
  7.15,
  7.19,
  7.21,
  7.18,
  7.14,
  7.11,
  7.11,
  7.11,
  7.12,
  7.11,
  7.09,
  7.07,
  7.07,
  7.04,
  7.03,
  7.03,
  7.0,
  6.95,
  6.94,
  6.91,
  6.92,
  6.91,
  6.91,
  6.92,
  6.92,
  6.91,
  6.92,
  6.92,
  6.92,
  6.92,
  6.92,
  6.91,
  6.9,
  6.91,
  6.92,
  6.93,
  6.94,
  6.93,
  6.93,
  6.94
 ]
}