{
 "theta_star": 21.599099849296103,
 "after_same_kick": 20.33349842072038,
 "after_orth_kick": 20.37811855315465,
 "traj_same": [
  3.2,
  8.38,
  11.7,
  13.88,
  15.46,
  16.69,
  17.59,
  18.22,
  18.7,
  19.07,
  19.33,
  19.55,
  19.73,
  19.86,
  19.94,
  20.0,
  20.08,
  20.11,
  20.18,
  20.22,
  20.27,
  20.3,
  20.32,
  20.36,
  20.36,
  20.36,
  20.39,
  20.42,
  20.47,
  20.47,
  20.47,
  20.48,
  20.51,
  20.57,
  20.6,
  20.62,
  20.65,
  20.7,
  20.69,
  20.73,
  20.75,
  20.75,
  20.72,
  20.69,
  20.66,
  20.68,
  20.69,
  20.72,
  20.74,
  20.72,
  20.71,
  20.68,
  20.68,
  20.63,
  20.6,
  20.57,
  20.58,
  20.58,
  20.56,
  20.57,
  20.55,
  20.55,
  20.5,
  20.46,
  20.38,
  20.32,
  20.3,
  20.28,
  20.27,
  20.24,
  20.22,
  20.24,
  20.25,
  20.28,
  20.32,
  20.3,
  20.28,
  20.26,
  20.25,
  20.23,
  20.28,
  20.29,
  20.31,
  20.32,
  20.33,
  20.36,
  20.34,
  20.34,
  20.36,
  20.4,
  20.36,
  20.38,
  20.37,
  20.37,
  20.34,
  20.35,
  20.33,
  20.29,
  20.29,
  20.25
 ],
 "traj_orth": [
  89.74,
  86.33,
  80.62,
  72.68,
  63.1,
  53.03,
  43.87,
  35.97,
  29.49,
  24.6,
  21.21,
  19.06,
  17.92,
  17.43,
  17.37,
  17.54,
  17.86,
  18.17,
  18.53,
  18.85,
  19.18,
  19.44,
  19.66,
  19.88,
  20.05,
  20.19,
  20.32,
  20.45,
  20.59,
  20.69,
  20.79,
  20.86,
  20.94,
  21.01,
  21.05,
  21.05,
  21.07,
  21.08,
  21.08,
  21.09,
  21.06,
  21.0,
  20.94,
  20.94,
  20.94,
  20.99,
  21.03,
  21.07,
  21.13,
  21.14,
  21.14,
  21.14,
  21.16,
  21.14,
  21.12,
  21.09,
  21.07,
  20.99,
  20.95,
  20.92,
  20.88,
  20.87,
  20.85,
  20.84,
  20.76,
  20.69,
  20.66,
  20.62,
  20.52,
  20.45,
  20.4,
  20.37,
  20.37,
  20.4,
  20.46,
  20.46,
  20.46,
  20.49,
  20.51,
  20.49,
  20.52,
  20.52,
  20.51,
  20.49,
  20.47,
  20.47,
  20.44,
  20.45,
  20.45,
  20.47,
  20.4,
  20.39,
  20.37,
  20.38,
  20.37,
  20.38,
  20.38,
  20.35,
  20.39,
  20.37
 ]
}