{
 "theta_star": 8.983365431286126,
 "after_same_kick": 5.501518928879644,
 "after_orth_kick": 5.504100919840981,
 "traj_same": [
  1.72,
  4.93,
  5.43,
  5.52,
  5.55,
  5.59,
  5.7,
  5.72,
  5.71,
  5.7,
  5.67,
  5.63,
  5.59,
  5.52,
  5.51,
  5.52,
  5.53,
  5.54,
  5.53,
  5.51,
  5.51,
  5.49,
  5.51,
  5.49,
  5.48,
  5.49,
  5.49,
  5.49,
  5.51,
  5.48,
  5.52,
  5.5,
  5.49,
  5.51,
  5.48,
  5.51,
  5.52,
  5.49,
  5.5,
  5.51,
  5.51,
  5.49,
  5.48,
  5.5,
  5.48,
  5.5,
  5.51,
  5.5,
  5.5,
  5.5,
  5.47,
  5.47,
  5.49,
  5.48,
  5.47,
  5.49,
  5.52,
  5.51,
  5.49,
  5.49,
  5.52,
  5.49,
  5.5,
  5.48,
  5.5,
  5.5,
  5.51,
  5.5,
  5.5,
  5.52,
  5.52,
  5.51,
  5.5,
  5.49,
  5.5,
  5.49,
  5.52,
  5.5,
  5.51,
  5.5,
  5.5,
  5.48,
  5.47,
  5.49,
  5.48,
  5.5,
  5.5,
  5.48,
  5.49,
  5.49,
  5.51,
  5.51,
  5.5,
  5.49,
  5.5,
  5.51,
  5.5,
  5.5,
  5.5,
  5.5
 ],
 "traj_orth": [
  89.73,
  86.1,
  79.62,
  69.24,
  55.69,
  41.46,
  28.74,
  19.06,
  13.13,
  9.97,
  8.41,
  7.63,
  7.31,
  7.23,
  7.19,
  7.11,
  6.99,
  6.94,
  6.84,
  6.76,
  6.71,
  6.64,
  6.63,
  6.55,
  6.51,
  6.52,
  6.42,
  6.27,
  6.13,
  5.95,
  5.85,
  5.74,
  5.73,
  5.73,
  5.63,
  5.61,
  5.57,
  5.51,
  5.5,
  5.51,
  5.5,
  5.48,
  5.48,
  5.49,
  5.47,
  5.49,
  5.5,
  5.5,
  5.5,
  5.49,
  5.47,
  5.48,
  5.5,
  5.48,
  5.48,
  5.5,
  5.52,
  5.51,
  5.5,
  5.49,
  5.52,
  5.5,
  5.51,
  5.47,
  5.5,
  5.48,
  5.5,
  5.5,
  5.5,
  5.52,
  5.52,
  5.51,
  5.5,
  5.49,
  5.5,
  5.5,
  5.52,
  5.5,
  5.51,
  5.5,
  5.5,
  5.48,
  5.47,
  5.5,
  5.48,
  5.5,
  5.5,
  5.48,
  5.49,
  5.5,
  5.52,
  5.52,
  5.51,
  5.49,
  5.5,
  5.51,
  5.5,
  5.5,
  5.5,
  5.5
 ]
}