{
 "theta_star": 72.17566806068002,
 "after_same_kick": 9.961708551431656,
 "after_orth_kick": 11.010538753768236,
 "traj_same": [
  2.97,
  6.55,
  8.11,
  8.84,
  9.21,
  9.46,
  9.65,
  9.77,
  9.89,
  9.96,
  9.97,
  9.97,
  9.97,
  9.91,
  9.88,
  9.88,
  9.91,
  9.95,
  9.96,
  9.96,
  9.96,
  9.95,
  10.01,
  10.05,
  10.12,
  10.16,
  10.16,
  10.17,
  10.2,
  10.16,
  10.18,
  10.18,
  10.07,
  10.01,
  9.95,
  9.97,
  9.99,
  9.98,
  10.02,
  10.04,
  10.04,
  9.98,
  9.94,
  9.92,
  9.88,
  9.88,
  9.92,
  9.93,
  9.96,
  9.96,
  9.91,
  9.88,
  9.87,
  9.86,
  9.87,
  9.9,
  9.95,
  9.96,
  9.98,
  10.0,
  10.03,
  10.04,
  10.06,
  10.04,
  10.08,
  10.1,
  10.15,
  10.19,
  10.19,
  10.19,
  10.19,
  10.19,
  10.21,
  10.27,
  10.31,
  10.32,
  10.3,
  10.24,
  10.25,
  10.24,
  10.24,
  10.2,
  10.19,
  10.22,
  10.2,
  10.18,
  10.14,
  10.07,
  10.03,
  9.96,
  9.96,
  9.98,
  10.0,
  9.99,
  9.96,
  9.95,
  9.95,
  9.95,
  9.94,
  9.93
 ],
 "traj_orth": [
  89.73,
  86.58,
  82.36,
  76.92,
  70.22,
  62.53,
  54.27,
  46.05,
  38.36,
  31.56,
  25.93,
  21.62,
  18.61,
  16.47,
  14.95,
  13.9,
  13.14,
  12.62,
  12.26,
  12.12,
  12.05,
  11.99,
  11.98,
  11.91,
  11.9,
  11.92,
  11.9,
  11.85,
  11.8,
  11.73,
  11.75,
  11.73,
  11.66,
  11.64,
  11.62,
  11.63,
  11.63,
  11.59,
  11.58,
  11.53,
  11.47,
  11.41,
  11.37,
  11.38,
  11.34,
  11.33,
  11.34,
  11.29,
  11.29,
  11.25,
  11.17,
  11.17,
  11.18,
  11.15,
  11.15,
  11.1,
  11.09,
  11.09,
  11.11,
  11.16,
  11.22,
  11.24,
  11.26,
  11.24,
  11.24,
  11.2,
  11.22,
  11.25,
  11.28,
  11.3,
  11.3,
  11.28,
  11.28,
  11.31,
  11.31,
  11.34,
  11.36,
  11.32,
  11.33,
  11.37,
  11.37,
  11.35,
  11.33,
  11.35,
  11.38,
  11.45,
  11.48,
  11.45,
  11.44,
  11.38,
  11.31,
  11.23,
  11.15,
  11.12,
  11.04,
  10.96,
  10.88,
  10.85,
  10.8,
  10.76
 ]
}