{
 "theta_star": 31.353121174232843,
 "after_same_kick": 25.4465279011267,
 "after_orth_kick": 26.287989803536686,
 "traj_same": [
  2.9,
  8.44,
  12.23,
  15.0,
  17.11,
  18.81,
  20.12,
  21.14,
  21.99,
  22.68,
  23.22,
  23.64,
  23.99,
  24.27,
  24.55,
  24.7,
  24.82,
  24.92,
  24.99,
  25.06,
  25.16,
  25.21,
  25.28,
  25.35,
  25.39,
  25.44,
  25.45,
  25.45,
  25.47,
  25.52,
  25.56,
  25.57,
  25.6,
  25.65,
  25.64,
  25.65,
  25.65,
  25.66,
  25.66,
  25.69,
  25.74,
  25.75,
  25.79,
  25.8,
  25.81,
  25.85,
  25.85,
  25.88,
  25.87,
  25.86,
  25.86,
  25.88,
  25.9,
  25.94,
  25.97,
  25.99,
  26.02,
  26.04,
  26.06,
  26.04,
  26.03,
  26.01,
  26.02,
  26.06,
  26.06,
  26.06,
  26.03,
  25.97,
  25.9,
  25.82,
  25.71,
  25.66,
  25.6,
  25.57,
  25.49,
  25.48,
  25.45,
  25.41,
  25.42,
  25.41,
  25.41,
  25.42,
  25.46,
  25.46,
  25.46,
  25.43,
  25.44,
  25.41,
  25.4,
  25.42,
  25.44,
  25.43,
  25.43,
  25.45,
  25.48,
  25.45,
  25.44,
  25.44,
  25.47,
  25.44
 ],
 "traj_orth": [
  89.7,
  86.06,
  80.88,
  74.2,
  66.47,
  58.29,
  50.32,
  42.95,
  36.42,
  30.97,
  26.72,
  23.56,
  21.46,
  20.24,
  19.76,
  19.7,
  20.0,
  20.49,
  21.04,
  21.61,
  22.2,
  22.72,
  23.24,
  23.7,
  24.12,
  24.46,
  24.73,
  24.97,
  25.18,
  25.39,
  25.58,
  25.72,
  25.87,
  26.02,
  26.09,
  26.16,
  26.22,
  26.26,
  26.26,
  26.28,
  26.31,
  26.31,
  26.36,
  26.35,
  26.38,
  26.44,
  26.42,
  26.44,
  26.44,
  26.43,
  26.42,
  26.45,
  26.47,
  26.49,
  26.48,
  26.46,
  26.48,
  26.51,
  26.53,
  26.54,
  26.58,
  26.59,
  26.62,
  26.64,
  26.64,
  26.63,
  26.59,
  26.52,
  26.49,
  26.47,
  26.45,
  26.49,
  26.48,
  26.47,
  26.39,
  26.38,
  26.34,
  26.26,
  26.27,
  26.26,
  26.25,
  26.27,
  26.3,
  26.32,
  26.31,
  26.27,
  26.28,
  26.25,
  26.25,
  26.26,
  26.27,
  26.25,
  26.27,
  26.29,
  26.33,
  26.3,
  26.28,
  26.28,
  26.32,
  26.28
 ]
}