{
 "theta_star": 46.68380890262398,
 "after_same_kick": 7.193438854627575,
 "after_orth_kick": 7.315664099949086,
 "traj_same": [
  2.22,
  5.65,
  6.65,
  7.0,
  7.12,
  7.2,
  7.21,
  7.2,
  7.2,
  7.22,
  7.22,
  7.22,
  7.2,
  7.21,
  7.27,
  7.28,
  7.3,
  7.3,
  7.29,
  7.28,
  7.31,
  7.26,
  7.27,
  7.28,
  7.32,
  7.35,
  7.34,
  7.31,
  7.31,
  7.31,
  7.31,
  7.28,
  7.32,
  7.35,
  7.34,
  7.33,
  7.31,
  7.31,
  7.29,
  7.29,
  7.3,
  7.3,
  7.32,
  7.33,
  7.32,
  7.32,
  7.28,
  7.28,
  7.25,
  7.21,
  7.19,
  7.17,
  7.16,
  7.18,
  7.18,
  7.17,
  7.18,
  7.16,
  7.17,
  7.17,
  7.18,
  7.19,
  7.2,
  7.21,
  7.2,
  7.19,
  7.18,
  7.16,
  7.17,
  7.2,
  7.17,
  7.2,
  7.19,
  7.2,
  7.18,
  7.19,
  7.2,
  7.19,
  7.2,
  7.18,
  7.19,
  7.21,
  7.2,
  7.2,
  7.21,
  7.19,
  7.2,
  7.2,
  7.19,
  7.19,
  7.19,
  7.19,
  7.19,
  7.2,
  7.21,
  7.17,
  7.19,
  7.19,
  7.22,
  7.19
 ],
 "traj_orth": [
  89.7,
  86.04,
  80.55,
  72.62,
  62.36,
  50.81,
  39.43,
  29.41,
  21.67,
  16.56,
  13.5,
  11.55,
  10.22,
  9.43,
  9.09,
  8.87,
  8.66,
  8.5,
  8.36,
  8.19,
  8.1,
  8.02,
  7.99,
  8.0,
  8.0,
  8.01,
  7.96,
  7.86,
  7.8,
  7.8,
  7.78,
  7.74,
  7.73,
  7.75,
  7.72,
  7.7,
  7.68,
  7.7,
  7.72,
  7.75,
  7.75,
  7.74,
  7.75,
  7.75,
  7.72,
  7.75,
  7.73,
  7.74,
  7.67,
  7.59,
  7.53,
  7.48,
  7.47,
  7.49,
  7.53,
  7.54,
  7.51,
  7.46,
  7.43,
  7.41,
  7.39,
  7.37,
  7.34,
  7.33,
  7.34,
  7.34,
  7.35,
  7.32,
  7.31,
  7.33,
  7.3,
  7.33,
  7.33,
  7.36,
  7.34,
  7.34,
  7.33,
  7.32,
  7.33,
  7.31,
  7.31,
  7.34,
  7.32,
  7.32,
  7.33,
  7.3,
  7.31,
  7.31,
  7.31,
  7.32,
  7.32,
  7.31,
  7.32,
  7.33,
  7.34,
  7.29,
  7.3,
  7.31,
  7.32,
  7.3
 ]
}