{
 "theta_star": 21.59504773356704,
 "after_same_kick": 21.105799237616115,
 "after_orth_kick": 21.20287920596575,
 "traj_same": [
  2.98,
  8.31,
  11.67,
  13.93,
  15.56,
  16.74,
  17.6,
  18.28,
  18.79,
  19.17,
  19.49,
  19.75,
  19.96,
  20.11,
  20.23,
  20.33,
  20.39,
  20.42,
  20.47,
  20.51,
  20.55,
  20.61,
  20.7,
  20.74,
  20.76,
  20.78,
  20.83,
  20.84,
  20.86,
  20.9,
  20.94,
  20.98,
  20.98,
  20.97,
  20.98,
  21.03,
  21.05,
  21.07,
  21.03,
  21.05,
  21.06,
  21.08,
  21.03,
  21.06,
  21.1,
  21.1,
  21.11,
  21.11,
  21.12,
  21.13,
  21.12,
  21.14,
  21.17,
  21.21,
  21.24,
  21.25,
  21.24,
  21.2,
  21.19,
  21.21,
  21.21,
  21.21,
  21.21,
  21.19,
  21.17,
  21.18,
  21.17,
  21.17,
  21.19,
  21.19,
  21.18,
  21.19,
  21.18,
  21.16,
  21.15,
  21.13,
  21.14,
  21.19,
  21.19,
  21.23,
  21.22,
  21.21,
  21.19,
  21.14,
  21.1,
  21.14,
  21.17,
  21.19,
  21.19,
  21.17,
  21.14,
  21.14,
  21.12,
  21.11,
  21.13,
  21.09,
  21.09,
  21.08,
  21.08,
  21.08
 ],
 "traj_orth": [
  89.71,
  86.09,
  80.16,
  71.85,
  61.9,
  51.47,
  41.65,
  33.12,
  26.4,
  21.58,
  18.42,
  16.68,
  16.0,
  15.95,
  16.3,
  16.84,
  17.39,
  17.88,
  18.35,
  18.76,
  19.1,
  19.4,
  19.69,
  19.93,
  20.13,
  20.32,
  20.49,
  20.6,
  20.7,
  20.79,
  20.86,
  20.91,
  20.94,
  21.0,
  21.04,
  21.1,
  21.13,
  21.16,
  21.14,
  21.17,
  21.18,
  21.19,
  21.17,
  21.2,
  21.25,
  21.23,
  21.23,
  21.23,
  21.24,
  21.25,
  21.24,
  21.25,
  21.28,
  21.33,
  21.36,
  21.36,
  21.36,
  21.33,
  21.3,
  21.3,
  21.28,
  21.28,
  21.28,
  21.25,
  21.24,
  21.26,
  21.27,
  21.27,
  21.28,
  21.27,
  21.26,
  21.27,
  21.27,
  21.25,
  21.24,
  21.23,
  21.24,
  21.3,
  21.29,
  21.31,
  21.29,
  21.27,
  21.26,
  21.21,
  21.18,
  21.21,
  21.23,
  21.25,
  21.25,
  21.22,
  21.2,
  21.24,
  21.25,
  21.24,
  21.24,
  21.19,
  21.18,
  21.17,
  21.16,
  21.17
 ]
}