{
 "theta_star": 6.856924507608795,
 "after_same_kick": 5.290647953824129,
 "after_orth_kick": 5.428783327927951,
 "traj_same": [
  1.47,
  4.69,
  5.19,
  5.3,
  5.34,
  5.32,
  5.32,
  5.34,
  5.32,
  5.31,
  5.32,
  5.31,
  5.32,
  5.33,
  5.32,
  5.32,
  5.31,
  5.33,
  5.32,
  5.31,
  5.33,
  5.32,
  5.32,
  5.31,
  5.3,
  5.33,
  5.32,
  5.32,
  5.31,
  5.32,
  5.32,
  5.31,
  5.31,
  5.31,
  5.31,
  5.31,
  5.3,
  5.31,
  5.3,
  5.31,
  5.3,
  5.3,
  5.3,
  5.3,
  5.29,
  5.31,
  5.32,
  5.32,
  5.31,
  5.31,
  5.31,
  5.29,
  5.29,
  5.29,
  5.31,
  5.32,
  5.31,
  5.3,
  5.31,
  5.3,
  5.32,
  5.32,
  5.32,
  5.31,
  5.29,
  5.28,
  5.3,
  5.27,
  5.28,
  5.28,
  5.3,
  5.29,
  5.29,
  5.29,
  5.28,
  5.3,
  5.29,
  5.29,
  5.29,
  5.27,
  5.29,
  5.28,
  5.29,
  5.28,
  5.27,
  5.29,
  5.29,
  5.29,
  5.29,
  5.29,
  5.29,
  5.29,
  5.29,
  5.3,
  5.3,
  5.29,
  5.3,
  5.3,
  5.28,
  5.28
 ],
 "traj_orth": [
  89.72,
  86.05,
  79.64,
  69.15,
  55.05,
  39.93,
  26.99,
  17.62,
  11.97,
  9.27,
  7.88,
  6.98,
  6.52,
  6.41,
  6.37,
  6.34,
  6.3,
  6.34,
  6.34,
  6.35,
  6.31,
  6.31,
  6.23,
  6.02,
  5.91,
  5.91,
  5.93,
  5.92,
  5.91,
  5.88,
  5.81,
  5.72,
  5.66,
  5.62,
  5.59,
  5.57,
  5.52,
  5.51,
  5.5,
  5.5,
  5.46,
  5.46,
  5.45,
  5.45,
  5.46,
  5.5,
  5.52,
  5.51,
  5.47,
  5.47,
  5.46,
  5.44,
  5.47,
  5.5,
  5.51,
  5.5,
  5.47,
  5.45,
  5.45,
  5.44,
  5.48,
  5.51,
  5.52,
  5.52,
  5.49,
  5.46,
  5.46,
  5.41,
  5.42,
  5.43,
  5.48,
  5.48,
  5.49,
  5.47,
  5.45,
  5.45,
  5.43,
  5.42,
  5.44,
  5.45,
  5.48,
  5.47,
  5.46,
  5.44,
  5.41,
  5.43,
  5.44,
  5.45,
  5.45,
  5.44,
  5.45,
  5.44,
  5.44,
  5.44,
  5.44,
  5.43,
  5.43,
  5.42,
  5.41,
  5.4
 ]
}