{
 "theta_star": 4.257745802615634,
 "after_same_kick": 4.233034626293803,
 "after_orth_kick": 4.232555977358295,
 "traj_same": [
  1.38,
  4.02,
  4.21,
  4.26,
  4.24,
  4.23,
  4.25,
  4.26,
  4.25,
  4.24,
  4.25,
  4.24,
  4.24,
  4.25,
  4.24,
  4.23,
  4.25,
  4.25,
  4.24,
  4.24,
  4.24,
  4.24,
  4.25,
  4.25,
  4.25,
  4.24,
  4.25,
  4.25,
  4.26,
  4.26,
  4.25,
  4.25,
  4.25,
  4.25,
  4.26,
  4.26,
  4.26,
  4.25,
  4.26,
  4.25,
  4.24,
  4.24,
  4.23,
  4.23,
  4.23,
  4.24,
  4.25,
  4.24,
  4.25,
  4.24,
  4.25,
  4.24,
  4.25,
  4.25,
  4.25,
  4.25,
  4.24,
  4.24,
  4.25,
  4.25,
  4.24,
  4.24,
  4.25,
  4.25,
  4.22,
  4.24,
  4.23,
  4.25,
  4.22,
  4.24,
  4.25,
  4.23,
  4.25,
  4.24,
  4.24,
  4.24,
  4.24,
  4.26,
  4.25,
  4.24,
  4.24,
  4.23,
  4.24,
  4.23,
  4.23,
  4.24,
  4.22,
  4.23,
  4.23,
  4.24,
  4.23,
  4.23,
  4.23,
  4.23,
  4.24,
  4.23,
  4.22,
  4.23,
  4.25,
  4.23
 ],
 "traj_orth": [
  89.73,
  85.74,
  77.13,
  62.23,
  44.41,
  28.58,
  16.34,
  9.23,
  6.28,
  4.85,
  4.34,
  4.25,
  4.24,
  4.25,
  4.24,
  4.23,
  4.25,
  4.25,
  4.24,
  4.24,
  4.24,
  4.24,
  4.25,
  4.25,
  4.26,
  4.24,
  4.26,
  4.25,
  4.26,
  4.26,
  4.25,
  4.25,
  4.25,
  4.25,
  4.26,
  4.27,
  4.26,
  4.25,
  4.26,
  4.25,
  4.24,
  4.24,
  4.23,
  4.23,
  4.23,
  4.24,
  4.25,
  4.24,
  4.24,
  4.24,
  4.25,
  4.24,
  4.25,
  4.25,
  4.25,
  4.25,
  4.24,
  4.24,
  4.24,
  4.25,
  4.24,
  4.24,
  4.25,
  4.25,
  4.22,
  4.24,
  4.23,
  4.25,
  4.22,
  4.24,
  4.25,
  4.23,
  4.25,
  4.24,
  4.23,
  4.24,
  4.24,
  4.25,
  4.25,
  4.24,
  4.24,
  4.23,
  4.24,
  4.23,
  4.23,
  4.24,
  4.22,
  4.23,
  4.23,
  4.24,
  4.23,
  4.23,
  4.23,
  4.23,
  4.24,
  4.23,
  4.22,
  4.23,
  4.25,
  4.23
 ]
}