{
 "theta_star": 11.778915191184254,
 "after_same_kick": 5.395472831109103,
 "after_orth_kick": 5.389690491761539,
 "traj_same": [
  1.67,
  4.81,
  5.31,
  5.4,
  5.43,
  5.44,
  5.44,
  5.42,
  5.43,
  5.4,
  5.41,
  5.41,
  5.41,
  5.41,
  5.38,
  5.4,
  5.4,
  5.41,
  5.41,
  5.41,
  5.44,
  5.41,
  5.38,
  5.39,
  5.38,
  5.41,
  5.4,
  5.39,
  5.41,
  5.39,
  5.4,
  5.39,
  5.39,
  5.38,
  5.39,
  5.41,
  5.42,
  5.4,
  5.4,
  5.42,
  5.41,
  5.41,
  5.43,
  5.41,
  5.41,
  5.41,
  5.42,
  5.41,
  5.4,
  5.4,
  5.42,
  5.39,
  5.41,
  5.41,
  5.41,
  5.4,
  5.41,
  5.43,
  5.41,
  5.42,
  5.39,
  5.41,
  5.42,
  5.4,
  5.39,
  5.38,
  5.39,
  5.39,
  5.39,
  5.4,
  5.41,
  5.39,
  5.42,
  5.4,
  5.4,
  5.41,
  5.42,
  5.4,
  5.42,
  5.39,
  5.4,
  5.39,
  5.41,
  5.41,
  5.4,
  5.39,
  5.42,
  5.4,
  5.4,
  5.41,
  5.4,
  5.39,
  5.37,
  5.39,
  5.38,
  5.39,
  5.42,
  5.39,
  5.4,
  5.41
 ],
 "traj_orth": [
  89.72,
  86.08,
  79.63,
  69.05,
  55.02,
  40.52,
  28.18,
  18.81,
  12.99,
  9.74,
  8.01,
  7.12,
  6.75,
  6.64,
  6.58,
  6.63,
  6.63,
  6.62,
  6.57,
  6.56,
  6.6,
  6.61,
  6.67,
  6.63,
  6.62,
  6.63,
  6.55,
  6.52,
  6.54,
  6.56,
  6.59,
  6.59,
  6.56,
  6.52,
  6.48,
  6.44,
  6.4,
  6.39,
  6.39,
  6.39,
  6.33,
  6.25,
  6.22,
  6.13,
  6.02,
  5.94,
  5.9,
  5.85,
  5.71,
  5.6,
  5.6,
  5.55,
  5.56,
  5.54,
  5.54,
  5.51,
  5.55,
  5.57,
  5.56,
  5.57,
  5.54,
  5.56,
  5.55,
  5.53,
  5.53,
  5.52,
  5.51,
  5.48,
  5.46,
  5.43,
  5.42,
  5.39,
  5.42,
  5.4,
  5.4,
  5.41,
  5.41,
  5.39,
  5.42,
  5.39,
  5.4,
  5.39,
  5.41,
  5.41,
  5.4,
  5.38,
  5.41,
  5.39,
  5.39,
  5.4,
  5.39,
  5.38,
  5.37,
  5.38,
  5.38,
  5.39,
  5.41,
  5.39,
  5.4,
  5.41
 ]
}