{
 "theta_star": 72.2371930763374,
 "after_same_kick": 10.403368494787362,
 "after_orth_kick": 11.10743140120022,
 "traj_same": [
  2.85,
  6.52,
  8.11,
  8.86,
  9.24,
  9.49,
  9.67,
  9.78,
  9.88,
  9.95,
  9.99,
  10.02,
  10.06,
  10.09,
  10.13,
  10.19,
  10.28,
  10.34,
  10.39,
  10.42,
  10.48,
  10.53,
  10.6,
  10.62,
  10.6,
  10.59,
  10.57,
  10.55,
  10.5,
  10.38,
  10.32,
  10.27,
  10.22,
  10.19,
  10.15,
  10.15,
  10.17,
  10.18,
  10.26,
  10.34,
  10.37,
  10.33,
  10.29,
  10.25,
  10.19,
  10.14,
  10.12,
  10.13,
  10.14,
  10.14,
  10.1,
  10.05,
  10.04,
  10.05,
  10.07,
  10.08,
  10.1,
  10.1,
  10.14,
  10.15,
  10.12,
  10.1,
  10.09,
  10.04,
  10.04,
  10.08,
  10.18,
  10.28,
  10.31,
  10.3,
  10.29,
  10.28,
  10.29,
  10.32,
  10.35,
  10.43,
  10.52,
  10.54,
  10.53,
  10.5,
  10.49,
  10.43,
  10.43,
  10.48,
  10.52,
  10.58,
  10.57,
  10.52,
  10.46,
  10.4,
  10.39,
  10.43,
  10.44,
  10.47,
  10.43,
  10.42,
  10.4,
  10.37,
  10.35,
  10.33
 ],
 "traj_orth": [
  89.72,
  86.56,
  82.34,
  76.89,
  70.18,
  62.49,
  54.24,
  46.07,
  38.49,
  31.81,
  26.26,
  21.97,
  18.97,
  16.88,
  15.43,
  14.43,
  13.66,
  13.08,
  12.65,
  12.41,
  12.28,
  12.19,
  12.2,
  12.26,
  12.24,
  12.18,
  12.06,
  12.0,
  11.94,
  11.84,
  11.82,
  11.81,
  11.75,
  11.73,
  11.72,
  11.77,
  11.78,
  11.77,
  11.79,
  11.77,
  11.74,
  11.72,
  11.73,
  11.75,
  11.72,
  11.7,
  11.71,
  11.69,
  11.69,
  11.64,
  11.58,
  11.56,
  11.52,
  11.42,
  11.42,
  11.43,
  11.45,
  11.44,
  11.44,
  11.44,
  11.43,
  11.39,
  11.35,
  11.31,
  11.33,
  11.3,
  11.32,
  11.32,
  11.37,
  11.34,
  11.3,
  11.28,
  11.28,
  11.34,
  11.37,
  11.4,
  11.39,
  11.31,
  11.23,
  11.16,
  11.1,
  11.04,
  11.01,
  11.06,
  11.08,
  11.13,
  11.18,
  11.2,
  11.22,
  11.2,
  11.19,
  11.18,
  11.18,
  11.21,
  11.21,
  11.15,
  11.07,
  11.01,
  10.96,
  10.91
 ]
}