{
 "theta_star": 27.486981041315577,
 "after_same_kick": 24.625966703569446,
 "after_orth_kick": 24.65174644258152,
 "traj_same": [
  3.93,
  8.81,
  12.33,
  14.88,
  16.83,
  18.29,
  19.44,
  20.36,
  21.1,
  21.75,
  22.26,
  22.68,
  22.98,
  23.26,
  23.49,
  23.67,
  23.78,
  23.93,
  24.06,
  24.16,
  24.29,
  24.34,
  24.39,
  24.41,
  24.45,
  24.45,
  24.49,
  24.55,
  24.58,
  24.63,
  24.65,
  24.65,
  24.65,
  24.66,
  24.7,
  24.67,
  24.73,
  24.75,
  24.76,
  24.74,
  24.74,
  24.73,
  24.74,
  24.75,
  24.71,
  24.73,
  24.74,
  24.72,
  24.76,
  24.78,
  24.83,
  24.83,
  24.87,
  24.89,
  24.95,
  24.98,
  25.01,
  24.99,
  24.99,
  24.95,
  24.89,
  24.89,
  24.86,
  24.82,
  24.85,
  24.82,
  24.79,
  24.73,
  24.65,
  24.62,
  24.63,
  24.57,
  24.55,
  24.54,
  24.52,
  24.51,
  24.53,
  24.57,
  24.57,
  24.57,
  24.53,
  24.53,
  24.54,
  24.55,
  24.56,
  24.56,
  24.62,
  24.65,
  24.61,
  24.66,
  24.62,
  24.62,
  24.64,
  24.61,
  24.61,
  24.61,
  24.65,
  24.61,
  24.64,
  24.64
 ],
 "traj_orth": [
  89.71,
  86.24,
  81.36,
  75.02,
  67.63,
  59.68,
  51.75,
  44.27,
  37.41,
  31.45,
  26.63,
  22.94,
  20.46,
  19.03,
  18.41,
  18.28,
  18.5,
  18.92,
  19.5,
  20.08,
  20.71,
  21.2,
  21.65,
  22.06,
  22.44,
  22.73,
  23.03,
  23.33,
  23.55,
  23.79,
  23.97,
  24.08,
  24.17,
  24.22,
  24.28,
  24.26,
  24.3,
  24.34,
  24.38,
  24.42,
  24.49,
  24.52,
  24.54,
  24.56,
  24.53,
  24.57,
  24.6,
  24.61,
  24.66,
  24.69,
  24.74,
  24.74,
  24.78,
  24.82,
  24.88,
  24.92,
  24.95,
  24.91,
  24.9,
  24.88,
  24.89,
  24.93,
  24.92,
  24.88,
  24.89,
  24.85,
  24.82,
  24.76,
  24.71,
  24.66,
  24.67,
  24.61,
  24.61,
  24.6,
  24.56,
  24.55,
  24.57,
  24.63,
  24.65,
  24.66,
  24.63,
  24.62,
  24.62,
  24.61,
  24.6,
  24.59,
  24.63,
  24.66,
  24.63,
  24.68,
  24.64,
  24.63,
  24.66,
  24.64,
  24.65,
  24.65,
  24.69,
  24.64,
  24.67,
  24.65
 ]
}