{
 "theta_star": 23.317125014502984,
 "after_same_kick": 21.432921156544573,
 "after_orth_kick": 21.32833113104946,
 "traj_same": [
  2.79,
  8.32,
  11.89,
  14.31,
  16.07,
  17.35,
  18.32,
  19.04,
  19.56,
  19.97,
  20.29,
  20.49,
  20.67,
  20.83,
  20.93,
  21.02,
  21.09,
  21.19,
  21.24,
  21.26,
  21.26,
  21.27,
  21.26,
  21.26,
  21.28,
  21.3,
  21.29,
  21.28,
  21.29,
  21.25,
  21.26,
  21.29,
  21.28,
  21.28,
  21.3,
  21.31,
  21.32,
  21.34,
  21.36,
  21.35,
  21.34,
  21.34,
  21.35,
  21.31,
  21.29,
  21.28,
  21.31,
  21.32,
  21.34,
  21.35,
  21.37,
  21.36,
  21.36,
  21.36,
  21.36,
  21.36,
  21.36,
  21.36,
  21.36,
  21.39,
  21.4,
  21.41,
  21.41,
  21.39,
  21.4,
  21.37,
  21.36,
  21.32,
  21.29,
  21.29,
  21.27,
  21.27,
  21.27,
  21.3,
  21.33,
  21.28,
  21.28,
  21.28,
  21.28,
  21.33,
  21.36,
  21.37,
  21.36,
  21.38,
  21.36,
  21.32,
  21.32,
  21.34,
  21.36,
  21.38,
  21.37,
  21.38,
  21.39,
  21.43,
  21.45,
  21.46,
  21.47,
  21.46,
  21.46,
  21.46
 ],
 "traj_orth": [
  89.69,
  85.72,
  79.34,
  70.43,
  59.83,
  49.0,
  39.15,
  31.02,
  24.86,
  20.47,
  17.69,
  16.29,
  15.93,
  16.22,
  16.77,
  17.45,
  18.1,
  18.75,
  19.29,
  19.73,
  20.08,
  20.42,
  20.7,
  20.89,
  21.06,
  21.21,
  21.3,
  21.36,
  21.43,
  21.42,
  21.42,
  21.45,
  21.44,
  21.45,
  21.46,
  21.47,
  21.49,
  21.5,
  21.53,
  21.49,
  21.47,
  21.47,
  21.47,
  21.45,
  21.46,
  21.49,
  21.53,
  21.53,
  21.53,
  21.51,
  21.51,
  21.48,
  21.47,
  21.46,
  21.45,
  21.43,
  21.4,
  21.38,
  21.35,
  21.35,
  21.37,
  21.39,
  21.41,
  21.4,
  21.41,
  21.38,
  21.37,
  21.33,
  21.3,
  21.29,
  21.27,
  21.27,
  21.28,
  21.3,
  21.32,
  21.26,
  21.25,
  21.25,
  21.25,
  21.29,
  21.31,
  21.31,
  21.32,
  21.36,
  21.36,
  21.33,
  21.33,
  21.33,
  21.34,
  21.35,
  21.32,
  21.31,
  21.3,
  21.31,
  21.32,
  21.31,
  21.33,
  21.34,
  21.36,
  21.38
 ]
}