{
 "theta_star": 28.94696888943352,
 "after_same_kick": 25.602527004039263,
 "after_orth_kick": 25.81142684036353,
 "traj_same": [
  3.82,
  8.83,
  12.44,
  15.14,
  17.17,
  18.84,
  20.11,
  21.08,
  21.89,
  22.55,
  23.07,
  23.46,
  23.8,
  24.06,
  24.35,
  24.53,
  24.68,
  24.81,
  24.9,
  24.99,
  25.12,
  25.13,
  25.18,
  25.23,
  25.27,
  25.31,
  25.31,
  25.33,
  25.34,
  25.38,
  25.38,
  25.35,
  25.37,
  25.41,
  25.38,
  25.38,
  25.41,
  25.4,
  25.39,
  25.4,
  25.43,
  25.41,
  25.46,
  25.46,
  25.45,
  25.49,
  25.46,
  25.51,
  25.52,
  25.51,
  25.51,
  25.55,
  25.55,
  25.57,
  25.58,
  25.58,
  25.59,
  25.57,
  25.57,
  25.58,
  25.61,
  25.61,
  25.66,
  25.69,
  25.69,
  25.7,
  25.69,
  25.66,
  25.68,
  25.73,
  25.72,
  25.79,
  25.83,
  25.89,
  25.87,
  25.92,
  25.93,
  25.91,
  25.96,
  25.94,
  25.9,
  25.87,
  25.88,
  25.85,
  25.8,
  25.74,
  25.78,
  25.75,
  25.74,
  25.72,
  25.72,
  25.68,
  25.66,
  25.66,
  25.65,
  25.56,
  25.53,
  25.51,
  25.55,
  25.5
 ],
 "traj_orth": [
  89.7,
  86.08,
  80.91,
  74.22,
  66.46,
  58.23,
  50.22,
  42.81,
  36.23,
  30.66,
  26.26,
  22.97,
  20.79,
  19.53,
  19.08,
  19.07,
  19.44,
  19.99,
  20.59,
  21.22,
  21.88,
  22.36,
  22.83,
  23.25,
  23.64,
  23.97,
  24.23,
  24.45,
  24.6,
  24.77,
  24.9,
  24.99,
  25.12,
  25.26,
  25.3,
  25.35,
  25.41,
  25.45,
  25.46,
  25.49,
  25.47,
  25.43,
  25.45,
  25.42,
  25.38,
  25.42,
  25.39,
  25.44,
  25.45,
  25.44,
  25.46,
  25.5,
  25.52,
  25.56,
  25.6,
  25.62,
  25.64,
  25.63,
  25.64,
  25.66,
  25.7,
  25.71,
  25.75,
  25.81,
  25.82,
  25.83,
  25.81,
  25.78,
  25.78,
  25.82,
  25.8,
  25.87,
  25.91,
  25.98,
  25.97,
  26.01,
  26.03,
  26.02,
  26.08,
  26.07,
  26.04,
  26.05,
  26.1,
  26.08,
  26.05,
  25.99,
  26.02,
  25.98,
  25.98,
  25.96,
  25.95,
  25.9,
  25.87,
  25.88,
  25.88,
  25.8,
  25.76,
  25.72,
  25.71,
  25.64
 ]
}