{
 "theta_star": 34.05761636359171,
 "after_same_kick": 7.1190099280479995,
 "after_orth_kick": 7.357872701036567,
 "traj_same": [
  2.13,
  5.69,
  6.67,
  6.97,
  7.07,
  7.13,
  7.16,
  7.15,
  7.17,
  7.19,
  7.23,
  7.29,
  7.38,
  7.42,
  7.46,
  7.48,
  7.53,
  7.56,
  7.59,
  7.62,
  7.64,
  7.62,
  7.6,
  7.53,
  7.44,
  7.4,
  7.36,
  7.37,
  7.48,
  7.47,
  7.5,
  7.46,
  7.4,
  7.38,
  7.31,
  7.28,
  7.25,
  7.2,
  7.21,
  7.21,
  7.2,
  7.17,
  7.15,
  7.16,
  7.14,
  7.15,
  7.16,
  7.17,
  7.18,
  7.16,
  7.12,
  7.09,
  7.09,
  7.07,
  7.07,
  7.08,
  7.11,
  7.1,
  7.09,
  7.09,
  7.1,
  7.09,
  7.1,
  7.07,
  7.09,
  7.08,
  7.09,
  7.09,
  7.09,
  7.11,
  7.1,
  7.1,
  7.09,
  7.09,
  7.1,
  7.1,
  7.1,
  7.09,
  7.09,
  7.08,
  7.09,
  7.07,
  7.06,
  7.08,
  7.07,
  7.1,
  7.1,
  7.09,
  7.1,
  7.1,
  7.11,
  7.12,
  7.11,
  7.1,
  7.11,
  7.12,
  7.12,
  7.12,
  7.13,
  7.14
 ],
 "traj_orth": [
  89.73,
  86.39,
  81.31,
  73.99,
  64.42,
  53.42,
  42.35,
  32.39,
  24.3,
  18.34,
  14.4,
  11.94,
  10.52,
  9.85,
  9.54,
  9.34,
  9.23,
  9.18,
  9.09,
  8.98,
  8.9,
  8.8,
  8.82,
  8.79,
  8.7,
  8.62,
  8.48,
  8.45,
  8.45,
  8.41,
  8.45,
  8.43,
  8.41,
  8.4,
  8.38,
  8.47,
  8.55,
  8.54,
  8.51,
  8.41,
  8.24,
  8.08,
  8.04,
  8.04,
  8.03,
  8.08,
  8.12,
  8.14,
  8.14,
  8.1,
  8.07,
  8.05,
  8.04,
  8.01,
  7.98,
  7.98,
  8.02,
  8.02,
  7.96,
  7.89,
  7.85,
  7.79,
  7.73,
  7.66,
  7.65,
  7.6,
  7.6,
  7.56,
  7.5,
  7.43,
  7.35,
  7.33,
  7.31,
  7.32,
  7.35,
  7.36,
  7.38,
  7.36,
  7.33,
  7.33,
  7.32,
  7.31,
  7.31,
  7.35,
  7.34,
  7.36,
  7.35,
  7.31,
  7.31,
  7.31,
  7.33,
  7.35,
  7.36,
  7.36,
  7.37,
  7.36,
  7.34,
  7.35,
  7.37,
  7.38
 ]
}