{
 "theta_star": 39.14334890687994,
 "after_same_kick": 33.43312651320739,
 "after_orth_kick": 33.8114990391321,
 "traj_same": [
  3.44,
  8.52,
  12.04,
  14.67,
  16.85,
  18.65,
  20.19,
  21.53,
  22.72,
  23.72,
  24.57,
  25.29,
  25.94,
  26.53,
  27.07,
  27.51,
  27.87,
  28.23,
  28.53,
  28.8,
  29.04,
  29.23,
  29.42,
  29.6,
  29.76,
  29.92,
  30.04,
  30.16,
  30.29,
  30.37,
  30.46,
  30.53,
  30.61,
  30.68,
  30.71,
  30.8,
  30.85,
  30.92,
  30.99,
  31.07,
  31.18,
  31.25,
  31.36,
  31.47,
  31.52,
  31.63,
  31.71,
  31.79,
  31.84,
  31.88,
  31.96,
  31.98,
  32.09,
  32.14,
  32.15,
  32.16,
  32.23,
  32.22,
  32.23,
  32.29,
  32.37,
  32.49,
  32.57,
  32.62,
  32.64,
  32.69,
  32.66,
  32.71,
  32.72,
  32.75,
  32.78,
  32.82,
  32.84,
  32.85,
  32.83,
  32.88,
  32.92,
  32.96,
  32.99,
  33.05,
  33.11,
  33.14,
  33.13,
  33.11,
  33.12,
  33.12,
  33.14,
  33.15,
  33.22,
  33.3,
  33.38,
  33.44,
  33.46,
  33.47,
  33.44,
  33.41,
  33.44,
  33.43,
  33.41,
  33.44
 ],
 "traj_orth": [
  89.72,
  86.59,
  82.59,
  77.73,
  72.17,
  66.12,
  59.74,
  53.37,
  47.19,
  41.48,
  36.38,
  31.98,
  28.27,
  25.29,
  23.1,
  21.54,
  20.56,
  20.12,
  20.08,
  20.37,
  20.87,
  21.47,
  22.14,
  22.84,
  23.53,
  24.23,
  24.87,
  25.46,
  26.03,
  26.53,
  27.02,
  27.47,
  27.88,
  28.25,
  28.53,
  28.84,
  29.08,
  29.34,
  29.58,
  29.8,
  29.98,
  30.11,
  30.26,
  30.43,
  30.56,
  30.71,
  30.82,
  30.95,
  31.07,
  31.15,
  31.25,
  31.28,
  31.36,
  31.4,
  31.41,
  31.47,
  31.6,
  31.65,
  31.72,
  31.81,
  31.89,
  32.0,
  32.09,
  32.19,
  32.3,
  32.41,
  32.47,
  32.55,
  32.61,
  32.67,
  32.72,
  32.77,
  32.8,
  32.81,
  32.81,
  32.89,
  32.98,
  33.05,
  33.09,
  33.15,
  33.24,
  33.29,
  33.3,
  33.33,
  33.38,
  33.4,
  33.42,
  33.46,
  33.54,
  33.62,
  33.69,
  33.75,
  33.77,
  33.79,
  33.79,
  33.79,
  33.86,
  33.88,
  33.88,
  33.9
 ]
}