{
 "theta_star": 23.676132774813837,
 "after_same_kick": 21.342030142826566,
 "after_orth_kick": 21.569401640751412,
 "traj_same": [
  3.16,
  8.54,
  12.01,
  14.39,
  16.1,
  17.35,
  18.24,
  18.9,
  19.44,
  19.86,
  20.19,
  20.43,
  20.63,
  20.76,
  20.85,
  20.96,
  21.04,
  21.08,
  21.11,
  21.12,
  21.16,
  21.17,
  21.19,
  21.22,
  21.22,
  21.23,
  21.23,
  21.25,
  21.25,
  21.28,
  21.3,
  21.29,
  21.33,
  21.3,
  21.28,
  21.27,
  21.27,
  21.3,
  21.31,
  21.32,
  21.34,
  21.32,
  21.32,
  21.33,
  21.31,
  21.31,
  21.3,
  21.32,
  21.32,
  21.37,
  21.41,
  21.45,
  21.42,
  21.4,
  21.4,
  21.39,
  21.42,
  21.44,
  21.44,
  21.41,
  21.41,
  21.39,
  21.36,
  21.33,
  21.29,
  21.29,
  21.3,
  21.28,
  21.24,
  21.21,
  21.2,
  21.19,
  21.2,
  21.24,
  21.28,
  21.28,
  21.28,
  21.26,
  21.26,
  21.24,
  21.26,
  21.31,
  21.3,
  21.29,
  21.3,
  21.29,
  21.3,
  21.31,
  21.3,
  21.29,
  21.29,
  21.31,
  21.29,
  21.28,
  21.32,
  21.36,
  21.38,
  21.41,
  21.41,
  21.37
 ],
 "traj_orth": [
  89.7,
  85.86,
  79.65,
  71.01,
  60.72,
  50.2,
  40.69,
  32.83,
  26.76,
  22.28,
  19.18,
  17.38,
  16.7,
  16.68,
  17.04,
  17.58,
  18.18,
  18.71,
  19.19,
  19.61,
  20.04,
  20.36,
  20.62,
  20.84,
  21.0,
  21.14,
  21.24,
  21.32,
  21.39,
  21.48,
  21.52,
  21.54,
  21.6,
  21.59,
  21.59,
  21.58,
  21.56,
  21.58,
  21.6,
  21.6,
  21.62,
  21.6,
  21.61,
  21.62,
  21.6,
  21.61,
  21.59,
  21.59,
  21.57,
  21.62,
  21.64,
  21.65,
  21.64,
  21.66,
  21.68,
  21.68,
  21.7,
  21.72,
  21.71,
  21.7,
  21.7,
  21.7,
  21.72,
  21.73,
  21.7,
  21.69,
  21.67,
  21.63,
  21.59,
  21.59,
  21.56,
  21.54,
  21.52,
  21.52,
  21.56,
  21.56,
  21.54,
  21.52,
  21.53,
  21.54,
  21.56,
  21.57,
  21.52,
  21.48,
  21.49,
  21.49,
  21.5,
  21.53,
  21.53,
  21.5,
  21.51,
  21.54,
  21.53,
  21.52,
  21.58,
  21.65,
  21.64,
  21.6,
  21.57,
  21.55
 ]
}