{
 "theta_star": 38.9777401465732,
 "after_same_kick": 7.1243536863414505,
 "after_orth_kick": 7.580289150555321,
 "traj_same": [
  2.03,
  5.56,
  6.53,
  6.85,
  6.97,
  7.02,
  7.05,
  7.11,
  7.13,
  7.12,
  7.13,
  7.09,
  7.1,
  7.1,
  7.13,
  7.13,
  7.15,
  7.14,
  7.13,
  7.11,
  7.08,
  7.07,
  7.04,
  7.06,
  7.06,
  7.06,
  7.03,
  6.99,
  6.99,
  6.99,
  6.95,
  6.96,
  6.98,
  6.98,
  7.0,
  6.99,
  7.01,
  7.01,
  7.0,
  7.01,
  7.03,
  7.09,
  7.13,
  7.2,
  7.21,
  7.17,
  7.17,
  7.15,
  7.13,
  7.15,
  7.17,
  7.24,
  7.28,
  7.28,
  7.25,
  7.2,
  7.19,
  7.15,
  7.13,
  7.12,
  7.13,
  7.09,
  7.04,
  7.01,
  7.01,
  7.0,
  7.0,
  6.99,
  7.0,
  6.99,
  7.01,
  7.01,
  7.01,
  7.02,
  7.0,
  7.0,
  7.02,
  7.04,
  7.07,
  7.07,
  7.08,
  7.09,
  7.12,
  7.11,
  7.1,
  7.08,
  7.13,
  7.14,
  7.13,
  7.13,
  7.11,
  7.11,
  7.1,
  7.1,
  7.09,
  7.12,
  7.15,
  7.16,
  7.15,
  7.16
 ],
 "traj_orth": [
  89.7,
  86.16,
  80.89,
  73.26,
  63.16,
  51.44,
  39.75,
  29.49,
  21.68,
  16.36,
  12.95,
  10.94,
  9.86,
  9.36,
  9.11,
  8.93,
  8.79,
  8.71,
  8.61,
  8.54,
  8.46,
  8.38,
  8.21,
  8.1,
  8.0,
  7.96,
  7.91,
  7.83,
  7.82,
  7.81,
  7.76,
  7.69,
  7.61,
  7.6,
  7.62,
  7.62,
  7.64,
  7.64,
  7.63,
  7.58,
  7.55,
  7.52,
  7.49,
  7.54,
  7.56,
  7.53,
  7.55,
  7.54,
  7.51,
  7.5,
  7.48,
  7.49,
  7.49,
  7.57,
  7.64,
  7.63,
  7.66,
  7.64,
  7.63,
  7.61,
  7.62,
  7.59,
  7.57,
  7.58,
  7.61,
  7.61,
  7.58,
  7.54,
  7.52,
  7.5,
  7.51,
  7.51,
  7.52,
  7.55,
  7.51,
  7.49,
  7.48,
  7.52,
  7.57,
  7.6,
  7.63,
  7.65,
  7.67,
  7.61,
  7.56,
  7.53,
  7.59,
  7.63,
  7.64,
  7.65,
  7.61,
  7.59,
  7.55,
  7.53,
  7.54,
  7.57,
  7.61,
  7.6,
  7.6,
  7.59
 ]
}