{
 "theta_star": 21.933904766077347,
 "after_same_kick": 20.512165019556342,
 "after_orth_kick": 20.695227967070117,
 "traj_same": [
  3.8,
  8.63,
  11.84,
  14.0,
  15.68,
  16.88,
  17.73,
  18.37,
  18.81,
  19.2,
  19.48,
  19.72,
  19.89,
  20.02,
  20.07,
  20.11,
  20.22,
  20.23,
  20.27,
  20.28,
  20.32,
  20.35,
  20.34,
  20.34,
  20.35,
  20.37,
  20.37,
  20.39,
  20.45,
  20.45,
  20.47,
  20.45,
  20.47,
  20.48,
  20.52,
  20.55,
  20.52,
  20.54,
  20.52,
  20.5,
  20.46,
  20.49,
  20.49,
  20.54,
  20.56,
  20.53,
  20.53,
  20.53,
  20.51,
  20.52,
  20.58,
  20.6,
  20.61,
  20.63,
  20.69,
  20.72,
  20.72,
  20.75,
  20.73,
  20.74,
  20.77,
  20.76,
  20.77,
  20.81,
  20.86,
  20.87,
  20.87,
  20.9,
  20.91,
  20.86,
  20.85,
  20.83,
  20.8,
  20.76,
  20.69,
  20.6,
  20.57,
  20.53,
  20.55,
  20.52,
  20.52,
  20.5,
  20.52,
  20.5,
  20.48,
  20.49,
  20.51,
  20.47,
  20.48,
  20.48,
  20.49,
  20.54,
  20.54,
  20.52,
  20.49,
  20.48,
  20.52,
  20.53,
  20.51,
  20.49
 ],
 "traj_orth": [
  89.74,
  86.29,
  80.65,
  72.78,
  63.26,
  53.33,
  43.91,
  35.61,
  28.8,
  23.59,
  20.01,
  17.95,
  17.0,
  16.75,
  16.87,
  17.16,
  17.6,
  17.97,
  18.33,
  18.67,
  18.99,
  19.26,
  19.46,
  19.67,
  19.86,
  20.04,
  20.15,
  20.23,
  20.38,
  20.46,
  20.55,
  20.56,
  20.6,
  20.6,
  20.65,
  20.67,
  20.66,
  20.71,
  20.73,
  20.72,
  20.68,
  20.71,
  20.71,
  20.75,
  20.78,
  20.76,
  20.78,
  20.81,
  20.79,
  20.8,
  20.83,
  20.84,
  20.84,
  20.87,
  20.92,
  20.96,
  20.97,
  21.01,
  20.99,
  20.99,
  21.03,
  21.04,
  21.06,
  21.1,
  21.15,
  21.18,
  21.22,
  21.28,
  21.25,
  21.17,
  21.1,
  21.02,
  21.01,
  21.01,
  21.01,
  20.95,
  20.91,
  20.84,
  20.83,
  20.82,
  20.83,
  20.81,
  20.79,
  20.73,
  20.68,
  20.67,
  20.67,
  20.62,
  20.64,
  20.66,
  20.68,
  20.71,
  20.69,
  20.66,
  20.63,
  20.62,
  20.69,
  20.74,
  20.77,
  20.77
 ]
}