{
 "theta_star": 24.565377466654674,
 "after_same_kick": 23.76504446165218,
 "after_orth_kick": 24.09890433624948,
 "traj_same": [
  3.4,
  8.32,
  11.67,
  14.01,
  15.78,
  17.17,
  18.24,
  19.12,
  19.88,
  20.48,
  20.94,
  21.35,
  21.68,
  21.95,
  22.19,
  22.39,
  22.55,
  22.73,
  22.85,
  22.97,
  23.07,
  23.19,
  23.27,
  23.36,
  23.46,
  23.54,
  23.6,
  23.65,
  23.71,
  23.76,
  23.77,
  23.79,
  23.83,
  23.8,
  23.86,
  23.92,
  23.91,
  23.88,
  23.82,
  23.78,
  23.75,
  23.71,
  23.69,
  23.7,
  23.71,
  23.73,
  23.77,
  23.73,
  23.73,
  23.73,
  23.73,
  23.73,
  23.71,
  23.67,
  23.67,
  23.69,
  23.73,
  23.71,
  23.72,
  23.75,
  23.73,
  23.73,
  23.74,
  23.75,
  23.76,
  23.78,
  23.76,
  23.74,
  23.71,
  23.73,
  23.68,
  23.67,
  23.64,
  23.63,
  23.63,
  23.64,
  23.66,
  23.64,
  23.67,
  23.67,
  23.69,
  23.73,
  23.77,
  23.75,
  23.7,
  23.72,
  23.7,
  23.63,
  23.61,
  23.64,
  23.65,
  23.7,
  23.74,
  23.74,
  23.77,
  23.74,
  23.77,
  23.83,
  23.85,
  23.87
 ],
 "traj_orth": [
  89.76,
  86.74,
  82.4,
  76.69,
  69.89,
  62.44,
  54.86,
  47.49,
  40.62,
  34.61,
  29.58,
  25.59,
  22.63,
  20.57,
  19.35,
  18.69,
  18.49,
  18.59,
  18.84,
  19.22,
  19.64,
  20.14,
  20.59,
  21.02,
  21.44,
  21.84,
  22.18,
  22.5,
  22.79,
  23.04,
  23.24,
  23.46,
  23.64,
  23.66,
  23.74,
  23.79,
  23.79,
  23.78,
  23.75,
  23.73,
  23.73,
  23.75,
  23.78,
  23.81,
  23.82,
  23.84,
  23.87,
  23.85,
  23.85,
  23.85,
  23.87,
  23.9,
  23.93,
  23.91,
  23.92,
  23.92,
  23.92,
  23.83,
  23.8,
  23.79,
  23.75,
  23.73,
  23.74,
  23.75,
  23.76,
  23.76,
  23.75,
  23.74,
  23.72,
  23.75,
  23.72,
  23.75,
  23.75,
  23.76,
  23.76,
  23.78,
  23.8,
  23.76,
  23.78,
  23.79,
  23.81,
  23.83,
  23.85,
  23.85,
  23.83,
  23.88,
  23.91,
  23.88,
  23.9,
  23.97,
  24.02,
  24.08,
  24.09,
  24.05,
  24.07,
  24.05,
  24.08,
  24.15,
  24.18,
  24.21
 ]
}