{
 "theta_star": 22.225046579795013,
 "after_same_kick": 20.358545491916043,
 "after_orth_kick": 20.660630755737245,
 "traj_same": [
  2.88,
  8.2,
  11.54,
  13.75,
  15.37,
  16.56,
  17.44,
  18.09,
  18.55,
  18.94,
  19.23,
  19.46,
  19.64,
  19.79,
  19.88,
  19.96,
  20.06,
  20.09,
  20.13,
  20.14,
  20.17,
  20.19,
  20.22,
  20.26,
  20.29,
  20.3,
  20.29,
  20.29,
  20.32,
  20.29,
  20.3,
  20.28,
  20.29,
  20.29,
  20.32,
  20.35,
  20.33,
  20.33,
  20.31,
  20.29,
  20.29,
  20.33,
  20.34,
  20.38,
  20.4,
  20.4,
  20.43,
  20.45,
  20.45,
  20.44,
  20.47,
  20.48,
  20.48,
  20.46,
  20.48,
  20.49,
  20.51,
  20.52,
  20.52,
  20.52,
  20.53,
  20.49,
  20.46,
  20.47,
  20.47,
  20.46,
  20.47,
  20.5,
  20.54,
  20.51,
  20.5,
  20.49,
  20.48,
  20.49,
  20.48,
  20.46,
  20.48,
  20.47,
  20.48,
  20.47,
  20.48,
  20.47,
  20.48,
  20.46,
  20.46,
  20.48,
  20.49,
  20.45,
  20.43,
  20.4,
  20.39,
  20.38,
  20.35,
  20.33,
  20.32,
  20.33,
  20.37,
  20.38,
  20.37,
  20.36
 ],
 "traj_orth": [
  89.73,
  86.28,
  80.63,
  72.75,
  63.26,
  53.35,
  43.95,
  35.68,
  28.86,
  23.65,
  20.07,
  18.0,
  17.04,
  16.77,
  16.9,
  17.21,
  17.64,
  18.04,
  18.44,
  18.79,
  19.14,
  19.45,
  19.71,
  19.95,
  20.16,
  20.32,
  20.44,
  20.48,
  20.57,
  20.61,
  20.67,
  20.69,
  20.75,
  20.79,
  20.82,
  20.83,
  20.82,
  20.82,
  20.83,
  20.83,
  20.85,
  20.89,
  20.89,
  20.91,
  20.91,
  20.9,
  20.89,
  20.94,
  20.95,
  20.96,
  20.96,
  20.94,
  20.89,
  20.83,
  20.81,
  20.83,
  20.85,
  20.87,
  20.85,
  20.84,
  20.85,
  20.83,
  20.83,
  20.83,
  20.85,
  20.86,
  20.9,
  20.96,
  20.97,
  20.94,
  20.91,
  20.89,
  20.89,
  20.89,
  20.87,
  20.86,
  20.87,
  20.86,
  20.86,
  20.85,
  20.86,
  20.85,
  20.86,
  20.86,
  20.83,
  20.81,
  20.8,
  20.73,
  20.7,
  20.67,
  20.65,
  20.67,
  20.67,
  20.66,
  20.66,
  20.66,
  20.67,
  20.66,
  20.65,
  20.65
 ]
}