{
 "theta_star": 7.3208733135098285,
 "after_same_kick": 5.462107580486807,
 "after_orth_kick": 5.592116091179063,
 "traj_same": [
  1.67,
  4.81,
  5.31,
  5.43,
  5.47,
  5.47,
  5.48,
  5.47,
  5.5,
  5.46,
  5.47,
  5.48,
  5.47,
  5.47,
  5.46,
  5.46,
  5.46,
  5.45,
  5.45,
  5.44,
  5.45,
  5.46,
  5.46,
  5.45,
  5.44,
  5.44,
  5.44,
  5.43,
  5.47,
  5.49,
  5.47,
  5.44,
  5.45,
  5.46,
  5.45,
  5.46,
  5.47,
  5.46,
  5.46,
  5.47,
  5.47,
  5.45,
  5.44,
  5.45,
  5.47,
  5.44,
  5.47,
  5.44,
  5.44,
  5.44,
  5.44,
  5.46,
  5.48,
  5.46,
  5.47,
  5.47,
  5.48,
  5.46,
  5.47,
  5.48,
  5.46,
  5.45,
  5.45,
  5.46,
  5.45,
  5.47,
  5.47,
  5.46,
  5.47,
  5.46,
  5.44,
  5.45,
  5.47,
  5.44,
  5.45,
  5.47,
  5.46,
  5.46,
  5.45,
  5.48,
  5.46,
  5.45,
  5.45,
  5.46,
  5.49,
  5.46,
  5.45,
  5.49,
  5.48,
  5.46,
  5.46,
  5.46,
  5.48,
  5.47,
  5.47,
  5.43,
  5.45,
  5.47,
  5.48,
  5.46
 ],
 "traj_orth": [
  89.69,
  85.78,
  78.98,
  67.92,
  53.38,
  38.29,
  25.66,
  17.06,
  11.35,
  8.0,
  6.56,
  6.13,
  5.94,
  5.88,
  5.85,
  5.8,
  5.78,
  5.77,
  5.78,
  5.77,
  5.76,
  5.79,
  5.78,
  5.76,
  5.74,
  5.72,
  5.72,
  5.72,
  5.77,
  5.77,
  5.73,
  5.67,
  5.63,
  5.62,
  5.62,
  5.64,
  5.64,
  5.62,
  5.61,
  5.6,
  5.62,
  5.63,
  5.64,
  5.65,
  5.65,
  5.61,
  5.62,
  5.59,
  5.61,
  5.62,
  5.63,
  5.63,
  5.63,
  5.61,
  5.63,
  5.63,
  5.64,
  5.63,
  5.64,
  5.66,
  5.63,
  5.6,
  5.6,
  5.61,
  5.63,
  5.67,
  5.67,
  5.65,
  5.63,
  5.59,
  5.58,
  5.61,
  5.65,
  5.63,
  5.65,
  5.65,
  5.62,
  5.61,
  5.61,
  5.65,
  5.65,
  5.65,
  5.64,
  5.62,
  5.62,
  5.58,
  5.58,
  5.63,
  5.63,
  5.61,
  5.6,
  5.58,
  5.6,
  5.59,
  5.59,
  5.55,
  5.57,
  5.6,
  5.62,
  5.61
 ]
}