{
 "theta_star": 21.153866094041728,
 "after_same_kick": 20.622216857879593,
 "after_orth_kick": 20.779903188576856,
 "traj_same": [
  3.14,
  8.29,
  11.65,
  13.92,
  15.55,
  16.76,
  17.67,
  18.35,
  18.86,
  19.26,
  19.55,
  19.79,
  19.99,
  20.11,
  20.22,
  20.29,
  20.38,
  20.42,
  20.42,
  20.43,
  20.44,
  20.47,
  20.46,
  20.44,
  20.46,
  20.42,
  20.42,
  20.45,
  20.46,
  20.44,
  20.44,
  20.4,
  20.4,
  20.39,
  20.39,
  20.4,
  20.44,
  20.46,
  20.45,
  20.43,
  20.4,
  20.41,
  20.41,
  20.42,
  20.46,
  20.47,
  20.48,
  20.47,
  20.5,
  20.48,
  20.48,
  20.49,
  20.51,
  20.55,
  20.55,
  20.55,
  20.56,
  20.58,
  20.56,
  20.54,
  20.53,
  20.55,
  20.54,
  20.52,
  20.52,
  20.48,
  20.49,
  20.52,
  20.53,
  20.55,
  20.57,
  20.59,
  20.6,
  20.64,
  20.67,
  20.67,
  20.66,
  20.68,
  20.68,
  20.66,
  20.68,
  20.67,
  20.66,
  20.64,
  20.64,
  20.65,
  20.69,
  20.7,
  20.69,
  20.71,
  20.73,
  20.71,
  20.64,
  20.63,
  20.59,
  20.59,
  20.59,
  20.57,
  20.58,
  20.6
 ],
 "traj_orth": [
  89.71,
  86.06,
  80.17,
  71.81,
  61.78,
  51.32,
  41.56,
  33.16,
  26.47,
  21.64,
  18.49,
  16.74,
  16.05,
  15.99,
  16.32,
  16.83,
  17.37,
  17.87,
  18.31,
  18.71,
  19.06,
  19.4,
  19.69,
  19.92,
  20.09,
  20.17,
  20.26,
  20.37,
  20.44,
  20.46,
  20.51,
  20.53,
  20.55,
  20.57,
  20.59,
  20.59,
  20.61,
  20.6,
  20.57,
  20.56,
  20.56,
  20.59,
  20.62,
  20.63,
  20.66,
  20.65,
  20.64,
  20.65,
  20.69,
  20.68,
  20.68,
  20.7,
  20.72,
  20.73,
  20.7,
  20.7,
  20.71,
  20.72,
  20.71,
  20.69,
  20.67,
  20.69,
  20.69,
  20.68,
  20.7,
  20.68,
  20.71,
  20.73,
  20.72,
  20.75,
  20.77,
  20.82,
  20.83,
  20.86,
  20.87,
  20.86,
  20.84,
  20.86,
  20.85,
  20.83,
  20.83,
  20.83,
  20.84,
  20.84,
  20.86,
  20.87,
  20.89,
  20.86,
  20.8,
  20.8,
  20.81,
  20.79,
  20.76,
  20.77,
  20.74,
  20.75,
  20.78,
  20.77,
  20.8,
  20.82
 ]
}