{
 "theta_star": 36.52256408471976,
 "after_same_kick": 33.2675943381263,
 "after_orth_kick": 33.04618627882131,
 "traj_same": [
  3.69,
  8.71,
  12.31,
  15.05,
  17.31,
  19.17,
  20.73,
  22.14,
  23.35,
  24.33,
  25.2,
  25.91,
  26.54,
  27.06,
  27.57,
  28.01,
  28.37,
  28.7,
  29.04,
  29.33,
  29.59,
  29.8,
  30.04,
  30.19,
  30.35,
  30.46,
  30.59,
  30.72,
  30.82,
  30.92,
  31.03,
  31.13,
  31.25,
  31.32,
  31.38,
  31.48,
  31.54,
  31.63,
  31.66,
  31.74,
  31.8,
  31.88,
  31.91,
  31.98,
  32.07,
  32.09,
  32.12,
  32.18,
  32.24,
  32.27,
  32.24,
  32.25,
  32.31,
  32.35,
  32.37,
  32.38,
  32.38,
  32.38,
  32.42,
  32.44,
  32.43,
  32.44,
  32.45,
  32.51,
  32.52,
  32.52,
  32.53,
  32.54,
  32.57,
  32.61,
  32.64,
  32.65,
  32.7,
  32.69,
  32.73,
  32.76,
  32.74,
  32.79,
  32.83,
  32.91,
  32.92,
  32.94,
  32.93,
  32.95,
  32.95,
  33.0,
  33.04,
  33.07,
  33.08,
  33.12,
  33.14,
  33.19,
  33.24,
  33.24,
  33.29,
  33.27,
  33.29,
  33.33,
  33.34,
  33.35
 ],
 "traj_orth": [
  89.71,
  86.54,
  82.45,
  77.5,
  71.85,
  65.71,
  59.42,
  53.12,
  47.06,
  41.52,
  36.53,
  32.18,
  28.53,
  25.54,
  23.37,
  21.85,
  20.96,
  20.6,
  20.72,
  21.07,
  21.58,
  22.19,
  22.89,
  23.53,
  24.17,
  24.75,
  25.34,
  25.91,
  26.42,
  26.9,
  27.38,
  27.81,
  28.2,
  28.53,
  28.82,
  29.1,
  29.35,
  29.61,
  29.81,
  30.02,
  30.2,
  30.39,
  30.5,
  30.65,
  30.79,
  30.88,
  30.99,
  31.13,
  31.29,
  31.42,
  31.49,
  31.56,
  31.65,
  31.71,
  31.74,
  31.74,
  31.73,
  31.71,
  31.73,
  31.75,
  31.75,
  31.8,
  31.84,
  31.93,
  31.96,
  32.01,
  32.06,
  32.1,
  32.16,
  32.21,
  32.23,
  32.25,
  32.3,
  32.32,
  32.38,
  32.41,
  32.4,
  32.47,
  32.52,
  32.61,
  32.63,
  32.66,
  32.67,
  32.71,
  32.75,
  32.8,
  32.85,
  32.89,
  32.9,
  32.96,
  33.0,
  33.04,
  33.1,
  33.09,
  33.1,
  33.04,
  33.02,
  33.02,
  33.01,
  33.04
 ]
}