{
 "theta_star": 4.601500137353887,
 "after_same_kick": 4.125889895388046,
 "after_orth_kick": 4.125944089742671,
 "traj_same": [
  1.4,
  3.93,
  4.11,
  4.13,
  4.13,
  4.13,
  4.13,
  4.14,
  4.13,
  4.13,
  4.13,
  4.14,
  4.13,
  4.14,
  4.13,
  4.11,
  4.14,
  4.13,
  4.13,
  4.12,
  4.13,
  4.12,
  4.13,
  4.13,
  4.14,
  4.12,
  4.11,
  4.13,
  4.12,
  4.12,
  4.12,
  4.14,
  4.13,
  4.13,
  4.12,
  4.13,
  4.12,
  4.11,
  4.14,
  4.12,
  4.13,
  4.13,
  4.12,
  4.11,
  4.12,
  4.13,
  4.13,
  4.12,
  4.12,
  4.12,
  4.11,
  4.11,
  4.13,
  4.13,
  4.12,
  4.13,
  4.12,
  4.12,
  4.12,
  4.13,
  4.12,
  4.12,
  4.13,
  4.13,
  4.13,
  4.12,
  4.11,
  4.12,
  4.12,
  4.12,
  4.13,
  4.13,
  4.12,
  4.13,
  4.14,
  4.13,
  4.13,
  4.13,
  4.11,
  4.12,
  4.11,
  4.12,
  4.14,
  4.14,
  4.14,
  4.13,
  4.14,
  4.14,
  4.13,
  4.13,
  4.12,
  4.13,
  4.12,
  4.13,
  4.12,
  4.11,
  4.13,
  4.13,
  4.12,
  4.13
 ],
 "traj_orth": [
  89.73,
  85.88,
  77.68,
  63.06,
  45.09,
  28.82,
  16.66,
  9.59,
  6.91,
  6.06,
  5.64,
  5.37,
  5.17,
  5.08,
  5.02,
  5.01,
  5.05,
  5.03,
  4.89,
  4.81,
  4.82,
  4.83,
  4.85,
  4.87,
  4.88,
  4.82,
  4.69,
  4.69,
  4.69,
  4.7,
  4.71,
  4.77,
  4.78,
  4.75,
  4.72,
  4.71,
  4.71,
  4.7,
  4.74,
  4.73,
  4.71,
  4.71,
  4.69,
  4.6,
  4.58,
  4.52,
  4.45,
  4.34,
  4.3,
  4.28,
  4.26,
  4.25,
  4.25,
  4.29,
  4.3,
  4.27,
  4.19,
  4.13,
  4.12,
  4.13,
  4.12,
  4.12,
  4.13,
  4.12,
  4.12,
  4.12,
  4.11,
  4.12,
  4.11,
  4.12,
  4.12,
  4.13,
  4.11,
  4.12,
  4.13,
  4.13,
  4.13,
  4.12,
  4.11,
  4.11,
  4.11,
  4.12,
  4.13,
  4.13,
  4.13,
  4.12,
  4.14,
  4.13,
  4.13,
  4.12,
  4.12,
  4.13,
  4.12,
  4.13,
  4.12,
  4.12,
  4.13,
  4.13,
  4.12,
  4.13
 ]
}