{
 "theta_star": 36.13621311670368,
 "after_same_kick": 32.72017543543302,
 "after_orth_kick": 33.39252329700991,
 "traj_same": [
  3.15,
  8.45,
  12.12,
  14.9,
  17.17,
  19.06,
  20.64,
  22.02,
  23.2,
  24.18,
  25.01,
  25.74,
  26.39,
  26.94,
  27.47,
  27.95,
  28.3,
  28.6,
  28.91,
  29.19,
  29.44,
  29.66,
  29.9,
  30.07,
  30.25,
  30.39,
  30.54,
  30.68,
  30.81,
  30.95,
  31.08,
  31.19,
  31.29,
  31.37,
  31.42,
  31.53,
  31.59,
  31.67,
  31.68,
  31.71,
  31.74,
  31.78,
  31.78,
  31.79,
  31.82,
  31.81,
  31.82,
  31.85,
  31.86,
  31.87,
  31.84,
  31.85,
  31.89,
  31.95,
  32.01,
  32.04,
  32.08,
  32.1,
  32.14,
  32.17,
  32.17,
  32.21,
  32.22,
  32.26,
  32.26,
  32.28,
  32.29,
  32.28,
  32.27,
  32.29,
  32.27,
  32.27,
  32.32,
  32.32,
  32.35,
  32.37,
  32.36,
  32.4,
  32.41,
  32.46,
  32.48,
  32.49,
  32.49,
  32.49,
  32.48,
  32.52,
  32.53,
  32.55,
  32.56,
  32.59,
  32.61,
  32.63,
  32.69,
  32.71,
  32.74,
  32.72,
  32.74,
  32.77,
  32.79,
  32.81
 ],
 "traj_orth": [
  89.71,
  86.54,
  82.45,
  77.52,
  71.9,
  65.81,
  59.58,
  53.36,
  47.4,
  41.94,
  36.99,
  32.69,
  29.04,
  26.04,
  23.79,
  22.21,
  21.25,
  20.82,
  20.85,
  21.16,
  21.65,
  22.28,
  22.95,
  23.6,
  24.27,
  24.91,
  25.55,
  26.17,
  26.72,
  27.22,
  27.69,
  28.13,
  28.52,
  28.84,
  29.12,
  29.43,
  29.67,
  29.93,
  30.12,
  30.33,
  30.54,
  30.75,
  30.91,
  31.05,
  31.17,
  31.28,
  31.37,
  31.46,
  31.57,
  31.69,
  31.77,
  31.88,
  32.0,
  32.12,
  32.22,
  32.28,
  32.33,
  32.34,
  32.41,
  32.46,
  32.48,
  32.49,
  32.51,
  32.55,
  32.57,
  32.59,
  32.62,
  32.63,
  32.67,
  32.7,
  32.7,
  32.71,
  32.75,
  32.76,
  32.83,
  32.88,
  32.91,
  32.98,
  33.0,
  33.05,
  33.06,
  33.09,
  33.11,
  33.12,
  33.13,
  33.18,
  33.21,
  33.27,
  33.3,
  33.31,
  33.31,
  33.34,
  33.41,
  33.44,
  33.45,
  33.4,
  33.38,
  33.4,
  33.39,
  33.4
 ]
}