{
 "theta_star": 5.552643935918748,
 "after_same_kick": 5.373438944502593,
 "after_orth_kick": 5.512460446855162,
 "traj_same": [
  1.35,
  4.71,
  5.22,
  5.34,
  5.37,
  5.38,
  5.39,
  5.38,
  5.4,
  5.38,
  5.38,
  5.39,
  5.38,
  5.38,
  5.38,
  5.37,
  5.37,
  5.36,
  5.37,
  5.36,
  5.37,
  5.37,
  5.37,
  5.36,
  5.36,
  5.36,
  5.36,
  5.36,
  5.38,
  5.39,
  5.38,
  5.36,
  5.37,
  5.38,
  5.37,
  5.38,
  5.38,
  5.38,
  5.38,
  5.39,
  5.38,
  5.37,
  5.36,
  5.37,
  5.38,
  5.36,
  5.38,
  5.36,
  5.36,
  5.36,
  5.37,
  5.38,
  5.39,
  5.38,
  5.38,
  5.39,
  5.39,
  5.38,
  5.38,
  5.39,
  5.38,
  5.37,
  5.37,
  5.37,
  5.37,
  5.39,
  5.39,
  5.38,
  5.38,
  5.37,
  5.36,
  5.37,
  5.38,
  5.36,
  5.37,
  5.38,
  5.38,
  5.38,
  5.37,
  5.39,
  5.38,
  5.37,
  5.37,
  5.38,
  5.39,
  5.37,
  5.36,
  5.39,
  5.38,
  5.37,
  5.37,
  5.37,
  5.39,
  5.38,
  5.38,
  5.35,
  5.37,
  5.38,
  5.38,
  5.37
 ],
 "traj_orth": [
  89.69,
  85.78,
  78.98,
  67.94,
  53.35,
  38.11,
  25.38,
  16.71,
  10.97,
  7.74,
  6.38,
  5.96,
  5.81,
  5.76,
  5.71,
  5.67,
  5.64,
  5.63,
  5.63,
  5.59,
  5.56,
  5.53,
  5.52,
  5.52,
  5.53,
  5.53,
  5.53,
  5.52,
  5.53,
  5.54,
  5.54,
  5.54,
  5.54,
  5.56,
  5.55,
  5.55,
  5.54,
  5.54,
  5.55,
  5.55,
  5.56,
  5.55,
  5.55,
  5.56,
  5.55,
  5.52,
  5.54,
  5.53,
  5.53,
  5.54,
  5.55,
  5.56,
  5.55,
  5.53,
  5.55,
  5.55,
  5.56,
  5.56,
  5.57,
  5.58,
  5.55,
  5.52,
  5.52,
  5.52,
  5.54,
  5.57,
  5.58,
  5.56,
  5.54,
  5.51,
  5.51,
  5.54,
  5.57,
  5.56,
  5.58,
  5.56,
  5.53,
  5.52,
  5.53,
  5.56,
  5.58,
  5.58,
  5.56,
  5.54,
  5.53,
  5.49,
  5.5,
  5.54,
  5.54,
  5.53,
  5.52,
  5.51,
  5.51,
  5.5,
  5.5,
  5.47,
  5.5,
  5.54,
  5.55,
  5.53
 ]
}