{
 "theta_star": 12.090305530020894,
 "after_same_kick": 5.447701590737876,
 "after_orth_kick": 5.57595682148615,
 "traj_same": [
  1.71,
  4.85,
  5.32,
  5.47,
  5.47,
  5.46,
  5.48,
  5.5,
  5.49,
  5.46,
  5.46,
  5.45,
  5.45,
  5.46,
  5.45,
  5.44,
  5.47,
  5.47,
  5.46,
  5.46,
  5.46,
  5.46,
  5.46,
  5.47,
  5.47,
  5.45,
  5.46,
  5.46,
  5.47,
  5.47,
  5.47,
  5.47,
  5.46,
  5.46,
  5.47,
  5.49,
  5.48,
  5.46,
  5.48,
  5.47,
  5.44,
  5.45,
  5.44,
  5.44,
  5.44,
  5.44,
  5.46,
  5.46,
  5.45,
  5.45,
  5.47,
  5.46,
  5.47,
  5.47,
  5.47,
  5.47,
  5.45,
  5.46,
  5.47,
  5.47,
  5.47,
  5.45,
  5.47,
  5.47,
  5.42,
  5.45,
  5.44,
  5.47,
  5.42,
  5.44,
  5.46,
  5.44,
  5.46,
  5.45,
  5.43,
  5.45,
  5.45,
  5.47,
  5.46,
  5.46,
  5.46,
  5.44,
  5.45,
  5.44,
  5.44,
  5.45,
  5.42,
  5.44,
  5.44,
  5.45,
  5.44,
  5.44,
  5.45,
  5.45,
  5.46,
  5.44,
  5.43,
  5.45,
  5.47,
  5.45
 ],
 "traj_orth": [
  89.74,
  86.13,
  79.65,
  69.18,
  55.45,
  41.28,
  28.9,
  19.31,
  13.05,
  9.84,
  8.27,
  7.37,
  6.82,
  6.55,
  6.34,
  6.17,
  6.09,
  6.1,
  6.08,
  6.07,
  5.99,
  5.95,
  5.94,
  5.96,
  5.99,
  5.97,
  5.97,
  5.96,
  5.96,
  5.95,
  5.96,
  5.95,
  5.92,
  5.9,
  5.9,
  5.89,
  5.88,
  5.85,
  5.85,
  5.83,
  5.8,
  5.81,
  5.81,
  5.82,
  5.8,
  5.81,
  5.81,
  5.79,
  5.8,
  5.82,
  5.86,
  5.84,
  5.83,
  5.81,
  5.82,
  5.85,
  5.85,
  5.86,
  5.85,
  5.81,
  5.81,
  5.8,
  5.83,
  5.81,
  5.78,
  5.8,
  5.78,
  5.8,
  5.76,
  5.78,
  5.79,
  5.75,
  5.78,
  5.79,
  5.77,
  5.77,
  5.78,
  5.8,
  5.77,
  5.74,
  5.74,
  5.72,
  5.72,
  5.71,
  5.71,
  5.71,
  5.69,
  5.72,
  5.71,
  5.7,
  5.63,
  5.59,
  5.58,
  5.56,
  5.59,
  5.56,
  5.56,
  5.59,
  5.58,
  5.51
 ]
}