{
 "theta_star": 88.49780042555145,
 "after_same_kick": 9.845582822349256,
 "after_orth_kick": 11.219961374405322,
 "traj_same": [
  3.12,
  6.56,
  8.18,
  9.0,
  9.41,
  9.68,
  9.82,
  9.89,
  9.96,
  10.02,
  10.05,
  10.06,
  10.04,
  10.03,
  10.05,
  10.03,
  10.03,
  10.06,
  10.08,
  10.11,
  10.16,
  10.12,
  10.13,
  10.11,
  10.11,
  10.1,
  10.07,
  10.05,
  10.02,
  10.02,
  10.02,
  9.99,
  10.02,
  10.04,
  10.02,
  10.06,
  10.11,
  10.17,
  10.19,
  10.23,
  10.31,
  10.34,
  10.34,
  10.33,
  10.3,
  10.27,
  10.19,
  10.17,
  10.13,
  10.1,
  10.08,
  10.06,
  10.05,
  10.09,
  10.13,
  10.14,
  10.13,
  10.09,
  10.06,
  10.04,
  10.03,
  10.01,
  10.02,
  10.04,
  10.03,
  10.01,
  9.97,
  9.93,
  9.92,
  9.94,
  9.92,
  9.95,
  9.95,
  9.98,
  9.95,
  9.96,
  9.98,
  9.98,
  10.03,
  10.03,
  10.03,
  10.02,
  10.0,
  9.96,
  9.96,
  9.92,
  9.92,
  9.9,
  9.87,
  9.87,
  9.86,
  9.84,
  9.83,
  9.84,
  9.85,
  9.82,
  9.83,
  9.85,
  9.88,
  9.85
 ],
 "traj_orth": [
  89.69,
  86.19,
  81.54,
  75.52,
  68.13,
  59.72,
  51.0,
  42.58,
  35.0,
  28.58,
  23.63,
  19.96,
  17.39,
  15.61,
  14.42,
  13.56,
  12.98,
  12.6,
  12.42,
  12.41,
  12.48,
  12.51,
  12.57,
  12.63,
  12.72,
  12.78,
  12.74,
  12.68,
  12.59,
  12.58,
  12.57,
  12.51,
  12.51,
  12.48,
  12.42,
  12.41,
  12.38,
  12.39,
  12.35,
  12.36,
  12.37,
  12.35,
  12.32,
  12.29,
  12.24,
  12.23,
  12.07,
  11.95,
  11.82,
  11.75,
  11.73,
  11.68,
  11.67,
  11.68,
  11.72,
  11.72,
  11.71,
  11.6,
  11.53,
  11.46,
  11.44,
  11.4,
  11.37,
  11.39,
  11.39,
  11.38,
  11.37,
  11.31,
  11.3,
  11.29,
  11.27,
  11.3,
  11.29,
  11.32,
  11.3,
  11.34,
  11.34,
  11.3,
  11.28,
  11.25,
  11.23,
  11.2,
  11.22,
  11.22,
  11.25,
  11.25,
  11.25,
  11.22,
  11.19,
  11.21,
  11.2,
  11.22,
  11.24,
  11.26,
  11.25,
  11.21,
  11.2,
  11.2,
  11.25,
  11.19
 ]
}