{
 "theta_star": 39.56899875868649,
 "after_same_kick": 6.736308997197169,
 "after_orth_kick": 7.097210606426988,
 "traj_same": [
  2.04,
  5.42,
  6.34,
  6.63,
  6.74,
  6.78,
  6.78,
  6.79,
  6.84,
  6.88,
  6.89,
  6.89,
  6.89,
  6.89,
  6.9,
  6.9,
  6.88,
  6.88,
  6.81,
  6.77,
  6.73,
  6.74,
  6.73,
  6.73,
  6.74,
  6.74,
  6.74,
  6.74,
  6.74,
  6.72,
  6.72,
  6.72,
  6.72,
  6.69,
  6.72,
  6.74,
  6.72,
  6.72,
  6.71,
  6.72,
  6.73,
  6.72,
  6.72,
  6.76,
  6.78,
  6.79,
  6.87,
  6.89,
  6.87,
  6.86,
  6.81,
  6.75,
  6.72,
  6.72,
  6.74,
  6.74,
  6.75,
  6.73,
  6.73,
  6.75,
  6.73,
  6.73,
  6.77,
  6.75,
  6.74,
  6.74,
  6.73,
  6.74,
  6.75,
  6.76,
  6.74,
  6.73,
  6.74,
  6.75,
  6.75,
  6.75,
  6.75,
  6.73,
  6.74,
  6.73,
  6.73,
  6.73,
  6.74,
  6.73,
  6.72,
  6.75,
  6.74,
  6.71,
  6.72,
  6.73,
  6.73,
  6.73,
  6.74,
  6.74,
  6.74,
  6.73,
  6.72,
  6.74,
  6.73,
  6.74
 ],
 "traj_orth": [
  89.77,
  86.74,
  82.15,
  75.5,
  66.61,
  56.04,
  45.0,
  34.59,
  25.77,
  19.15,
  14.68,
  11.83,
  10.18,
  9.34,
  8.87,
  8.54,
  8.25,
  8.09,
  7.91,
  7.78,
  7.66,
  7.62,
  7.56,
  7.51,
  7.5,
  7.51,
  7.51,
  7.52,
  7.53,
  7.53,
  7.52,
  7.52,
  7.49,
  7.42,
  7.44,
  7.44,
  7.45,
  7.46,
  7.47,
  7.45,
  7.45,
  7.41,
  7.41,
  7.46,
  7.52,
  7.52,
  7.47,
  7.4,
  7.34,
  7.32,
  7.28,
  7.24,
  7.21,
  7.17,
  7.19,
  7.2,
  7.2,
  7.16,
  7.16,
  7.18,
  7.13,
  7.13,
  7.16,
  7.14,
  7.14,
  7.15,
  7.14,
  7.17,
  7.14,
  7.13,
  7.08,
  7.08,
  7.08,
  7.1,
  7.12,
  7.1,
  7.07,
  7.01,
  7.0,
  7.0,
  7.0,
  7.0,
  7.03,
  7.03,
  7.04,
  7.06,
  7.04,
  7.02,
  7.01,
  7.03,
  7.03,
  7.03,
  7.02,
  7.04,
  7.07,
  7.08,
  7.11,
  7.15,
  7.18,
  7.26
 ]
}