{
 "theta_star": 38.54781674662727,
 "after_same_kick": 31.606905424752615,
 "after_orth_kick": 31.496833867429295,
 "traj_same": [
  3.39,
  8.45,
  12.08,
  14.81,
  17.02,
  18.9,
  20.48,
  21.82,
  22.95,
  23.93,
  24.76,
  25.51,
  26.15,
  26.66,
  27.13,
  27.51,
  27.87,
  28.16,
  28.42,
  28.69,
  28.94,
  29.17,
  29.31,
  29.41,
  29.54,
  29.6,
  29.65,
  29.75,
  29.84,
  29.89,
  29.98,
  30.01,
  30.07,
  30.12,
  30.18,
  30.22,
  30.27,
  30.34,
  30.37,
  30.41,
  30.43,
  30.46,
  30.52,
  30.61,
  30.7,
  30.76,
  30.8,
  30.82,
  30.92,
  30.99,
  31.04,
  31.07,
  31.07,
  31.1,
  31.1,
  31.12,
  31.15,
  31.16,
  31.13,
  31.1,
  31.09,
  31.15,
  31.17,
  31.19,
  31.2,
  31.18,
  31.2,
  31.23,
  31.26,
  31.3,
  31.34,
  31.38,
  31.41,
  31.44,
  31.48,
  31.49,
  31.5,
  31.52,
  31.51,
  31.48,
  31.46,
  31.49,
  31.48,
  31.48,
  31.49,
  31.48,
  31.52,
  31.55,
  31.53,
  31.54,
  31.55,
  31.57,
  31.57,
  31.64,
  31.59,
  31.59,
  31.62,
  31.61,
  31.64,
  31.69
 ],
 "traj_orth": [
  89.71,
  86.51,
  82.46,
  77.51,
  71.86,
  65.7,
  59.4,
  53.22,
  47.31,
  41.8,
  36.81,
  32.41,
  28.71,
  25.69,
  23.34,
  21.66,
  20.62,
  20.12,
  20.09,
  20.38,
  20.87,
  21.52,
  22.19,
  22.83,
  23.5,
  24.09,
  24.65,
  25.2,
  25.7,
  26.14,
  26.6,
  26.97,
  27.32,
  27.62,
  27.9,
  28.13,
  28.35,
  28.6,
  28.79,
  28.97,
  29.11,
  29.26,
  29.42,
  29.58,
  29.72,
  29.81,
  29.89,
  29.94,
  30.05,
  30.08,
  30.11,
  30.16,
  30.2,
  30.27,
  30.31,
  30.37,
  30.45,
  30.51,
  30.54,
  30.55,
  30.57,
  30.64,
  30.67,
  30.7,
  30.74,
  30.73,
  30.75,
  30.79,
  30.8,
  30.83,
  30.86,
  30.88,
  30.9,
  30.94,
  30.99,
  31.01,
  31.05,
  31.09,
  31.1,
  31.1,
  31.11,
  31.17,
  31.18,
  31.2,
  31.23,
  31.26,
  31.33,
  31.37,
  31.36,
  31.4,
  31.43,
  31.45,
  31.45,
  31.52,
  31.49,
  31.5,
  31.53,
  31.5,
  31.53,
  31.58
 ]
}