{
 "theta_star": 21.115600215159432,
 "after_same_kick": 20.579669215428474,
 "after_orth_kick": 20.775014193692005,
 "traj_same": [
  2.63,
  8.11,
  11.54,
  13.83,
  15.51,
  16.72,
  17.63,
  18.32,
  18.83,
  19.24,
  19.54,
  19.79,
  19.97,
  20.1,
  20.21,
  20.28,
  20.32,
  20.36,
  20.39,
  20.44,
  20.47,
  20.52,
  20.55,
  20.56,
  20.56,
  20.57,
  20.6,
  20.61,
  20.59,
  20.6,
  20.63,
  20.65,
  20.68,
  20.67,
  20.67,
  20.68,
  20.68,
  20.69,
  20.69,
  20.66,
  20.63,
  20.59,
  20.58,
  20.58,
  20.55,
  20.54,
  20.57,
  20.58,
  20.57,
  20.57,
  20.57,
  20.55,
  20.55,
  20.54,
  20.55,
  20.57,
  20.59,
  20.59,
  20.6,
  20.6,
  20.63,
  20.65,
  20.67,
  20.66,
  20.65,
  20.64,
  20.66,
  20.63,
  20.65,
  20.65,
  20.66,
  20.65,
  20.65,
  20.65,
  20.64,
  20.66,
  20.66,
  20.66,
  20.66,
  20.62,
  20.63,
  20.63,
  20.66,
  20.66,
  20.65,
  20.65,
  20.65,
  20.63,
  20.62,
  20.62,
  20.62,
  20.61,
  20.59,
  20.58,
  20.56,
  20.55,
  20.56,
  20.57,
  20.57,
  20.58
 ],
 "traj_orth": [
  89.71,
  86.07,
  80.18,
  71.86,
  61.81,
  51.29,
  41.52,
  33.26,
  26.79,
  22.12,
  19.18,
  17.5,
  16.74,
  16.56,
  16.76,
  17.12,
  17.57,
  18.08,
  18.54,
  18.98,
  19.34,
  19.68,
  19.92,
  20.13,
  20.28,
  20.42,
  20.56,
  20.68,
  20.74,
  20.75,
  20.78,
  20.79,
  20.82,
  20.83,
  20.8,
  20.78,
  20.77,
  20.77,
  20.79,
  20.8,
  20.79,
  20.78,
  20.78,
  20.78,
  20.74,
  20.73,
  20.74,
  20.74,
  20.72,
  20.71,
  20.71,
  20.69,
  20.68,
  20.68,
  20.7,
  20.72,
  20.71,
  20.7,
  20.7,
  20.7,
  20.71,
  20.72,
  20.76,
  20.78,
  20.78,
  20.77,
  20.78,
  20.74,
  20.76,
  20.78,
  20.82,
  20.83,
  20.84,
  20.84,
  20.8,
  20.82,
  20.81,
  20.8,
  20.8,
  20.78,
  20.83,
  20.85,
  20.88,
  20.89,
  20.88,
  20.88,
  20.86,
  20.83,
  20.83,
  20.81,
  20.81,
  20.81,
  20.82,
  20.82,
  20.79,
  20.76,
  20.75,
  20.73,
  20.72,
  20.73
 ]
}