{
 "theta_star": 11.604056161590565,
 "after_same_kick": 5.5321950431043065,
 "after_orth_kick": 5.534449431386816,
 "traj_same": [
  1.72,
  4.86,
  5.38,
  5.49,
  5.5,
  5.54,
  5.53,
  5.52,
  5.53,
  5.53,
  5.54,
  5.55,
  5.52,
  5.52,
  5.56,
  5.53,
  5.53,
  5.53,
  5.53,
  5.52,
  5.56,
  5.51,
  5.53,
  5.52,
  5.54,
  5.56,
  5.54,
  5.53,
  5.53,
  5.55,
  5.53,
  5.51,
  5.53,
  5.54,
  5.52,
  5.52,
  5.53,
  5.53,
  5.52,
  5.52,
  5.54,
  5.53,
  5.54,
  5.53,
  5.52,
  5.52,
  5.5,
  5.54,
  5.53,
  5.52,
  5.52,
  5.52,
  5.51,
  5.53,
  5.53,
  5.52,
  5.53,
  5.51,
  5.51,
  5.52,
  5.53,
  5.54,
  5.53,
  5.54,
  5.55,
  5.52,
  5.52,
  5.5,
  5.51,
  5.55,
  5.51,
  5.54,
  5.53,
  5.55,
  5.52,
  5.53,
  5.54,
  5.53,
  5.54,
  5.51,
  5.53,
  5.55,
  5.53,
  5.52,
  5.54,
  5.52,
  5.54,
  5.54,
  5.53,
  5.53,
  5.53,
  5.53,
  5.53,
  5.53,
  5.55,
  5.51,
  5.53,
  5.53,
  5.55,
  5.53
 ],
 "traj_orth": [
  89.7,
  85.73,
  78.77,
  67.5,
  53.04,
  38.31,
  25.95,
  17.07,
  11.91,
  9.03,
  7.52,
  6.7,
  6.31,
  6.17,
  6.12,
  6.01,
  5.91,
  5.88,
  5.91,
  5.93,
  5.98,
  5.93,
  5.9,
  5.85,
  5.87,
  5.92,
  5.93,
  5.92,
  5.89,
  5.87,
  5.82,
  5.78,
  5.79,
  5.75,
  5.69,
  5.7,
  5.69,
  5.7,
  5.69,
  5.69,
  5.7,
  5.67,
  5.68,
  5.68,
  5.67,
  5.7,
  5.67,
  5.69,
  5.66,
  5.64,
  5.65,
  5.66,
  5.67,
  5.69,
  5.68,
  5.66,
  5.66,
  5.63,
  5.63,
  5.63,
  5.65,
  5.67,
  5.64,
  5.61,
  5.57,
  5.53,
  5.52,
  5.5,
  5.5,
  5.55,
  5.51,
  5.54,
  5.53,
  5.54,
  5.52,
  5.53,
  5.53,
  5.53,
  5.54,
  5.5,
  5.52,
  5.55,
  5.52,
  5.52,
  5.54,
  5.52,
  5.54,
  5.54,
  5.53,
  5.53,
  5.53,
  5.53,
  5.53,
  5.54,
  5.55,
  5.51,
  5.53,
  5.53,
  5.55,
  5.53
 ]
}