{
 "theta_star": 25.47308897463139,
 "after_same_kick": 24.491083992425473,
 "after_orth_kick": 24.766422692624904,
 "traj_same": [
  2.69,
  8.24,
  11.83,
  14.4,
  16.39,
  17.91,
  19.1,
  20.08,
  20.87,
  21.5,
  22.01,
  22.44,
  22.79,
  23.05,
  23.27,
  23.44,
  23.57,
  23.68,
  23.8,
  23.89,
  23.98,
  24.07,
  24.18,
  24.26,
  24.29,
  24.28,
  24.3,
  24.32,
  24.34,
  24.35,
  24.36,
  24.38,
  24.4,
  24.41,
  24.43,
  24.47,
  24.48,
  24.51,
  24.51,
  24.53,
  24.53,
  24.53,
  24.5,
  24.49,
  24.48,
  24.46,
  24.46,
  24.45,
  24.43,
  24.42,
  24.39,
  24.38,
  24.4,
  24.42,
  24.43,
  24.44,
  24.43,
  24.41,
  24.4,
  24.4,
  24.42,
  24.46,
  24.48,
  24.49,
  24.5,
  24.51,
  24.51,
  24.51,
  24.52,
  24.51,
  24.51,
  24.5,
  24.51,
  24.47,
  24.48,
  24.45,
  24.43,
  24.46,
  24.45,
  24.48,
  24.47,
  24.46,
  24.45,
  24.43,
  24.44,
  24.48,
  24.51,
  24.53,
  24.55,
  24.55,
  24.55,
  24.55,
  24.55,
  24.52,
  24.52,
  24.46,
  24.45,
  24.45,
  24.44,
  24.43
 ],
 "traj_orth": [
  89.71,
  86.35,
  81.52,
  75.24,
  67.83,
  59.82,
  51.82,
  44.17,
  37.26,
  31.44,
  26.78,
  23.29,
  20.85,
  19.32,
  18.6,
  18.42,
  18.57,
  18.96,
  19.5,
  20.08,
  20.64,
  21.2,
  21.71,
  22.07,
  22.4,
  22.68,
  22.96,
  23.23,
  23.45,
  23.65,
  23.82,
  23.99,
  24.12,
  24.21,
  24.3,
  24.4,
  24.49,
  24.57,
  24.62,
  24.67,
  24.71,
  24.76,
  24.76,
  24.77,
  24.78,
  24.78,
  24.82,
  24.85,
  24.87,
  24.87,
  24.85,
  24.85,
  24.87,
  24.86,
  24.86,
  24.88,
  24.88,
  24.84,
  24.8,
  24.75,
  24.71,
  24.67,
  24.65,
  24.64,
  24.64,
  24.64,
  24.67,
  24.69,
  24.73,
  24.72,
  24.7,
  24.69,
  24.68,
  24.67,
  24.7,
  24.7,
  24.71,
  24.76,
  24.74,
  24.75,
  24.73,
  24.72,
  24.73,
  24.73,
  24.71,
  24.72,
  24.74,
  24.74,
  24.74,
  24.74,
  24.74,
  24.77,
  24.8,
  24.8,
  24.81,
  24.77,
  24.76,
  24.75,
  24.73,
  24.73
 ]
}