{
 "theta_star": 85.42920605757011,
 "after_same_kick": 9.367566777143727,
 "after_orth_kick": 9.591920047273284,
 "traj_same": [
  3.12,
  6.49,
  8.0,
  8.72,
  9.14,
  9.45,
  9.66,
  9.8,
  9.94,
  10.07,
  10.11,
  10.14,
  10.17,
  10.15,
  10.15,
  10.16,
  10.2,
  10.21,
  10.19,
  10.16,
  10.08,
  10.02,
  9.96,
  9.9,
  9.8,
  9.73,
  9.74,
  9.77,
  9.82,
  9.81,
  9.81,
  9.81,
  9.84,
  9.89,
  9.95,
  9.96,
  10.01,
  10.02,
  10.01,
  10.0,
  9.99,
  10.0,
  10.01,
  10.06,
  10.05,
  10.05,
  10.02,
  9.98,
  9.97,
  9.94,
  9.92,
  9.95,
  9.97,
  9.95,
  9.9,
  9.85,
  9.82,
  9.76,
  9.75,
  9.76,
  9.78,
  9.83,
  9.84,
  9.83,
  9.68,
  9.56,
  9.49,
  9.46,
  9.43,
  9.4,
  9.37,
  9.36,
  9.35,
  9.34,
  9.37,
  9.38,
  9.38,
  9.38,
  9.39,
  9.37,
  9.39,
  9.39,
  9.37,
  9.37,
  9.38,
  9.41,
  9.38,
  9.38,
  9.36,
  9.38,
  9.35,
  9.36,
  9.35,
  9.36,
  9.35,
  9.37,
  9.38,
  9.37,
  9.41,
  9.37
 ],
 "traj_orth": [
  89.73,
  86.7,
  82.6,
  77.35,
  70.84,
  63.21,
  54.98,
  46.78,
  39.31,
  32.82,
  27.4,
  23.14,
  20.07,
  17.9,
  16.4,
  15.31,
  14.53,
  14.0,
  13.57,
  13.2,
  12.94,
  12.75,
  12.62,
  12.45,
  12.24,
  12.04,
  11.9,
  11.77,
  11.7,
  11.59,
  11.56,
  11.48,
  11.37,
  11.23,
  11.09,
  10.98,
  10.93,
  10.91,
  10.91,
  10.91,
  10.91,
  10.88,
  10.82,
  10.78,
  10.71,
  10.68,
  10.58,
  10.48,
  10.42,
  10.35,
  10.29,
  10.27,
  10.25,
  10.19,
  10.14,
  10.09,
  10.07,
  9.99,
  9.9,
  9.8,
  9.64,
  9.59,
  9.55,
  9.54,
  9.49,
  9.43,
  9.41,
  9.4,
  9.37,
  9.35,
  9.33,
  9.32,
  9.32,
  9.33,
  9.36,
  9.38,
  9.37,
  9.38,
  9.39,
  9.38,
  9.41,
  9.42,
  9.42,
  9.43,
  9.46,
  9.5,
  9.49,
  9.5,
  9.5,
  9.53,
  9.51,
  9.54,
  9.56,
  9.59,
  9.61,
  9.65,
  9.64,
  9.6,
  9.63,
  9.59
 ]
}