{
 "theta_star": 65.05884172734096,
 "after_same_kick": 57.5197295856006,
 "after_orth_kick": 54.63302706989972,
 "traj_same": [
  3.78,
  8.61,
  12.17,
  14.93,
  17.33,
  19.41,
  21.26,
  22.93,
  24.41,
  25.81,
  27.05,
  28.19,
  29.2,
  30.17,
  31.02,
  31.8,
  32.62,
  33.33,
  34.04,
  34.68,
  35.3,
  35.93,
  36.48,
  37.04,
  37.59,
  38.08,
  38.6,
  39.07,
  39.62,
  40.08,
  40.6,
  41.07,
  41.52,
  41.93,
  42.34,
  42.78,
  43.18,
  43.65,
  44.07,
  44.47,
  44.79,
  45.2,
  45.53,
  45.94,
  46.23,
  46.54,
  46.89,
  47.21,
  47.47,
  47.74,
  47.98,
  48.22,
  48.5,
  48.77,
  48.98,
  49.24,
  49.44,
  49.69,
  49.88,
  50.12,
  50.46,
  50.71,
  51.02,
  51.32,
  51.63,
  51.88,
  52.18,
  52.47,
  52.76,
  52.93,
  53.14,
  53.37,
  53.58,
  53.85,
  54.05,
  54.2,
  54.39,
  54.57,
  54.84,
  55.0,
  55.2,
  55.37,
  55.56,
  55.76,
  55.96,
  56.18,
  56.38,
  56.47,
  56.64,
  56.82,
  56.97,
  57.08,
  57.2,
  57.31,
  57.4,
  57.52,
  57.65,
  57.89,
  58.03,
  58.14
 ],
 "traj_orth": [
  89.73,
  86.82,
  83.37,
  79.45,
  75.14,
  70.53,
  65.8,
  61.04,
  56.33,
  51.79,
  47.53,
  43.51,
  39.78,
  36.4,
  33.44,
  30.9,
  28.8,
  27.1,
  25.82,
  25.02,
  24.55,
  24.38,
  24.55,
  24.91,
  25.43,
  26.05,
  26.74,
  27.41,
  28.23,
  29.0,
  29.81,
  30.61,
  31.36,
  32.1,
  32.8,
  33.52,
  34.19,
  34.88,
  35.51,
  36.04,
  36.6,
  37.19,
  37.73,
  38.29,
  38.78,
  39.3,
  39.8,
  40.27,
  40.75,
  41.15,
  41.55,
  41.94,
  42.33,
  42.76,
  43.16,
  43.51,
  43.91,
  44.27,
  44.59,
  44.92,
  45.21,
  45.56,
  45.88,
  46.21,
  46.53,
  46.92,
  47.29,
  47.59,
  47.84,
  48.19,
  48.49,
  48.82,
  49.1,
  49.36,
  49.63,
  49.89,
  50.17,
  50.41,
  50.65,
  50.86,
  51.09,
  51.42,
  51.74,
  52.05,
  52.37,
  52.64,
  52.85,
  53.11,
  53.31,
  53.47,
  53.71,
  53.92,
  54.15,
  54.39,
  54.56,
  54.75,
  54.96,
  55.08,
  55.3,
  55.5
 ]
}