{
 "theta_star": 11.534819898420404,
 "after_same_kick": 5.416535045011367,
 "after_orth_kick": 5.60707607299814,
 "traj_same": [
  1.55,
  4.81,
  5.33,
  5.44,
  5.45,
  5.46,
  5.46,
  5.47,
  5.45,
  5.45,
  5.46,
  5.43,
  5.43,
  5.46,
  5.44,
  5.46,
  5.46,
  5.48,
  5.46,
  5.45,
  5.43,
  5.45,
  5.44,
  5.44,
  5.44,
  5.44,
  5.44,
  5.44,
  5.46,
  5.43,
  5.44,
  5.44,
  5.42,
  5.45,
  5.45,
  5.43,
  5.45,
  5.42,
  5.43,
  5.43,
  5.44,
  5.43,
  5.44,
  5.43,
  5.41,
  5.43,
  5.44,
  5.44,
  5.44,
  5.44,
  5.46,
  5.45,
  5.45,
  5.45,
  5.44,
  5.43,
  5.44,
  5.45,
  5.44,
  5.44,
  5.44,
  5.43,
  5.44,
  5.42,
  5.43,
  5.43,
  5.44,
  5.43,
  5.44,
  5.44,
  5.43,
  5.43,
  5.44,
  5.46,
  5.48,
  5.46,
  5.44,
  5.42,
  5.42,
  5.43,
  5.44,
  5.43,
  5.44,
  5.46,
  5.45,
  5.42,
  5.43,
  5.44,
  5.44,
  5.42,
  5.42,
  5.42,
  5.41,
  5.4,
  5.42,
  5.41,
  5.41,
  5.41,
  5.43,
  5.43
 ],
 "traj_orth": [
  89.68,
  85.67,
  78.62,
  67.2,
  52.1,
  36.72,
  24.18,
  15.57,
  10.46,
  7.95,
  7.01,
  6.6,
  6.41,
  6.32,
  6.25,
  6.18,
  6.14,
  6.12,
  6.13,
  6.16,
  6.18,
  6.14,
  6.08,
  6.03,
  6.04,
  6.05,
  6.06,
  6.05,
  6.02,
  6.04,
  6.09,
  6.08,
  6.02,
  6.02,
  5.98,
  5.93,
  5.91,
  5.93,
  5.93,
  5.92,
  5.86,
  5.83,
  5.82,
  5.85,
  5.86,
  5.87,
  5.88,
  5.87,
  5.85,
  5.84,
  5.81,
  5.82,
  5.85,
  5.86,
  5.84,
  5.83,
  5.81,
  5.79,
  5.8,
  5.81,
  5.8,
  5.75,
  5.73,
  5.71,
  5.71,
  5.68,
  5.68,
  5.67,
  5.67,
  5.64,
  5.63,
  5.6,
  5.59,
  5.57,
  5.57,
  5.6,
  5.62,
  5.62,
  5.65,
  5.6,
  5.59,
  5.59,
  5.59,
  5.63,
  5.65,
  5.65,
  5.61,
  5.59,
  5.58,
  5.59,
  5.63,
  5.63,
  5.6,
  5.59,
  5.59,
  5.6,
  5.61,
  5.61,
  5.61,
  5.6
 ]
}