{
 "theta_star": 40.55881116659803,
 "after_same_kick": 35.12208374133589,
 "after_orth_kick": 34.929865176479616,
 "traj_same": [
  3.48,
  8.62,
  12.32,
  15.1,
  17.34,
  19.17,
  20.72,
  22.04,
  23.19,
  24.21,
  25.07,
  25.82,
  26.46,
  27.06,
  27.6,
  28.06,
  28.44,
  28.81,
  29.17,
  29.5,
  29.83,
  30.08,
  30.28,
  30.51,
  30.71,
  30.89,
  31.04,
  31.19,
  31.36,
  31.56,
  31.72,
  31.85,
  32.0,
  32.13,
  32.26,
  32.31,
  32.44,
  32.5,
  32.61,
  32.71,
  32.8,
  32.87,
  32.89,
  32.95,
  32.95,
  33.04,
  33.1,
  33.15,
  33.23,
  33.24,
  33.29,
  33.34,
  33.44,
  33.49,
  33.59,
  33.68,
  33.75,
  33.8,
  33.87,
  33.89,
  33.96,
  34.01,
  34.06,
  34.04,
  34.08,
  34.11,
  34.19,
  34.24,
  34.34,
  34.43,
  34.49,
  34.48,
  34.56,
  34.6,
  34.63,
  34.66,
  34.72,
  34.79,
  34.85,
  34.89,
  34.86,
  34.88,
  34.88,
  34.89,
  34.92,
  34.9,
  34.92,
  34.95,
  34.93,
  35.02,
  35.0,
  35.03,
  35.09,
  35.11,
  35.12,
  35.1,
  35.17,
  35.18,
  35.21,
  35.23
 ],
 "traj_orth": [
  89.71,
  86.46,
  82.31,
  77.32,
  71.66,
  65.56,
  59.26,
  53.05,
  47.06,
  41.44,
  36.41,
  31.94,
  28.18,
  25.23,
  23.06,
  21.65,
  20.88,
  20.6,
  20.71,
  21.08,
  21.61,
  22.26,
  22.98,
  23.65,
  24.27,
  24.92,
  25.51,
  26.13,
  26.66,
  27.16,
  27.62,
  28.1,
  28.54,
  28.92,
  29.31,
  29.66,
  29.97,
  30.26,
  30.49,
  30.7,
  30.88,
  31.06,
  31.26,
  31.41,
  31.58,
  31.7,
  31.85,
  31.98,
  32.11,
  32.16,
  32.28,
  32.33,
  32.4,
  32.49,
  32.57,
  32.69,
  32.79,
  32.87,
  32.95,
  33.01,
  33.05,
  33.13,
  33.2,
  33.28,
  33.34,
  33.44,
  33.46,
  33.5,
  33.49,
  33.52,
  33.54,
  33.61,
  33.7,
  33.79,
  33.84,
  33.91,
  33.94,
  33.98,
  33.96,
  34.0,
  34.11,
  34.11,
  34.16,
  34.21,
  34.33,
  34.39,
  34.46,
  34.46,
  34.53,
  34.59,
  34.64,
  34.73,
  34.78,
  34.89,
  34.89,
  34.97,
  35.04,
  35.09,
  35.12,
  35.16
 ]
}