{
 "theta_star": 35.93585898251186,
 "after_same_kick": 33.44920020065648,
 "after_orth_kick": 33.524149545809294,
 "traj_same": [
  2.78,
  8.31,
  12.01,
  14.79,
  17.06,
  18.94,
  20.52,
  21.89,
  23.06,
  24.02,
  24.87,
  25.61,
  26.29,
  26.84,
  27.3,
  27.68,
  27.98,
  28.29,
  28.61,
  28.9,
  29.15,
  29.39,
  29.64,
  29.83,
  30.02,
  30.16,
  30.32,
  30.5,
  30.64,
  30.77,
  30.89,
  31.02,
  31.14,
  31.25,
  31.34,
  31.45,
  31.5,
  31.57,
  31.61,
  31.68,
  31.76,
  31.83,
  31.86,
  31.9,
  31.93,
  31.93,
  31.93,
  31.96,
  31.99,
  32.01,
  31.99,
  32.0,
  32.01,
  32.03,
  32.04,
  32.05,
  32.07,
  32.1,
  32.16,
  32.21,
  32.22,
  32.25,
  32.29,
  32.34,
  32.37,
  32.4,
  32.43,
  32.45,
  32.49,
  32.55,
  32.59,
  32.64,
  32.71,
  32.73,
  32.77,
  32.8,
  32.81,
  32.87,
  32.9,
  32.95,
  32.98,
  33.02,
  33.05,
  33.07,
  33.08,
  33.13,
  33.15,
  33.19,
  33.22,
  33.25,
  33.29,
  33.33,
  33.41,
  33.44,
  33.46,
  33.45,
  33.46,
  33.52,
  33.55,
  33.59
 ],
 "traj_orth": [
  89.71,
  86.54,
  82.45,
  77.52,
  71.91,
  65.83,
  59.59,
  53.36,
  47.37,
  41.85,
  36.87,
  32.53,
  28.84,
  25.76,
  23.44,
  21.81,
  20.84,
  20.42,
  20.45,
  20.78,
  21.3,
  21.97,
  22.69,
  23.38,
  24.09,
  24.76,
  25.42,
  26.06,
  26.61,
  27.12,
  27.58,
  28.01,
  28.41,
  28.77,
  29.08,
  29.4,
  29.67,
  29.93,
  30.12,
  30.33,
  30.53,
  30.73,
  30.89,
  31.07,
  31.22,
  31.34,
  31.45,
  31.56,
  31.67,
  31.76,
  31.81,
  31.87,
  31.95,
  32.01,
  32.11,
  32.2,
  32.29,
  32.33,
  32.38,
  32.43,
  32.47,
  32.5,
  32.53,
  32.58,
  32.61,
  32.65,
  32.7,
  32.72,
  32.77,
  32.81,
  32.83,
  32.83,
  32.85,
  32.85,
  32.89,
  32.95,
  33.0,
  33.08,
  33.12,
  33.18,
  33.17,
  33.19,
  33.2,
  33.21,
  33.21,
  33.24,
  33.25,
  33.3,
  33.32,
  33.33,
  33.35,
  33.4,
  33.48,
  33.52,
  33.55,
  33.53,
  33.55,
  33.59,
  33.61,
  33.65
 ]
}