{
 "theta_star": 39.875192788802195,
 "after_same_kick": 6.954060322885454,
 "after_orth_kick": 7.230780265073195,
 "traj_same": [
  2.12,
  5.54,
  6.49,
  6.8,
  6.9,
  6.96,
  6.98,
  6.96,
  6.97,
  6.94,
  6.94,
  6.95,
  6.94,
  6.95,
  6.94,
  6.96,
  6.96,
  6.96,
  6.96,
  6.97,
  6.99,
  6.98,
  6.95,
  6.94,
  6.94,
  6.95,
  6.92,
  6.92,
  6.93,
  6.94,
  6.94,
  6.94,
  6.94,
  6.93,
  6.94,
  6.96,
  6.96,
  6.95,
  6.95,
  6.96,
  6.95,
  6.94,
  6.96,
  6.95,
  6.95,
  6.94,
  6.95,
  6.94,
  6.94,
  6.94,
  6.96,
  6.93,
  6.95,
  6.95,
  6.95,
  6.94,
  6.94,
  6.96,
  6.96,
  6.97,
  6.94,
  6.95,
  6.96,
  6.95,
  6.94,
  6.94,
  6.95,
  6.94,
  6.95,
  6.95,
  6.96,
  6.95,
  6.97,
  6.95,
  6.96,
  6.97,
  6.99,
  6.98,
  6.99,
  6.97,
  6.97,
  6.96,
  6.97,
  6.97,
  6.97,
  6.95,
  6.97,
  6.96,
  6.96,
  6.96,
  6.96,
  6.95,
  6.93,
  6.94,
  6.95,
  6.96,
  6.98,
  6.95,
  6.96,
  6.97
 ],
 "traj_orth": [
  89.73,
  86.41,
  81.37,
  74.04,
  64.34,
  53.05,
  41.86,
  32.14,
  24.18,
  18.23,
  14.2,
  11.71,
  10.19,
  9.24,
  8.74,
  8.51,
  8.36,
  8.26,
  8.26,
  8.25,
  8.23,
  8.23,
  8.19,
  8.09,
  7.93,
  7.8,
  7.7,
  7.54,
  7.35,
  7.27,
  7.26,
  7.27,
  7.25,
  7.19,
  7.18,
  7.17,
  7.19,
  7.2,
  7.2,
  7.21,
  7.23,
  7.23,
  7.2,
  7.2,
  7.17,
  7.18,
  7.17,
  7.21,
  7.23,
  7.24,
  7.25,
  7.23,
  7.21,
  7.18,
  7.2,
  7.22,
  7.22,
  7.25,
  7.26,
  7.26,
  7.23,
  7.23,
  7.2,
  7.19,
  7.17,
  7.22,
  7.26,
  7.26,
  7.25,
  7.23,
  7.19,
  7.2,
  7.2,
  7.21,
  7.24,
  7.28,
  7.25,
  7.26,
  7.25,
  7.24,
  7.23,
  7.21,
  7.22,
  7.29,
  7.26,
  7.24,
  7.2,
  7.18,
  7.18,
  7.23,
  7.25,
  7.23,
  7.26,
  7.23,
  7.26,
  7.24,
  7.22,
  7.21,
  7.19,
  7.2
 ]
}