{
 "theta_star": 82.98334529786027,
 "after_same_kick": 11.059223500396232,
 "after_orth_kick": 10.660109592265833,
 "traj_same": [
  3.37,
  6.63,
  8.15,
  8.91,
  9.34,
  9.57,
  9.79,
  9.88,
  9.96,
  10.05,
  10.11,
  10.11,
  10.09,
  10.05,
  9.99,
  9.93,
  9.97,
  9.98,
  10.01,
  10.01,
  9.98,
  9.92,
  9.93,
  9.91,
  9.92,
  9.95,
  9.98,
  10.06,
  10.09,
  10.13,
  10.2,
  10.26,
  10.3,
  10.39,
  10.42,
  10.49,
  10.49,
  10.54,
  10.58,
  10.6,
  10.61,
  10.72,
  10.73,
  10.73,
  10.77,
  10.79,
  10.81,
  10.87,
  10.87,
  10.91,
  10.87,
  10.92,
  10.92,
  10.93,
  10.94,
  10.92,
  10.84,
  10.82,
  10.86,
  10.86,
  10.89,
  10.95,
  10.94,
  10.88,
  10.9,
  10.96,
  11.03,
  11.1,
  11.17,
  11.2,
  11.2,
  11.21,
  11.17,
  11.12,
  11.06,
  11.0,
  10.91,
  10.94,
  10.94,
  10.93,
  10.98,
  11.03,
  11.07,
  11.16,
  11.24,
  11.19,
  11.16,
  11.12,
  11.08,
  11.08,
  11.08,
  11.06,
  11.12,
  11.09,
  11.11,
  11.06,
  11.0,
  10.99,
  11.04,
  11.04
 ],
 "traj_orth": [
  89.69,
  86.29,
  81.82,
  76.05,
  68.9,
  60.53,
  51.55,
  42.72,
  34.65,
  27.58,
  21.85,
  17.48,
  14.51,
  12.72,
  11.81,
  11.47,
  11.45,
  11.48,
  11.53,
  11.53,
  11.54,
  11.47,
  11.44,
  11.38,
  11.33,
  11.37,
  11.4,
  11.49,
  11.54,
  11.6,
  11.66,
  11.68,
  11.64,
  11.7,
  11.68,
  11.72,
  11.7,
  11.67,
  11.59,
  11.47,
  11.41,
  11.47,
  11.44,
  11.35,
  11.29,
  11.27,
  11.26,
  11.32,
  11.34,
  11.34,
  11.29,
  11.28,
  11.23,
  11.18,
  11.18,
  11.19,
  11.2,
  11.27,
  11.37,
  11.4,
  11.41,
  11.42,
  11.4,
  11.33,
  11.4,
  11.48,
  11.54,
  11.54,
  11.55,
  11.52,
  11.46,
  11.42,
  11.36,
  11.31,
  11.32,
  11.3,
  11.23,
  11.24,
  11.21,
  11.13,
  11.1,
  11.05,
  10.97,
  10.96,
  10.98,
  10.92,
  10.89,
  10.86,
  10.81,
  10.8,
  10.77,
  10.72,
  10.75,
  10.71,
  10.71,
  10.67,
  10.6,
  10.58,
  10.57,
  10.53
 ]
}