{
 "theta_star": 25.265371317474102,
 "after_same_kick": 25.03534495090556,
 "after_orth_kick": 25.21981690538585,
 "traj_same": [
  3.05,
  8.39,
  11.94,
  14.48,
  16.46,
  17.99,
  19.19,
  20.19,
  20.99,
  21.62,
  22.13,
  22.56,
  22.91,
  23.16,
  23.39,
  23.57,
  23.71,
  23.83,
  23.97,
  24.1,
  24.23,
  24.36,
  24.49,
  24.57,
  24.62,
  24.59,
  24.6,
  24.63,
  24.64,
  24.65,
  24.68,
  24.7,
  24.72,
  24.74,
  24.74,
  24.76,
  24.76,
  24.8,
  24.79,
  24.82,
  24.82,
  24.86,
  24.83,
  24.88,
  24.91,
  24.91,
  24.91,
  24.93,
  24.93,
  24.92,
  24.9,
  24.91,
  24.93,
  24.95,
  24.97,
  24.97,
  24.98,
  24.96,
  24.96,
  24.97,
  24.95,
  24.99,
  25.02,
  25.04,
  25.05,
  25.01,
  25.02,
  25.02,
  25.03,
  25.01,
  24.99,
  24.99,
  25.02,
  25.04,
  25.07,
  25.04,
  25.04,
  25.09,
  25.09,
  25.13,
  25.15,
  25.18,
  25.18,
  25.17,
  25.16,
  25.17,
  25.17,
  25.17,
  25.19,
  25.17,
  25.14,
  25.09,
  25.07,
  25.05,
  25.05,
  24.98,
  24.98,
  25.0,
  25.0,
  25.01
 ],
 "traj_orth": [
  89.71,
  86.36,
  81.52,
  75.23,
  67.79,
  59.76,
  51.75,
  44.1,
  37.22,
  31.46,
  26.84,
  23.38,
  20.96,
  19.46,
  18.8,
  18.67,
  18.86,
  19.24,
  19.8,
  20.39,
  20.97,
  21.56,
  22.09,
  22.52,
  22.88,
  23.17,
  23.47,
  23.76,
  23.99,
  24.17,
  24.32,
  24.44,
  24.56,
  24.68,
  24.78,
  24.89,
  24.97,
  25.05,
  25.09,
  25.16,
  25.2,
  25.26,
  25.27,
  25.35,
  25.42,
  25.45,
  25.48,
  25.53,
  25.57,
  25.57,
  25.57,
  25.57,
  25.61,
  25.64,
  25.64,
  25.62,
  25.59,
  25.52,
  25.47,
  25.42,
  25.34,
  25.33,
  25.31,
  25.29,
  25.23,
  25.17,
  25.17,
  25.18,
  25.18,
  25.14,
  25.12,
  25.11,
  25.13,
  25.13,
  25.16,
  25.14,
  25.12,
  25.13,
  25.09,
  25.12,
  25.11,
  25.1,
  25.09,
  25.09,
  25.1,
  25.14,
  25.15,
  25.15,
  25.17,
  25.16,
  25.18,
  25.22,
  25.25,
  25.25,
  25.28,
  25.23,
  25.21,
  25.2,
  25.18,
  25.19
 ]
}