{
 "theta_star": 38.36495301327484,
 "after_same_kick": 34.10298863591263,
 "after_orth_kick": 33.99693687081221,
 "traj_same": [
  3.66,
  8.79,
  12.44,
  15.15,
  17.32,
  19.13,
  20.68,
  21.96,
  23.12,
  24.1,
  24.99,
  25.75,
  26.41,
  26.93,
  27.42,
  27.84,
  28.28,
  28.64,
  28.93,
  29.18,
  29.4,
  29.64,
  29.87,
  30.01,
  30.16,
  30.33,
  30.46,
  30.6,
  30.7,
  30.78,
  30.87,
  30.98,
  31.08,
  31.19,
  31.27,
  31.44,
  31.53,
  31.55,
  31.65,
  31.75,
  31.78,
  31.82,
  31.88,
  31.97,
  32.0,
  32.05,
  32.12,
  32.17,
  32.28,
  32.39,
  32.46,
  32.55,
  32.66,
  32.75,
  32.78,
  32.87,
  32.99,
  33.07,
  33.18,
  33.22,
  33.27,
  33.36,
  33.42,
  33.43,
  33.47,
  33.46,
  33.51,
  33.59,
  33.66,
  33.72,
  33.75,
  33.74,
  33.78,
  33.79,
  33.79,
  33.84,
  33.87,
  33.92,
  33.95,
  33.93,
  33.94,
  33.97,
  33.93,
  33.94,
  33.93,
  33.95,
  33.94,
  33.98,
  34.01,
  34.01,
  34.03,
  34.05,
  34.08,
  34.1,
  34.08,
  34.09,
  34.15,
  34.17,
  34.14,
  34.13
 ],
 "traj_orth": [
  89.73,
  86.62,
  82.61,
  77.77,
  72.31,
  66.47,
  60.45,
  54.5,
  48.82,
  43.52,
  38.71,
  34.47,
  30.9,
  27.98,
  25.69,
  24.13,
  23.11,
  22.54,
  22.32,
  22.34,
  22.59,
  23.0,
  23.52,
  24.04,
  24.59,
  25.16,
  25.68,
  26.21,
  26.67,
  27.07,
  27.46,
  27.84,
  28.2,
  28.54,
  28.82,
  29.14,
  29.38,
  29.57,
  29.82,
  30.07,
  30.26,
  30.45,
  30.63,
  30.8,
  30.93,
  31.08,
  31.24,
  31.36,
  31.5,
  31.59,
  31.64,
  31.69,
  31.78,
  31.9,
  31.96,
  32.06,
  32.18,
  32.26,
  32.35,
  32.43,
  32.53,
  32.67,
  32.81,
  32.89,
  32.98,
  33.03,
  33.11,
  33.23,
  33.29,
  33.36,
  33.43,
  33.46,
  33.56,
  33.63,
  33.68,
  33.78,
  33.8,
  33.84,
  33.87,
  33.87,
  33.88,
  33.91,
  33.87,
  33.87,
  33.85,
  33.87,
  33.86,
  33.87,
  33.91,
  33.9,
  33.93,
  33.96,
  33.98,
  34.01,
  33.99,
  33.98,
  34.04,
  34.05,
  34.02,
  34.01
 ]
}