{
 "theta_star": 73.04979593172328,
 "after_same_kick": 11.109240370286063,
 "after_orth_kick": 11.476104531459375,
 "traj_same": [
  2.96,
  6.51,
  8.07,
  8.89,
  9.33,
  9.56,
  9.67,
  9.78,
  9.86,
  9.93,
  9.97,
  10.0,
  10.01,
  10.03,
  10.01,
  10.03,
  10.03,
  10.04,
  10.06,
  10.08,
  10.1,
  10.12,
  10.19,
  10.25,
  10.34,
  10.38,
  10.42,
  10.44,
  10.46,
  10.47,
  10.47,
  10.47,
  10.44,
  10.44,
  10.43,
  10.46,
  10.49,
  10.52,
  10.55,
  10.57,
  10.58,
  10.61,
  10.64,
  10.7,
  10.78,
  10.81,
  10.8,
  10.78,
  10.77,
  10.76,
  10.8,
  10.8,
  10.81,
  10.85,
  10.82,
  10.78,
  10.69,
  10.61,
  10.58,
  10.56,
  10.51,
  10.48,
  10.46,
  10.45,
  10.41,
  10.4,
  10.4,
  10.43,
  10.44,
  10.47,
  10.53,
  10.56,
  10.59,
  10.61,
  10.58,
  10.61,
  10.65,
  10.82,
  10.95,
  11.02,
  11.05,
  11.04,
  11.03,
  11.01,
  11.04,
  11.07,
  11.11,
  11.15,
  11.15,
  11.19,
  11.16,
  11.12,
  11.09,
  11.11,
  11.14,
  11.1,
  11.12,
  11.11,
  11.09,
  11.06
 ],
 "traj_orth": [
  89.73,
  86.56,
  82.32,
  76.84,
  70.07,
  62.25,
  53.91,
  45.69,
  38.13,
  31.47,
  26.02,
  21.76,
  18.57,
  16.32,
  14.78,
  13.78,
  13.09,
  12.62,
  12.31,
  12.15,
  12.04,
  11.99,
  11.95,
  11.88,
  11.84,
  11.83,
  11.81,
  11.78,
  11.74,
  11.69,
  11.66,
  11.65,
  11.59,
  11.51,
  11.39,
  11.26,
  11.18,
  11.15,
  11.21,
  11.26,
  11.28,
  11.28,
  11.24,
  11.17,
  11.12,
  11.07,
  11.08,
  11.08,
  11.09,
  11.09,
  11.13,
  11.15,
  11.14,
  11.13,
  11.13,
  11.12,
  11.08,
  11.02,
  11.05,
  11.06,
  11.03,
  11.03,
  11.04,
  11.06,
  11.04,
  11.06,
  11.08,
  11.13,
  11.15,
  11.22,
  11.3,
  11.32,
  11.31,
  11.29,
  11.27,
  11.3,
  11.31,
  11.41,
  11.46,
  11.53,
  11.58,
  11.56,
  11.56,
  11.56,
  11.56,
  11.55,
  11.52,
  11.48,
  11.46,
  11.48,
  11.46,
  11.43,
  11.41,
  11.45,
  11.51,
  11.5,
  11.51,
  11.52,
  11.52,
  11.46
 ]
}