{
 "theta_star": 8.625540693929663,
 "after_same_kick": 5.45896275975259,
 "after_orth_kick": 5.513539036267015,
 "traj_same": [
  1.5,
  4.81,
  5.32,
  5.44,
  5.47,
  5.49,
  5.46,
  5.46,
  5.46,
  5.48,
  5.5,
  5.49,
  5.5,
  5.48,
  5.5,
  5.5,
  5.5,
  5.48,
  5.48,
  5.46,
  5.48,
  5.47,
  5.47,
  5.49,
  5.48,
  5.48,
  5.47,
  5.46,
  5.46,
  5.48,
  5.47,
  5.47,
  5.47,
  5.46,
  5.46,
  5.46,
  5.47,
  5.48,
  5.47,
  5.46,
  5.48,
  5.46,
  5.45,
  5.47,
  5.46,
  5.47,
  5.47,
  5.46,
  5.46,
  5.47,
  5.47,
  5.47,
  5.46,
  5.47,
  5.47,
  5.46,
  5.46,
  5.46,
  5.46,
  5.46,
  5.46,
  5.46,
  5.47,
  5.46,
  5.44,
  5.46,
  5.48,
  5.47,
  5.46,
  5.46,
  5.46,
  5.48,
  5.47,
  5.47,
  5.47,
  5.46,
  5.47,
  5.47,
  5.47,
  5.46,
  5.45,
  5.46,
  5.45,
  5.44,
  5.47,
  5.46,
  5.48,
  5.47,
  5.47,
  5.46,
  5.46,
  5.46,
  5.47,
  5.46,
  5.47,
  5.47,
  5.46,
  5.44,
  5.46,
  5.46
 ],
 "traj_orth": [
  89.7,
  85.81,
  79.01,
  67.99,
  53.37,
  38.25,
  25.88,
  17.51,
  12.1,
  8.75,
  7.13,
  6.66,
  6.48,
  6.37,
  6.27,
  6.22,
  6.18,
  6.16,
  6.14,
  6.04,
  5.94,
  5.81,
  5.79,
  5.81,
  5.8,
  5.79,
  5.76,
  5.72,
  5.69,
  5.66,
  5.63,
  5.64,
  5.67,
  5.66,
  5.64,
  5.62,
  5.62,
  5.61,
  5.63,
  5.65,
  5.68,
  5.66,
  5.64,
  5.63,
  5.61,
  5.61,
  5.64,
  5.65,
  5.67,
  5.68,
  5.65,
  5.63,
  5.6,
  5.62,
  5.64,
  5.65,
  5.68,
  5.66,
  5.63,
  5.62,
  5.61,
  5.6,
  5.62,
  5.65,
  5.64,
  5.65,
  5.65,
  5.62,
  5.6,
  5.61,
  5.63,
  5.67,
  5.66,
  5.65,
  5.62,
  5.59,
  5.6,
  5.61,
  5.64,
  5.64,
  5.61,
  5.6,
  5.58,
  5.56,
  5.59,
  5.58,
  5.61,
  5.61,
  5.6,
  5.58,
  5.57,
  5.55,
  5.56,
  5.55,
  5.55,
  5.53,
  5.48,
  5.44,
  5.46,
  5.46
 ]
}