{
 "theta_star": 6.416273669840923,
 "after_same_kick": 5.172738115178943,
 "after_orth_kick": 5.172634429918217,
 "traj_same": [
  1.47,
  4.63,
  5.12,
  5.22,
  5.26,
  5.28,
  5.32,
  5.37,
  5.37,
  5.31,
  5.25,
  5.21,
  5.21,
  5.2,
  5.21,
  5.21,
  5.19,
  5.22,
  5.2,
  5.2,
  5.18,
  5.2,
  5.19,
  5.19,
  5.2,
  5.2,
  5.2,
  5.2,
  5.2,
  5.18,
  5.18,
  5.19,
  5.19,
  5.16,
  5.19,
  5.2,
  5.18,
  5.18,
  5.18,
  5.18,
  5.18,
  5.17,
  5.16,
  5.19,
  5.19,
  5.18,
  5.19,
  5.18,
  5.17,
  5.18,
  5.16,
  5.17,
  5.18,
  5.17,
  5.19,
  5.19,
  5.19,
  5.17,
  5.17,
  5.19,
  5.17,
  5.18,
  5.2,
  5.18,
  5.17,
  5.18,
  5.16,
  5.17,
  5.17,
  5.18,
  5.16,
  5.16,
  5.17,
  5.18,
  5.18,
  5.17,
  5.17,
  5.16,
  5.17,
  5.16,
  5.17,
  5.17,
  5.18,
  5.16,
  5.16,
  5.18,
  5.17,
  5.15,
  5.16,
  5.17,
  5.16,
  5.17,
  5.18,
  5.18,
  5.18,
  5.17,
  5.16,
  5.18,
  5.17,
  5.18
 ],
 "traj_orth": [
  89.76,
  86.44,
  80.57,
  71.0,
  57.99,
  43.72,
  30.58,
  20.18,
  13.19,
  9.3,
  7.45,
  6.68,
  6.47,
  6.33,
  6.27,
  6.19,
  6.08,
  6.07,
  6.0,
  5.97,
  5.9,
  5.84,
  5.78,
  5.75,
  5.73,
  5.71,
  5.71,
  5.71,
  5.71,
  5.72,
  5.72,
  5.71,
  5.71,
  5.66,
  5.67,
  5.66,
  5.6,
  5.56,
  5.51,
  5.48,
  5.51,
  5.51,
  5.49,
  5.48,
  5.43,
  5.37,
  5.34,
  5.33,
  5.33,
  5.37,
  5.38,
  5.37,
  5.35,
  5.33,
  5.33,
  5.35,
  5.39,
  5.39,
  5.38,
  5.37,
  5.33,
  5.32,
  5.35,
  5.34,
  5.35,
  5.37,
  5.35,
  5.36,
  5.34,
  5.34,
  5.31,
  5.3,
  5.31,
  5.33,
  5.36,
  5.35,
  5.33,
  5.29,
  5.29,
  5.28,
  5.29,
  5.3,
  5.31,
  5.29,
  5.27,
  5.27,
  5.22,
  5.16,
  5.17,
  5.17,
  5.16,
  5.17,
  5.18,
  5.18,
  5.18,
  5.17,
  5.16,
  5.18,
  5.17,
  5.18
 ]
}