{
 "theta_star": 86.17027003771881,
 "after_same_kick": 16.2033137751903,
 "after_orth_kick": 18.395808721501183,
 "traj_same": [
  3.16,
  7.07,
  9.2,
  10.45,
  11.27,
  11.88,
  12.35,
  12.71,
  13.0,
  13.17,
  13.31,
  13.43,
  13.5,
  13.58,
  13.62,
  13.69,
  13.72,
  13.75,
  13.76,
  13.8,
  13.84,
  13.86,
  13.89,
  13.93,
  13.96,
  14.0,
  14.01,
  14.02,
  14.07,
  14.09,
  14.13,
  14.18,
  14.19,
  14.21,
  14.21,
  14.24,
  14.26,
  14.27,
  14.3,
  14.34,
  14.36,
  14.4,
  14.48,
  14.54,
  14.63,
  14.67,
  14.73,
  14.74,
  14.78,
  14.77,
  14.78,
  14.72,
  14.71,
  14.75,
  14.81,
  14.78,
  14.79,
  14.85,
  14.93,
  15.03,
  15.11,
  15.15,
  15.2,
  15.19,
  15.24,
  15.31,
  15.38,
  15.42,
  15.42,
  15.45,
  15.53,
  15.55,
  15.58,
  15.59,
  15.66,
  15.7,
  15.73,
  15.75,
  15.81,
  15.83,
  15.93,
  15.94,
  15.94,
  15.92,
  15.93,
  15.96,
  16.04,
  16.08,
  16.1,
  16.14,
  16.13,
  16.09,
  16.07,
  16.1,
  16.16,
  16.19,
  16.27,
  16.3,
  16.35,
  16.38
 ],
 "traj_orth": [
  89.73,
  86.7,
  83.03,
  78.65,
  73.58,
  67.81,
  61.56,
  55.07,
  48.61,
  42.56,
  37.03,
  32.2,
  28.12,
  24.79,
  22.11,
  20.12,
  18.59,
  17.5,
  16.84,
  16.4,
  16.15,
  16.03,
  16.01,
  15.99,
  16.0,
  16.01,
  16.02,
  16.01,
  16.05,
  16.1,
  16.21,
  16.32,
  16.42,
  16.45,
  16.5,
  16.5,
  16.57,
  16.61,
  16.66,
  16.74,
  16.84,
  16.91,
  16.94,
  16.93,
  16.82,
  16.79,
  16.78,
  16.8,
  16.8,
  16.89,
  16.99,
  17.06,
  17.05,
  17.06,
  17.1,
  17.15,
  17.15,
  17.21,
  17.23,
  17.33,
  17.4,
  17.43,
  17.47,
  17.51,
  17.51,
  17.55,
  17.59,
  17.63,
  17.65,
  17.64,
  17.65,
  17.7,
  17.75,
  17.8,
  17.86,
  17.88,
  17.93,
  17.97,
  18.01,
  18.05,
  18.12,
  18.11,
  18.12,
  18.17,
  18.16,
  18.21,
  18.28,
  18.3,
  18.29,
  18.32,
  18.3,
  18.27,
  18.34,
  18.4,
  18.5,
  18.46,
  18.44,
  18.42,
  18.4,
  18.43
 ]
}