{
 "theta_star": 44.97073653428671,
 "after_same_kick": 7.155121703136399,
 "after_orth_kick": 7.402440692295175,
 "traj_same": [
  2.13,
  5.62,
  6.62,
  6.97,
  7.09,
  7.16,
  7.18,
  7.17,
  7.18,
  7.2,
  7.2,
  7.2,
  7.19,
  7.19,
  7.21,
  7.18,
  7.17,
  7.16,
  7.14,
  7.14,
  7.17,
  7.14,
  7.14,
  7.15,
  7.16,
  7.17,
  7.16,
  7.15,
  7.16,
  7.17,
  7.16,
  7.13,
  7.14,
  7.15,
  7.13,
  7.14,
  7.14,
  7.16,
  7.16,
  7.18,
  7.23,
  7.25,
  7.27,
  7.25,
  7.19,
  7.15,
  7.12,
  7.14,
  7.14,
  7.12,
  7.13,
  7.12,
  7.12,
  7.13,
  7.14,
  7.13,
  7.14,
  7.12,
  7.13,
  7.13,
  7.14,
  7.14,
  7.15,
  7.16,
  7.15,
  7.14,
  7.14,
  7.13,
  7.13,
  7.16,
  7.14,
  7.17,
  7.15,
  7.17,
  7.15,
  7.15,
  7.16,
  7.15,
  7.15,
  7.14,
  7.14,
  7.15,
  7.15,
  7.14,
  7.15,
  7.14,
  7.16,
  7.16,
  7.15,
  7.16,
  7.16,
  7.16,
  7.15,
  7.16,
  7.16,
  7.14,
  7.15,
  7.15,
  7.17,
  7.15
 ],
 "traj_orth": [
  89.69,
  86.03,
  80.53,
  72.58,
  62.29,
  50.72,
  39.39,
  29.45,
  21.74,
  16.6,
  13.44,
  11.41,
  10.05,
  9.26,
  8.88,
  8.63,
  8.37,
  8.17,
  8.04,
  7.9,
  7.82,
  7.77,
  7.77,
  7.78,
  7.77,
  7.74,
  7.72,
  7.69,
  7.74,
  7.74,
  7.69,
  7.61,
  7.59,
  7.56,
  7.51,
  7.48,
  7.5,
  7.52,
  7.51,
  7.49,
  7.49,
  7.46,
  7.48,
  7.54,
  7.62,
  7.64,
  7.63,
  7.62,
  7.57,
  7.52,
  7.49,
  7.46,
  7.39,
  7.39,
  7.41,
  7.43,
  7.43,
  7.41,
  7.4,
  7.38,
  7.37,
  7.37,
  7.38,
  7.39,
  7.4,
  7.4,
  7.4,
  7.39,
  7.41,
  7.41,
  7.38,
  7.39,
  7.39,
  7.41,
  7.39,
  7.41,
  7.41,
  7.4,
  7.41,
  7.38,
  7.38,
  7.41,
  7.4,
  7.41,
  7.42,
  7.39,
  7.39,
  7.38,
  7.37,
  7.37,
  7.4,
  7.41,
  7.43,
  7.43,
  7.44,
  7.4,
  7.39,
  7.38,
  7.38,
  7.36
 ]
}