{
 "theta_star": 4.503584773248859,
 "after_same_kick": 4.295644301392583,
 "after_orth_kick": 4.466756743541024,
 "traj_same": [
  1.4,
  4.05,
  4.27,
  4.31,
  4.32,
  4.33,
  4.3,
  4.29,
  4.3,
  4.31,
  4.32,
  4.32,
  4.32,
  4.3,
  4.31,
  4.31,
  4.31,
  4.3,
  4.31,
  4.3,
  4.32,
  4.3,
  4.31,
  4.32,
  4.31,
  4.32,
  4.3,
  4.29,
  4.3,
  4.32,
  4.31,
  4.31,
  4.31,
  4.29,
  4.29,
  4.3,
  4.31,
  4.32,
  4.31,
  4.3,
  4.32,
  4.29,
  4.29,
  4.31,
  4.3,
  4.3,
  4.31,
  4.3,
  4.29,
  4.31,
  4.3,
  4.3,
  4.28,
  4.3,
  4.3,
  4.3,
  4.3,
  4.3,
  4.3,
  4.3,
  4.3,
  4.3,
  4.31,
  4.3,
  4.29,
  4.3,
  4.32,
  4.3,
  4.29,
  4.3,
  4.29,
  4.31,
  4.3,
  4.3,
  4.3,
  4.3,
  4.31,
  4.31,
  4.31,
  4.3,
  4.3,
  4.3,
  4.29,
  4.29,
  4.3,
  4.29,
  4.31,
  4.3,
  4.3,
  4.29,
  4.29,
  4.29,
  4.3,
  4.3,
  4.3,
  4.3,
  4.29,
  4.28,
  4.3,
  4.3
 ],
 "traj_orth": [
  89.7,
  85.44,
  76.45,
  60.85,
  41.98,
  26.07,
  15.91,
  9.48,
  6.21,
  5.37,
  5.11,
  5.02,
  4.98,
  4.98,
  4.97,
  4.88,
  4.84,
  4.83,
  4.84,
  4.81,
  4.82,
  4.82,
  4.84,
  4.86,
  4.86,
  4.83,
  4.74,
  4.65,
  4.64,
  4.67,
  4.71,
  4.75,
  4.76,
  4.71,
  4.67,
  4.67,
  4.68,
  4.7,
  4.69,
  4.69,
  4.7,
  4.69,
  4.67,
  4.69,
  4.66,
  4.67,
  4.7,
  4.68,
  4.65,
  4.66,
  4.66,
  4.67,
  4.66,
  4.7,
  4.71,
  4.66,
  4.64,
  4.62,
  4.63,
  4.64,
  4.66,
  4.69,
  4.69,
  4.64,
  4.62,
  4.63,
  4.65,
  4.64,
  4.61,
  4.63,
  4.61,
  4.64,
  4.61,
  4.6,
  4.58,
  4.58,
  4.57,
  4.54,
  4.49,
  4.48,
  4.48,
  4.48,
  4.46,
  4.44,
  4.46,
  4.47,
  4.5,
  4.48,
  4.46,
  4.46,
  4.47,
  4.49,
  4.49,
  4.48,
  4.47,
  4.45,
  4.44,
  4.42,
  4.46,
  4.49
 ]
}