{
 "theta_star": 24.658906963010974,
 "after_same_kick": 23.400055073016134,
 "after_orth_kick": 23.568515768452446,
 "traj_same": [
  2.94,
  8.12,
  11.51,
  13.87,
  15.66,
  17.06,
  18.14,
  19.02,
  19.78,
  20.38,
  20.87,
  21.27,
  21.61,
  21.88,
  22.12,
  22.33,
  22.49,
  22.66,
  22.79,
  22.9,
  23.0,
  23.11,
  23.19,
  23.25,
  23.33,
  23.4,
  23.45,
  23.46,
  23.49,
  23.51,
  23.5,
  23.51,
  23.53,
  23.51,
  23.57,
  23.62,
  23.63,
  23.65,
  23.65,
  23.63,
  23.63,
  23.64,
  23.66,
  23.71,
  23.72,
  23.72,
  23.74,
  23.72,
  23.68,
  23.66,
  23.64,
  23.64,
  23.65,
  23.62,
  23.61,
  23.61,
  23.62,
  23.58,
  23.55,
  23.54,
  23.52,
  23.54,
  23.6,
  23.64,
  23.67,
  23.71,
  23.75,
  23.77,
  23.78,
  23.78,
  23.71,
  23.69,
  23.68,
  23.67,
  23.66,
  23.67,
  23.67,
  23.61,
  23.61,
  23.58,
  23.56,
  23.52,
  23.49,
  23.47,
  23.46,
  23.5,
  23.51,
  23.47,
  23.48,
  23.51,
  23.49,
  23.48,
  23.46,
  23.42,
  23.42,
  23.39,
  23.36,
  23.36,
  23.31,
  23.3
 ],
 "traj_orth": [
  89.76,
  86.74,
  82.39,
  76.67,
  69.85,
  62.38,
  54.8,
  47.42,
  40.56,
  34.54,
  29.54,
  25.58,
  22.63,
  20.58,
  19.35,
  18.67,
  18.43,
  18.49,
  18.71,
  19.11,
  19.56,
  20.07,
  20.54,
  20.97,
  21.38,
  21.74,
  22.03,
  22.29,
  22.56,
  22.81,
  22.99,
  23.15,
  23.27,
  23.33,
  23.44,
  23.55,
  23.61,
  23.66,
  23.67,
  23.67,
  23.68,
  23.7,
  23.71,
  23.74,
  23.76,
  23.76,
  23.77,
  23.77,
  23.81,
  23.85,
  23.87,
  23.88,
  23.88,
  23.88,
  23.92,
  23.95,
  23.95,
  23.9,
  23.88,
  23.85,
  23.81,
  23.79,
  23.78,
  23.78,
  23.78,
  23.76,
  23.72,
  23.67,
  23.64,
  23.64,
  23.59,
  23.56,
  23.52,
  23.5,
  23.5,
  23.53,
  23.56,
  23.53,
  23.55,
  23.56,
  23.59,
  23.62,
  23.65,
  23.63,
  23.6,
  23.62,
  23.61,
  23.58,
  23.6,
  23.63,
  23.62,
  23.64,
  23.64,
  23.6,
  23.58,
  23.54,
  23.51,
  23.52,
  23.51,
  23.52
 ]
}