{
 "theta_star": 21.397432617444288,
 "after_same_kick": 21.062641748193236,
 "after_orth_kick": 20.93540323134301,
 "traj_same": [
  3.18,
  8.4,
  11.71,
  13.91,
  15.52,
  16.69,
  17.55,
  18.21,
  18.74,
  19.12,
  19.4,
  19.61,
  19.78,
  19.93,
  20.05,
  20.14,
  20.23,
  20.31,
  20.37,
  20.44,
  20.5,
  20.54,
  20.57,
  20.57,
  20.58,
  20.63,
  20.66,
  20.71,
  20.74,
  20.74,
  20.8,
  20.8,
  20.8,
  20.8,
  20.77,
  20.79,
  20.79,
  20.79,
  20.78,
  20.76,
  20.76,
  20.78,
  20.8,
  20.83,
  20.83,
  20.83,
  20.82,
  20.82,
  20.82,
  20.81,
  20.8,
  20.77,
  20.8,
  20.78,
  20.78,
  20.77,
  20.77,
  20.73,
  20.71,
  20.72,
  20.74,
  20.76,
  20.76,
  20.79,
  20.81,
  20.84,
  20.82,
  20.84,
  20.87,
  20.9,
  20.9,
  20.91,
  20.92,
  20.95,
  20.92,
  20.92,
  20.93,
  20.94,
  20.98,
  21.0,
  21.04,
  21.04,
  21.04,
  21.05,
  21.06,
  21.09,
  21.09,
  21.1,
  21.12,
  21.13,
  21.13,
  21.13,
  21.11,
  21.1,
  21.03,
  21.01,
  21.01,
  21.03,
  21.02,
  21.05
 ],
 "traj_orth": [
  89.72,
  86.08,
  80.15,
  71.81,
  61.73,
  51.09,
  40.96,
  32.37,
  25.79,
  21.2,
  18.23,
  16.57,
  15.85,
  15.72,
  16.03,
  16.49,
  17.03,
  17.6,
  18.14,
  18.64,
  19.06,
  19.42,
  19.69,
  19.89,
  20.08,
  20.28,
  20.43,
  20.59,
  20.73,
  20.82,
  20.93,
  21.02,
  21.06,
  21.1,
  21.09,
  21.09,
  21.09,
  21.07,
  21.05,
  21.06,
  21.08,
  21.14,
  21.18,
  21.23,
  21.22,
  21.23,
  21.23,
  21.22,
  21.2,
  21.15,
  21.12,
  21.1,
  21.1,
  21.05,
  21.0,
  20.96,
  20.95,
  20.92,
  20.9,
  20.87,
  20.84,
  20.83,
  20.79,
  20.78,
  20.77,
  20.8,
  20.8,
  20.82,
  20.83,
  20.85,
  20.83,
  20.81,
  20.8,
  20.82,
  20.79,
  20.81,
  20.81,
  20.82,
  20.85,
  20.85,
  20.87,
  20.85,
  20.84,
  20.82,
  20.84,
  20.88,
  20.89,
  20.91,
  20.95,
  20.96,
  20.95,
  20.96,
  20.95,
  20.95,
  20.91,
  20.91,
  20.93,
  20.94,
  20.93,
  20.92
 ]
}