{
 "theta_star": 27.309389220072052,
 "after_same_kick": 24.600100210610005,
 "after_orth_kick": 24.69721068483841,
 "traj_same": [
  3.29,
  8.32,
  11.74,
  14.2,
  16.11,
  17.61,
  18.85,
  19.85,
  20.62,
  21.27,
  21.8,
  22.21,
  22.55,
  22.82,
  23.05,
  23.26,
  23.48,
  23.62,
  23.75,
  23.88,
  24.0,
  24.08,
  24.17,
  24.21,
  24.24,
  24.26,
  24.25,
  24.25,
  24.23,
  24.23,
  24.18,
  24.21,
  24.18,
  24.13,
  24.06,
  24.01,
  23.94,
  23.92,
  23.93,
  23.96,
  24.0,
  24.02,
  24.01,
  24.01,
  24.01,
  24.01,
  24.03,
  24.09,
  24.14,
  24.19,
  24.19,
  24.19,
  24.22,
  24.2,
  24.17,
  24.18,
  24.18,
  24.21,
  24.21,
  24.21,
  24.19,
  24.17,
  24.2,
  24.22,
  24.29,
  24.32,
  24.33,
  24.35,
  24.35,
  24.38,
  24.4,
  24.43,
  24.41,
  24.41,
  24.42,
  24.44,
  24.49,
  24.5,
  24.46,
  24.47,
  24.47,
  24.48,
  24.47,
  24.46,
  24.44,
  24.45,
  24.46,
  24.47,
  24.51,
  24.53,
  24.53,
  24.56,
  24.57,
  24.6,
  24.6,
  24.59,
  24.6,
  24.63,
  24.66,
  24.67
 ],
 "traj_orth": [
  89.73,
  86.54,
  81.96,
  75.96,
  68.79,
  61.0,
  53.23,
  45.98,
  39.4,
  33.68,
  28.95,
  25.25,
  22.59,
  20.89,
  19.99,
  19.68,
  19.84,
  20.18,
  20.62,
  21.08,
  21.51,
  21.88,
  22.27,
  22.64,
  23.01,
  23.31,
  23.54,
  23.74,
  23.9,
  24.03,
  24.07,
  24.18,
  24.24,
  24.29,
  24.3,
  24.31,
  24.29,
  24.32,
  24.34,
  24.35,
  24.35,
  24.34,
  24.29,
  24.24,
  24.2,
  24.19,
  24.2,
  24.22,
  24.22,
  24.25,
  24.24,
  24.27,
  24.31,
  24.33,
  24.35,
  24.42,
  24.47,
  24.5,
  24.52,
  24.55,
  24.56,
  24.54,
  24.57,
  24.6,
  24.65,
  24.67,
  24.67,
  24.66,
  24.67,
  24.68,
  24.7,
  24.75,
  24.73,
  24.73,
  24.74,
  24.73,
  24.72,
  24.7,
  24.65,
  24.65,
  24.66,
  24.67,
  24.66,
  24.62,
  24.62,
  24.65,
  24.66,
  24.65,
  24.69,
  24.7,
  24.68,
  24.69,
  24.68,
  24.7,
  24.7,
  24.67,
  24.69,
  24.7,
  24.73,
  24.74
 ]
}