{
 "theta_star": 78.11128540588133,
 "after_same_kick": 10.292923315466478,
 "after_orth_kick": 10.604578480798107,
 "traj_same": [
  3.02,
  6.49,
  8.09,
  8.85,
  9.26,
  9.47,
  9.62,
  9.73,
  9.79,
  9.88,
  9.94,
  9.97,
  9.97,
  9.98,
  9.99,
  9.98,
  9.98,
  9.99,
  10.03,
  10.04,
  10.06,
  10.07,
  10.11,
  10.14,
  10.17,
  10.18,
  10.2,
  10.2,
  10.18,
  10.21,
  10.23,
  10.26,
  10.3,
  10.31,
  10.35,
  10.32,
  10.36,
  10.39,
  10.42,
  10.41,
  10.42,
  10.38,
  10.34,
  10.3,
  10.25,
  10.2,
  10.16,
  10.1,
  10.07,
  9.97,
  9.92,
  9.85,
  9.83,
  9.81,
  9.81,
  9.82,
  9.81,
  9.8,
  9.86,
  9.91,
  9.96,
  9.99,
  10.02,
  10.02,
  10.07,
  10.14,
  10.22,
  10.29,
  10.35,
  10.4,
  10.42,
  10.41,
  10.4,
  10.39,
  10.34,
  10.25,
  10.21,
  10.22,
  10.22,
  10.19,
  10.14,
  10.14,
  10.17,
  10.18,
  10.23,
  10.23,
  10.28,
  10.27,
  10.22,
  10.23,
  10.2,
  10.2,
  10.25,
  10.27,
  10.31,
  10.36,
  10.41,
  10.35,
  10.32,
  10.27
 ],
 "traj_orth": [
  89.7,
  86.31,
  81.92,
  76.24,
  69.26,
  61.17,
  52.65,
  44.33,
  36.57,
  29.71,
  24.12,
  19.77,
  16.69,
  14.79,
  13.79,
  13.21,
  12.81,
  12.55,
  12.39,
  12.24,
  12.1,
  11.92,
  11.81,
  11.65,
  11.5,
  11.32,
  11.19,
  11.1,
  11.07,
  11.08,
  11.06,
  11.07,
  11.09,
  11.05,
  11.03,
  10.97,
  10.97,
  10.97,
  10.92,
  10.85,
  10.8,
  10.71,
  10.6,
  10.48,
  10.37,
  10.33,
  10.28,
  10.24,
  10.21,
  10.17,
  10.17,
  10.14,
  10.16,
  10.17,
  10.19,
  10.21,
  10.21,
  10.17,
  10.19,
  10.2,
  10.21,
  10.23,
  10.24,
  10.24,
  10.3,
  10.37,
  10.48,
  10.58,
  10.66,
  10.7,
  10.73,
  10.73,
  10.76,
  10.79,
  10.75,
  10.7,
  10.7,
  10.71,
  10.65,
  10.63,
  10.59,
  10.57,
  10.58,
  10.59,
  10.59,
  10.6,
  10.65,
  10.66,
  10.64,
  10.66,
  10.61,
  10.58,
  10.58,
  10.58,
  10.59,
  10.57,
  10.61,
  10.58,
  10.63,
  10.72
 ]
}