{
 "theta_star": 21.26430905351932,
 "after_same_kick": 20.95264352605829,
 "after_orth_kick": 21.003289712816972,
 "traj_same": [
  3.7,
  8.6,
  11.83,
  14.01,
  15.64,
  16.83,
  17.7,
  18.37,
  18.9,
  19.29,
  19.58,
  19.81,
  20.01,
  20.16,
  20.28,
  20.32,
  20.39,
  20.47,
  20.53,
  20.57,
  20.58,
  20.6,
  20.64,
  20.65,
  20.64,
  20.68,
  20.68,
  20.71,
  20.74,
  20.71,
  20.74,
  20.74,
  20.75,
  20.77,
  20.74,
  20.76,
  20.76,
  20.78,
  20.78,
  20.78,
  20.78,
  20.8,
  20.82,
  20.85,
  20.83,
  20.82,
  20.83,
  20.81,
  20.8,
  20.76,
  20.75,
  20.71,
  20.73,
  20.68,
  20.64,
  20.62,
  20.64,
  20.63,
  20.63,
  20.64,
  20.68,
  20.71,
  20.7,
  20.74,
  20.8,
  20.85,
  20.84,
  20.83,
  20.86,
  20.88,
  20.89,
  20.92,
  20.93,
  20.97,
  20.93,
  20.96,
  20.99,
  20.99,
  21.04,
  21.07,
  21.09,
  21.07,
  21.06,
  21.04,
  21.04,
  21.05,
  21.05,
  21.09,
  21.14,
  21.12,
  21.1,
  21.11,
  21.1,
  21.09,
  21.0,
  20.94,
  20.9,
  20.83,
  20.73,
  20.72
 ],
 "traj_orth": [
  89.72,
  86.09,
  80.18,
  71.86,
  61.78,
  51.13,
  40.97,
  32.39,
  25.84,
  21.31,
  18.43,
  16.88,
  16.23,
  16.16,
  16.49,
  16.89,
  17.35,
  17.86,
  18.35,
  18.8,
  19.21,
  19.56,
  19.86,
  20.09,
  20.28,
  20.49,
  20.63,
  20.79,
  20.94,
  21.01,
  21.08,
  21.12,
  21.12,
  21.15,
  21.13,
  21.14,
  21.14,
  21.11,
  21.07,
  21.06,
  21.08,
  21.1,
  21.08,
  21.08,
  21.04,
  21.03,
  21.06,
  21.06,
  21.04,
  20.98,
  20.94,
  20.89,
  20.9,
  20.87,
  20.86,
  20.86,
  20.9,
  20.91,
  20.89,
  20.87,
  20.87,
  20.88,
  20.84,
  20.87,
  20.92,
  20.99,
  20.98,
  21.0,
  21.04,
  21.06,
  21.06,
  21.05,
  21.05,
  21.06,
  21.0,
  21.03,
  21.05,
  21.05,
  21.11,
  21.12,
  21.13,
  21.11,
  21.1,
  21.08,
  21.1,
  21.14,
  21.17,
  21.19,
  21.21,
  21.17,
  21.15,
  21.15,
  21.11,
  21.08,
  20.97,
  20.94,
  20.94,
  20.93,
  20.87,
  20.89
 ]
}