{
 "theta_star": 75.38464473758481,
 "after_same_kick": 10.427026247448875,
 "after_orth_kick": 9.986467162287388,
 "traj_same": [
  2.84,
  6.35,
  7.88,
  8.61,
  9.06,
  9.35,
  9.52,
  9.62,
  9.68,
  9.74,
  9.79,
  9.84,
  9.9,
  9.96,
  9.98,
  10.04,
  10.12,
  10.17,
  10.19,
  10.24,
  10.3,
  10.36,
  10.39,
  10.42,
  10.44,
  10.46,
  10.43,
  10.44,
  10.5,
  10.53,
  10.55,
  10.52,
  10.49,
  10.5,
  10.54,
  10.58,
  10.59,
  10.58,
  10.57,
  10.53,
  10.54,
  10.55,
  10.57,
  10.62,
  10.65,
  10.61,
  10.61,
  10.65,
  10.66,
  10.64,
  10.67,
  10.66,
  10.62,
  10.56,
  10.52,
  10.51,
  10.49,
  10.5,
  10.46,
  10.42,
  10.37,
  10.32,
  10.29,
  10.3,
  10.31,
  10.31,
  10.29,
  10.3,
  10.31,
  10.27,
  10.27,
  10.31,
  10.36,
  10.37,
  10.37,
  10.35,
  10.33,
  10.31,
  10.31,
  10.29,
  10.3,
  10.3,
  10.32,
  10.33,
  10.35,
  10.34,
  10.34,
  10.33,
  10.34,
  10.34,
  10.35,
  10.38,
  10.39,
  10.42,
  10.43,
  10.43,
  10.46,
  10.47,
  10.49,
  10.46
 ],
 "traj_orth": [
  89.73,
  86.63,
  82.54,
  77.28,
  70.72,
  63.15,
  55.06,
  47.05,
  39.58,
  32.9,
  27.09,
  22.26,
  18.52,
  15.81,
  14.04,
  13.0,
  12.47,
  12.17,
  12.0,
  11.9,
  11.83,
  11.78,
  11.72,
  11.72,
  11.71,
  11.75,
  11.74,
  11.74,
  11.75,
  11.74,
  11.79,
  11.78,
  11.78,
  11.79,
  11.79,
  11.83,
  11.76,
  11.69,
  11.6,
  11.5,
  11.47,
  11.45,
  11.43,
  11.48,
  11.48,
  11.41,
  11.37,
  11.34,
  11.29,
  11.26,
  11.33,
  11.38,
  11.37,
  11.26,
  11.18,
  11.06,
  10.96,
  10.89,
  10.85,
  10.85,
  10.84,
  10.81,
  10.76,
  10.74,
  10.69,
  10.65,
  10.66,
  10.66,
  10.67,
  10.59,
  10.56,
  10.55,
  10.54,
  10.49,
  10.43,
  10.36,
  10.34,
  10.33,
  10.35,
  10.33,
  10.3,
  10.25,
  10.21,
  10.17,
  10.18,
  10.22,
  10.28,
  10.28,
  10.22,
  10.15,
  10.06,
  10.04,
  10.01,
  9.99,
  9.98,
  9.97,
  10.0,
  9.97,
  9.94,
  9.9
 ]
}