{
 "theta_star": 40.01167022158363,
 "after_same_kick": 33.53732870039267,
 "after_orth_kick": 33.74203585219519,
 "traj_same": [
  3.37,
  8.61,
  12.29,
  14.99,
  17.18,
  19.01,
  20.55,
  21.89,
  23.07,
  24.05,
  24.88,
  25.65,
  26.29,
  26.83,
  27.35,
  27.75,
  28.16,
  28.54,
  28.89,
  29.14,
  29.41,
  29.63,
  29.84,
  30.02,
  30.18,
  30.33,
  30.46,
  30.6,
  30.69,
  30.83,
  30.95,
  31.08,
  31.19,
  31.26,
  31.36,
  31.4,
  31.41,
  31.48,
  31.6,
  31.65,
  31.7,
  31.75,
  31.8,
  31.87,
  31.87,
  31.93,
  32.0,
  32.13,
  32.19,
  32.32,
  32.41,
  32.51,
  32.58,
  32.64,
  32.68,
  32.75,
  32.82,
  32.86,
  32.88,
  32.92,
  32.97,
  32.98,
  33.03,
  33.03,
  33.04,
  33.06,
  33.1,
  33.05,
  33.07,
  33.13,
  33.16,
  33.2,
  33.2,
  33.22,
  33.25,
  33.3,
  33.33,
  33.33,
  33.34,
  33.29,
  33.32,
  33.32,
  33.34,
  33.37,
  33.39,
  33.41,
  33.47,
  33.47,
  33.44,
  33.46,
  33.5,
  33.51,
  33.52,
  33.51,
  33.51,
  33.48,
  33.49,
  33.56,
  33.67,
  33.63
 ],
 "traj_orth": [
  89.7,
  86.49,
  82.34,
  77.42,
  71.82,
  65.76,
  59.45,
  53.2,
  47.18,
  41.66,
  36.65,
  32.31,
  28.6,
  25.54,
  23.25,
  21.63,
  20.62,
  20.22,
  20.28,
  20.56,
  21.08,
  21.67,
  22.36,
  23.06,
  23.8,
  24.51,
  25.19,
  25.84,
  26.36,
  26.88,
  27.35,
  27.81,
  28.21,
  28.57,
  28.92,
  29.21,
  29.45,
  29.71,
  29.98,
  30.19,
  30.37,
  30.57,
  30.73,
  30.92,
  31.03,
  31.17,
  31.28,
  31.45,
  31.55,
  31.68,
  31.77,
  31.86,
  31.93,
  31.99,
  32.06,
  32.16,
  32.25,
  32.33,
  32.37,
  32.42,
  32.47,
  32.49,
  32.54,
  32.53,
  32.53,
  32.56,
  32.61,
  32.59,
  32.62,
  32.68,
  32.72,
  32.78,
  32.8,
  32.84,
  32.9,
  32.98,
  33.05,
  33.07,
  33.12,
  33.14,
  33.22,
  33.27,
  33.32,
  33.38,
  33.42,
  33.46,
  33.54,
  33.55,
  33.53,
  33.56,
  33.61,
  33.66,
  33.69,
  33.71,
  33.73,
  33.72,
  33.73,
  33.8,
  33.89,
  33.87
 ]
}