{
 "theta_star": 38.51667776315705,
 "after_same_kick": 7.112215522964898,
 "after_orth_kick": 7.3560622145589445,
 "traj_same": [
  1.99,
  5.59,
  6.6,
  6.93,
  7.04,
  7.08,
  7.1,
  7.11,
  7.09,
  7.08,
  7.09,
  7.07,
  7.06,
  7.09,
  7.09,
  7.1,
  7.09,
  7.11,
  7.1,
  7.09,
  7.07,
  7.09,
  7.09,
  7.09,
  7.11,
  7.13,
  7.17,
  7.18,
  7.21,
  7.18,
  7.18,
  7.17,
  7.16,
  7.18,
  7.18,
  7.17,
  7.17,
  7.16,
  7.17,
  7.18,
  7.19,
  7.18,
  7.16,
  7.13,
  7.11,
  7.11,
  7.11,
  7.12,
  7.12,
  7.11,
  7.13,
  7.12,
  7.12,
  7.11,
  7.1,
  7.1,
  7.1,
  7.1,
  7.09,
  7.1,
  7.1,
  7.1,
  7.1,
  7.08,
  7.08,
  7.08,
  7.1,
  7.09,
  7.09,
  7.09,
  7.09,
  7.09,
  7.09,
  7.1,
  7.11,
  7.08,
  7.09,
  7.08,
  7.07,
  7.09,
  7.09,
  7.08,
  7.08,
  7.1,
  7.09,
  7.07,
  7.07,
  7.08,
  7.08,
  7.07,
  7.08,
  7.08,
  7.08,
  7.08,
  7.1,
  7.09,
  7.11,
  7.14,
  7.19,
  7.19
 ],
 "traj_orth": [
  89.68,
  85.96,
  80.46,
  72.55,
  62.12,
  50.17,
  38.38,
  28.17,
  20.27,
  14.67,
  11.08,
  9.13,
  8.25,
  7.91,
  7.77,
  7.73,
  7.68,
  7.69,
  7.66,
  7.63,
  7.6,
  7.61,
  7.59,
  7.59,
  7.6,
  7.62,
  7.62,
  7.6,
  7.57,
  7.51,
  7.51,
  7.51,
  7.48,
  7.43,
  7.39,
  7.35,
  7.35,
  7.36,
  7.4,
  7.45,
  7.48,
  7.48,
  7.45,
  7.39,
  7.35,
  7.34,
  7.37,
  7.42,
  7.45,
  7.45,
  7.44,
  7.41,
  7.41,
  7.41,
  7.44,
  7.47,
  7.49,
  7.48,
  7.46,
  7.47,
  7.46,
  7.46,
  7.46,
  7.44,
  7.43,
  7.42,
  7.42,
  7.4,
  7.38,
  7.38,
  7.37,
  7.37,
  7.35,
  7.33,
  7.35,
  7.31,
  7.35,
  7.38,
  7.38,
  7.37,
  7.35,
  7.33,
  7.32,
  7.32,
  7.34,
  7.34,
  7.38,
  7.4,
  7.37,
  7.34,
  7.33,
  7.34,
  7.34,
  7.33,
  7.36,
  7.37,
  7.38,
  7.38,
  7.38,
  7.36
 ]
}