{
 "theta_star": 37.87012143243322,
 "after_same_kick": 33.63845562288624,
 "after_orth_kick": 33.50165728894669,
 "traj_same": [
  3.94,
  8.75,
  12.18,
  14.79,
  16.97,
  18.77,
  20.28,
  21.58,
  22.74,
  23.72,
  24.55,
  25.27,
  25.89,
  26.45,
  26.97,
  27.41,
  27.77,
  28.12,
  28.42,
  28.7,
  28.96,
  29.14,
  29.36,
  29.54,
  29.68,
  29.86,
  29.97,
  30.12,
  30.27,
  30.37,
  30.46,
  30.54,
  30.62,
  30.69,
  30.68,
  30.76,
  30.81,
  30.86,
  30.9,
  30.92,
  30.98,
  30.97,
  31.03,
  31.08,
  31.09,
  31.18,
  31.28,
  31.39,
  31.45,
  31.51,
  31.6,
  31.63,
  31.74,
  31.84,
  31.86,
  31.92,
  32.06,
  32.11,
  32.15,
  32.19,
  32.23,
  32.31,
  32.34,
  32.36,
  32.41,
  32.51,
  32.51,
  32.55,
  32.55,
  32.61,
  32.67,
  32.72,
  32.76,
  32.78,
  32.76,
  32.82,
  32.85,
  32.92,
  32.92,
  33.0,
  33.08,
  33.1,
  33.1,
  33.11,
  33.14,
  33.19,
  33.23,
  33.29,
  33.39,
  33.46,
  33.54,
  33.64,
  33.67,
  33.68,
  33.65,
  33.61,
  33.64,
  33.67,
  33.65,
  33.63
 ],
 "traj_orth": [
  89.72,
  86.59,
  82.59,
  77.72,
  72.14,
  66.07,
  59.66,
  53.27,
  47.03,
  41.24,
  36.08,
  31.65,
  27.91,
  24.94,
  22.76,
  21.25,
  20.29,
  19.87,
  19.82,
  20.16,
  20.69,
  21.35,
  22.1,
  22.84,
  23.56,
  24.27,
  24.9,
  25.5,
  26.08,
  26.59,
  27.08,
  27.52,
  27.94,
  28.31,
  28.59,
  28.89,
  29.09,
  29.27,
  29.45,
  29.62,
  29.81,
  29.95,
  30.07,
  30.18,
  30.24,
  30.36,
  30.48,
  30.6,
  30.7,
  30.8,
  30.9,
  30.93,
  31.01,
  31.09,
  31.16,
  31.25,
  31.38,
  31.47,
  31.54,
  31.59,
  31.66,
  31.8,
  31.91,
  31.99,
  32.08,
  32.2,
  32.23,
  32.35,
  32.4,
  32.49,
  32.56,
  32.64,
  32.68,
  32.72,
  32.73,
  32.79,
  32.84,
  32.92,
  32.92,
  32.96,
  33.01,
  33.01,
  33.0,
  33.0,
  33.05,
  33.1,
  33.15,
  33.19,
  33.28,
  33.33,
  33.38,
  33.45,
  33.48,
  33.51,
  33.51,
  33.5,
  33.53,
  33.55,
  33.54,
  33.59
 ]
}