{
 "theta_star": 10.273534117385601,
 "after_same_kick": 5.347512781520581,
 "after_orth_kick": 5.353012828680177,
 "traj_same": [
  1.49,
  4.74,
  5.25,
  5.34,
  5.36,
  5.37,
  5.37,
  5.36,
  5.37,
  5.34,
  5.35,
  5.35,
  5.35,
  5.35,
  5.33,
  5.34,
  5.34,
  5.35,
  5.35,
  5.35,
  5.38,
  5.36,
  5.34,
  5.34,
  5.33,
  5.35,
  5.34,
  5.33,
  5.34,
  5.34,
  5.34,
  5.34,
  5.35,
  5.34,
  5.34,
  5.36,
  5.36,
  5.34,
  5.34,
  5.35,
  5.34,
  5.35,
  5.36,
  5.35,
  5.35,
  5.35,
  5.36,
  5.35,
  5.35,
  5.34,
  5.36,
  5.34,
  5.35,
  5.35,
  5.36,
  5.34,
  5.35,
  5.37,
  5.36,
  5.36,
  5.34,
  5.35,
  5.36,
  5.34,
  5.34,
  5.33,
  5.34,
  5.34,
  5.34,
  5.34,
  5.35,
  5.34,
  5.37,
  5.35,
  5.35,
  5.36,
  5.36,
  5.35,
  5.37,
  5.35,
  5.36,
  5.36,
  5.37,
  5.36,
  5.36,
  5.34,
  5.36,
  5.35,
  5.35,
  5.36,
  5.36,
  5.35,
  5.34,
  5.34,
  5.34,
  5.34,
  5.36,
  5.34,
  5.35,
  5.36
 ],
 "traj_orth": [
  89.73,
  86.11,
  79.67,
  69.14,
  55.19,
  40.65,
  28.38,
  19.06,
  12.92,
  9.6,
  7.76,
  6.69,
  6.28,
  6.2,
  6.14,
  6.08,
  6.05,
  6.01,
  6.0,
  5.98,
  6.02,
  6.03,
  5.99,
  5.95,
  5.98,
  5.99,
  6.01,
  5.97,
  5.97,
  5.94,
  5.91,
  5.91,
  5.92,
  5.92,
  5.91,
  5.82,
  5.75,
  5.67,
  5.62,
  5.65,
  5.69,
  5.72,
  5.7,
  5.66,
  5.61,
  5.61,
  5.59,
  5.63,
  5.64,
  5.64,
  5.56,
  5.53,
  5.51,
  5.49,
  5.5,
  5.5,
  5.52,
  5.54,
  5.53,
  5.53,
  5.5,
  5.49,
  5.48,
  5.47,
  5.46,
  5.48,
  5.49,
  5.47,
  5.47,
  5.46,
  5.42,
  5.4,
  5.36,
  5.35,
  5.35,
  5.37,
  5.34,
  5.35,
  5.36,
  5.36,
  5.38,
  5.36,
  5.36,
  5.37,
  5.37,
  5.37,
  5.35,
  5.35,
  5.35,
  5.37,
  5.37,
  5.35,
  5.37,
  5.34,
  5.35,
  5.35,
  5.35,
  5.35,
  5.35,
  5.35
 ]
}