{
 "theta_star": 26.913645170059404,
 "after_same_kick": 25.950502529129192,
 "after_orth_kick": 26.332360211972535,
 "traj_same": [
  2.81,
  8.42,
  12.11,
  14.77,
  16.82,
  18.45,
  19.75,
  20.8,
  21.63,
  22.3,
  22.86,
  23.29,
  23.65,
  23.92,
  24.16,
  24.41,
  24.6,
  24.74,
  24.84,
  24.93,
  25.03,
  25.09,
  25.13,
  25.17,
  25.21,
  25.28,
  25.33,
  25.36,
  25.38,
  25.4,
  25.42,
  25.42,
  25.47,
  25.46,
  25.47,
  25.48,
  25.5,
  25.53,
  25.56,
  25.57,
  25.59,
  25.57,
  25.58,
  25.61,
  25.62,
  25.63,
  25.61,
  25.63,
  25.62,
  25.68,
  25.69,
  25.7,
  25.7,
  25.73,
  25.75,
  25.75,
  25.77,
  25.78,
  25.77,
  25.78,
  25.78,
  25.8,
  25.82,
  25.8,
  25.8,
  25.8,
  25.81,
  25.81,
  25.82,
  25.84,
  25.85,
  25.85,
  25.83,
  25.82,
  25.81,
  25.8,
  25.81,
  25.8,
  25.84,
  25.87,
  25.89,
  25.88,
  25.85,
  25.81,
  25.82,
  25.83,
  25.85,
  25.89,
  25.93,
  25.95,
  25.97,
  25.97,
  25.95,
  25.94,
  25.96,
  25.95,
  25.94,
  25.93,
  25.94,
  25.96
 ],
 "traj_orth": [
  89.7,
  86.14,
  81.1,
  74.58,
  66.88,
  58.65,
  50.51,
  43.01,
  36.49,
  31.18,
  26.95,
  23.71,
  21.39,
  19.9,
  19.16,
  19.03,
  19.29,
  19.73,
  20.29,
  20.88,
  21.52,
  22.09,
  22.59,
  23.02,
  23.41,
  23.79,
  24.12,
  24.37,
  24.56,
  24.74,
  24.88,
  25.0,
  25.17,
  25.27,
  25.35,
  25.42,
  25.5,
  25.58,
  25.64,
  25.66,
  25.69,
  25.7,
  25.73,
  25.8,
  25.85,
  25.89,
  25.89,
  25.88,
  25.86,
  25.9,
  25.91,
  25.93,
  25.94,
  25.98,
  26.01,
  26.03,
  26.05,
  26.04,
  26.01,
  26.0,
  25.99,
  26.0,
  26.01,
  26.0,
  25.99,
  26.0,
  26.01,
  26.02,
  26.03,
  26.07,
  26.07,
  26.08,
  26.07,
  26.08,
  26.11,
  26.13,
  26.15,
  26.15,
  26.2,
  26.23,
  26.23,
  26.23,
  26.24,
  26.24,
  26.28,
  26.29,
  26.3,
  26.32,
  26.32,
  26.33,
  26.35,
  26.37,
  26.37,
  26.36,
  26.39,
  26.38,
  26.33,
  26.27,
  26.24,
  26.24
 ]
}