{
 "theta_star": 38.22608968292197,
 "after_same_kick": 35.64314950993437,
 "after_orth_kick": 35.43153775836735,
 "traj_same": [
  3.84,
  8.83,
  12.41,
  15.22,
  17.45,
  19.31,
  20.91,
  22.31,
  23.47,
  24.47,
  25.31,
  26.01,
  26.63,
  27.19,
  27.72,
  28.21,
  28.65,
  29.05,
  29.39,
  29.69,
  29.93,
  30.14,
  30.37,
  30.58,
  30.79,
  31.05,
  31.24,
  31.38,
  31.5,
  31.66,
  31.77,
  31.92,
  32.03,
  32.21,
  32.33,
  32.44,
  32.58,
  32.7,
  32.83,
  32.85,
  32.91,
  33.01,
  33.07,
  33.17,
  33.26,
  33.37,
  33.5,
  33.56,
  33.64,
  33.7,
  33.86,
  33.97,
  34.12,
  34.24,
  34.29,
  34.3,
  34.31,
  34.34,
  34.39,
  34.46,
  34.55,
  34.62,
  34.63,
  34.66,
  34.67,
  34.7,
  34.75,
  34.79,
  34.84,
  34.89,
  34.99,
  35.1,
  35.21,
  35.29,
  35.31,
  35.31,
  35.37,
  35.5,
  35.53,
  35.58,
  35.63,
  35.63,
  35.63,
  35.53,
  35.57,
  35.5,
  35.51,
  35.55,
  35.56,
  35.58,
  35.61,
  35.63,
  35.6,
  35.63,
  35.65,
  35.61,
  35.65,
  35.69,
  35.68,
  35.67
 ],
 "traj_orth": [
  89.74,
  86.63,
  82.59,
  77.72,
  72.19,
  66.22,
  60.08,
  54.03,
  48.36,
  43.09,
  38.43,
  34.35,
  30.86,
  27.98,
  25.75,
  24.2,
  23.24,
  22.76,
  22.67,
  22.81,
  23.11,
  23.52,
  24.07,
  24.67,
  25.28,
  25.95,
  26.56,
  27.12,
  27.6,
  28.07,
  28.46,
  28.88,
  29.25,
  29.65,
  29.96,
  30.26,
  30.56,
  30.82,
  31.09,
  31.27,
  31.49,
  31.72,
  31.89,
  32.08,
  32.24,
  32.41,
  32.59,
  32.72,
  32.86,
  32.99,
  33.2,
  33.34,
  33.53,
  33.68,
  33.76,
  33.81,
  33.85,
  33.9,
  33.98,
  34.07,
  34.18,
  34.29,
  34.34,
  34.38,
  34.4,
  34.44,
  34.5,
  34.55,
  34.6,
  34.64,
  34.74,
  34.85,
  34.94,
  35.01,
  35.05,
  35.05,
  35.12,
  35.27,
  35.31,
  35.37,
  35.42,
  35.39,
  35.34,
  35.23,
  35.27,
  35.22,
  35.23,
  35.28,
  35.29,
  35.3,
  35.33,
  35.37,
  35.36,
  35.41,
  35.46,
  35.45,
  35.48,
  35.51,
  35.49,
  35.46
 ]
}