{
 "theta_star": 21.46594640397539,
 "after_same_kick": 21.071500749667422,
 "after_orth_kick": 21.021697173216502,
 "traj_same": [
  3.6,
  8.69,
  12.02,
  14.34,
  15.96,
  17.1,
  17.98,
  18.65,
  19.12,
  19.51,
  19.78,
  19.94,
  20.06,
  20.18,
  20.29,
  20.38,
  20.48,
  20.54,
  20.61,
  20.65,
  20.7,
  20.74,
  20.8,
  20.85,
  20.87,
  20.88,
  20.87,
  20.85,
  20.84,
  20.87,
  20.85,
  20.87,
  20.85,
  20.88,
  20.88,
  20.9,
  20.92,
  20.92,
  20.92,
  20.88,
  20.88,
  20.89,
  20.9,
  20.91,
  20.94,
  20.97,
  20.99,
  20.99,
  21.0,
  21.04,
  21.14,
  21.2,
  21.27,
  21.31,
  21.3,
  21.27,
  21.23,
  21.23,
  21.25,
  21.25,
  21.26,
  21.2,
  21.19,
  21.14,
  21.06,
  21.02,
  20.99,
  21.0,
  20.96,
  20.98,
  21.01,
  21.03,
  21.03,
  21.04,
  21.01,
  20.99,
  20.95,
  20.98,
  21.0,
  21.02,
  21.05,
  21.04,
  21.05,
  21.08,
  21.13,
  21.12,
  21.05,
  21.09,
  21.09,
  21.11,
  21.12,
  21.08,
  21.09,
  21.07,
  21.06,
  21.04,
  21.03,
  21.05,
  21.09,
  21.1
 ],
 "traj_orth": [
  89.74,
  86.18,
  80.28,
  72.05,
  62.3,
  52.31,
  43.02,
  34.94,
  28.38,
  23.46,
  20.2,
  18.27,
  17.3,
  17.0,
  17.18,
  17.53,
  18.01,
  18.5,
  18.98,
  19.37,
  19.68,
  19.88,
  20.1,
  20.27,
  20.4,
  20.53,
  20.63,
  20.7,
  20.75,
  20.84,
  20.88,
  20.95,
  20.97,
  21.03,
  21.05,
  21.08,
  21.09,
  21.09,
  21.11,
  21.1,
  21.12,
  21.14,
  21.14,
  21.13,
  21.13,
  21.13,
  21.15,
  21.15,
  21.16,
  21.15,
  21.16,
  21.15,
  21.16,
  21.18,
  21.14,
  21.09,
  21.01,
  20.99,
  20.99,
  21.01,
  21.04,
  21.0,
  20.99,
  20.99,
  20.97,
  20.99,
  21.0,
  21.02,
  20.99,
  20.98,
  21.02,
  21.04,
  21.08,
  21.08,
  21.07,
  21.06,
  21.04,
  21.06,
  21.07,
  21.08,
  21.1,
  21.1,
  21.09,
  21.06,
  21.08,
  21.07,
  21.01,
  21.02,
  21.01,
  21.02,
  21.02,
  20.99,
  21.02,
  21.03,
  21.02,
  21.0,
  20.99,
  21.01,
  21.06,
  21.08
 ]
}