{
 "theta_star": 36.66309544572734,
 "after_same_kick": 6.98430516963906,
 "after_orth_kick": 7.070435997757454,
 "traj_same": [
  2.09,
  5.57,
  6.52,
  6.84,
  6.96,
  7.02,
  7.03,
  7.04,
  7.05,
  7.05,
  7.05,
  7.02,
  7.02,
  7.0,
  7.0,
  7.0,
  7.02,
  7.03,
  7.02,
  7.01,
  7.01,
  7.02,
  6.99,
  6.99,
  7.03,
  7.01,
  7.03,
  7.04,
  7.02,
  7.02,
  7.03,
  7.04,
  7.04,
  7.06,
  7.09,
  7.13,
  7.12,
  7.12,
  7.12,
  7.14,
  7.2,
  7.19,
  7.2,
  7.19,
  7.16,
  7.16,
  7.14,
  7.13,
  7.14,
  7.15,
  7.13,
  7.15,
  7.15,
  7.13,
  7.13,
  7.14,
  7.14,
  7.15,
  7.11,
  7.09,
  7.07,
  7.06,
  7.05,
  7.01,
  7.0,
  6.99,
  6.98,
  6.97,
  6.99,
  7.0,
  7.0,
  6.99,
  6.98,
  6.98,
  6.98,
  6.97,
  6.99,
  6.96,
  6.97,
  6.97,
  6.96,
  6.98,
  6.97,
  6.97,
  6.95,
  6.96,
  6.97,
  6.98,
  6.99,
  6.97,
  6.97,
  6.98,
  6.97,
  6.99,
  6.98,
  7.0,
  6.99,
  6.99,
  6.98,
  6.99
 ],
 "traj_orth": [
  89.73,
  86.4,
  81.39,
  74.22,
  64.73,
  53.54,
  42.01,
  31.58,
  23.29,
  17.21,
  13.07,
  10.42,
  9.18,
  8.66,
  8.46,
  8.38,
  8.4,
  8.35,
  8.26,
  8.03,
  7.79,
  7.68,
  7.61,
  7.62,
  7.7,
  7.76,
  7.8,
  7.78,
  7.74,
  7.66,
  7.62,
  7.61,
  7.64,
  7.66,
  7.64,
  7.65,
  7.63,
  7.62,
  7.62,
  7.66,
  7.74,
  7.77,
  7.81,
  7.81,
  7.75,
  7.7,
  7.61,
  7.51,
  7.45,
  7.43,
  7.42,
  7.44,
  7.45,
  7.44,
  7.43,
  7.42,
  7.4,
  7.41,
  7.38,
  7.35,
  7.34,
  7.32,
  7.3,
  7.27,
  7.27,
  7.26,
  7.23,
  7.2,
  7.21,
  7.2,
  7.19,
  7.17,
  7.15,
  7.16,
  7.15,
  7.14,
  7.15,
  7.12,
  7.12,
  7.12,
  7.11,
  7.14,
  7.14,
  7.16,
  7.17,
  7.23,
  7.25,
  7.25,
  7.26,
  7.26,
  7.23,
  7.24,
  7.16,
  7.07,
  7.0,
  7.0,
  7.0,
  7.0,
  6.99,
  7.0
 ]
}