{
 "theta_star": 35.18829759473326,
 "after_same_kick": 6.800030990580221,
 "after_orth_kick": 6.796845181485118,
 "traj_same": [
  2.01,
  5.47,
  6.37,
  6.66,
  6.78,
  6.82,
  6.85,
  6.86,
  6.83,
  6.83,
  6.81,
  6.81,
  6.8,
  6.8,
  6.8,
  6.8,
  6.84,
  6.82,
  6.82,
  6.81,
  6.81,
  6.79,
  6.8,
  6.8,
  6.81,
  6.81,
  6.79,
  6.8,
  6.8,
  6.79,
  6.78,
  6.81,
  6.8,
  6.8,
  6.8,
  6.81,
  6.79,
  6.77,
  6.8,
  6.79,
  6.8,
  6.81,
  6.8,
  6.81,
  6.81,
  6.82,
  6.82,
  6.82,
  6.81,
  6.81,
  6.79,
  6.77,
  6.78,
  6.78,
  6.77,
  6.78,
  6.76,
  6.76,
  6.76,
  6.78,
  6.77,
  6.77,
  6.79,
  6.78,
  6.78,
  6.78,
  6.77,
  6.77,
  6.76,
  6.77,
  6.78,
  6.8,
  6.77,
  6.78,
  6.78,
  6.79,
  6.8,
  6.79,
  6.77,
  6.78,
  6.77,
  6.78,
  6.79,
  6.79,
  6.79,
  6.79,
  6.8,
  6.8,
  6.8,
  6.79,
  6.79,
  6.8,
  6.8,
  6.81,
  6.8,
  6.79,
  6.79,
  6.81,
  6.81,
  6.81
 ],
 "traj_orth": [
  89.73,
  86.51,
  81.69,
  74.69,
  65.33,
  54.4,
  43.34,
  33.21,
  24.55,
  17.88,
  13.44,
  11.19,
  10.17,
  9.67,
  9.39,
  9.19,
  9.03,
  8.83,
  8.7,
  8.63,
  8.58,
  8.51,
  8.42,
  8.33,
  8.22,
  8.07,
  7.94,
  7.86,
  7.78,
  7.65,
  7.51,
  7.44,
  7.41,
  7.43,
  7.44,
  7.46,
  7.44,
  7.41,
  7.43,
  7.44,
  7.48,
  7.54,
  7.53,
  7.51,
  7.46,
  7.43,
  7.39,
  7.38,
  7.4,
  7.42,
  7.4,
  7.39,
  7.36,
  7.3,
  7.21,
  7.15,
  7.1,
  7.07,
  7.06,
  7.06,
  7.03,
  7.01,
  7.03,
  7.02,
  7.02,
  6.99,
  6.92,
  6.87,
  6.8,
  6.78,
  6.79,
  6.8,
  6.77,
  6.77,
  6.78,
  6.79,
  6.79,
  6.78,
  6.77,
  6.78,
  6.77,
  6.78,
  6.79,
  6.79,
  6.79,
  6.78,
  6.79,
  6.79,
  6.79,
  6.78,
  6.78,
  6.79,
  6.78,
  6.8,
  6.8,
  6.79,
  6.8,
  6.81,
  6.81,
  6.81
 ]
}