{
 "theta_star": 28.203119666326053,
 "after_same_kick": 7.04297545760744,
 "after_orth_kick": 7.045942374193979,
 "traj_same": [
  1.99,
  5.59,
  6.53,
  6.85,
  6.97,
  7.02,
  7.02,
  7.03,
  7.01,
  7.02,
  7.02,
  7.01,
  7.06,
  7.05,
  7.05,
  7.04,
  7.04,
  7.01,
  7.04,
  7.03,
  7.02,
  7.04,
  7.06,
  7.05,
  7.02,
  7.0,
  7.01,
  7.02,
  7.03,
  7.04,
  7.05,
  7.07,
  7.06,
  7.05,
  7.06,
  7.03,
  7.02,
  7.04,
  7.01,
  7.04,
  7.02,
  7.04,
  7.03,
  7.05,
  7.07,
  7.03,
  7.05,
  7.04,
  7.05,
  7.06,
  7.03,
  7.04,
  7.06,
  7.06,
  7.06,
  7.08,
  7.06,
  7.04,
  7.04,
  7.04,
  7.05,
  7.06,
  7.05,
  7.05,
  7.03,
  7.04,
  7.04,
  7.02,
  7.04,
  7.05,
  7.05,
  7.04,
  7.04,
  7.06,
  7.05,
  7.05,
  7.04,
  7.06,
  7.04,
  7.05,
  7.05,
  7.05,
  7.04,
  7.03,
  7.03,
  7.05,
  7.06,
  7.06,
  7.06,
  7.04,
  7.04,
  7.05,
  7.05,
  7.04,
  7.06,
  7.03,
  7.03,
  7.04,
  7.04,
  7.04
 ],
 "traj_orth": [
  89.71,
  86.33,
  81.21,
  73.77,
  63.92,
  52.47,
  40.85,
  30.15,
  21.74,
  15.98,
  12.3,
  10.15,
  9.03,
  8.42,
  8.13,
  7.91,
  7.7,
  7.51,
  7.43,
  7.38,
  7.38,
  7.41,
  7.44,
  7.43,
  7.38,
  7.34,
  7.32,
  7.28,
  7.24,
  7.22,
  7.22,
  7.24,
  7.22,
  7.18,
  7.16,
  7.12,
  7.09,
  7.07,
  7.03,
  7.05,
  7.03,
  7.05,
  7.04,
  7.05,
  7.07,
  7.03,
  7.04,
  7.04,
  7.05,
  7.05,
  7.03,
  7.04,
  7.06,
  7.06,
  7.06,
  7.08,
  7.07,
  7.05,
  7.05,
  7.05,
  7.06,
  7.06,
  7.06,
  7.05,
  7.03,
  7.04,
  7.04,
  7.03,
  7.04,
  7.05,
  7.04,
  7.04,
  7.04,
  7.05,
  7.05,
  7.05,
  7.04,
  7.06,
  7.04,
  7.05,
  7.05,
  7.05,
  7.05,
  7.03,
  7.04,
  7.06,
  7.07,
  7.07,
  7.07,
  7.05,
  7.04,
  7.06,
  7.05,
  7.04,
  7.06,
  7.03,
  7.04,
  7.04,
  7.05,
  7.05
 ]
}