{
 "theta_star": 39.42164390569488,
 "after_same_kick": 7.572305389474809,
 "after_orth_kick": 8.485053089947424,
 "traj_same": [
  2.29,
  5.67,
  6.68,
  7.03,
  7.16,
  7.21,
  7.24,
  7.24,
  7.28,
  7.24,
  7.25,
  7.28,
  7.3,
  7.31,
  7.31,
  7.29,
  7.28,
  7.26,
  7.28,
  7.26,
  7.27,
  7.3,
  7.31,
  7.29,
  7.29,
  7.28,
  7.26,
  7.25,
  7.29,
  7.32,
  7.33,
  7.31,
  7.31,
  7.31,
  7.29,
  7.29,
  7.29,
  7.3,
  7.31,
  7.33,
  7.34,
  7.32,
  7.3,
  7.28,
  7.29,
  7.28,
  7.33,
  7.32,
  7.32,
  7.31,
  7.32,
  7.33,
  7.35,
  7.33,
  7.33,
  7.35,
  7.39,
  7.39,
  7.41,
  7.47,
  7.51,
  7.52,
  7.54,
  7.54,
  7.5,
  7.55,
  7.57,
  7.58,
  7.58,
  7.61,
  7.58,
  7.59,
  7.57,
  7.52,
  7.53,
  7.54,
  7.54,
  7.54,
  7.53,
  7.55,
  7.54,
  7.54,
  7.52,
  7.5,
  7.49,
  7.43,
  7.37,
  7.44,
  7.47,
  7.46,
  7.47,
  7.46,
  7.49,
  7.52,
  7.52,
  7.49,
  7.55,
  7.72,
  7.77,
  7.75
 ],
 "traj_orth": [
  89.69,
  86.06,
  80.65,
  72.81,
  62.54,
  50.81,
  39.12,
  29.25,
  21.95,
  16.71,
  12.95,
  10.66,
  9.58,
  9.19,
  9.0,
  8.86,
  8.79,
  8.74,
  8.74,
  8.73,
  8.71,
  8.68,
  8.63,
  8.57,
  8.54,
  8.5,
  8.5,
  8.47,
  8.39,
  8.36,
  8.33,
  8.34,
  8.39,
  8.47,
  8.48,
  8.48,
  8.42,
  8.4,
  8.33,
  8.34,
  8.4,
  8.43,
  8.43,
  8.4,
  8.38,
  8.39,
  8.46,
  8.4,
  8.4,
  8.41,
  8.44,
  8.47,
  8.49,
  8.45,
  8.44,
  8.45,
  8.43,
  8.36,
  8.33,
  8.37,
  8.36,
  8.41,
  8.45,
  8.44,
  8.4,
  8.42,
  8.44,
  8.46,
  8.46,
  8.48,
  8.45,
  8.49,
  8.47,
  8.41,
  8.44,
  8.43,
  8.47,
  8.49,
  8.48,
  8.51,
  8.46,
  8.43,
  8.4,
  8.38,
  8.41,
  8.38,
  8.42,
  8.49,
  8.47,
  8.41,
  8.39,
  8.4,
  8.46,
  8.51,
  8.55,
  8.52,
  8.54,
  8.51,
  8.5,
  8.48
 ]
}