{
 "theta_star": 37.23957825535554,
 "after_same_kick": 7.116879769523327,
 "after_orth_kick": 7.113001999358575,
 "traj_same": [
  1.93,
  5.62,
  6.62,
  6.96,
  7.1,
  7.18,
  7.23,
  7.27,
  7.27,
  7.3,
  7.34,
  7.37,
  7.43,
  7.45,
  7.45,
  7.41,
  7.35,
  7.27,
  7.22,
  7.17,
  7.18,
  7.16,
  7.16,
  7.17,
  7.17,
  7.18,
  7.17,
  7.17,
  7.17,
  7.19,
  7.2,
  7.21,
  7.24,
  7.27,
  7.29,
  7.32,
  7.33,
  7.32,
  7.3,
  7.28,
  7.28,
  7.24,
  7.22,
  7.21,
  7.17,
  7.14,
  7.12,
  7.1,
  7.09,
  7.1,
  7.1,
  7.11,
  7.1,
  7.11,
  7.12,
  7.11,
  7.12,
  7.12,
  7.12,
  7.12,
  7.12,
  7.12,
  7.13,
  7.12,
  7.1,
  7.12,
  7.14,
  7.14,
  7.13,
  7.13,
  7.12,
  7.14,
  7.13,
  7.13,
  7.13,
  7.12,
  7.12,
  7.12,
  7.13,
  7.12,
  7.12,
  7.12,
  7.11,
  7.1,
  7.12,
  7.12,
  7.13,
  7.13,
  7.12,
  7.12,
  7.11,
  7.12,
  7.12,
  7.12,
  7.13,
  7.13,
  7.12,
  7.1,
  7.11,
  7.12
 ],
 "traj_orth": [
  89.7,
  86.11,
  80.78,
  73.13,
  63.05,
  51.53,
  40.09,
  30.19,
  22.81,
  17.64,
  13.92,
  11.35,
  9.92,
  9.28,
  9.04,
  8.91,
  8.82,
  8.68,
  8.64,
  8.6,
  8.61,
  8.56,
  8.52,
  8.52,
  8.53,
  8.51,
  8.48,
  8.42,
  8.38,
  8.3,
  8.28,
  8.29,
  8.23,
  8.11,
  8.05,
  7.94,
  7.81,
  7.67,
  7.58,
  7.51,
  7.47,
  7.4,
  7.36,
  7.36,
  7.35,
  7.33,
  7.32,
  7.27,
  7.24,
  7.24,
  7.23,
  7.24,
  7.23,
  7.24,
  7.24,
  7.23,
  7.23,
  7.23,
  7.23,
  7.24,
  7.24,
  7.23,
  7.23,
  7.22,
  7.21,
  7.24,
  7.26,
  7.26,
  7.25,
  7.23,
  7.22,
  7.22,
  7.2,
  7.2,
  7.19,
  7.17,
  7.16,
  7.14,
  7.14,
  7.13,
  7.12,
  7.12,
  7.11,
  7.1,
  7.12,
  7.11,
  7.13,
  7.13,
  7.12,
  7.12,
  7.11,
  7.12,
  7.12,
  7.11,
  7.12,
  7.12,
  7.11,
  7.09,
  7.11,
  7.11
 ]
}