{
 "theta_star": 21.25557121209753,
 "after_same_kick": 20.633411494796462,
 "after_orth_kick": 20.791577303893142,
 "traj_same": [
  3.02,
  8.28,
  11.66,
  13.93,
  15.6,
  16.81,
  17.72,
  18.41,
  18.92,
  19.33,
  19.64,
  19.93,
  20.14,
  20.28,
  20.39,
  20.44,
  20.44,
  20.47,
  20.46,
  20.48,
  20.5,
  20.55,
  20.57,
  20.59,
  20.59,
  20.63,
  20.67,
  20.69,
  20.68,
  20.69,
  20.74,
  20.74,
  20.74,
  20.73,
  20.72,
  20.73,
  20.69,
  20.69,
  20.67,
  20.68,
  20.67,
  20.64,
  20.62,
  20.63,
  20.59,
  20.58,
  20.62,
  20.63,
  20.6,
  20.59,
  20.58,
  20.56,
  20.56,
  20.57,
  20.6,
  20.61,
  20.61,
  20.59,
  20.58,
  20.58,
  20.63,
  20.67,
  20.71,
  20.71,
  20.68,
  20.66,
  20.67,
  20.65,
  20.68,
  20.68,
  20.69,
  20.69,
  20.7,
  20.7,
  20.68,
  20.7,
  20.7,
  20.69,
  20.7,
  20.68,
  20.72,
  20.72,
  20.73,
  20.71,
  20.69,
  20.69,
  20.69,
  20.66,
  20.65,
  20.65,
  20.66,
  20.68,
  20.68,
  20.67,
  20.64,
  20.6,
  20.61,
  20.6,
  20.6,
  20.61
 ],
 "traj_orth": [
  89.72,
  86.07,
  80.2,
  71.89,
  61.84,
  51.31,
  41.54,
  33.3,
  26.86,
  22.25,
  19.34,
  17.62,
  16.81,
  16.57,
  16.73,
  17.08,
  17.47,
  17.92,
  18.33,
  18.74,
  19.09,
  19.4,
  19.66,
  19.9,
  20.09,
  20.28,
  20.46,
  20.55,
  20.6,
  20.64,
  20.71,
  20.73,
  20.75,
  20.79,
  20.8,
  20.8,
  20.79,
  20.81,
  20.83,
  20.85,
  20.83,
  20.82,
  20.81,
  20.8,
  20.76,
  20.75,
  20.78,
  20.79,
  20.75,
  20.73,
  20.72,
  20.68,
  20.66,
  20.66,
  20.7,
  20.74,
  20.76,
  20.77,
  20.77,
  20.76,
  20.78,
  20.8,
  20.84,
  20.84,
  20.84,
  20.83,
  20.86,
  20.83,
  20.86,
  20.86,
  20.87,
  20.86,
  20.86,
  20.86,
  20.84,
  20.86,
  20.86,
  20.86,
  20.86,
  20.85,
  20.88,
  20.87,
  20.86,
  20.84,
  20.84,
  20.87,
  20.87,
  20.84,
  20.83,
  20.82,
  20.82,
  20.83,
  20.84,
  20.83,
  20.81,
  20.77,
  20.77,
  20.76,
  20.76,
  20.74
 ]
}