{
 "theta_star": 6.985161049851067,
 "after_same_kick": 4.230320267457796,
 "after_orth_kick": 4.227703874053245,
 "traj_same": [
  1.37,
  4.0,
  4.22,
  4.24,
  4.24,
  4.24,
  4.23,
  4.24,
  4.23,
  4.23,
  4.23,
  4.23,
  4.23,
  4.23,
  4.24,
  4.23,
  4.23,
  4.22,
  4.23,
  4.24,
  4.25,
  4.24,
  4.24,
  4.23,
  4.24,
  4.22,
  4.22,
  4.24,
  4.22,
  4.24,
  4.24,
  4.23,
  4.24,
  4.23,
  4.25,
  4.22,
  4.24,
  4.24,
  4.23,
  4.22,
  4.23,
  4.22,
  4.23,
  4.22,
  4.23,
  4.23,
  4.23,
  4.23,
  4.25,
  4.23,
  4.23,
  4.24,
  4.24,
  4.24,
  4.25,
  4.24,
  4.23,
  4.21,
  4.22,
  4.21,
  4.23,
  4.23,
  4.22,
  4.23,
  4.23,
  4.22,
  4.22,
  4.21,
  4.22,
  4.22,
  4.22,
  4.22,
  4.23,
  4.23,
  4.23,
  4.21,
  4.22,
  4.24,
  4.23,
  4.23,
  4.23,
  4.22,
  4.23,
  4.23,
  4.23,
  4.22,
  4.25,
  4.25,
  4.23,
  4.24,
  4.23,
  4.22,
  4.24,
  4.22,
  4.23,
  4.23,
  4.24,
  4.22,
  4.24,
  4.24
 ],
 "traj_orth": [
  89.71,
  85.55,
  76.8,
  61.52,
  43.28,
  26.96,
  14.76,
  8.19,
  6.04,
  5.16,
  4.85,
  4.8,
  4.76,
  4.72,
  4.61,
  4.48,
  4.44,
  4.4,
  4.41,
  4.4,
  4.4,
  4.42,
  4.45,
  4.44,
  4.41,
  4.36,
  4.31,
  4.25,
  4.22,
  4.24,
  4.24,
  4.23,
  4.24,
  4.23,
  4.25,
  4.22,
  4.24,
  4.24,
  4.23,
  4.22,
  4.23,
  4.22,
  4.23,
  4.23,
  4.23,
  4.23,
  4.23,
  4.23,
  4.25,
  4.23,
  4.23,
  4.24,
  4.25,
  4.24,
  4.25,
  4.24,
  4.23,
  4.21,
  4.22,
  4.21,
  4.23,
  4.23,
  4.22,
  4.23,
  4.23,
  4.22,
  4.22,
  4.21,
  4.22,
  4.22,
  4.22,
  4.22,
  4.23,
  4.23,
  4.23,
  4.21,
  4.22,
  4.24,
  4.23,
  4.23,
  4.23,
  4.22,
  4.23,
  4.23,
  4.23,
  4.22,
  4.25,
  4.25,
  4.23,
  4.24,
  4.23,
  4.22,
  4.24,
  4.22,
  4.23,
  4.23,
  4.23,
  4.21,
  4.24,
  4.23
 ]
}