{
 "theta_star": 80.46886929342881,
 "after_same_kick": 9.789069444309371,
 "after_orth_kick": 9.985810362047479,
 "traj_same": [
  2.95,
  6.35,
  7.81,
  8.51,
  8.88,
  9.08,
  9.21,
  9.31,
  9.37,
  9.43,
  9.45,
  9.45,
  9.43,
  9.41,
  9.39,
  9.38,
  9.41,
  9.42,
  9.43,
  9.42,
  9.42,
  9.38,
  9.36,
  9.34,
  9.35,
  9.34,
  9.32,
  9.32,
  9.3,
  9.26,
  9.24,
  9.28,
  9.27,
  9.29,
  9.3,
  9.32,
  9.33,
  9.34,
  9.39,
  9.43,
  9.46,
  9.51,
  9.5,
  9.5,
  9.5,
  9.51,
  9.52,
  9.55,
  9.57,
  9.59,
  9.55,
  9.54,
  9.58,
  9.6,
  9.6,
  9.61,
  9.62,
  9.65,
  9.68,
  9.68,
  9.68,
  9.67,
  9.69,
  9.66,
  9.66,
  9.66,
  9.66,
  9.69,
  9.66,
  9.68,
  9.68,
  9.69,
  9.63,
  9.59,
  9.57,
  9.58,
  9.62,
  9.64,
  9.63,
  9.64,
  9.64,
  9.65,
  9.69,
  9.68,
  9.69,
  9.71,
  9.74,
  9.74,
  9.77,
  9.78,
  9.76,
  9.78,
  9.79,
  9.82,
  9.81,
  9.78,
  9.78,
  9.81,
  9.8,
  9.76
 ],
 "traj_orth": [
  89.72,
  86.63,
  82.53,
  77.18,
  70.53,
  62.73,
  54.37,
  46.23,
  38.66,
  31.82,
  26.0,
  21.36,
  17.91,
  15.58,
  14.18,
  13.35,
  12.87,
  12.51,
  12.22,
  11.98,
  11.82,
  11.7,
  11.55,
  11.44,
  11.35,
  11.27,
  11.12,
  11.02,
  10.91,
  10.82,
  10.81,
  10.83,
  10.81,
  10.78,
  10.72,
  10.69,
  10.66,
  10.65,
  10.65,
  10.64,
  10.67,
  10.76,
  10.81,
  10.79,
  10.78,
  10.81,
  10.79,
  10.74,
  10.73,
  10.83,
  10.89,
  10.93,
  10.89,
  10.84,
  10.76,
  10.66,
  10.53,
  10.45,
  10.38,
  10.31,
  10.25,
  10.21,
  10.18,
  10.13,
  10.15,
  10.14,
  10.13,
  10.07,
  9.98,
  9.95,
  9.95,
  9.96,
  9.93,
  9.94,
  9.94,
  9.93,
  9.92,
  9.86,
  9.8,
  9.79,
  9.83,
  9.9,
  9.96,
  9.97,
  9.98,
  9.97,
  9.98,
  9.98,
  9.97,
  9.98,
  9.97,
  9.99,
  9.99,
  9.98,
  9.94,
  9.92,
  9.95,
  10.03,
  10.05,
  10.04
 ]
}