{
 "theta_star": 77.11841439881229,
 "after_same_kick": 10.333781946275131,
 "after_orth_kick": 10.573689087199112,
 "traj_same": [
  2.66,
  6.43,
  8.06,
  8.85,
  9.28,
  9.55,
  9.72,
  9.82,
  9.87,
  9.92,
  9.98,
  10.0,
  10.01,
  10.05,
  10.06,
  10.1,
  10.12,
  10.15,
  10.16,
  10.14,
  10.12,
  10.14,
  10.16,
  10.18,
  10.24,
  10.29,
  10.31,
  10.3,
  10.34,
  10.38,
  10.44,
  10.52,
  10.57,
  10.66,
  10.75,
  10.78,
  10.77,
  10.74,
  10.72,
  10.68,
  10.67,
  10.66,
  10.66,
  10.62,
  10.59,
  10.59,
  10.6,
  10.6,
  10.6,
  10.59,
  10.62,
  10.61,
  10.61,
  10.58,
  10.57,
  10.58,
  10.59,
  10.61,
  10.62,
  10.67,
  10.7,
  10.69,
  10.65,
  10.59,
  10.55,
  10.48,
  10.44,
  10.38,
  10.32,
  10.28,
  10.24,
  10.2,
  10.17,
  10.16,
  10.18,
  10.17,
  10.21,
  10.22,
  10.21,
  10.23,
  10.25,
  10.26,
  10.28,
  10.32,
  10.34,
  10.33,
  10.31,
  10.31,
  10.3,
  10.31,
  10.31,
  10.33,
  10.35,
  10.36,
  10.37,
  10.33,
  10.3,
  10.31,
  10.33,
  10.35
 ],
 "traj_orth": [
  89.68,
  86.15,
  81.55,
  75.66,
  68.39,
  59.99,
  50.98,
  42.15,
  34.16,
  27.37,
  22.02,
  17.96,
  15.03,
  13.1,
  11.96,
  11.36,
  11.05,
  10.94,
  10.89,
  10.87,
  10.87,
  10.9,
  10.93,
  10.92,
  10.88,
  10.84,
  10.83,
  10.85,
  10.93,
  10.93,
  10.93,
  10.87,
  10.88,
  10.91,
  10.96,
  11.0,
  11.05,
  11.06,
  11.11,
  11.1,
  11.12,
  11.12,
  11.1,
  11.05,
  11.04,
  11.05,
  11.1,
  11.11,
  11.12,
  11.13,
  11.19,
  11.17,
  11.13,
  11.04,
  10.97,
  10.95,
  10.94,
  10.95,
  10.95,
  10.96,
  10.95,
  10.91,
  10.87,
  10.83,
  10.84,
  10.82,
  10.85,
  10.88,
  10.93,
  11.03,
  11.07,
  11.08,
  11.03,
  10.97,
  10.95,
  10.92,
  10.91,
  10.86,
  10.78,
  10.74,
  10.72,
  10.68,
  10.63,
  10.63,
  10.62,
  10.62,
  10.63,
  10.62,
  10.59,
  10.59,
  10.58,
  10.57,
  10.56,
  10.59,
  10.62,
  10.56,
  10.55,
  10.54,
  10.58,
  10.6
 ]
}