{
 "theta_star": 86.17027003771881,
 "after_same_kick": 16.2033137751903,
 "after_orth_kick": 17.41318248677734,
 "traj_same": [
  3.16,
  7.07,
  9.2,
  10.45,
  11.27,
  11.88,
  12.35,
  12.71,
  13.0,
  13.17,
  13.31,
  13.43,
  13.5,
  13.58,
  13.62,
  13.69,
  13.72,
  13.75,
  13.76,
  13.8,
  13.84,
  13.86,
  13.89,
  13.93,
  13.96,
  14.0,
  14.01,
  14.02,
  14.07,
  14.09,
  14.13,
  14.18,
  14.19,
  14.21,
  14.21,
  14.24,
  14.26,
  14.27,
  14.3,
  14.34,
  14.36,
  14.4,
  14.48,
  14.54,
  14.63,
  14.67,
  14.73,
  14.74,
  14.78,
  14.77,
  14.78,
  14.72,
  14.71,
  14.75,
  14.81,
  14.78,
  14.79,
  14.85,
  14.93,
  15.03,
  15.11,
  15.15,
  15.2,
  15.19,
  15.24,
  15.31,
  15.38,
  15.42,
  15.42,
  15.45,
  15.53,
  15.55,
  15.58,
  15.59,
  15.66,
  15.7,
  15.73,
  15.75,
  15.81,
  15.83,
  15.93,
  15.94,
  15.94,
  15.92,
  15.93,
  15.96,
  16.04,
  16.08,
  16.1,
  16.14,
  16.13,
  16.09,
  16.07,
  16.1,
  16.16,
  16.19,
  16.27,
  16.3,
  16.35,
  16.38
 ],
 "traj_orth": [
  89.72,
  86.67,
  82.99,
  78.58,
  73.46,
  67.69,
  61.4,
  54.85,
  48.46,
  42.48,
  36.99,
  32.19,
  28.16,
  24.9,
  22.26,
  20.19,
  18.66,
  17.54,
  16.8,
  16.42,
  16.25,
  16.12,
  15.99,
  15.92,
  15.87,
  15.88,
  15.93,
  15.97,
  16.09,
  16.19,
  16.24,
  16.31,
  16.36,
  16.46,
  16.56,
  16.63,
  16.65,
  16.68,
  16.73,
  16.74,
  16.72,
  16.71,
  16.69,
  16.74,
  16.75,
  16.8,
  16.83,
  16.85,
  16.85,
  16.79,
  16.81,
  16.77,
  16.77,
  16.82,
  16.9,
  16.92,
  16.97,
  17.02,
  17.04,
  17.06,
  17.02,
  16.96,
  16.99,
  16.99,
  17.01,
  17.06,
  17.05,
  17.01,
  16.99,
  16.99,
  17.04,
  17.04,
  17.05,
  17.05,
  17.06,
  17.03,
  17.05,
  17.02,
  17.03,
  16.99,
  17.02,
  17.06,
  17.11,
  17.11,
  17.13,
  17.13,
  17.2,
  17.24,
  17.27,
  17.33,
  17.34,
  17.3,
  17.29,
  17.32,
  17.38,
  17.42,
  17.52,
  17.52,
  17.53,
  17.51
 ]
}