{
 "theta_star": 6.985161049851067,
 "after_same_kick": 4.230320267457796,
 "after_orth_kick": 4.228782052239016,
 "traj_same": [
  1.37,
  4.0,
  4.22,
  4.24,
  4.24,
  4.24,
  4.23,
  4.24,
  4.23,
  4.23,
  4.23,
  4.23,
  4.23,
  4.23,
  4.24,
  4.23,
  4.23,
  4.22,
  4.23,
  4.24,
  4.25,
  4.24,
  4.24,
  4.23,
  4.24,
  4.22,
  4.22,
  4.24,
  4.22,
  4.24,
  4.24,
  4.23,
  4.24,
  4.23,
  4.25,
  4.22,
  4.24,
  4.24,
  4.23,
  4.22,
  4.23,
  4.22,
  4.23,
  4.22,
  4.23,
  4.23,
  4.23,
  4.23,
  4.25,
  4.23,
  4.23,
  4.24,
  4.24,
  4.24,
  4.25,
  4.24,
  4.23,
  4.21,
  4.22,
  4.21,
  4.23,
  4.23,
  4.22,
  4.23,
  4.23,
  4.22,
  4.22,
  4.21,
  4.22,
  4.22,
  4.22,
  4.22,
  4.23,
  4.23,
  4.23,
  4.21,
  4.22,
  4.24,
  4.23,
  4.23,
  4.23,
  4.22,
  4.23,
  4.23,
  4.23,
  4.22,
  4.25,
  4.25,
  4.23,
  4.24,
  4.23,
  4.22,
  4.24,
  4.22,
  4.23,
  4.23,
  4.24,
  4.22,
  4.24,
  4.24
 ],
 "traj_orth": [
  89.71,
  85.59,
  76.86,
  61.59,
  43.22,
  26.68,
  14.58,
  8.1,
  6.05,
  5.18,
  4.91,
  4.77,
  4.72,
  4.71,
  4.6,
  4.45,
  4.45,
  4.43,
  4.4,
  4.4,
  4.38,
  4.39,
  4.44,
  4.41,
  4.39,
  4.36,
  4.27,
  4.24,
  4.22,
  4.22,
  4.22,
  4.22,
  4.22,
  4.21,
  4.22,
  4.21,
  4.22,
  4.22,
  4.22,
  4.22,
  4.21,
  4.21,
  4.23,
  4.21,
  4.22,
  4.21,
  4.22,
  4.23,
  4.22,
  4.2,
  4.22,
  4.22,
  4.22,
  4.22,
  4.2,
  4.21,
  4.23,
  4.22,
  4.21,
  4.21,
  4.21,
  4.23,
  4.23,
  4.22,
  4.21,
  4.21,
  4.23,
  4.21,
  4.21,
  4.21,
  4.21,
  4.22,
  4.23,
  4.21,
  4.21,
  4.22,
  4.21,
  4.24,
  4.22,
  4.21,
  4.23,
  4.22,
  4.23,
  4.22,
  4.23,
  4.23,
  4.22,
  4.25,
  4.25,
  4.23,
  4.23,
  4.23,
  4.23,
  4.24,
  4.23,
  4.21,
  4.24,
  4.23,
  4.22,
  4.22
 ]
}