{
 "theta_star": 13.165005298123123,
 "after_same_kick": 5.428973637617834,
 "after_orth_kick": 5.57405850064338,
 "traj_same": [
  1.59,
  4.84,
  5.34,
  5.45,
  5.48,
  5.45,
  5.47,
  5.47,
  5.48,
  5.48,
  5.46,
  5.45,
  5.44,
  5.45,
  5.45,
  5.43,
  5.46,
  5.44,
  5.45,
  5.46,
  5.46,
  5.44,
  5.44,
  5.43,
  5.43,
  5.44,
  5.43,
  5.45,
  5.43,
  5.43,
  5.44,
  5.44,
  5.42,
  5.44,
  5.44,
  5.45,
  5.42,
  5.44,
  5.43,
  5.44,
  5.43,
  5.46,
  5.44,
  5.44,
  5.44,
  5.43,
  5.42,
  5.43,
  5.42,
  5.43,
  5.42,
  5.44,
  5.44,
  5.44,
  5.45,
  5.43,
  5.42,
  5.41,
  5.43,
  5.44,
  5.44,
  5.46,
  5.44,
  5.43,
  5.43,
  5.44,
  5.44,
  5.43,
  5.43,
  5.43,
  5.44,
  5.44,
  5.46,
  5.44,
  5.45,
  5.44,
  5.42,
  5.44,
  5.43,
  5.43,
  5.45,
  5.44,
  5.42,
  5.43,
  5.45,
  5.41,
  5.42,
  5.42,
  5.42,
  5.41,
  5.42,
  5.43,
  5.45,
  5.43,
  5.44,
  5.42,
  5.42,
  5.43,
  5.43,
  5.42
 ],
 "traj_orth": [
  89.69,
  85.83,
  79.05,
  68.04,
  53.46,
  38.62,
  26.14,
  16.73,
  10.76,
  8.01,
  7.23,
  6.86,
  6.61,
  6.47,
  6.37,
  6.3,
  6.27,
  6.24,
  6.22,
  6.22,
  6.19,
  6.11,
  6.01,
  5.79,
  5.74,
  5.74,
  5.72,
  5.71,
  5.68,
  5.67,
  5.69,
  5.72,
  5.73,
  5.75,
  5.74,
  5.74,
  5.7,
  5.7,
  5.68,
  5.69,
  5.7,
  5.73,
  5.71,
  5.69,
  5.7,
  5.71,
  5.7,
  5.7,
  5.69,
  5.7,
  5.68,
  5.71,
  5.71,
  5.72,
  5.72,
  5.69,
  5.67,
  5.66,
  5.68,
  5.69,
  5.69,
  5.71,
  5.69,
  5.66,
  5.62,
  5.59,
  5.58,
  5.58,
  5.58,
  5.57,
  5.59,
  5.59,
  5.61,
  5.59,
  5.59,
  5.59,
  5.57,
  5.59,
  5.57,
  5.57,
  5.58,
  5.59,
  5.57,
  5.57,
  5.61,
  5.58,
  5.59,
  5.58,
  5.56,
  5.54,
  5.54,
  5.55,
  5.6,
  5.61,
  5.62,
  5.58,
  5.56,
  5.55,
  5.56,
  5.58
 ]
}