{
 "theta_star": 34.10981319206671,
 "after_same_kick": 6.929165007968733,
 "after_orth_kick": 7.4266694691982975,
 "traj_same": [
  2.04,
  5.55,
  6.47,
  6.75,
  6.85,
  6.91,
  6.92,
  6.9,
  6.9,
  6.92,
  6.9,
  6.91,
  6.93,
  6.92,
  6.92,
  6.9,
  6.91,
  6.89,
  6.9,
  6.92,
  6.92,
  6.92,
  6.93,
  6.93,
  6.92,
  6.89,
  6.89,
  6.88,
  6.9,
  6.88,
  6.88,
  6.89,
  6.9,
  6.9,
  6.91,
  6.91,
  6.92,
  6.94,
  6.94,
  6.95,
  6.96,
  6.95,
  6.93,
  6.94,
  6.93,
  6.95,
  6.92,
  6.9,
  6.92,
  6.92,
  6.91,
  6.92,
  6.95,
  6.94,
  6.93,
  6.91,
  6.92,
  6.9,
  6.9,
  6.92,
  6.91,
  6.93,
  6.93,
  6.96,
  6.94,
  6.93,
  6.94,
  6.94,
  6.93,
  6.92,
  6.91,
  6.91,
  6.91,
  6.91,
  6.93,
  6.92,
  6.91,
  6.9,
  6.9,
  6.89,
  6.92,
  6.93,
  6.92,
  6.91,
  6.91,
  6.94,
  6.93,
  6.94,
  6.94,
  6.97,
  6.93,
  6.94,
  6.93,
  6.92,
  6.9,
  6.92,
  6.93,
  6.92,
  6.96,
  6.93
 ],
 "traj_orth": [
  89.74,
  86.6,
  81.74,
  74.76,
  65.49,
  54.5,
  43.45,
  33.67,
  25.61,
  19.46,
  15.36,
  12.89,
  11.36,
  10.27,
  9.59,
  9.16,
  8.85,
  8.62,
  8.47,
  8.35,
  8.23,
  8.16,
  8.13,
  8.1,
  8.08,
  8.08,
  8.1,
  8.1,
  8.1,
  8.12,
  8.15,
  8.13,
  8.08,
  8.08,
  8.08,
  8.09,
  8.07,
  8.04,
  7.96,
  7.92,
  7.91,
  7.87,
  7.82,
  7.77,
  7.71,
  7.69,
  7.65,
  7.64,
  7.64,
  7.62,
  7.63,
  7.61,
  7.61,
  7.57,
  7.54,
  7.51,
  7.52,
  7.5,
  7.49,
  7.55,
  7.6,
  7.7,
  7.72,
  7.75,
  7.69,
  7.65,
  7.6,
  7.56,
  7.52,
  7.46,
  7.4,
  7.39,
  7.39,
  7.39,
  7.43,
  7.39,
  7.38,
  7.39,
  7.4,
  7.4,
  7.44,
  7.43,
  7.42,
  7.4,
  7.41,
  7.42,
  7.42,
  7.46,
  7.47,
  7.49,
  7.45,
  7.44,
  7.42,
  7.39,
  7.41,
  7.43,
  7.45,
  7.41,
  7.45,
  7.42
 ]
}