{
 "theta_star": 26.48562142415705,
 "after_same_kick": 25.257373229760415,
 "after_orth_kick": 25.36958305470393,
 "traj_same": [
  3.08,
  8.41,
  12.01,
  14.6,
  16.62,
  18.24,
  19.54,
  20.66,
  21.54,
  22.15,
  22.68,
  23.08,
  23.44,
  23.77,
  24.03,
  24.2,
  24.34,
  24.46,
  24.6,
  24.72,
  24.83,
  24.84,
  24.84,
  24.84,
  24.83,
  24.82,
  24.83,
  24.82,
  24.82,
  24.84,
  24.83,
  24.85,
  24.88,
  24.88,
  24.91,
  24.9,
  24.9,
  24.93,
  24.94,
  24.97,
  25.0,
  25.02,
  25.02,
  25.08,
  25.11,
  25.12,
  25.15,
  25.15,
  25.13,
  25.13,
  25.15,
  25.18,
  25.21,
  25.25,
  25.31,
  25.32,
  25.34,
  25.34,
  25.32,
  25.32,
  25.36,
  25.38,
  25.42,
  25.43,
  25.43,
  25.44,
  25.44,
  25.47,
  25.5,
  25.49,
  25.52,
  25.52,
  25.53,
  25.54,
  25.52,
  25.51,
  25.53,
  25.6,
  25.62,
  25.63,
  25.57,
  25.54,
  25.5,
  25.4,
  25.36,
  25.32,
  25.34,
  25.35,
  25.32,
  25.3,
  25.3,
  25.31,
  25.29,
  25.27,
  25.24,
  25.24,
  25.23,
  25.24,
  25.22,
  25.23
 ],
 "traj_orth": [
  89.7,
  86.18,
  81.17,
  74.67,
  66.98,
  58.63,
  50.35,
  42.65,
  35.9,
  30.32,
  25.87,
  22.52,
  20.21,
  18.81,
  18.18,
  18.14,
  18.5,
  19.06,
  19.77,
  20.48,
  21.15,
  21.7,
  22.19,
  22.62,
  23.0,
  23.34,
  23.66,
  23.91,
  24.13,
  24.32,
  24.47,
  24.62,
  24.75,
  24.84,
  24.95,
  25.03,
  25.07,
  25.12,
  25.15,
  25.2,
  25.25,
  25.27,
  25.26,
  25.33,
  25.37,
  25.37,
  25.41,
  25.41,
  25.4,
  25.4,
  25.43,
  25.47,
  25.49,
  25.51,
  25.54,
  25.54,
  25.58,
  25.59,
  25.59,
  25.59,
  25.61,
  25.61,
  25.64,
  25.66,
  25.67,
  25.69,
  25.67,
  25.69,
  25.7,
  25.66,
  25.7,
  25.7,
  25.74,
  25.77,
  25.78,
  25.79,
  25.82,
  25.88,
  25.89,
  25.88,
  25.84,
  25.84,
  25.84,
  25.81,
  25.82,
  25.78,
  25.82,
  25.78,
  25.72,
  25.66,
  25.6,
  25.57,
  25.51,
  25.46,
  25.37,
  25.31,
  25.26,
  25.24,
  25.19,
  25.18
 ]
}