{
 "theta_star": 45.94492571626952,
 "after_same_kick": 34.904703463456165,
 "after_orth_kick": 35.62534397504534,
 "traj_same": [
  3.11,
  8.45,
  12.26,
  15.14,
  17.52,
  19.5,
  21.2,
  22.64,
  23.91,
  24.95,
  25.87,
  26.66,
  27.37,
  27.95,
  28.47,
  28.91,
  29.31,
  29.62,
  29.96,
  30.21,
  30.48,
  30.72,
  30.95,
  31.14,
  31.33,
  31.5,
  31.65,
  31.78,
  31.92,
  32.05,
  32.17,
  32.26,
  32.39,
  32.5,
  32.58,
  32.64,
  32.7,
  32.75,
  32.82,
  32.86,
  32.91,
  32.96,
  33.0,
  33.06,
  33.11,
  33.14,
  33.21,
  33.25,
  33.23,
  33.2,
  33.23,
  33.3,
  33.37,
  33.42,
  33.49,
  33.58,
  33.64,
  33.68,
  33.75,
  33.85,
  33.94,
  34.01,
  34.05,
  34.11,
  34.14,
  34.2,
  34.24,
  34.28,
  34.31,
  34.33,
  34.35,
  34.37,
  34.42,
  34.46,
  34.46,
  34.48,
  34.52,
  34.55,
  34.62,
  34.66,
  34.64,
  34.62,
  34.65,
  34.7,
  34.74,
  34.75,
  34.75,
  34.81,
  34.82,
  34.79,
  34.76,
  34.77,
  34.82,
  34.87,
  34.88,
  34.9,
  34.95,
  34.98,
  35.04,
  35.07
 ],
 "traj_orth": [
  89.69,
  86.31,
  82.02,
  76.84,
  70.95,
  64.61,
  58.03,
  51.6,
  45.54,
  40.14,
  35.39,
  31.39,
  28.07,
  25.44,
  23.56,
  22.27,
  21.63,
  21.44,
  21.66,
  22.17,
  22.84,
  23.6,
  24.4,
  25.15,
  25.9,
  26.63,
  27.31,
  27.96,
  28.56,
  29.09,
  29.57,
  29.97,
  30.34,
  30.66,
  30.94,
  31.2,
  31.45,
  31.69,
  31.93,
  32.13,
  32.31,
  32.45,
  32.58,
  32.74,
  32.9,
  33.01,
  33.13,
  33.2,
  33.27,
  33.32,
  33.4,
  33.5,
  33.62,
  33.74,
  33.85,
  33.98,
  34.05,
  34.11,
  34.23,
  34.38,
  34.48,
  34.57,
  34.63,
  34.72,
  34.78,
  34.89,
  34.95,
  35.0,
  35.05,
  35.07,
  35.09,
  35.12,
  35.16,
  35.21,
  35.21,
  35.25,
  35.28,
  35.29,
  35.34,
  35.35,
  35.3,
  35.29,
  35.33,
  35.37,
  35.4,
  35.39,
  35.38,
  35.44,
  35.46,
  35.46,
  35.5,
  35.57,
  35.64,
  35.69,
  35.69,
  35.67,
  35.67,
  35.61,
  35.61,
  35.61
 ]
}