{
 "theta_star": 14.283216168849108,
 "after_same_kick": 5.3810504743051935,
 "after_orth_kick": 5.526172280652238,
 "traj_same": [
  1.5,
  4.75,
  5.28,
  5.38,
  5.41,
  5.4,
  5.39,
  5.41,
  5.4,
  5.42,
  5.41,
  5.41,
  5.4,
  5.41,
  5.42,
  5.42,
  5.41,
  5.39,
  5.4,
  5.4,
  5.41,
  5.39,
  5.4,
  5.38,
  5.39,
  5.37,
  5.37,
  5.39,
  5.37,
  5.39,
  5.39,
  5.38,
  5.4,
  5.39,
  5.4,
  5.37,
  5.4,
  5.39,
  5.38,
  5.38,
  5.39,
  5.37,
  5.38,
  5.37,
  5.37,
  5.38,
  5.38,
  5.38,
  5.4,
  5.39,
  5.39,
  5.39,
  5.4,
  5.39,
  5.4,
  5.39,
  5.38,
  5.36,
  5.37,
  5.36,
  5.37,
  5.37,
  5.37,
  5.37,
  5.37,
  5.37,
  5.38,
  5.36,
  5.37,
  5.37,
  5.37,
  5.37,
  5.37,
  5.39,
  5.38,
  5.36,
  5.36,
  5.39,
  5.39,
  5.38,
  5.38,
  5.38,
  5.38,
  5.38,
  5.38,
  5.37,
  5.4,
  5.4,
  5.38,
  5.39,
  5.38,
  5.38,
  5.39,
  5.38,
  5.38,
  5.38,
  5.39,
  5.37,
  5.39,
  5.39
 ],
 "traj_orth": [
  89.71,
  85.93,
  79.36,
  68.69,
  54.66,
  40.08,
  27.26,
  17.41,
  11.2,
  8.32,
  7.14,
  6.43,
  6.11,
  5.99,
  5.93,
  5.91,
  5.89,
  5.85,
  5.83,
  5.77,
  5.73,
  5.69,
  5.67,
  5.66,
  5.66,
  5.65,
  5.66,
  5.69,
  5.69,
  5.71,
  5.68,
  5.65,
  5.65,
  5.66,
  5.7,
  5.7,
  5.73,
  5.72,
  5.7,
  5.69,
  5.69,
  5.66,
  5.65,
  5.64,
  5.64,
  5.65,
  5.67,
  5.67,
  5.71,
  5.67,
  5.66,
  5.65,
  5.67,
  5.69,
  5.7,
  5.69,
  5.67,
  5.62,
  5.61,
  5.6,
  5.59,
  5.57,
  5.55,
  5.56,
  5.58,
  5.55,
  5.54,
  5.52,
  5.51,
  5.51,
  5.53,
  5.53,
  5.53,
  5.53,
  5.52,
  5.51,
  5.52,
  5.55,
  5.54,
  5.52,
  5.53,
  5.53,
  5.53,
  5.52,
  5.52,
  5.5,
  5.54,
  5.56,
  5.54,
  5.54,
  5.53,
  5.53,
  5.55,
  5.52,
  5.51,
  5.52,
  5.53,
  5.52,
  5.53,
  5.54
 ]
}