{
 "theta_star": 4.799240783357138,
 "after_same_kick": 4.2610390585104705,
 "after_orth_kick": 4.259209770260997,
 "traj_same": [
  1.4,
  4.04,
  4.27,
  4.29,
  4.28,
  4.3,
  4.3,
  4.31,
  4.29,
  4.29,
  4.3,
  4.27,
  4.27,
  4.29,
  4.27,
  4.29,
  4.29,
  4.3,
  4.29,
  4.28,
  4.27,
  4.28,
  4.28,
  4.28,
  4.28,
  4.27,
  4.27,
  4.27,
  4.29,
  4.26,
  4.27,
  4.28,
  4.26,
  4.28,
  4.28,
  4.27,
  4.28,
  4.26,
  4.26,
  4.27,
  4.27,
  4.26,
  4.27,
  4.26,
  4.25,
  4.26,
  4.27,
  4.27,
  4.27,
  4.27,
  4.29,
  4.28,
  4.28,
  4.28,
  4.27,
  4.26,
  4.27,
  4.28,
  4.27,
  4.27,
  4.28,
  4.27,
  4.28,
  4.26,
  4.26,
  4.26,
  4.27,
  4.26,
  4.27,
  4.27,
  4.27,
  4.27,
  4.26,
  4.27,
  4.27,
  4.25,
  4.27,
  4.26,
  4.26,
  4.27,
  4.27,
  4.26,
  4.27,
  4.28,
  4.28,
  4.25,
  4.25,
  4.26,
  4.26,
  4.24,
  4.25,
  4.26,
  4.25,
  4.25,
  4.27,
  4.26,
  4.26,
  4.26,
  4.28,
  4.28
 ],
 "traj_orth": [
  89.69,
  85.28,
  75.99,
  59.74,
  40.39,
  24.12,
  13.46,
  7.88,
  5.81,
  5.44,
  5.3,
  5.09,
  5.02,
  5.01,
  4.95,
  4.95,
  4.9,
  4.8,
  4.68,
  4.67,
  4.67,
  4.66,
  4.65,
  4.65,
  4.65,
  4.67,
  4.7,
  4.69,
  4.7,
  4.63,
  4.62,
  4.6,
  4.58,
  4.6,
  4.59,
  4.59,
  4.61,
  4.52,
  4.47,
  4.45,
  4.45,
  4.44,
  4.42,
  4.36,
  4.29,
  4.27,
  4.28,
  4.27,
  4.27,
  4.27,
  4.29,
  4.28,
  4.28,
  4.28,
  4.27,
  4.26,
  4.27,
  4.28,
  4.27,
  4.27,
  4.28,
  4.27,
  4.28,
  4.26,
  4.26,
  4.26,
  4.27,
  4.26,
  4.27,
  4.27,
  4.27,
  4.27,
  4.26,
  4.27,
  4.27,
  4.25,
  4.27,
  4.26,
  4.26,
  4.27,
  4.27,
  4.27,
  4.27,
  4.28,
  4.27,
  4.24,
  4.25,
  4.26,
  4.26,
  4.24,
  4.25,
  4.26,
  4.25,
  4.25,
  4.26,
  4.25,
  4.26,
  4.26,
  4.28,
  4.28
 ]
}