{
 "theta_star": 37.993303571404574,
 "after_same_kick": 7.09498268807854,
 "after_orth_kick": 7.550077840864985,
 "traj_same": [
  2.02,
  5.6,
  6.6,
  6.98,
  7.19,
  7.27,
  7.34,
  7.32,
  7.28,
  7.28,
  7.27,
  7.29,
  7.3,
  7.33,
  7.35,
  7.35,
  7.35,
  7.31,
  7.29,
  7.28,
  7.27,
  7.27,
  7.29,
  7.3,
  7.23,
  7.13,
  7.08,
  7.09,
  7.08,
  7.08,
  7.09,
  7.09,
  7.07,
  7.09,
  7.08,
  7.1,
  7.07,
  7.08,
  7.07,
  7.08,
  7.07,
  7.09,
  7.08,
  7.06,
  7.07,
  7.06,
  7.06,
  7.07,
  7.06,
  7.05,
  7.04,
  7.05,
  7.06,
  7.07,
  7.08,
  7.07,
  7.06,
  7.05,
  7.07,
  7.07,
  7.08,
  7.09,
  7.09,
  7.07,
  7.07,
  7.08,
  7.07,
  7.07,
  7.07,
  7.07,
  7.09,
  7.09,
  7.1,
  7.09,
  7.09,
  7.08,
  7.06,
  7.08,
  7.08,
  7.09,
  7.1,
  7.1,
  7.09,
  7.09,
  7.11,
  7.08,
  7.07,
  7.08,
  7.07,
  7.07,
  7.08,
  7.08,
  7.1,
  7.09,
  7.1,
  7.09,
  7.08,
  7.09,
  7.11,
  7.13
 ],
 "traj_orth": [
  89.69,
  86.15,
  80.86,
  73.23,
  63.12,
  51.43,
  39.92,
  29.79,
  21.62,
  15.63,
  11.93,
  10.11,
  9.4,
  9.06,
  8.91,
  8.79,
  8.72,
  8.65,
  8.53,
  8.42,
  8.34,
  8.23,
  8.16,
  8.07,
  8.01,
  7.94,
  7.84,
  7.76,
  7.74,
  7.74,
  7.75,
  7.75,
  7.72,
  7.74,
  7.77,
  7.75,
  7.71,
  7.68,
  7.66,
  7.63,
  7.6,
  7.62,
  7.63,
  7.66,
  7.68,
  7.67,
  7.64,
  7.64,
  7.6,
  7.58,
  7.58,
  7.64,
  7.7,
  7.73,
  7.74,
  7.75,
  7.74,
  7.73,
  7.72,
  7.73,
  7.76,
  7.8,
  7.83,
  7.8,
  7.78,
  7.75,
  7.73,
  7.73,
  7.73,
  7.75,
  7.8,
  7.8,
  7.79,
  7.75,
  7.72,
  7.7,
  7.66,
  7.69,
  7.7,
  7.7,
  7.66,
  7.6,
  7.57,
  7.56,
  7.57,
  7.54,
  7.57,
  7.58,
  7.56,
  7.53,
  7.51,
  7.52,
  7.58,
  7.58,
  7.59,
  7.56,
  7.53,
  7.53,
  7.54,
  7.57
 ]
}