{
 "theta_star": 27.119152854392166,
 "after_same_kick": 24.448608181492382,
 "after_orth_kick": 24.93924704485125,
 "traj_same": [
  3.62,
  8.61,
  12.09,
  14.59,
  16.56,
  18.08,
  19.32,
  20.34,
  21.14,
  21.85,
  22.37,
  22.83,
  23.2,
  23.5,
  23.76,
  23.96,
  24.11,
  24.27,
  24.39,
  24.49,
  24.54,
  24.62,
  24.66,
  24.71,
  24.75,
  24.8,
  24.85,
  24.87,
  24.86,
  24.86,
  24.93,
  24.91,
  24.93,
  24.99,
  25.04,
  25.11,
  25.11,
  25.16,
  25.14,
  25.12,
  25.1,
  25.12,
  25.14,
  25.16,
  25.15,
  25.16,
  25.21,
  25.23,
  25.21,
  25.23,
  25.29,
  25.32,
  25.36,
  25.4,
  25.45,
  25.47,
  25.47,
  25.46,
  25.41,
  25.38,
  25.36,
  25.32,
  25.29,
  25.22,
  25.14,
  25.08,
  25.09,
  25.03,
  25.03,
  24.98,
  24.93,
  24.91,
  24.92,
  24.89,
  24.8,
  24.78,
  24.73,
  24.7,
  24.68,
  24.61,
  24.62,
  24.59,
  24.58,
  24.52,
  24.45,
  24.43,
  24.42,
  24.39,
  24.4,
  24.4,
  24.41,
  24.42,
  24.41,
  24.42,
  24.43,
  24.42,
  24.46,
  24.48,
  24.49,
  24.54
 ],
 "traj_orth": [
  89.72,
  86.33,
  81.57,
  75.3,
  67.83,
  59.74,
  51.57,
  43.95,
  37.28,
  31.62,
  27.14,
  23.73,
  21.43,
  20.03,
  19.37,
  19.2,
  19.39,
  19.89,
  20.44,
  20.99,
  21.47,
  21.99,
  22.45,
  22.88,
  23.24,
  23.61,
  23.96,
  24.22,
  24.41,
  24.54,
  24.76,
  24.86,
  24.98,
  25.09,
  25.15,
  25.2,
  25.2,
  25.27,
  25.29,
  25.31,
  25.34,
  25.37,
  25.39,
  25.42,
  25.41,
  25.43,
  25.48,
  25.53,
  25.55,
  25.61,
  25.71,
  25.77,
  25.83,
  25.85,
  25.92,
  25.97,
  25.98,
  25.99,
  25.98,
  25.98,
  25.97,
  25.95,
  25.93,
  25.87,
  25.76,
  25.66,
  25.63,
  25.55,
  25.53,
  25.47,
  25.41,
  25.39,
  25.37,
  25.32,
  25.25,
  25.22,
  25.15,
  25.07,
  25.02,
  24.95,
  24.97,
  24.95,
  24.98,
  24.97,
  24.98,
  25.0,
  25.01,
  25.0,
  25.0,
  24.98,
  24.96,
  24.95,
  24.91,
  24.92,
  24.95,
  24.94,
  24.95,
  24.96,
  24.92,
  24.93
 ]
}