{
 "theta_star": 4.217497110729457,
 "after_same_kick": 4.219778670554929,
 "after_orth_kick": 4.414985178715248,
 "traj_same": [
  1.38,
  3.99,
  4.19,
  4.21,
  4.23,
  4.21,
  4.21,
  4.21,
  4.22,
  4.23,
  4.2,
  4.21,
  4.2,
  4.2,
  4.21,
  4.19,
  4.2,
  4.21,
  4.22,
  4.21,
  4.21,
  4.21,
  4.22,
  4.21,
  4.2,
  4.22,
  4.22,
  4.22,
  4.22,
  4.2,
  4.23,
  4.2,
  4.21,
  4.21,
  4.22,
  4.2,
  4.22,
  4.22,
  4.21,
  4.22,
  4.21,
  4.22,
  4.2,
  4.21,
  4.22,
  4.22,
  4.22,
  4.23,
  4.23,
  4.21,
  4.24,
  4.22,
  4.22,
  4.21,
  4.21,
  4.22,
  4.23,
  4.22,
  4.22,
  4.2,
  4.22,
  4.21,
  4.22,
  4.21,
  4.23,
  4.23,
  4.22,
  4.24,
  4.24,
  4.22,
  4.21,
  4.23,
  4.21,
  4.24,
  4.21,
  4.22,
  4.22,
  4.22,
  4.23,
  4.23,
  4.22,
  4.22,
  4.21,
  4.2,
  4.23,
  4.22,
  4.21,
  4.22,
  4.22,
  4.24,
  4.23,
  4.23,
  4.21,
  4.22,
  4.2,
  4.22,
  4.22,
  4.22,
  4.21,
  4.23
 ],
 "traj_orth": [
  89.71,
  85.67,
  77.04,
  61.79,
  42.62,
  24.95,
  13.02,
  7.35,
  5.23,
  4.67,
  4.48,
  4.41,
  4.36,
  4.37,
  4.41,
  4.42,
  4.42,
  4.42,
  4.41,
  4.38,
  4.37,
  4.39,
  4.43,
  4.45,
  4.41,
  4.42,
  4.41,
  4.39,
  4.39,
  4.36,
  4.42,
  4.43,
  4.46,
  4.44,
  4.43,
  4.4,
  4.39,
  4.4,
  4.4,
  4.44,
  4.45,
  4.46,
  4.41,
  4.39,
  4.38,
  4.37,
  4.41,
  4.44,
  4.44,
  4.41,
  4.41,
  4.38,
  4.39,
  4.36,
  4.38,
  4.43,
  4.45,
  4.43,
  4.41,
  4.38,
  4.39,
  4.37,
  4.38,
  4.4,
  4.42,
  4.43,
  4.43,
  4.43,
  4.42,
  4.4,
  4.4,
  4.42,
  4.39,
  4.41,
  4.4,
  4.42,
  4.43,
  4.44,
  4.44,
  4.42,
  4.39,
  4.4,
  4.41,
  4.44,
  4.48,
  4.46,
  4.42,
  4.4,
  4.39,
  4.42,
  4.44,
  4.47,
  4.46,
  4.45,
  4.4,
  4.39,
  4.37,
  4.36,
  4.38,
  4.42
 ]
}