{
 "theta_star": 36.74904135556933,
 "after_same_kick": 6.8927163726004945,
 "after_orth_kick": 7.1480062492396685,
 "traj_same": [
  1.94,
  5.45,
  6.41,
  6.73,
  6.85,
  6.89,
  6.91,
  6.91,
  6.91,
  6.91,
  6.91,
  6.9,
  6.9,
  6.89,
  6.88,
  6.86,
  6.87,
  6.87,
  6.86,
  6.87,
  6.86,
  6.87,
  6.87,
  6.85,
  6.85,
  6.84,
  6.84,
  6.85,
  6.86,
  6.85,
  6.86,
  6.85,
  6.85,
  6.85,
  6.85,
  6.84,
  6.85,
  6.86,
  6.87,
  6.87,
  6.86,
  6.86,
  6.85,
  6.86,
  6.86,
  6.86,
  6.86,
  6.87,
  6.89,
  6.88,
  6.88,
  6.88,
  6.88,
  6.89,
  6.88,
  6.87,
  6.87,
  6.89,
  6.88,
  6.88,
  6.88,
  6.88,
  6.87,
  6.88,
  6.88,
  6.86,
  6.87,
  6.9,
  6.89,
  6.89,
  6.89,
  6.9,
  6.91,
  6.92,
  6.91,
  6.9,
  6.89,
  6.89,
  6.88,
  6.88,
  6.89,
  6.89,
  6.9,
  6.9,
  6.88,
  6.88,
  6.9,
  6.89,
  6.88,
  6.89,
  6.89,
  6.89,
  6.89,
  6.91,
  6.89,
  6.89,
  6.89,
  6.89,
  6.89,
  6.9
 ],
 "traj_orth": [
  89.72,
  86.34,
  81.27,
  73.92,
  64.15,
  52.72,
  41.23,
  31.06,
  22.83,
  16.74,
  12.69,
  10.31,
  9.12,
  8.59,
  8.3,
  8.06,
  7.86,
  7.66,
  7.48,
  7.38,
  7.32,
  7.31,
  7.28,
  7.26,
  7.26,
  7.23,
  7.19,
  7.16,
  7.12,
  7.09,
  7.09,
  7.07,
  7.07,
  7.07,
  7.09,
  7.08,
  7.11,
  7.12,
  7.12,
  7.12,
  7.1,
  7.08,
  7.06,
  7.06,
  7.06,
  7.07,
  7.11,
  7.14,
  7.18,
  7.16,
  7.14,
  7.13,
  7.12,
  7.13,
  7.1,
  7.09,
  7.07,
  7.13,
  7.15,
  7.16,
  7.15,
  7.13,
  7.12,
  7.1,
  7.1,
  7.09,
  7.13,
  7.16,
  7.14,
  7.14,
  7.16,
  7.17,
  7.17,
  7.17,
  7.14,
  7.12,
  7.1,
  7.11,
  7.11,
  7.11,
  7.13,
  7.13,
  7.16,
  7.17,
  7.15,
  7.13,
  7.14,
  7.11,
  7.1,
  7.11,
  7.15,
  7.16,
  7.16,
  7.17,
  7.14,
  7.13,
  7.12,
  7.12,
  7.14,
  7.17
 ]
}