{
 "theta_star": 22.33650333322089,
 "after_same_kick": 20.992562429883776,
 "after_orth_kick": 21.346821767872257,
 "traj_same": [
  2.67,
  8.26,
  11.75,
  14.09,
  15.79,
  17.02,
  17.95,
  18.62,
  19.15,
  19.55,
  19.84,
  20.04,
  20.17,
  20.3,
  20.41,
  20.49,
  20.6,
  20.66,
  20.69,
  20.7,
  20.7,
  20.7,
  20.71,
  20.73,
  20.72,
  20.74,
  20.74,
  20.76,
  20.77,
  20.78,
  20.82,
  20.83,
  20.82,
  20.87,
  20.9,
  20.93,
  20.91,
  20.9,
  20.9,
  20.89,
  20.89,
  20.93,
  20.92,
  20.9,
  20.88,
  20.89,
  20.87,
  20.87,
  20.87,
  20.89,
  20.9,
  20.92,
  20.92,
  20.93,
  20.9,
  20.91,
  20.9,
  20.9,
  20.93,
  20.94,
  20.95,
  20.99,
  21.0,
  21.01,
  21.01,
  21.02,
  20.99,
  20.96,
  20.95,
  20.94,
  20.94,
  20.96,
  20.97,
  20.97,
  20.96,
  20.96,
  20.95,
  20.97,
  20.97,
  20.99,
  21.01,
  21.02,
  20.99,
  20.97,
  20.98,
  20.94,
  20.93,
  20.95,
  20.95,
  20.98,
  20.98,
  20.98,
  20.99,
  20.98,
  20.98,
  21.0,
  21.0,
  21.02,
  21.0,
  20.99
 ],
 "traj_orth": [
  89.69,
  85.87,
  79.68,
  71.0,
  60.66,
  50.13,
  40.42,
  32.03,
  25.34,
  20.5,
  17.44,
  15.86,
  15.41,
  15.61,
  16.12,
  16.74,
  17.4,
  17.99,
  18.52,
  18.96,
  19.3,
  19.57,
  19.81,
  20.01,
  20.18,
  20.36,
  20.5,
  20.6,
  20.69,
  20.76,
  20.85,
  20.89,
  20.93,
  21.02,
  21.09,
  21.16,
  21.17,
  21.17,
  21.18,
  21.18,
  21.2,
  21.25,
  21.26,
  21.23,
  21.22,
  21.23,
  21.21,
  21.21,
  21.2,
  21.21,
  21.22,
  21.25,
  21.25,
  21.27,
  21.27,
  21.26,
  21.23,
  21.23,
  21.24,
  21.24,
  21.26,
  21.33,
  21.36,
  21.36,
  21.35,
  21.34,
  21.3,
  21.27,
  21.26,
  21.24,
  21.27,
  21.31,
  21.35,
  21.35,
  21.33,
  21.32,
  21.32,
  21.33,
  21.34,
  21.37,
  21.41,
  21.45,
  21.44,
  21.43,
  21.45,
  21.41,
  21.4,
  21.4,
  21.38,
  21.39,
  21.38,
  21.37,
  21.37,
  21.33,
  21.33,
  21.34,
  21.34,
  21.35,
  21.33,
  21.32
 ]
}