{
 "theta_star": 40.55881116659803,
 "after_same_kick": 35.12208374133589,
 "after_orth_kick": 34.68152184547789,
 "traj_same": [
  3.48,
  8.62,
  12.32,
  15.1,
  17.34,
  19.17,
  20.72,
  22.04,
  23.19,
  24.21,
  25.07,
  25.82,
  26.46,
  27.06,
  27.6,
  28.06,
  28.44,
  28.81,
  29.17,
  29.5,
  29.83,
  30.08,
  30.28,
  30.51,
  30.71,
  30.89,
  31.04,
  31.19,
  31.36,
  31.56,
  31.72,
  31.85,
  32.0,
  32.13,
  32.26,
  32.31,
  32.44,
  32.5,
  32.61,
  32.71,
  32.8,
  32.87,
  32.89,
  32.95,
  32.95,
  33.04,
  33.1,
  33.15,
  33.23,
  33.24,
  33.29,
  33.34,
  33.44,
  33.49,
  33.59,
  33.68,
  33.75,
  33.8,
  33.87,
  33.89,
  33.96,
  34.01,
  34.06,
  34.04,
  34.08,
  34.11,
  34.19,
  34.24,
  34.34,
  34.43,
  34.49,
  34.48,
  34.56,
  34.6,
  34.63,
  34.66,
  34.72,
  34.79,
  34.85,
  34.89,
  34.86,
  34.88,
  34.88,
  34.89,
  34.92,
  34.9,
  34.92,
  34.95,
  34.93,
  35.02,
  35.0,
  35.03,
  35.09,
  35.11,
  35.12,
  35.1,
  35.17,
  35.18,
  35.21,
  35.23
 ],
 "traj_orth": [
  89.71,
  86.43,
  82.31,
  77.33,
  71.7,
  65.6,
  59.34,
  53.17,
  47.21,
  41.61,
  36.59,
  32.13,
  28.43,
  25.48,
  23.31,
  21.82,
  20.97,
  20.65,
  20.73,
  21.09,
  21.67,
  22.29,
  22.95,
  23.64,
  24.32,
  24.97,
  25.56,
  26.16,
  26.72,
  27.29,
  27.8,
  28.23,
  28.68,
  29.08,
  29.47,
  29.78,
  30.14,
  30.42,
  30.73,
  31.01,
  31.24,
  31.41,
  31.52,
  31.66,
  31.74,
  31.88,
  31.98,
  32.09,
  32.23,
  32.31,
  32.39,
  32.44,
  32.56,
  32.62,
  32.73,
  32.81,
  32.87,
  32.91,
  32.99,
  33.05,
  33.13,
  33.2,
  33.26,
  33.25,
  33.32,
  33.35,
  33.42,
  33.44,
  33.5,
  33.57,
  33.62,
  33.62,
  33.7,
  33.73,
  33.75,
  33.77,
  33.81,
  33.85,
  33.87,
  33.9,
  33.88,
  33.92,
  33.99,
  34.07,
  34.13,
  34.15,
  34.19,
  34.25,
  34.28,
  34.41,
  34.44,
  34.51,
  34.6,
  34.63,
  34.66,
  34.67,
  34.74,
  34.78,
  34.87,
  34.93
 ]
}