{
 "theta_star": 35.78008798032849,
 "after_same_kick": 6.949694065468984,
 "after_orth_kick": 6.957166070411236,
 "traj_same": [
  1.95,
  5.53,
  6.5,
  6.82,
  6.94,
  7.0,
  6.99,
  7.0,
  7.01,
  7.01,
  7.02,
  7.0,
  7.0,
  6.99,
  6.99,
  6.99,
  7.01,
  7.02,
  7.01,
  7.0,
  7.0,
  7.0,
  6.98,
  6.98,
  7.02,
  7.01,
  7.0,
  6.98,
  6.96,
  6.96,
  6.96,
  6.96,
  6.96,
  6.96,
  6.95,
  6.96,
  6.96,
  6.96,
  6.96,
  6.98,
  7.01,
  7.0,
  7.02,
  7.06,
  7.08,
  7.12,
  7.12,
  7.11,
  7.11,
  7.1,
  7.07,
  7.1,
  7.12,
  7.11,
  7.09,
  7.04,
  7.01,
  6.99,
  6.96,
  6.95,
  6.95,
  6.96,
  6.96,
  6.94,
  6.94,
  6.95,
  6.94,
  6.93,
  6.95,
  6.95,
  6.95,
  6.95,
  6.95,
  6.96,
  6.96,
  6.96,
  6.98,
  6.96,
  6.97,
  6.96,
  6.95,
  6.96,
  6.95,
  6.95,
  6.94,
  6.95,
  6.96,
  6.96,
  6.98,
  6.96,
  6.94,
  6.95,
  6.94,
  6.95,
  6.95,
  6.96,
  6.95,
  6.95,
  6.95,
  6.95
 ],
 "traj_orth": [
  89.73,
  86.4,
  81.38,
  74.19,
  64.68,
  53.47,
  41.88,
  31.34,
  22.98,
  16.9,
  12.77,
  10.17,
  8.98,
  8.58,
  8.48,
  8.44,
  8.47,
  8.48,
  8.47,
  8.39,
  8.28,
  8.14,
  7.98,
  7.89,
  7.94,
  7.96,
  7.97,
  7.92,
  7.85,
  7.77,
  7.71,
  7.69,
  7.68,
  7.69,
  7.64,
  7.65,
  7.66,
  7.65,
  7.62,
  7.6,
  7.59,
  7.54,
  7.49,
  7.42,
  7.33,
  7.33,
  7.33,
  7.3,
  7.27,
  7.23,
  7.19,
  7.21,
  7.21,
  7.2,
  7.16,
  7.12,
  7.1,
  7.09,
  7.07,
  7.05,
  7.05,
  7.06,
  7.06,
  7.04,
  7.05,
  7.04,
  7.04,
  7.02,
  7.01,
  7.0,
  6.98,
  6.96,
  6.96,
  6.96,
  6.97,
  6.96,
  6.98,
  6.97,
  6.98,
  6.97,
  6.96,
  6.97,
  6.96,
  6.97,
  6.95,
  6.96,
  6.97,
  6.97,
  6.97,
  6.95,
  6.94,
  6.96,
  6.94,
  6.96,
  6.95,
  6.97,
  6.97,
  6.96,
  6.96,
  6.96
 ]
}