{
 "theta_star": 37.93757073667035,
 "after_same_kick": 6.916426349418863,
 "after_orth_kick": 7.18443512168003,
 "traj_same": [
  2.11,
  5.51,
  6.44,
  6.77,
  6.88,
  6.92,
  6.94,
  6.94,
  6.94,
  6.94,
  6.95,
  6.94,
  6.95,
  6.94,
  6.95,
  6.94,
  6.95,
  6.95,
  6.93,
  6.94,
  6.93,
  6.94,
  6.93,
  6.92,
  6.92,
  6.9,
  6.9,
  6.91,
  6.92,
  6.9,
  6.92,
  6.91,
  6.92,
  6.92,
  6.93,
  6.9,
  6.91,
  6.93,
  6.94,
  6.95,
  6.94,
  6.93,
  6.93,
  6.92,
  6.92,
  6.92,
  6.93,
  6.93,
  6.96,
  6.94,
  6.94,
  6.95,
  6.94,
  6.95,
  6.93,
  6.92,
  6.92,
  6.95,
  6.94,
  6.94,
  6.93,
  6.92,
  6.92,
  6.92,
  6.92,
  6.9,
  6.91,
  6.94,
  6.92,
  6.92,
  6.91,
  6.92,
  6.93,
  6.94,
  6.94,
  6.93,
  6.92,
  6.93,
  6.92,
  6.92,
  6.93,
  6.93,
  6.94,
  6.94,
  6.9,
  6.91,
  6.94,
  6.92,
  6.92,
  6.92,
  6.92,
  6.93,
  6.91,
  6.95,
  6.92,
  6.91,
  6.91,
  6.9,
  6.9,
  6.92
 ],
 "traj_orth": [
  89.71,
  86.31,
  81.22,
  73.81,
  63.96,
  52.43,
  40.89,
  30.69,
  22.52,
  16.78,
  13.22,
  11.24,
  10.31,
  9.82,
  9.48,
  9.25,
  9.05,
  8.86,
  8.67,
  8.49,
  8.32,
  8.19,
  8.15,
  8.13,
  8.16,
  8.13,
  8.1,
  8.08,
  8.04,
  7.92,
  7.79,
  7.59,
  7.46,
  7.39,
  7.37,
  7.35,
  7.4,
  7.44,
  7.43,
  7.4,
  7.34,
  7.29,
  7.24,
  7.22,
  7.26,
  7.27,
  7.3,
  7.31,
  7.35,
  7.31,
  7.28,
  7.28,
  7.29,
  7.32,
  7.29,
  7.3,
  7.26,
  7.28,
  7.27,
  7.27,
  7.26,
  7.28,
  7.25,
  7.27,
  7.28,
  7.25,
  7.26,
  7.28,
  7.24,
  7.23,
  7.23,
  7.23,
  7.21,
  7.22,
  7.2,
  7.19,
  7.16,
  7.16,
  7.14,
  7.13,
  7.16,
  7.19,
  7.24,
  7.24,
  7.21,
  7.19,
  7.2,
  7.17,
  7.14,
  7.15,
  7.19,
  7.22,
  7.22,
  7.23,
  7.19,
  7.16,
  7.15,
  7.14,
  7.15,
  7.21
 ]
}