{
 "theta_star": 6.9046066394502725,
 "after_same_kick": 6.869919727037434,
 "after_orth_kick": 6.862693503791445,
 "traj_same": [
  1.59,
  5.53,
  6.49,
  6.78,
  6.87,
  6.89,
  6.89,
  6.9,
  6.89,
  6.9,
  6.9,
  6.9,
  6.89,
  6.9,
  6.91,
  6.9,
  6.89,
  6.87,
  6.89,
  6.9,
  6.92,
  6.91,
  6.9,
  6.89,
  6.89,
  6.87,
  6.88,
  6.89,
  6.87,
  6.9,
  6.9,
  6.89,
  6.9,
  6.89,
  6.91,
  6.88,
  6.9,
  6.9,
  6.9,
  6.88,
  6.89,
  6.87,
  6.87,
  6.87,
  6.86,
  6.87,
  6.89,
  6.88,
  6.91,
  6.89,
  6.89,
  6.89,
  6.89,
  6.89,
  6.9,
  6.89,
  6.88,
  6.85,
  6.86,
  6.85,
  6.86,
  6.86,
  6.84,
  6.84,
  6.84,
  6.84,
  6.85,
  6.83,
  6.84,
  6.85,
  6.86,
  6.84,
  6.84,
  6.85,
  6.85,
  6.82,
  6.83,
  6.87,
  6.87,
  6.86,
  6.86,
  6.86,
  6.86,
  6.86,
  6.87,
  6.85,
  6.89,
  6.91,
  6.89,
  6.9,
  6.88,
  6.87,
  6.89,
  6.87,
  6.87,
  6.87,
  6.88,
  6.85,
  6.87,
  6.86
 ],
 "traj_orth": [
  81.62,
  30.2,
  11.22,
  6.25,
  6.2,
  6.55,
  6.78,
  6.83,
  6.87,
  6.88,
  6.88,
  6.88,
  6.88,
  6.9,
  6.88,
  6.87,
  6.89,
  6.89,
  6.88,
  6.88,
  6.87,
  6.87,
  6.9,
  6.88,
  6.87,
  6.89,
  6.85,
  6.88,
  6.86,
  6.85,
  6.85,
  6.85,
  6.86,
  6.85,
  6.86,
  6.85,
  6.87,
  6.86,
  6.86,
  6.86,
  6.85,
  6.85,
  6.87,
  6.85,
  6.86,
  6.84,
  6.86,
  6.87,
  6.87,
  6.85,
  6.87,
  6.87,
  6.87,
  6.86,
  6.84,
  6.84,
  6.86,
  6.85,
  6.83,
  6.83,
  6.83,
  6.84,
  6.85,
  6.85,
  6.83,
  6.84,
  6.86,
  6.83,
  6.82,
  6.84,
  6.83,
  6.84,
  6.84,
  6.83,
  6.82,
  6.84,
  6.84,
  6.86,
  6.84,
  6.83,
  6.86,
  6.84,
  6.84,
  6.83,
  6.84,
  6.85,
  6.84,
  6.86,
  6.87,
  6.87,
  6.87,
  6.87,
  6.86,
  6.87,
  6.86,
  6.85,
  6.88,
  6.86,
  6.86,
  6.85
 ]
}