{
 "theta_star": 4.304384524148449,
 "after_same_kick": 4.287734640591132,
 "after_orth_kick": 4.290259767527543,
 "traj_same": [
  1.42,
  4.04,
  4.26,
  4.29,
  4.28,
  4.31,
  4.31,
  4.3,
  4.3,
  4.3,
  4.31,
  4.31,
  4.3,
  4.29,
  4.31,
  4.29,
  4.29,
  4.29,
  4.29,
  4.29,
  4.31,
  4.28,
  4.29,
  4.28,
  4.29,
  4.31,
  4.29,
  4.28,
  4.29,
  4.3,
  4.29,
  4.27,
  4.29,
  4.3,
  4.28,
  4.28,
  4.28,
  4.28,
  4.27,
  4.28,
  4.3,
  4.28,
  4.29,
  4.29,
  4.27,
  4.28,
  4.27,
  4.29,
  4.29,
  4.28,
  4.28,
  4.28,
  4.28,
  4.29,
  4.29,
  4.29,
  4.29,
  4.28,
  4.28,
  4.29,
  4.29,
  4.3,
  4.29,
  4.3,
  4.29,
  4.28,
  4.29,
  4.27,
  4.28,
  4.3,
  4.28,
  4.3,
  4.29,
  4.3,
  4.28,
  4.29,
  4.29,
  4.29,
  4.29,
  4.27,
  4.29,
  4.3,
  4.28,
  4.28,
  4.3,
  4.29,
  4.3,
  4.29,
  4.29,
  4.29,
  4.29,
  4.29,
  4.29,
  4.29,
  4.3,
  4.27,
  4.29,
  4.28,
  4.3,
  4.29
 ],
 "traj_orth": [
  89.69,
  85.36,
  76.16,
  60.31,
  41.74,
  25.42,
  14.14,
  8.35,
  5.97,
  5.0,
  4.68,
  4.59,
  4.51,
  4.45,
  4.5,
  4.5,
  4.5,
  4.43,
  4.31,
  4.28,
  4.31,
  4.28,
  4.28,
  4.28,
  4.3,
  4.31,
  4.29,
  4.28,
  4.29,
  4.3,
  4.29,
  4.27,
  4.29,
  4.3,
  4.28,
  4.28,
  4.28,
  4.29,
  4.28,
  4.28,
  4.3,
  4.28,
  4.29,
  4.29,
  4.27,
  4.28,
  4.27,
  4.29,
  4.29,
  4.28,
  4.28,
  4.28,
  4.28,
  4.29,
  4.29,
  4.29,
  4.29,
  4.28,
  4.28,
  4.29,
  4.29,
  4.3,
  4.29,
  4.3,
  4.29,
  4.28,
  4.29,
  4.27,
  4.28,
  4.3,
  4.28,
  4.3,
  4.29,
  4.3,
  4.28,
  4.29,
  4.29,
  4.29,
  4.3,
  4.27,
  4.29,
  4.3,
  4.28,
  4.28,
  4.3,
  4.29,
  4.3,
  4.29,
  4.29,
  4.29,
  4.29,
  4.29,
  4.29,
  4.29,
  4.3,
  4.27,
  4.29,
  4.29,
  4.3,
  4.29
 ]
}