{
 "theta_star": 35.654950571776745,
 "after_same_kick": 30.298787398918073,
 "after_orth_kick": 29.727032578978594,
 "traj_same": [
  3.44,
  8.36,
  11.82,
  14.37,
  16.42,
  18.12,
  19.53,
  20.76,
  21.87,
  22.8,
  23.6,
  24.3,
  24.91,
  25.41,
  25.88,
  26.3,
  26.67,
  27.05,
  27.35,
  27.6,
  27.79,
  28.03,
  28.21,
  28.4,
  28.58,
  28.76,
  28.94,
  29.11,
  29.31,
  29.43,
  29.52,
  29.6,
  29.68,
  29.69,
  29.79,
  29.9,
  29.93,
  29.94,
  29.95,
  29.94,
  29.92,
  29.94,
  29.96,
  30.01,
  30.03,
  30.04,
  30.04,
  29.99,
  29.96,
  29.93,
  29.92,
  29.89,
  29.9,
  29.89,
  29.92,
  29.93,
  29.91,
  29.83,
  29.84,
  29.88,
  29.89,
  29.9,
  29.95,
  29.99,
  30.04,
  30.14,
  30.17,
  30.24,
  30.3,
  30.42,
  30.45,
  30.52,
  30.53,
  30.55,
  30.55,
  30.57,
  30.62,
  30.62,
  30.63,
  30.58,
  30.58,
  30.57,
  30.61,
  30.58,
  30.53,
  30.56,
  30.54,
  30.47,
  30.46,
  30.45,
  30.39,
  30.34,
  30.38,
  30.36,
  30.36,
  30.3,
  30.24,
  30.25,
  30.2,
  30.17
 ],
 "traj_orth": [
  89.76,
  86.91,
  83.27,
  78.81,
  73.69,
  68.1,
  62.31,
  56.47,
  50.71,
  45.29,
  40.28,
  35.79,
  31.92,
  28.64,
  26.06,
  24.03,
  22.61,
  21.72,
  21.21,
  21.09,
  21.18,
  21.52,
  21.94,
  22.46,
  23.05,
  23.63,
  24.19,
  24.73,
  25.28,
  25.74,
  26.15,
  26.54,
  26.9,
  27.16,
  27.48,
  27.75,
  27.94,
  28.09,
  28.24,
  28.38,
  28.49,
  28.63,
  28.77,
  28.92,
  29.02,
  29.09,
  29.12,
  29.11,
  29.11,
  29.15,
  29.24,
  29.3,
  29.39,
  29.42,
  29.49,
  29.58,
  29.63,
  29.61,
  29.65,
  29.71,
  29.72,
  29.74,
  29.81,
  29.87,
  29.88,
  29.92,
  29.92,
  29.96,
  30.0,
  30.09,
  30.1,
  30.15,
  30.15,
  30.15,
  30.15,
  30.16,
  30.21,
  30.19,
  30.19,
  30.17,
  30.16,
  30.16,
  30.2,
  30.16,
  30.08,
  30.07,
  30.01,
  29.91,
  29.85,
  29.82,
  29.77,
  29.74,
  29.79,
  29.78,
  29.79,
  29.73,
  29.69,
  29.71,
  29.65,
  29.63
 ]
}