{
 "theta_star": 22.204576877088734,
 "after_same_kick": 20.45339945398207,
 "after_orth_kick": 20.858122084968723,
 "traj_same": [
  2.96,
  8.46,
  11.88,
  14.11,
  15.68,
  16.84,
  17.7,
  18.28,
  18.72,
  19.06,
  19.34,
  19.55,
  19.75,
  19.93,
  20.06,
  20.11,
  20.15,
  20.2,
  20.23,
  20.24,
  20.25,
  20.28,
  20.33,
  20.35,
  20.36,
  20.37,
  20.35,
  20.35,
  20.36,
  20.36,
  20.38,
  20.41,
  20.41,
  20.42,
  20.38,
  20.39,
  20.38,
  20.35,
  20.37,
  20.4,
  20.44,
  20.44,
  20.4,
  20.36,
  20.3,
  20.28,
  20.3,
  20.32,
  20.34,
  20.34,
  20.31,
  20.3,
  20.28,
  20.26,
  20.24,
  20.26,
  20.3,
  20.28,
  20.27,
  20.26,
  20.24,
  20.24,
  20.26,
  20.25,
  20.26,
  20.25,
  20.28,
  20.29,
  20.29,
  20.32,
  20.31,
  20.3,
  20.29,
  20.29,
  20.3,
  20.3,
  20.31,
  20.32,
  20.34,
  20.35,
  20.36,
  20.38,
  20.38,
  20.42,
  20.4,
  20.4,
  20.4,
  20.39,
  20.45,
  20.5,
  20.55,
  20.58,
  20.57,
  20.49,
  20.42,
  20.39,
  20.4,
  20.38,
  20.37,
  20.39
 ],
 "traj_orth": [
  89.73,
  86.15,
  80.25,
  72.11,
  62.52,
  52.6,
  43.19,
  34.97,
  28.46,
  23.66,
  20.44,
  18.45,
  17.37,
  17.0,
  17.07,
  17.37,
  17.78,
  18.17,
  18.54,
  18.86,
  19.14,
  19.42,
  19.65,
  19.84,
  20.0,
  20.17,
  20.28,
  20.39,
  20.48,
  20.55,
  20.62,
  20.65,
  20.66,
  20.68,
  20.69,
  20.76,
  20.79,
  20.78,
  20.81,
  20.83,
  20.85,
  20.87,
  20.9,
  20.88,
  20.82,
  20.79,
  20.76,
  20.77,
  20.79,
  20.78,
  20.75,
  20.74,
  20.73,
  20.74,
  20.73,
  20.78,
  20.82,
  20.82,
  20.81,
  20.78,
  20.76,
  20.75,
  20.77,
  20.75,
  20.75,
  20.75,
  20.78,
  20.79,
  20.79,
  20.82,
  20.83,
  20.81,
  20.78,
  20.77,
  20.78,
  20.78,
  20.79,
  20.79,
  20.8,
  20.8,
  20.79,
  20.79,
  20.77,
  20.82,
  20.83,
  20.85,
  20.86,
  20.83,
  20.84,
  20.84,
  20.86,
  20.87,
  20.85,
  20.84,
  20.84,
  20.85,
  20.88,
  20.88,
  20.86,
  20.86
 ]
}