{
 "theta_star": 38.912307507105034,
 "after_same_kick": 7.140023198704948,
 "after_orth_kick": 8.093736047678869,
 "traj_same": [
  2.31,
  5.71,
  6.67,
  7.01,
  7.13,
  7.13,
  7.17,
  7.17,
  7.18,
  7.18,
  7.17,
  7.15,
  7.14,
  7.15,
  7.15,
  7.14,
  7.19,
  7.17,
  7.18,
  7.18,
  7.18,
  7.15,
  7.15,
  7.13,
  7.12,
  7.14,
  7.13,
  7.15,
  7.14,
  7.15,
  7.17,
  7.18,
  7.14,
  7.17,
  7.16,
  7.19,
  7.15,
  7.16,
  7.16,
  7.17,
  7.15,
  7.18,
  7.16,
  7.14,
  7.15,
  7.14,
  7.14,
  7.15,
  7.14,
  7.13,
  7.12,
  7.14,
  7.15,
  7.15,
  7.17,
  7.16,
  7.13,
  7.12,
  7.15,
  7.15,
  7.16,
  7.18,
  7.16,
  7.15,
  7.15,
  7.18,
  7.17,
  7.17,
  7.17,
  7.16,
  7.19,
  7.19,
  7.21,
  7.19,
  7.19,
  7.17,
  7.12,
  7.15,
  7.14,
  7.14,
  7.16,
  7.16,
  7.13,
  7.13,
  7.16,
  7.12,
  7.13,
  7.14,
  7.13,
  7.12,
  7.13,
  7.14,
  7.17,
  7.14,
  7.15,
  7.14,
  7.12,
  7.14,
  7.14,
  7.14
 ],
 "traj_orth": [
  89.69,
  86.15,
  80.85,
  73.21,
  63.04,
  51.27,
  39.64,
  29.39,
  21.19,
  15.26,
  11.72,
  10.04,
  9.36,
  9.05,
  8.77,
  8.55,
  8.45,
  8.33,
  8.21,
  8.14,
  8.1,
  8.04,
  8.05,
  8.04,
  8.06,
  8.07,
  8.01,
  8.0,
  7.99,
  8.02,
  8.07,
  8.1,
  8.11,
  8.17,
  8.18,
  8.17,
  8.13,
  8.14,
  8.14,
  8.15,
  8.14,
  8.22,
  8.18,
  8.16,
  8.14,
  8.13,
  8.11,
  8.15,
  8.14,
  8.13,
  8.11,
  8.13,
  8.13,
  8.13,
  8.12,
  8.12,
  8.11,
  8.12,
  8.17,
  8.2,
  8.24,
  8.26,
  8.27,
  8.25,
  8.24,
  8.22,
  8.22,
  8.21,
  8.21,
  8.22,
  8.28,
  8.26,
  8.26,
  8.19,
  8.16,
  8.14,
  8.1,
  8.12,
  8.15,
  8.15,
  8.15,
  8.12,
  8.06,
  8.08,
  8.1,
  8.07,
  8.09,
  8.1,
  8.06,
  8.01,
  8.02,
  8.04,
  8.12,
  8.12,
  8.13,
  8.13,
  8.1,
  8.08,
  8.09,
  8.11
 ]
}