{
 "theta_star": 26.64063624495973,
 "after_same_kick": 24.533701877641484,
 "after_orth_kick": 24.8294221448225,
 "traj_same": [
  3.32,
  8.53,
  12.15,
  14.72,
  16.69,
  18.23,
  19.47,
  20.46,
  21.25,
  21.92,
  22.45,
  22.86,
  23.17,
  23.45,
  23.67,
  23.84,
  23.97,
  24.1,
  24.21,
  24.29,
  24.38,
  24.39,
  24.41,
  24.43,
  24.46,
  24.45,
  24.46,
  24.48,
  24.47,
  24.49,
  24.5,
  24.49,
  24.5,
  24.5,
  24.53,
  24.51,
  24.55,
  24.56,
  24.55,
  24.53,
  24.53,
  24.52,
  24.51,
  24.52,
  24.51,
  24.55,
  24.57,
  24.56,
  24.6,
  24.6,
  24.61,
  24.58,
  24.6,
  24.6,
  24.61,
  24.62,
  24.64,
  24.61,
  24.6,
  24.58,
  24.57,
  24.6,
  24.62,
  24.6,
  24.63,
  24.61,
  24.62,
  24.6,
  24.59,
  24.6,
  24.63,
  24.6,
  24.59,
  24.58,
  24.55,
  24.54,
  24.55,
  24.58,
  24.58,
  24.59,
  24.55,
  24.54,
  24.54,
  24.54,
  24.53,
  24.52,
  24.54,
  24.57,
  24.54,
  24.58,
  24.55,
  24.55,
  24.58,
  24.54,
  24.53,
  24.51,
  24.54,
  24.5,
  24.52,
  24.52
 ],
 "traj_orth": [
  89.71,
  86.25,
  81.36,
  75.02,
  67.61,
  59.66,
  51.77,
  44.32,
  37.55,
  31.69,
  26.96,
  23.32,
  20.87,
  19.48,
  18.88,
  18.76,
  19.0,
  19.45,
  19.98,
  20.47,
  20.97,
  21.35,
  21.76,
  22.14,
  22.5,
  22.81,
  23.11,
  23.4,
  23.61,
  23.8,
  23.94,
  24.04,
  24.12,
  24.19,
  24.28,
  24.29,
  24.36,
  24.41,
  24.45,
  24.48,
  24.51,
  24.55,
  24.56,
  24.59,
  24.58,
  24.62,
  24.65,
  24.65,
  24.69,
  24.73,
  24.76,
  24.73,
  24.73,
  24.71,
  24.71,
  24.71,
  24.71,
  24.68,
  24.65,
  24.61,
  24.59,
  24.61,
  24.63,
  24.61,
  24.65,
  24.65,
  24.66,
  24.67,
  24.67,
  24.68,
  24.7,
  24.68,
  24.68,
  24.68,
  24.66,
  24.65,
  24.67,
  24.72,
  24.74,
  24.75,
  24.73,
  24.74,
  24.75,
  24.74,
  24.71,
  24.71,
  24.75,
  24.78,
  24.77,
  24.8,
  24.78,
  24.77,
  24.8,
  24.79,
  24.83,
  24.85,
  24.9,
  24.86,
  24.87,
  24.85
 ]
}