{
 "theta_star": 39.56710628468852,
 "after_same_kick": 7.200545917296395,
 "after_orth_kick": 7.416329309438396,
 "traj_same": [
  2.25,
  5.73,
  6.73,
  7.1,
  7.28,
  7.34,
  7.28,
  7.23,
  7.2,
  7.21,
  7.24,
  7.25,
  7.26,
  7.23,
  7.23,
  7.24,
  7.24,
  7.22,
  7.24,
  7.22,
  7.26,
  7.25,
  7.22,
  7.24,
  7.23,
  7.24,
  7.23,
  7.22,
  7.22,
  7.26,
  7.33,
  7.39,
  7.42,
  7.37,
  7.36,
  7.34,
  7.34,
  7.35,
  7.35,
  7.35,
  7.37,
  7.3,
  7.26,
  7.24,
  7.21,
  7.2,
  7.21,
  7.18,
  7.18,
  7.19,
  7.19,
  7.2,
  7.17,
  7.19,
  7.2,
  7.18,
  7.2,
  7.2,
  7.2,
  7.21,
  7.21,
  7.21,
  7.23,
  7.21,
  7.19,
  7.21,
  7.25,
  7.23,
  7.21,
  7.22,
  7.21,
  7.23,
  7.23,
  7.23,
  7.25,
  7.25,
  7.22,
  7.2,
  7.21,
  7.2,
  7.18,
  7.18,
  7.18,
  7.16,
  7.2,
  7.19,
  7.22,
  7.21,
  7.2,
  7.19,
  7.19,
  7.2,
  7.21,
  7.2,
  7.22,
  7.22,
  7.2,
  7.17,
  7.19,
  7.2
 ],
 "traj_orth": [
  89.7,
  86.11,
  80.78,
  73.13,
  63.04,
  51.45,
  39.88,
  29.79,
  22.26,
  17.04,
  13.37,
  10.93,
  9.79,
  9.31,
  9.17,
  9.17,
  9.17,
  9.07,
  9.1,
  9.06,
  9.04,
  8.96,
  8.91,
  8.85,
  8.78,
  8.71,
  8.59,
  8.54,
  8.55,
  8.57,
  8.57,
  8.57,
  8.52,
  8.43,
  8.37,
  8.32,
  8.29,
  8.2,
  8.1,
  8.03,
  8.02,
  8.01,
  8.01,
  7.97,
  7.89,
  7.84,
  7.78,
  7.69,
  7.68,
  7.67,
  7.64,
  7.62,
  7.57,
  7.56,
  7.55,
  7.52,
  7.52,
  7.48,
  7.46,
  7.44,
  7.41,
  7.38,
  7.37,
  7.35,
  7.33,
  7.35,
  7.4,
  7.39,
  7.39,
  7.44,
  7.45,
  7.49,
  7.48,
  7.48,
  7.45,
  7.43,
  7.42,
  7.39,
  7.41,
  7.4,
  7.4,
  7.43,
  7.43,
  7.41,
  7.42,
  7.4,
  7.42,
  7.43,
  7.45,
  7.45,
  7.43,
  7.42,
  7.4,
  7.4,
  7.42,
  7.43,
  7.41,
  7.39,
  7.42,
  7.44
 ]
}