{
 "theta_star": 22.540081940792252,
 "after_same_kick": 20.40105761417217,
 "after_orth_kick": 20.84699644861941,
 "traj_same": [
  3.99,
  8.93,
  12.22,
  14.38,
  15.9,
  17.04,
  17.92,
  18.49,
  18.95,
  19.21,
  19.46,
  19.63,
  19.82,
  19.98,
  20.12,
  20.21,
  20.29,
  20.33,
  20.33,
  20.33,
  20.34,
  20.38,
  20.41,
  20.4,
  20.41,
  20.47,
  20.48,
  20.52,
  20.55,
  20.55,
  20.61,
  20.66,
  20.64,
  20.6,
  20.55,
  20.59,
  20.59,
  20.54,
  20.56,
  20.6,
  20.59,
  20.53,
  20.52,
  20.5,
  20.47,
  20.47,
  20.5,
  20.52,
  20.52,
  20.52,
  20.48,
  20.48,
  20.48,
  20.47,
  20.41,
  20.43,
  20.51,
  20.53,
  20.56,
  20.56,
  20.55,
  20.56,
  20.56,
  20.5,
  20.47,
  20.4,
  20.42,
  20.4,
  20.38,
  20.39,
  20.4,
  20.39,
  20.36,
  20.33,
  20.32,
  20.32,
  20.34,
  20.37,
  20.39,
  20.38,
  20.36,
  20.35,
  20.31,
  20.36,
  20.35,
  20.37,
  20.37,
  20.34,
  20.36,
  20.35,
  20.37,
  20.39,
  20.38,
  20.39,
  20.39,
  20.39,
  20.44,
  20.42,
  20.41,
  20.43
 ],
 "traj_orth": [
  89.73,
  86.14,
  80.24,
  72.07,
  62.44,
  52.46,
  43.01,
  34.79,
  28.29,
  23.51,
  20.35,
  18.42,
  17.41,
  17.1,
  17.19,
  17.59,
  18.06,
  18.47,
  18.81,
  19.1,
  19.39,
  19.7,
  19.94,
  20.12,
  20.26,
  20.44,
  20.55,
  20.66,
  20.77,
  20.86,
  20.94,
  21.01,
  21.03,
  21.01,
  20.98,
  21.04,
  21.07,
  21.06,
  21.07,
  21.1,
  21.11,
  21.09,
  21.08,
  21.06,
  21.03,
  21.06,
  21.07,
  21.08,
  21.07,
  21.07,
  21.05,
  21.05,
  21.02,
  21.02,
  20.97,
  21.01,
  21.06,
  21.04,
  21.02,
  20.96,
  20.93,
  20.91,
  20.89,
  20.84,
  20.83,
  20.8,
  20.84,
  20.86,
  20.87,
  20.92,
  20.94,
  20.91,
  20.85,
  20.82,
  20.83,
  20.82,
  20.83,
  20.81,
  20.82,
  20.83,
  20.83,
  20.84,
  20.81,
  20.88,
  20.86,
  20.85,
  20.85,
  20.81,
  20.85,
  20.84,
  20.86,
  20.87,
  20.86,
  20.86,
  20.84,
  20.82,
  20.85,
  20.85,
  20.84,
  20.83
 ]
}