{
 "theta_star": 97.7868672377184,
 "after_same_kick": 15.78398489373212,
 "after_orth_kick": 16.107456367250204,
 "traj_same": [
  3.27,
  7.04,
  9.09,
  10.3,
  11.16,
  11.77,
  12.27,
  12.67,
  12.94,
  13.19,
  13.36,
  13.5,
  13.59,
  13.66,
  13.7,
  13.79,
  13.91,
  13.97,
  14.04,
  14.1,
  14.22,
  14.35,
  14.41,
  14.44,
  14.45,
  14.51,
  14.56,
  14.54,
  14.5,
  14.41,
  14.39,
  14.34,
  14.36,
  14.4,
  14.45,
  14.52,
  14.57,
  14.6,
  14.6,
  14.59,
  14.65,
  14.74,
  14.78,
  14.82,
  14.83,
  14.84,
  14.91,
  14.97,
  15.02,
  15.07,
  15.12,
  15.18,
  15.21,
  15.3,
  15.37,
  15.49,
  15.52,
  15.57,
  15.56,
  15.55,
  15.6,
  15.61,
  15.57,
  15.49,
  15.48,
  15.45,
  15.44,
  15.46,
  15.55,
  15.61,
  15.68,
  15.71,
  15.74,
  15.73,
  15.72,
  15.68,
  15.66,
  15.68,
  15.76,
  15.83,
  15.87,
  15.87,
  15.88,
  15.85,
  15.86,
  15.85,
  15.82,
  15.8,
  15.78,
  15.76,
  15.72,
  15.73,
  15.77,
  15.84,
  15.84,
  15.78,
  15.8,
  15.78,
  15.79,
  15.79
 ],
 "traj_orth": [
  89.73,
  86.78,
  83.19,
  78.93,
  73.97,
  68.38,
  62.4,
  56.22,
  50.08,
  44.25,
  38.92,
  34.08,
  29.81,
  26.12,
  23.09,
  20.66,
  18.8,
  17.47,
  16.55,
  16.06,
  15.85,
  15.64,
  15.55,
  15.56,
  15.61,
  15.62,
  15.63,
  15.59,
  15.55,
  15.47,
  15.41,
  15.36,
  15.28,
  15.22,
  15.25,
  15.24,
  15.19,
  15.23,
  15.25,
  15.25,
  15.32,
  15.38,
  15.42,
  15.46,
  15.47,
  15.47,
  15.51,
  15.57,
  15.72,
  15.84,
  15.96,
  16.09,
  16.16,
  16.25,
  16.28,
  16.28,
  16.28,
  16.3,
  16.27,
  16.26,
  16.25,
  16.24,
  16.24,
  16.27,
  16.31,
  16.34,
  16.36,
  16.34,
  16.3,
  16.34,
  16.32,
  16.37,
  16.36,
  16.34,
  16.34,
  16.36,
  16.41,
  16.37,
  16.34,
  16.28,
  16.22,
  16.22,
  16.26,
  16.23,
  16.2,
  16.14,
  16.12,
  16.07,
  16.04,
  16.0,
  16.04,
  16.1,
  16.1,
  16.09,
  16.09,
  16.11,
  16.11,
  16.15,
  16.14,
  16.14
 ]
}