{
 "theta_star": 21.75150357930642,
 "after_same_kick": 21.08825114552192,
 "after_orth_kick": 21.354543432891873,
 "traj_same": [
  3.1,
  8.43,
  11.88,
  14.23,
  15.95,
  17.17,
  18.1,
  18.77,
  19.27,
  19.65,
  19.92,
  20.14,
  20.31,
  20.47,
  20.61,
  20.7,
  20.81,
  20.85,
  20.88,
  20.91,
  20.93,
  20.92,
  20.93,
  20.91,
  20.87,
  20.89,
  20.88,
  20.9,
  20.91,
  20.91,
  20.95,
  20.95,
  20.95,
  20.98,
  21.0,
  21.01,
  21.0,
  21.01,
  21.03,
  21.03,
  21.04,
  21.09,
  21.08,
  21.05,
  20.97,
  20.94,
  20.91,
  20.91,
  20.89,
  20.87,
  20.88,
  20.9,
  20.93,
  20.97,
  20.96,
  20.95,
  20.91,
  20.89,
  20.9,
  20.9,
  20.91,
  20.95,
  20.96,
  20.95,
  20.96,
  20.98,
  20.95,
  20.95,
  20.95,
  20.95,
  20.95,
  20.97,
  20.99,
  21.01,
  21.02,
  21.04,
  21.03,
  21.06,
  21.06,
  21.09,
  21.1,
  21.12,
  21.11,
  21.11,
  21.15,
  21.09,
  21.09,
  21.11,
  21.09,
  21.08,
  21.08,
  21.09,
  21.13,
  21.11,
  21.1,
  21.09,
  21.08,
  21.09,
  21.05,
  21.05
 ],
 "traj_orth": [
  89.69,
  85.88,
  79.68,
  70.99,
  60.68,
  50.15,
  40.46,
  32.1,
  25.45,
  20.62,
  17.58,
  16.02,
  15.58,
  15.78,
  16.29,
  16.92,
  17.61,
  18.2,
  18.72,
  19.16,
  19.54,
  19.83,
  20.08,
  20.27,
  20.4,
  20.57,
  20.69,
  20.78,
  20.86,
  20.91,
  21.01,
  21.04,
  21.08,
  21.16,
  21.21,
  21.24,
  21.24,
  21.24,
  21.26,
  21.29,
  21.31,
  21.37,
  21.39,
  21.39,
  21.39,
  21.38,
  21.31,
  21.27,
  21.23,
  21.22,
  21.22,
  21.24,
  21.26,
  21.3,
  21.28,
  21.27,
  21.23,
  21.2,
  21.22,
  21.22,
  21.22,
  21.25,
  21.25,
  21.24,
  21.26,
  21.29,
  21.28,
  21.27,
  21.27,
  21.25,
  21.25,
  21.28,
  21.3,
  21.3,
  21.27,
  21.26,
  21.24,
  21.27,
  21.27,
  21.29,
  21.32,
  21.37,
  21.36,
  21.36,
  21.39,
  21.33,
  21.34,
  21.37,
  21.36,
  21.35,
  21.35,
  21.35,
  21.37,
  21.35,
  21.35,
  21.37,
  21.37,
  21.38,
  21.34,
  21.32
 ]
}