{
 "theta_star": 21.33040581526913,
 "after_same_kick": 21.104124940547727,
 "after_orth_kick": 21.37883326686019,
 "traj_same": [
  3.83,
  8.73,
  12.07,
  14.32,
  15.93,
  17.05,
  17.88,
  18.51,
  18.96,
  19.33,
  19.6,
  19.81,
  19.95,
  20.11,
  20.23,
  20.31,
  20.34,
  20.39,
  20.44,
  20.48,
  20.56,
  20.56,
  20.57,
  20.59,
  20.6,
  20.58,
  20.61,
  20.63,
  20.63,
  20.66,
  20.67,
  20.68,
  20.69,
  20.69,
  20.72,
  20.68,
  20.7,
  20.71,
  20.72,
  20.7,
  20.71,
  20.69,
  20.69,
  20.71,
  20.68,
  20.72,
  20.76,
  20.76,
  20.78,
  20.74,
  20.74,
  20.72,
  20.75,
  20.78,
  20.83,
  20.85,
  20.86,
  20.85,
  20.86,
  20.86,
  20.85,
  20.87,
  20.89,
  20.87,
  20.92,
  20.92,
  20.95,
  20.94,
  20.93,
  20.95,
  20.99,
  20.98,
  21.01,
  21.01,
  21.0,
  20.98,
  20.98,
  21.01,
  20.98,
  20.95,
  20.88,
  20.84,
  20.84,
  20.85,
  20.85,
  20.84,
  20.9,
  20.95,
  20.97,
  21.04,
  21.02,
  21.05,
  21.1,
  21.11,
  21.1,
  21.09,
  21.12,
  21.12,
  21.16,
  21.19
 ],
 "traj_orth": [
  89.71,
  85.99,
  79.99,
  71.59,
  61.67,
  51.42,
  41.83,
  33.48,
  26.6,
  21.54,
  18.37,
  16.73,
  16.14,
  16.18,
  16.55,
  17.02,
  17.52,
  18.06,
  18.56,
  19.01,
  19.44,
  19.76,
  20.02,
  20.26,
  20.45,
  20.56,
  20.67,
  20.77,
  20.83,
  20.91,
  20.99,
  21.04,
  21.09,
  21.11,
  21.15,
  21.09,
  21.09,
  21.11,
  21.12,
  21.11,
  21.11,
  21.07,
  21.01,
  20.99,
  20.94,
  20.98,
  21.01,
  20.99,
  20.98,
  20.98,
  21.0,
  20.98,
  21.01,
  21.07,
  21.13,
  21.15,
  21.18,
  21.16,
  21.16,
  21.17,
  21.16,
  21.18,
  21.19,
  21.17,
  21.19,
  21.18,
  21.19,
  21.17,
  21.2,
  21.23,
  21.25,
  21.21,
  21.24,
  21.25,
  21.24,
  21.22,
  21.24,
  21.31,
  21.31,
  21.31,
  21.32,
  21.35,
  21.4,
  21.41,
  21.42,
  21.38,
  21.41,
  21.39,
  21.34,
  21.35,
  21.3,
  21.33,
  21.38,
  21.38,
  21.37,
  21.38,
  21.4,
  21.38,
  21.42,
  21.45
 ]
}