{
 "theta_star": 23.777119672633326,
 "after_same_kick": 21.60594105886671,
 "after_orth_kick": 21.72062654632477,
 "traj_same": [
  2.8,
  8.39,
  12.02,
  14.51,
  16.28,
  17.63,
  18.65,
  19.38,
  19.9,
  20.29,
  20.57,
  20.78,
  20.98,
  21.14,
  21.31,
  21.45,
  21.58,
  21.65,
  21.68,
  21.71,
  21.79,
  21.8,
  21.85,
  21.91,
  21.95,
  21.97,
  21.96,
  21.96,
  21.94,
  21.94,
  21.93,
  21.93,
  22.0,
  22.1,
  22.11,
  22.1,
  22.11,
  22.08,
  22.06,
  22.06,
  22.12,
  22.15,
  22.19,
  22.16,
  22.12,
  22.11,
  22.05,
  22.0,
  21.95,
  21.88,
  21.8,
  21.76,
  21.71,
  21.7,
  21.7,
  21.69,
  21.69,
  21.67,
  21.68,
  21.67,
  21.68,
  21.67,
  21.69,
  21.67,
  21.64,
  21.62,
  21.58,
  21.55,
  21.58,
  21.59,
  21.57,
  21.58,
  21.58,
  21.6,
  21.58,
  21.6,
  21.62,
  21.61,
  21.64,
  21.64,
  21.63,
  21.65,
  21.67,
  21.65,
  21.65,
  21.64,
  21.68,
  21.67,
  21.66,
  21.65,
  21.64,
  21.63,
  21.61,
  21.64,
  21.64,
  21.61,
  21.59,
  21.58,
  21.59,
  21.54
 ],
 "traj_orth": [
  89.69,
  85.76,
  79.38,
  70.51,
  60.22,
  49.83,
  40.44,
  32.52,
  26.3,
  21.85,
  19.08,
  17.68,
  17.27,
  17.44,
  17.91,
  18.45,
  19.04,
  19.52,
  19.91,
  20.31,
  20.71,
  21.0,
  21.27,
  21.5,
  21.68,
  21.8,
  21.86,
  21.94,
  21.98,
  22.04,
  22.08,
  22.12,
  22.21,
  22.3,
  22.34,
  22.33,
  22.33,
  22.33,
  22.36,
  22.44,
  22.47,
  22.46,
  22.48,
  22.46,
  22.43,
  22.42,
  22.35,
  22.33,
  22.28,
  22.21,
  22.14,
  22.09,
  22.01,
  21.96,
  21.92,
  21.9,
  21.87,
  21.85,
  21.86,
  21.85,
  21.85,
  21.83,
  21.85,
  21.84,
  21.8,
  21.79,
  21.74,
  21.7,
  21.71,
  21.72,
  21.71,
  21.73,
  21.73,
  21.76,
  21.75,
  21.78,
  21.79,
  21.78,
  21.82,
  21.84,
  21.85,
  21.85,
  21.85,
  21.82,
  21.8,
  21.77,
  21.8,
  21.81,
  21.82,
  21.82,
  21.79,
  21.76,
  21.74,
  21.77,
  21.77,
  21.73,
  21.7,
  21.67,
  21.66,
  21.62
 ]
}