{
 "theta_star": 38.63469128900159,
 "after_same_kick": 35.63656366484486,
 "after_orth_kick": 35.13485683305288,
 "traj_same": [
  3.33,
  8.6,
  12.25,
  15.06,
  17.29,
  19.15,
  20.74,
  22.12,
  23.26,
  24.25,
  25.11,
  25.83,
  26.45,
  27.01,
  27.53,
  28.01,
  28.44,
  28.81,
  29.16,
  29.48,
  29.75,
  29.99,
  30.24,
  30.46,
  30.66,
  30.88,
  31.07,
  31.24,
  31.39,
  31.57,
  31.73,
  31.9,
  32.03,
  32.22,
  32.35,
  32.48,
  32.61,
  32.7,
  32.79,
  32.84,
  32.93,
  33.06,
  33.14,
  33.25,
  33.33,
  33.43,
  33.55,
  33.6,
  33.68,
  33.75,
  33.88,
  33.98,
  34.11,
  34.24,
  34.29,
  34.31,
  34.31,
  34.37,
  34.45,
  34.54,
  34.63,
  34.69,
  34.75,
  34.8,
  34.83,
  34.87,
  34.94,
  34.99,
  35.06,
  35.1,
  35.18,
  35.27,
  35.34,
  35.42,
  35.43,
  35.43,
  35.45,
  35.55,
  35.55,
  35.58,
  35.61,
  35.6,
  35.58,
  35.49,
  35.53,
  35.48,
  35.52,
  35.57,
  35.57,
  35.56,
  35.57,
  35.58,
  35.57,
  35.6,
  35.64,
  35.67,
  35.69,
  35.7,
  35.69,
  35.66
 ],
 "traj_orth": [
  89.73,
  86.61,
  82.57,
  77.69,
  72.15,
  66.17,
  60.02,
  53.98,
  48.29,
  43.01,
  38.31,
  34.21,
  30.69,
  27.8,
  25.56,
  24.0,
  23.0,
  22.49,
  22.35,
  22.49,
  22.81,
  23.26,
  23.84,
  24.47,
  25.11,
  25.76,
  26.35,
  26.91,
  27.43,
  27.94,
  28.4,
  28.87,
  29.29,
  29.74,
  30.06,
  30.37,
  30.66,
  30.89,
  31.14,
  31.32,
  31.54,
  31.76,
  31.92,
  32.11,
  32.26,
  32.43,
  32.61,
  32.74,
  32.88,
  33.01,
  33.2,
  33.34,
  33.52,
  33.66,
  33.73,
  33.79,
  33.84,
  33.94,
  34.03,
  34.14,
  34.23,
  34.29,
  34.36,
  34.42,
  34.45,
  34.52,
  34.59,
  34.63,
  34.68,
  34.7,
  34.77,
  34.85,
  34.91,
  34.97,
  34.98,
  34.96,
  34.96,
  35.02,
  34.99,
  34.99,
  35.01,
  35.01,
  35.02,
  34.98,
  35.04,
  35.01,
  35.05,
  35.12,
  35.12,
  35.12,
  35.13,
  35.15,
  35.12,
  35.14,
  35.16,
  35.14,
  35.13,
  35.14,
  35.13,
  35.11
 ]
}