{
 "theta_star": 95.96094870761553,
 "after_same_kick": 15.317878539485568,
 "after_orth_kick": 15.927877814381523,
 "traj_same": [
  3.48,
  7.28,
  9.38,
  10.63,
  11.45,
  12.09,
  12.6,
  12.93,
  13.21,
  13.4,
  13.53,
  13.66,
  13.76,
  13.86,
  13.94,
  14.01,
  14.1,
  14.16,
  14.19,
  14.2,
  14.23,
  14.24,
  14.28,
  14.25,
  14.25,
  14.27,
  14.32,
  14.34,
  14.34,
  14.31,
  14.29,
  14.24,
  14.19,
  14.18,
  14.15,
  14.2,
  14.25,
  14.25,
  14.27,
  14.3,
  14.3,
  14.3,
  14.33,
  14.33,
  14.37,
  14.44,
  14.58,
  14.7,
  14.78,
  14.78,
  14.79,
  14.82,
  14.84,
  14.85,
  14.84,
  14.82,
  14.83,
  14.78,
  14.73,
  14.69,
  14.67,
  14.66,
  14.66,
  14.61,
  14.58,
  14.53,
  14.51,
  14.52,
  14.57,
  14.65,
  14.71,
  14.73,
  14.74,
  14.72,
  14.75,
  14.77,
  14.77,
  14.76,
  14.78,
  14.79,
  14.8,
  14.81,
  14.8,
  14.85,
  14.87,
  14.91,
  14.93,
  14.92,
  14.99,
  15.05,
  15.13,
  15.19,
  15.21,
  15.24,
  15.24,
  15.27,
  15.37,
  15.46,
  15.52,
  15.55
 ],
 "traj_orth": [
  89.72,
  86.68,
  82.98,
  78.58,
  73.48,
  67.76,
  61.57,
  55.19,
  48.88,
  42.91,
  37.42,
  32.53,
  28.36,
  24.96,
  22.28,
  20.34,
  18.97,
  17.99,
  17.3,
  16.8,
  16.55,
  16.4,
  16.36,
  16.31,
  16.28,
  16.3,
  16.31,
  16.3,
  16.26,
  16.21,
  16.26,
  16.26,
  16.3,
  16.36,
  16.39,
  16.41,
  16.45,
  16.4,
  16.4,
  16.35,
  16.29,
  16.23,
  16.16,
  16.01,
  15.93,
  15.85,
  15.87,
  15.84,
  15.84,
  15.81,
  15.82,
  15.86,
  15.86,
  15.82,
  15.82,
  15.84,
  15.88,
  15.89,
  15.88,
  15.89,
  15.9,
  15.94,
  15.97,
  15.97,
  16.01,
  15.99,
  15.96,
  15.93,
  15.88,
  15.87,
  15.89,
  15.87,
  15.85,
  15.84,
  15.83,
  15.85,
  15.81,
  15.78,
  15.76,
  15.8,
  15.84,
  15.91,
  15.89,
  15.9,
  15.9,
  15.92,
  15.92,
  15.87,
  15.9,
  15.95,
  16.01,
  16.04,
  15.97,
  15.92,
  15.86,
  15.85,
  15.86,
  15.91,
  15.92,
  15.92
 ]
}