{
 "theta_star": 45.01785374554018,
 "after_same_kick": 37.627765859470315,
 "after_orth_kick": 37.21858583897112,
 "traj_same": [
  3.44,
  8.66,
  12.45,
  15.39,
  17.77,
  19.83,
  21.55,
  22.98,
  24.23,
  25.31,
  26.23,
  27.01,
  27.74,
  28.38,
  29.01,
  29.53,
  30.02,
  30.49,
  30.85,
  31.22,
  31.62,
  31.91,
  32.23,
  32.52,
  32.76,
  32.98,
  33.17,
  33.37,
  33.53,
  33.69,
  33.82,
  33.91,
  34.03,
  34.23,
  34.3,
  34.43,
  34.57,
  34.67,
  34.74,
  34.87,
  34.98,
  35.03,
  35.15,
  35.22,
  35.3,
  35.41,
  35.47,
  35.54,
  35.6,
  35.65,
  35.72,
  35.81,
  35.85,
  35.95,
  36.01,
  36.05,
  36.11,
  36.13,
  36.13,
  36.1,
  36.18,
  36.19,
  36.28,
  36.34,
  36.42,
  36.49,
  36.55,
  36.52,
  36.6,
  36.67,
  36.69,
  36.76,
  36.81,
  36.92,
  36.92,
  37.02,
  37.06,
  37.07,
  37.15,
  37.23,
  37.26,
  37.3,
  37.36,
  37.35,
  37.34,
  37.34,
  37.36,
  37.35,
  37.37,
  37.43,
  37.48,
  37.47,
  37.54,
  37.58,
  37.63,
  37.63,
  37.65,
  37.68,
  37.78,
  37.82
 ],
 "traj_orth": [
  89.7,
  86.29,
  81.93,
  76.68,
  70.76,
  64.39,
  57.97,
  51.72,
  45.81,
  40.41,
  35.68,
  31.64,
  28.34,
  25.77,
  23.99,
  22.79,
  22.23,
  22.11,
  22.29,
  22.69,
  23.32,
  23.98,
  24.7,
  25.48,
  26.24,
  26.98,
  27.67,
  28.32,
  28.92,
  29.5,
  30.03,
  30.48,
  30.9,
  31.38,
  31.7,
  32.05,
  32.39,
  32.66,
  32.9,
  33.18,
  33.4,
  33.56,
  33.76,
  33.9,
  34.03,
  34.22,
  34.33,
  34.46,
  34.59,
  34.7,
  34.82,
  34.94,
  35.03,
  35.19,
  35.31,
  35.39,
  35.48,
  35.55,
  35.61,
  35.66,
  35.77,
  35.82,
  35.94,
  36.02,
  36.11,
  36.19,
  36.24,
  36.2,
  36.24,
  36.28,
  36.3,
  36.38,
  36.45,
  36.54,
  36.52,
  36.6,
  36.62,
  36.61,
  36.68,
  36.72,
  36.72,
  36.76,
  36.84,
  36.87,
  36.91,
  36.94,
  36.98,
  36.98,
  36.99,
  37.01,
  37.05,
  37.05,
  37.11,
  37.19,
  37.27,
  37.25,
  37.26,
  37.27,
  37.35,
  37.38
 ]
}