{
 "theta_star": 92.44893596459399,
 "after_same_kick": 17.19227106984254,
 "after_orth_kick": 18.401940347725287,
 "traj_same": [
  3.17,
  7.2,
  9.43,
  10.79,
  11.72,
  12.41,
  12.9,
  13.26,
  13.56,
  13.78,
  14.01,
  14.21,
  14.38,
  14.49,
  14.56,
  14.66,
  14.75,
  14.83,
  14.93,
  14.99,
  15.14,
  15.17,
  15.24,
  15.3,
  15.31,
  15.36,
  15.42,
  15.49,
  15.54,
  15.63,
  15.74,
  15.84,
  15.93,
  15.96,
  15.99,
  16.01,
  16.05,
  16.09,
  16.12,
  16.12,
  16.19,
  16.22,
  16.22,
  16.26,
  16.27,
  16.29,
  16.29,
  16.31,
  16.32,
  16.39,
  16.36,
  16.35,
  16.29,
  16.3,
  16.34,
  16.4,
  16.46,
  16.52,
  16.55,
  16.59,
  16.62,
  16.63,
  16.7,
  16.74,
  16.77,
  16.86,
  16.93,
  16.97,
  16.96,
  16.97,
  16.97,
  17.01,
  17.04,
  17.05,
  17.1,
  17.14,
  17.22,
  17.23,
  17.27,
  17.27,
  17.32,
  17.29,
  17.29,
  17.26,
  17.33,
  17.35,
  17.41,
  17.47,
  17.46,
  17.44,
  17.4,
  17.37,
  17.3,
  17.24,
  17.2,
  17.21,
  17.18,
  17.12,
  17.0,
  16.9
 ],
 "traj_orth": [
  89.69,
  86.38,
  82.41,
  77.72,
  72.25,
  66.15,
  59.62,
  52.84,
  46.2,
  40.07,
  34.68,
  30.19,
  26.68,
  24.03,
  22.0,
  20.42,
  19.18,
  18.25,
  17.61,
  17.2,
  17.11,
  17.08,
  17.14,
  17.24,
  17.3,
  17.42,
  17.56,
  17.72,
  17.85,
  18.01,
  18.12,
  18.22,
  18.31,
  18.4,
  18.49,
  18.55,
  18.63,
  18.73,
  18.8,
  18.85,
  18.89,
  18.88,
  18.92,
  18.94,
  18.9,
  18.93,
  18.93,
  18.92,
  18.87,
  18.93,
  18.95,
  18.97,
  18.93,
  18.89,
  18.87,
  18.89,
  18.92,
  18.95,
  19.01,
  19.1,
  19.12,
  19.07,
  19.08,
  19.06,
  19.07,
  19.09,
  19.11,
  19.15,
  19.21,
  19.22,
  19.24,
  19.22,
  19.22,
  19.17,
  19.14,
  19.15,
  19.22,
  19.18,
  19.17,
  19.1,
  19.1,
  18.98,
  18.91,
  18.82,
  18.79,
  18.73,
  18.66,
  18.6,
  18.61,
  18.59,
  18.55,
  18.53,
  18.46,
  18.37,
  18.32,
  18.32,
  18.36,
  18.33,
  18.35,
  18.42
 ]
}