{
 "theta_star": 42.539708745453126,
 "after_same_kick": 7.107586286114336,
 "after_orth_kick": 7.3452665259400245,
 "traj_same": [
  2.31,
  5.65,
  6.63,
  6.95,
  7.07,
  7.09,
  7.09,
  7.1,
  7.09,
  7.1,
  7.1,
  7.09,
  7.09,
  7.09,
  7.1,
  7.1,
  7.08,
  7.06,
  7.08,
  7.1,
  7.13,
  7.11,
  7.11,
  7.11,
  7.12,
  7.1,
  7.11,
  7.13,
  7.11,
  7.14,
  7.14,
  7.14,
  7.19,
  7.23,
  7.29,
  7.25,
  7.29,
  7.29,
  7.24,
  7.17,
  7.13,
  7.1,
  7.1,
  7.09,
  7.08,
  7.08,
  7.1,
  7.1,
  7.12,
  7.1,
  7.11,
  7.11,
  7.12,
  7.11,
  7.12,
  7.12,
  7.1,
  7.06,
  7.08,
  7.07,
  7.08,
  7.08,
  7.07,
  7.07,
  7.08,
  7.08,
  7.08,
  7.06,
  7.07,
  7.07,
  7.09,
  7.08,
  7.09,
  7.11,
  7.1,
  7.08,
  7.09,
  7.14,
  7.14,
  7.13,
  7.12,
  7.12,
  7.12,
  7.11,
  7.12,
  7.09,
  7.13,
  7.14,
  7.12,
  7.14,
  7.11,
  7.1,
  7.13,
  7.11,
  7.1,
  7.1,
  7.11,
  7.08,
  7.12,
  7.12
 ],
 "traj_orth": [
  89.71,
  86.23,
  81.08,
  73.64,
  63.86,
  52.62,
  41.34,
  31.03,
  22.43,
  16.11,
  12.17,
  10.14,
  9.18,
  8.66,
  8.32,
  8.11,
  7.99,
  7.92,
  7.92,
  7.95,
  7.95,
  7.88,
  7.82,
  7.75,
  7.73,
  7.68,
  7.7,
  7.74,
  7.72,
  7.73,
  7.71,
  7.68,
  7.73,
  7.77,
  7.81,
  7.75,
  7.76,
  7.7,
  7.58,
  7.5,
  7.47,
  7.45,
  7.43,
  7.43,
  7.43,
  7.45,
  7.48,
  7.48,
  7.5,
  7.46,
  7.45,
  7.44,
  7.45,
  7.45,
  7.45,
  7.45,
  7.44,
  7.4,
  7.41,
  7.38,
  7.36,
  7.34,
  7.34,
  7.33,
  7.34,
  7.36,
  7.36,
  7.34,
  7.34,
  7.34,
  7.35,
  7.34,
  7.35,
  7.37,
  7.36,
  7.31,
  7.32,
  7.36,
  7.34,
  7.34,
  7.34,
  7.35,
  7.35,
  7.34,
  7.34,
  7.32,
  7.36,
  7.38,
  7.37,
  7.39,
  7.35,
  7.34,
  7.37,
  7.34,
  7.33,
  7.32,
  7.33,
  7.32,
  7.38,
  7.38
 ]
}