{
 "theta_star": 7.1168232130754685,
 "after_same_kick": 5.322876571448198,
 "after_orth_kick": 5.568774917203453,
 "traj_same": [
  1.35,
  4.71,
  5.21,
  5.32,
  5.35,
  5.35,
  5.34,
  5.34,
  5.34,
  5.35,
  5.35,
  5.34,
  5.35,
  5.35,
  5.35,
  5.35,
  5.36,
  5.34,
  5.35,
  5.35,
  5.34,
  5.35,
  5.36,
  5.36,
  5.34,
  5.33,
  5.34,
  5.34,
  5.34,
  5.34,
  5.34,
  5.35,
  5.34,
  5.33,
  5.34,
  5.33,
  5.32,
  5.33,
  5.32,
  5.33,
  5.32,
  5.33,
  5.33,
  5.33,
  5.35,
  5.33,
  5.33,
  5.33,
  5.34,
  5.34,
  5.33,
  5.33,
  5.34,
  5.34,
  5.34,
  5.35,
  5.34,
  5.33,
  5.33,
  5.34,
  5.35,
  5.35,
  5.34,
  5.34,
  5.33,
  5.33,
  5.33,
  5.32,
  5.33,
  5.33,
  5.34,
  5.33,
  5.34,
  5.34,
  5.34,
  5.34,
  5.33,
  5.34,
  5.33,
  5.33,
  5.33,
  5.34,
  5.33,
  5.32,
  5.32,
  5.33,
  5.34,
  5.33,
  5.33,
  5.32,
  5.32,
  5.33,
  5.32,
  5.32,
  5.33,
  5.32,
  5.32,
  5.32,
  5.33,
  5.32
 ],
 "traj_orth": [
  89.72,
  86.06,
  79.56,
  69.05,
  55.05,
  40.0,
  26.58,
  16.93,
  11.33,
  8.56,
  7.47,
  7.0,
  6.6,
  6.31,
  6.15,
  6.0,
  5.91,
  5.8,
  5.75,
  5.74,
  5.74,
  5.72,
  5.71,
  5.68,
  5.64,
  5.61,
  5.62,
  5.63,
  5.64,
  5.66,
  5.66,
  5.67,
  5.66,
  5.66,
  5.66,
  5.64,
  5.61,
  5.61,
  5.59,
  5.63,
  5.65,
  5.67,
  5.63,
  5.63,
  5.63,
  5.61,
  5.62,
  5.62,
  5.65,
  5.67,
  5.68,
  5.67,
  5.66,
  5.65,
  5.64,
  5.63,
  5.61,
  5.59,
  5.61,
  5.65,
  5.68,
  5.68,
  5.65,
  5.64,
  5.62,
  5.61,
  5.59,
  5.59,
  5.63,
  5.65,
  5.65,
  5.63,
  5.63,
  5.63,
  5.63,
  5.62,
  5.62,
  5.65,
  5.67,
  5.66,
  5.63,
  5.61,
  5.6,
  5.57,
  5.57,
  5.62,
  5.67,
  5.67,
  5.67,
  5.63,
  5.62,
  5.61,
  5.58,
  5.56,
  5.59,
  5.6,
  5.58,
  5.54,
  5.52,
  5.49
 ]
}