{
 "theta_star": 80.73482697586242,
 "after_same_kick": 9.70055978226846,
 "after_orth_kick": 10.138491908000987,
 "traj_same": [
  2.89,
  6.42,
  7.96,
  8.69,
  9.06,
  9.29,
  9.42,
  9.51,
  9.6,
  9.62,
  9.66,
  9.69,
  9.68,
  9.67,
  9.64,
  9.65,
  9.65,
  9.66,
  9.66,
  9.7,
  9.77,
  9.78,
  9.76,
  9.74,
  9.72,
  9.72,
  9.7,
  9.7,
  9.74,
  9.75,
  9.77,
  9.76,
  9.75,
  9.74,
  9.74,
  9.78,
  9.82,
  9.81,
  9.84,
  9.83,
  9.8,
  9.77,
  9.77,
  9.75,
  9.72,
  9.73,
  9.76,
  9.75,
  9.76,
  9.75,
  9.78,
  9.76,
  9.79,
  9.78,
  9.82,
  9.83,
  9.83,
  9.85,
  9.84,
  9.87,
  9.86,
  9.89,
  9.9,
  9.89,
  9.87,
  9.86,
  9.87,
  9.86,
  9.86,
  9.84,
  9.86,
  9.89,
  9.92,
  9.89,
  9.88,
  9.88,
  9.89,
  9.85,
  9.88,
  9.85,
  9.84,
  9.83,
  9.84,
  9.83,
  9.8,
  9.75,
  9.74,
  9.72,
  9.68,
  9.66,
  9.64,
  9.63,
  9.61,
  9.64,
  9.66,
  9.7,
  9.74,
  9.75,
  9.8,
  9.85
 ],
 "traj_orth": [
  89.72,
  86.53,
  82.32,
  76.83,
  70.0,
  62.07,
  53.55,
  45.08,
  37.4,
  30.79,
  25.36,
  21.15,
  17.94,
  15.65,
  14.13,
  13.07,
  12.35,
  11.81,
  11.47,
  11.32,
  11.25,
  11.15,
  11.05,
  10.99,
  10.95,
  10.89,
  10.79,
  10.74,
  10.75,
  10.76,
  10.77,
  10.75,
  10.72,
  10.67,
  10.6,
  10.6,
  10.61,
  10.6,
  10.64,
  10.64,
  10.64,
  10.62,
  10.64,
  10.6,
  10.56,
  10.52,
  10.51,
  10.48,
  10.5,
  10.5,
  10.5,
  10.44,
  10.39,
  10.34,
  10.35,
  10.3,
  10.29,
  10.3,
  10.32,
  10.36,
  10.32,
  10.3,
  10.26,
  10.18,
  10.14,
  10.13,
  10.16,
  10.18,
  10.21,
  10.21,
  10.18,
  10.13,
  10.1,
  10.02,
  10.0,
  9.99,
  10.04,
  10.05,
  10.1,
  10.09,
  10.1,
  10.06,
  10.06,
  10.06,
  10.05,
  10.08,
  10.14,
  10.17,
  10.15,
  10.1,
  10.07,
  10.05,
  10.03,
  10.06,
  10.11,
  10.17,
  10.2,
  10.2,
  10.23,
  10.28
 ]
}