{
 "theta_star": 26.35594932157961,
 "after_same_kick": 25.358291172092823,
 "after_orth_kick": 25.358507539518627,
 "traj_same": [
  2.82,
  8.33,
  12.05,
  14.73,
  16.81,
  18.44,
  19.76,
  20.81,
  21.69,
  22.36,
  22.93,
  23.37,
  23.73,
  24.02,
  24.28,
  24.47,
  24.64,
  24.76,
  24.9,
  24.95,
  25.06,
  25.15,
  25.24,
  25.29,
  25.34,
  25.38,
  25.41,
  25.45,
  25.51,
  25.54,
  25.57,
  25.55,
  25.55,
  25.54,
  25.54,
  25.56,
  25.56,
  25.54,
  25.54,
  25.55,
  25.54,
  25.48,
  25.44,
  25.44,
  25.45,
  25.46,
  25.49,
  25.49,
  25.47,
  25.39,
  25.35,
  25.32,
  25.32,
  25.3,
  25.29,
  25.32,
  25.33,
  25.31,
  25.32,
  25.36,
  25.36,
  25.35,
  25.33,
  25.33,
  25.32,
  25.33,
  25.32,
  25.29,
  25.27,
  25.26,
  25.25,
  25.23,
  25.23,
  25.19,
  25.17,
  25.19,
  25.22,
  25.24,
  25.27,
  25.28,
  25.26,
  25.25,
  25.24,
  25.24,
  25.27,
  25.27,
  25.3,
  25.35,
  25.36,
  25.34,
  25.32,
  25.34,
  25.35,
  25.37,
  25.39,
  25.39,
  25.37,
  25.36,
  25.35,
  25.34
 ],
 "traj_orth": [
  89.69,
  86.1,
  81.02,
  74.41,
  66.63,
  58.25,
  49.87,
  42.19,
  35.6,
  30.25,
  25.99,
  22.77,
  20.53,
  19.24,
  18.75,
  18.77,
  19.17,
  19.72,
  20.39,
  21.04,
  21.69,
  22.29,
  22.84,
  23.29,
  23.7,
  24.07,
  24.42,
  24.72,
  24.99,
  25.16,
  25.27,
  25.34,
  25.43,
  25.52,
  25.59,
  25.64,
  25.69,
  25.72,
  25.73,
  25.74,
  25.72,
  25.69,
  25.68,
  25.7,
  25.7,
  25.7,
  25.75,
  25.74,
  25.67,
  25.58,
  25.56,
  25.56,
  25.6,
  25.61,
  25.63,
  25.68,
  25.68,
  25.68,
  25.68,
  25.68,
  25.65,
  25.63,
  25.6,
  25.61,
  25.6,
  25.59,
  25.57,
  25.54,
  25.53,
  25.51,
  25.5,
  25.47,
  25.44,
  25.36,
  25.32,
  25.34,
  25.35,
  25.37,
  25.4,
  25.42,
  25.39,
  25.37,
  25.36,
  25.35,
  25.36,
  25.33,
  25.32,
  25.36,
  25.38,
  25.35,
  25.35,
  25.34,
  25.34,
  25.35,
  25.35,
  25.36,
  25.37,
  25.38,
  25.37,
  25.37
 ]
}