{
 "theta_star": 97.7868672377184,
 "after_same_kick": 15.78398489373212,
 "after_orth_kick": 16.104141544776198,
 "traj_same": [
  3.27,
  7.04,
  9.09,
  10.3,
  11.16,
  11.77,
  12.27,
  12.67,
  12.94,
  13.19,
  13.36,
  13.5,
  13.59,
  13.66,
  13.7,
  13.79,
  13.91,
  13.97,
  14.04,
  14.1,
  14.22,
  14.35,
  14.41,
  14.44,
  14.45,
  14.51,
  14.56,
  14.54,
  14.5,
  14.41,
  14.39,
  14.34,
  14.36,
  14.4,
  14.45,
  14.52,
  14.57,
  14.6,
  14.6,
  14.59,
  14.65,
  14.74,
  14.78,
  14.82,
  14.83,
  14.84,
  14.91,
  14.97,
  15.02,
  15.07,
  15.12,
  15.18,
  15.21,
  15.3,
  15.37,
  15.49,
  15.52,
  15.57,
  15.56,
  15.55,
  15.6,
  15.61,
  15.57,
  15.49,
  15.48,
  15.45,
  15.44,
  15.46,
  15.55,
  15.61,
  15.68,
  15.71,
  15.74,
  15.73,
  15.72,
  15.68,
  15.66,
  15.68,
  15.76,
  15.83,
  15.87,
  15.87,
  15.88,
  15.85,
  15.86,
  15.85,
  15.82,
  15.8,
  15.78,
  15.76,
  15.72,
  15.73,
  15.77,
  15.84,
  15.84,
  15.78,
  15.8,
  15.78,
  15.79,
  15.79
 ],
 "traj_orth": [
  89.73,
  86.8,
  83.23,
  78.99,
  74.0,
  68.43,
  62.41,
  56.18,
  49.99,
  44.1,
  38.68,
  33.8,
  29.51,
  25.86,
  22.9,
  20.49,
  18.72,
  17.45,
  16.62,
  16.13,
  15.87,
  15.76,
  15.7,
  15.73,
  15.73,
  15.73,
  15.72,
  15.68,
  15.61,
  15.51,
  15.49,
  15.41,
  15.37,
  15.37,
  15.35,
  15.32,
  15.3,
  15.32,
  15.3,
  15.31,
  15.32,
  15.35,
  15.39,
  15.41,
  15.38,
  15.36,
  15.41,
  15.52,
  15.66,
  15.73,
  15.79,
  15.86,
  15.88,
  15.92,
  15.95,
  16.01,
  16.01,
  16.01,
  16.01,
  16.04,
  16.05,
  16.07,
  16.07,
  16.12,
  16.21,
  16.2,
  16.2,
  16.22,
  16.25,
  16.27,
  16.28,
  16.33,
  16.37,
  16.38,
  16.37,
  16.32,
  16.29,
  16.26,
  16.3,
  16.29,
  16.29,
  16.28,
  16.31,
  16.27,
  16.24,
  16.2,
  16.16,
  16.12,
  16.06,
  16.04,
  16.05,
  16.06,
  16.1,
  16.14,
  16.12,
  16.08,
  16.14,
  16.12,
  16.12,
  16.11
 ]
}