{
 "theta_star": 14.283216168849108,
 "after_same_kick": 5.3810504743051935,
 "after_orth_kick": 5.524486550404694,
 "traj_same": [
  1.5,
  4.75,
  5.28,
  5.38,
  5.41,
  5.4,
  5.39,
  5.41,
  5.4,
  5.42,
  5.41,
  5.41,
  5.4,
  5.41,
  5.42,
  5.42,
  5.41,
  5.39,
  5.4,
  5.4,
  5.41,
  5.39,
  5.4,
  5.38,
  5.39,
  5.37,
  5.37,
  5.39,
  5.37,
  5.39,
  5.39,
  5.38,
  5.4,
  5.39,
  5.4,
  5.37,
  5.4,
  5.39,
  5.38,
  5.38,
  5.39,
  5.37,
  5.38,
  5.37,
  5.37,
  5.38,
  5.38,
  5.38,
  5.4,
  5.39,
  5.39,
  5.39,
  5.4,
  5.39,
  5.4,
  5.39,
  5.38,
  5.36,
  5.37,
  5.36,
  5.37,
  5.37,
  5.37,
  5.37,
  5.37,
  5.37,
  5.38,
  5.36,
  5.37,
  5.37,
  5.37,
  5.37,
  5.37,
  5.39,
  5.38,
  5.36,
  5.36,
  5.39,
  5.39,
  5.38,
  5.38,
  5.38,
  5.38,
  5.38,
  5.38,
  5.37,
  5.4,
  5.4,
  5.38,
  5.39,
  5.38,
  5.38,
  5.39,
  5.38,
  5.38,
  5.38,
  5.39,
  5.37,
  5.39,
  5.39
 ],
 "traj_orth": [
  89.71,
  85.96,
  79.39,
  68.73,
  54.65,
  39.97,
  27.04,
  17.24,
  11.16,
  8.4,
  7.2,
  6.43,
  6.13,
  6.05,
  5.94,
  5.86,
  5.84,
  5.81,
  5.77,
  5.78,
  5.74,
  5.72,
  5.71,
  5.67,
  5.64,
  5.64,
  5.63,
  5.69,
  5.71,
  5.7,
  5.7,
  5.67,
  5.66,
  5.63,
  5.63,
  5.61,
  5.61,
  5.61,
  5.65,
  5.71,
  5.7,
  5.69,
  5.67,
  5.64,
  5.65,
  5.62,
  5.63,
  5.63,
  5.65,
  5.65,
  5.68,
  5.67,
  5.65,
  5.63,
  5.62,
  5.63,
  5.65,
  5.65,
  5.66,
  5.68,
  5.67,
  5.65,
  5.64,
  5.63,
  5.62,
  5.63,
  5.65,
  5.62,
  5.6,
  5.61,
  5.6,
  5.6,
  5.59,
  5.55,
  5.54,
  5.53,
  5.52,
  5.54,
  5.54,
  5.53,
  5.55,
  5.54,
  5.54,
  5.52,
  5.52,
  5.52,
  5.51,
  5.55,
  5.57,
  5.55,
  5.54,
  5.54,
  5.52,
  5.54,
  5.52,
  5.5,
  5.53,
  5.51,
  5.51,
  5.53
 ]
}