{
 "theta_star": 38.162924728013316,
 "after_same_kick": 35.07095389533942,
 "after_orth_kick": 34.87200827052424,
 "traj_same": [
  4.26,
  9.1,
  12.66,
  15.33,
  17.47,
  19.28,
  20.84,
  22.13,
  23.28,
  24.23,
  25.11,
  25.89,
  26.58,
  27.17,
  27.69,
  28.14,
  28.58,
  28.9,
  29.14,
  29.37,
  29.56,
  29.79,
  30.0,
  30.15,
  30.3,
  30.5,
  30.66,
  30.84,
  30.99,
  31.12,
  31.27,
  31.39,
  31.53,
  31.66,
  31.75,
  31.96,
  32.05,
  32.07,
  32.17,
  32.24,
  32.22,
  32.21,
  32.25,
  32.31,
  32.33,
  32.38,
  32.49,
  32.55,
  32.66,
  32.76,
  32.83,
  32.89,
  33.02,
  33.14,
  33.18,
  33.31,
  33.46,
  33.51,
  33.59,
  33.62,
  33.69,
  33.8,
  33.91,
  34.0,
  34.12,
  34.17,
  34.27,
  34.41,
  34.5,
  34.6,
  34.66,
  34.68,
  34.78,
  34.85,
  34.93,
  35.06,
  35.15,
  35.25,
  35.29,
  35.28,
  35.31,
  35.36,
  35.3,
  35.29,
  35.23,
  35.24,
  35.17,
  35.16,
  35.18,
  35.17,
  35.16,
  35.16,
  35.14,
  35.12,
  35.04,
  34.99,
  35.06,
  35.06,
  35.0,
  34.98
 ],
 "traj_orth": [
  89.73,
  86.61,
  82.6,
  77.76,
  72.31,
  66.47,
  60.43,
  54.45,
  48.75,
  43.43,
  38.62,
  34.38,
  30.83,
  28.01,
  25.83,
  24.43,
  23.5,
  22.91,
  22.67,
  22.66,
  22.88,
  23.29,
  23.78,
  24.29,
  24.81,
  25.41,
  25.96,
  26.49,
  27.0,
  27.44,
  27.9,
  28.32,
  28.76,
  29.12,
  29.42,
  29.81,
  30.08,
  30.26,
  30.47,
  30.66,
  30.81,
  30.98,
  31.16,
  31.36,
  31.48,
  31.61,
  31.74,
  31.81,
  31.9,
  31.96,
  32.04,
  32.09,
  32.19,
  32.3,
  32.34,
  32.45,
  32.59,
  32.67,
  32.73,
  32.75,
  32.77,
  32.85,
  32.94,
  32.97,
  33.04,
  33.07,
  33.16,
  33.32,
  33.41,
  33.52,
  33.66,
  33.75,
  33.92,
  34.04,
  34.14,
  34.29,
  34.37,
  34.51,
  34.62,
  34.69,
  34.79,
  34.89,
  34.92,
  34.99,
  34.96,
  34.98,
  34.92,
  34.88,
  34.91,
  34.89,
  34.89,
  34.91,
  34.91,
  34.91,
  34.87,
  34.84,
  34.9,
  34.89,
  34.81,
  34.78
 ]
}