{
 "theta_star": 11.785603222809797,
 "after_same_kick": 5.4755630942109175,
 "after_orth_kick": 5.469039055813252,
 "traj_same": [
  1.69,
  4.87,
  5.39,
  5.5,
  5.51,
  5.52,
  5.52,
  5.53,
  5.51,
  5.51,
  5.52,
  5.49,
  5.48,
  5.52,
  5.49,
  5.51,
  5.51,
  5.54,
  5.52,
  5.5,
  5.47,
  5.5,
  5.49,
  5.49,
  5.49,
  5.49,
  5.49,
  5.48,
  5.51,
  5.47,
  5.48,
  5.48,
  5.46,
  5.49,
  5.5,
  5.49,
  5.51,
  5.48,
  5.49,
  5.48,
  5.5,
  5.49,
  5.49,
  5.48,
  5.46,
  5.48,
  5.49,
  5.49,
  5.49,
  5.5,
  5.53,
  5.51,
  5.51,
  5.51,
  5.49,
  5.49,
  5.5,
  5.5,
  5.49,
  5.49,
  5.51,
  5.5,
  5.51,
  5.48,
  5.48,
  5.48,
  5.5,
  5.48,
  5.49,
  5.5,
  5.5,
  5.5,
  5.5,
  5.5,
  5.49,
  5.46,
  5.48,
  5.46,
  5.46,
  5.48,
  5.48,
  5.48,
  5.48,
  5.5,
  5.5,
  5.46,
  5.46,
  5.49,
  5.48,
  5.45,
  5.46,
  5.48,
  5.47,
  5.47,
  5.48,
  5.47,
  5.47,
  5.47,
  5.49,
  5.5
 ],
 "traj_orth": [
  89.69,
  85.67,
  78.66,
  67.28,
  52.21,
  36.9,
  24.46,
  16.14,
  11.11,
  8.49,
  7.52,
  7.04,
  6.7,
  6.55,
  6.35,
  6.2,
  6.1,
  6.1,
  6.08,
  6.06,
  6.07,
  6.13,
  6.16,
  6.13,
  6.11,
  6.09,
  6.08,
  6.06,
  6.11,
  6.07,
  6.1,
  6.1,
  6.07,
  6.09,
  6.06,
  6.06,
  6.11,
  6.1,
  6.09,
  6.05,
  6.03,
  6.0,
  5.98,
  5.93,
  5.91,
  5.89,
  5.87,
  5.84,
  5.84,
  5.82,
  5.83,
  5.82,
  5.82,
  5.82,
  5.8,
  5.8,
  5.81,
  5.82,
  5.82,
  5.82,
  5.8,
  5.75,
  5.73,
  5.65,
  5.65,
  5.64,
  5.65,
  5.63,
  5.61,
  5.59,
  5.55,
  5.5,
  5.46,
  5.47,
  5.48,
  5.45,
  5.47,
  5.46,
  5.46,
  5.48,
  5.48,
  5.47,
  5.48,
  5.5,
  5.49,
  5.44,
  5.45,
  5.47,
  5.47,
  5.44,
  5.45,
  5.47,
  5.46,
  5.45,
  5.48,
  5.46,
  5.47,
  5.47,
  5.49,
  5.5
 ]
}