{
 "theta_star": 98.71331296110286,
 "after_same_kick": 15.049699132429405,
 "after_orth_kick": 16.13728557928153,
 "traj_same": [
  3.11,
  7.07,
  9.21,
  10.48,
  11.35,
  11.97,
  12.43,
  12.81,
  13.1,
  13.32,
  13.53,
  13.65,
  13.74,
  13.82,
  13.88,
  13.89,
  13.92,
  13.92,
  14.01,
  14.06,
  14.09,
  14.1,
  14.06,
  14.06,
  14.04,
  14.06,
  14.08,
  14.08,
  14.11,
  14.11,
  14.07,
  14.08,
  14.12,
  14.17,
  14.24,
  14.3,
  14.35,
  14.35,
  14.29,
  14.23,
  14.23,
  14.21,
  14.18,
  14.2,
  14.18,
  14.1,
  14.1,
  14.06,
  14.01,
  13.99,
  13.98,
  14.0,
  14.01,
  14.01,
  14.02,
  14.01,
  14.02,
  14.02,
  14.02,
  14.03,
  14.09,
  14.1,
  14.12,
  14.19,
  14.28,
  14.34,
  14.35,
  14.36,
  14.41,
  14.44,
  14.45,
  14.48,
  14.5,
  14.52,
  14.53,
  14.57,
  14.65,
  14.77,
  14.83,
  14.86,
  14.83,
  14.81,
  14.79,
  14.73,
  14.71,
  14.69,
  14.73,
  14.74,
  14.78,
  14.83,
  14.86,
  14.89,
  14.95,
  15.04,
  15.07,
  15.07,
  15.08,
  15.11,
  15.16,
  15.27
 ],
 "traj_orth": [
  89.7,
  86.45,
  82.55,
  77.94,
  72.6,
  66.5,
  59.85,
  52.88,
  45.95,
  39.49,
  33.63,
  28.66,
  24.74,
  21.77,
  19.6,
  18.07,
  16.98,
  16.23,
  15.86,
  15.62,
  15.49,
  15.44,
  15.43,
  15.44,
  15.44,
  15.47,
  15.51,
  15.54,
  15.59,
  15.64,
  15.64,
  15.66,
  15.7,
  15.75,
  15.75,
  15.75,
  15.78,
  15.79,
  15.82,
  15.8,
  15.8,
  15.82,
  15.83,
  15.92,
  15.93,
  15.89,
  15.92,
  15.93,
  15.88,
  15.85,
  15.84,
  15.89,
  15.91,
  15.93,
  15.94,
  15.96,
  15.98,
  15.98,
  16.03,
  16.06,
  16.11,
  16.04,
  16.01,
  16.04,
  16.07,
  16.07,
  15.99,
  16.01,
  15.99,
  15.96,
  15.91,
  15.94,
  15.94,
  15.9,
  15.88,
  15.87,
  15.83,
  15.82,
  15.83,
  15.81,
  15.82,
  15.91,
  16.01,
  16.08,
  16.06,
  16.0,
  16.01,
  16.03,
  16.02,
  16.05,
  16.07,
  16.09,
  16.14,
  16.19,
  16.16,
  16.13,
  16.1,
  16.14,
  16.15,
  16.2
 ]
}