{
 "theta_star": 20.868839321674812,
 "after_same_kick": 20.066021431575443,
 "after_orth_kick": 19.960453957837224,
 "traj_same": [
  3.86,
  8.51,
  11.67,
  13.77,
  15.28,
  16.37,
  17.17,
  17.8,
  18.31,
  18.66,
  18.92,
  19.12,
  19.32,
  19.49,
  19.64,
  19.74,
  19.83,
  19.94,
  19.98,
  19.99,
  19.95,
  19.97,
  19.97,
  19.96,
  19.97,
  19.97,
  19.94,
  19.9,
  19.89,
  19.88,
  19.85,
  19.83,
  19.84,
  19.76,
  19.78,
  19.82,
  19.81,
  19.81,
  19.81,
  19.82,
  19.86,
  19.89,
  19.88,
  19.9,
  19.92,
  19.9,
  19.91,
  19.87,
  19.86,
  19.86,
  19.86,
  19.89,
  19.92,
  19.92,
  19.94,
  19.94,
  19.94,
  19.89,
  19.88,
  19.93,
  19.92,
  19.92,
  19.93,
  19.94,
  19.95,
  19.95,
  19.93,
  19.94,
  19.94,
  20.0,
  19.98,
  19.99,
  19.97,
  19.98,
  19.96,
  19.94,
  19.94,
  19.91,
  19.95,
  19.96,
  19.99,
  20.02,
  20.07,
  20.07,
  20.06,
  20.12,
  20.12,
  20.08,
  20.11,
  20.17,
  20.18,
  20.21,
  20.2,
  20.16,
  20.13,
  20.03,
  19.97,
  19.95,
  19.91,
  19.92
 ],
 "traj_orth": [
  89.77,
  86.48,
  81.12,
  73.49,
  64.22,
  54.39,
  44.92,
  36.45,
  29.49,
  24.35,
  20.82,
  18.55,
  17.41,
  16.89,
  16.88,
  17.04,
  17.31,
  17.69,
  18.03,
  18.35,
  18.55,
  18.76,
  18.92,
  19.11,
  19.3,
  19.46,
  19.57,
  19.69,
  19.81,
  19.9,
  19.95,
  19.95,
  19.96,
  19.89,
  19.96,
  20.02,
  20.01,
  20.02,
  20.03,
  20.03,
  20.05,
  20.04,
  20.04,
  20.05,
  20.06,
  20.04,
  20.04,
  19.99,
  19.99,
  19.98,
  19.96,
  19.98,
  20.02,
  20.04,
  20.07,
  20.07,
  20.08,
  20.06,
  20.04,
  20.08,
  20.09,
  20.12,
  20.16,
  20.18,
  20.19,
  20.19,
  20.17,
  20.17,
  20.14,
  20.15,
  20.09,
  20.08,
  20.07,
  20.1,
  20.13,
  20.13,
  20.14,
  20.11,
  20.14,
  20.13,
  20.14,
  20.16,
  20.19,
  20.17,
  20.13,
  20.19,
  20.18,
  20.12,
  20.12,
  20.1,
  20.04,
  20.03,
  20.0,
  19.95,
  19.94,
  19.89,
  19.9,
  19.94,
  19.95,
  19.96
 ]
}