{
 "theta_star": 79.49489130930256,
 "after_same_kick": 9.968807978841586,
 "after_orth_kick": 10.30449202943596,
 "traj_same": [
  2.73,
  6.38,
  7.95,
  8.7,
  9.09,
  9.3,
  9.41,
  9.48,
  9.57,
  9.6,
  9.63,
  9.65,
  9.63,
  9.64,
  9.62,
  9.63,
  9.64,
  9.66,
  9.69,
  9.73,
  9.77,
  9.76,
  9.74,
  9.73,
  9.71,
  9.71,
  9.7,
  9.72,
  9.76,
  9.78,
  9.78,
  9.76,
  9.74,
  9.73,
  9.74,
  9.78,
  9.82,
  9.81,
  9.83,
  9.84,
  9.83,
  9.8,
  9.79,
  9.78,
  9.77,
  9.77,
  9.79,
  9.8,
  9.86,
  9.9,
  9.93,
  9.89,
  9.88,
  9.88,
  9.89,
  9.89,
  9.89,
  9.91,
  9.91,
  9.93,
  9.92,
  9.92,
  9.9,
  9.85,
  9.77,
  9.72,
  9.7,
  9.68,
  9.68,
  9.67,
  9.69,
  9.71,
  9.75,
  9.74,
  9.74,
  9.75,
  9.78,
  9.79,
  9.82,
  9.81,
  9.84,
  9.88,
  9.95,
  9.99,
  10.0,
  10.02,
  10.05,
  10.08,
  10.09,
  10.09,
  10.07,
  10.02,
  9.96,
  9.94,
  9.93,
  9.94,
  9.96,
  9.95,
  9.96,
  9.94
 ],
 "traj_orth": [
  89.72,
  86.54,
  82.33,
  76.84,
  70.02,
  62.11,
  53.6,
  45.15,
  37.45,
  30.81,
  25.33,
  21.09,
  17.93,
  15.74,
  14.3,
  13.27,
  12.56,
  12.03,
  11.69,
  11.52,
  11.38,
  11.23,
  11.07,
  10.92,
  10.8,
  10.72,
  10.69,
  10.71,
  10.75,
  10.75,
  10.74,
  10.72,
  10.63,
  10.55,
  10.49,
  10.48,
  10.48,
  10.46,
  10.46,
  10.43,
  10.43,
  10.42,
  10.41,
  10.35,
  10.29,
  10.25,
  10.22,
  10.2,
  10.2,
  10.18,
  10.17,
  10.11,
  10.1,
  10.1,
  10.13,
  10.12,
  10.1,
  10.08,
  10.02,
  10.0,
  9.97,
  9.99,
  10.01,
  10.0,
  9.98,
  9.94,
  9.91,
  9.91,
  9.91,
  9.93,
  9.93,
  9.94,
  9.94,
  9.93,
  9.93,
  9.92,
  9.95,
  9.96,
  10.02,
  10.04,
  10.08,
  10.09,
  10.11,
  10.12,
  10.1,
  10.1,
  10.13,
  10.15,
  10.17,
  10.22,
  10.26,
  10.28,
  10.25,
  10.22,
  10.23,
  10.26,
  10.3,
  10.34,
  10.42,
  10.48
 ]
}