{
 "theta_star": 4.254283003220736,
 "after_same_kick": 4.230700520128319,
 "after_orth_kick": 4.229127758981358,
 "traj_same": [
  1.38,
  4.0,
  4.22,
  4.25,
  4.26,
  4.26,
  4.27,
  4.26,
  4.28,
  4.25,
  4.25,
  4.26,
  4.25,
  4.25,
  4.25,
  4.25,
  4.25,
  4.24,
  4.24,
  4.24,
  4.24,
  4.24,
  4.25,
  4.24,
  4.24,
  4.24,
  4.24,
  4.23,
  4.25,
  4.26,
  4.24,
  4.22,
  4.23,
  4.24,
  4.23,
  4.25,
  4.25,
  4.24,
  4.24,
  4.25,
  4.25,
  4.23,
  4.23,
  4.23,
  4.24,
  4.22,
  4.24,
  4.22,
  4.22,
  4.22,
  4.22,
  4.24,
  4.25,
  4.24,
  4.24,
  4.24,
  4.25,
  4.24,
  4.24,
  4.24,
  4.23,
  4.23,
  4.23,
  4.24,
  4.23,
  4.24,
  4.24,
  4.23,
  4.24,
  4.23,
  4.22,
  4.23,
  4.24,
  4.22,
  4.23,
  4.24,
  4.23,
  4.24,
  4.23,
  4.25,
  4.23,
  4.23,
  4.23,
  4.24,
  4.25,
  4.23,
  4.23,
  4.26,
  4.24,
  4.23,
  4.23,
  4.23,
  4.24,
  4.24,
  4.23,
  4.21,
  4.23,
  4.23,
  4.24,
  4.23
 ],
 "traj_orth": [
  89.69,
  85.4,
  76.36,
  60.56,
  41.4,
  24.81,
  14.16,
  8.36,
  6.03,
  5.39,
  5.14,
  5.12,
  5.11,
  5.08,
  5.03,
  5.0,
  4.98,
  4.94,
  4.93,
  4.93,
  4.94,
  4.93,
  4.82,
  4.74,
  4.73,
  4.71,
  4.7,
  4.65,
  4.63,
  4.6,
  4.59,
  4.55,
  4.54,
  4.47,
  4.44,
  4.43,
  4.41,
  4.4,
  4.41,
  4.44,
  4.42,
  4.36,
  4.26,
  4.23,
  4.24,
  4.22,
  4.24,
  4.22,
  4.22,
  4.23,
  4.23,
  4.24,
  4.25,
  4.24,
  4.24,
  4.24,
  4.25,
  4.24,
  4.24,
  4.24,
  4.23,
  4.23,
  4.23,
  4.24,
  4.23,
  4.24,
  4.24,
  4.23,
  4.24,
  4.23,
  4.22,
  4.24,
  4.25,
  4.22,
  4.23,
  4.24,
  4.24,
  4.24,
  4.23,
  4.25,
  4.24,
  4.24,
  4.23,
  4.24,
  4.25,
  4.23,
  4.22,
  4.25,
  4.24,
  4.23,
  4.23,
  4.23,
  4.24,
  4.23,
  4.23,
  4.21,
  4.22,
  4.24,
  4.24,
  4.23
 ]
}