{
 "theta_star": 4.609398513933915,
 "after_same_kick": 4.222992846322233,
 "after_orth_kick": 4.221450510660463,
 "traj_same": [
  1.39,
  4.0,
  4.2,
  4.23,
  4.23,
  4.25,
  4.23,
  4.23,
  4.24,
  4.24,
  4.25,
  4.23,
  4.24,
  4.23,
  4.23,
  4.24,
  4.26,
  4.26,
  4.25,
  4.24,
  4.24,
  4.25,
  4.24,
  4.24,
  4.26,
  4.24,
  4.25,
  4.25,
  4.24,
  4.23,
  4.24,
  4.24,
  4.23,
  4.24,
  4.23,
  4.24,
  4.24,
  4.23,
  4.23,
  4.24,
  4.25,
  4.23,
  4.24,
  4.24,
  4.24,
  4.25,
  4.24,
  4.23,
  4.23,
  4.23,
  4.22,
  4.24,
  4.24,
  4.24,
  4.23,
  4.22,
  4.23,
  4.24,
  4.23,
  4.23,
  4.23,
  4.23,
  4.23,
  4.21,
  4.22,
  4.22,
  4.22,
  4.21,
  4.22,
  4.22,
  4.21,
  4.23,
  4.22,
  4.22,
  4.23,
  4.22,
  4.24,
  4.21,
  4.23,
  4.23,
  4.21,
  4.22,
  4.21,
  4.22,
  4.2,
  4.22,
  4.23,
  4.23,
  4.23,
  4.22,
  4.21,
  4.22,
  4.22,
  4.23,
  4.23,
  4.23,
  4.22,
  4.22,
  4.22,
  4.23
 ],
 "traj_orth": [
  89.73,
  85.73,
  77.2,
  62.47,
  44.24,
  27.36,
  15.4,
  8.59,
  5.42,
  4.84,
  4.69,
  4.63,
  4.63,
  4.63,
  4.61,
  4.59,
  4.6,
  4.57,
  4.49,
  4.46,
  4.43,
  4.43,
  4.44,
  4.45,
  4.48,
  4.47,
  4.49,
  4.46,
  4.44,
  4.42,
  4.41,
  4.45,
  4.47,
  4.5,
  4.47,
  4.44,
  4.41,
  4.41,
  4.42,
  4.47,
  4.49,
  4.44,
  4.42,
  4.41,
  4.4,
  4.41,
  4.43,
  4.42,
  4.4,
  4.4,
  4.34,
  4.34,
  4.31,
  4.25,
  4.23,
  4.22,
  4.23,
  4.25,
  4.23,
  4.23,
  4.23,
  4.23,
  4.22,
  4.2,
  4.22,
  4.22,
  4.22,
  4.21,
  4.22,
  4.22,
  4.22,
  4.23,
  4.22,
  4.22,
  4.23,
  4.22,
  4.24,
  4.21,
  4.23,
  4.23,
  4.21,
  4.22,
  4.21,
  4.22,
  4.2,
  4.22,
  4.23,
  4.23,
  4.23,
  4.22,
  4.21,
  4.22,
  4.21,
  4.23,
  4.22,
  4.23,
  4.22,
  4.22,
  4.22,
  4.22
 ]
}