{
 "theta_star": 27.613659031090407,
 "after_same_kick": 24.77595441497233,
 "after_orth_kick": 24.944308086905387,
 "traj_same": [
  2.92,
  8.31,
  11.92,
  14.46,
  16.42,
  17.98,
  19.22,
  20.2,
  21.0,
  21.62,
  22.14,
  22.57,
  22.93,
  23.23,
  23.47,
  23.68,
  23.82,
  23.96,
  24.08,
  24.23,
  24.36,
  24.47,
  24.54,
  24.61,
  24.67,
  24.75,
  24.76,
  24.79,
  24.83,
  24.87,
  24.93,
  25.02,
  25.05,
  25.12,
  25.22,
  25.28,
  25.33,
  25.34,
  25.35,
  25.37,
  25.34,
  25.32,
  25.34,
  25.37,
  25.39,
  25.36,
  25.35,
  25.34,
  25.32,
  25.28,
  25.26,
  25.19,
  25.17,
  25.15,
  25.15,
  25.16,
  25.15,
  25.17,
  25.12,
  25.09,
  25.06,
  25.04,
  25.05,
  25.01,
  24.99,
  25.01,
  25.04,
  25.07,
  25.05,
  25.02,
  25.02,
  24.99,
  24.97,
  24.94,
  24.95,
  24.94,
  24.93,
  24.91,
  24.92,
  24.89,
  24.9,
  24.87,
  24.82,
  24.8,
  24.77,
  24.73,
  24.73,
  24.73,
  24.73,
  24.72,
  24.72,
  24.73,
  24.75,
  24.77,
  24.8,
  24.8,
  24.8,
  24.79,
  24.8,
  24.8
 ],
 "traj_orth": [
  89.72,
  86.4,
  81.64,
  75.42,
  68.05,
  60.14,
  52.25,
  44.83,
  38.32,
  32.76,
  28.19,
  24.65,
  22.1,
  20.45,
  19.53,
  19.18,
  19.25,
  19.58,
  20.06,
  20.63,
  21.22,
  21.76,
  22.22,
  22.63,
  23.01,
  23.36,
  23.61,
  23.86,
  24.08,
  24.26,
  24.43,
  24.57,
  24.67,
  24.79,
  24.91,
  25.0,
  25.06,
  25.08,
  25.11,
  25.14,
  25.13,
  25.11,
  25.12,
  25.12,
  25.14,
  25.12,
  25.1,
  25.04,
  24.99,
  24.94,
  24.94,
  24.9,
  24.92,
  24.92,
  24.94,
  24.93,
  24.92,
  24.93,
  24.92,
  24.92,
  24.92,
  24.92,
  24.94,
  24.9,
  24.9,
  24.91,
  24.92,
  24.94,
  24.94,
  24.93,
  24.98,
  25.01,
  25.06,
  25.08,
  25.11,
  25.12,
  25.11,
  25.1,
  25.11,
  25.09,
  25.11,
  25.11,
  25.11,
  25.13,
  25.13,
  25.11,
  25.12,
  25.11,
  25.08,
  25.05,
  25.03,
  25.01,
  24.96,
  24.91,
  24.91,
  24.91,
  24.92,
  24.92,
  24.94,
  24.94
 ]
}