{
 "theta_star": 21.42542790545372,
 "after_same_kick": 20.626327626360855,
 "after_orth_kick": 20.62233342316783,
 "traj_same": [
  3.63,
  8.56,
  11.77,
  13.97,
  15.56,
  16.76,
  17.64,
  18.3,
  18.81,
  19.23,
  19.52,
  19.71,
  19.88,
  20.02,
  20.15,
  20.25,
  20.39,
  20.5,
  20.55,
  20.59,
  20.63,
  20.67,
  20.63,
  20.6,
  20.62,
  20.58,
  20.58,
  20.57,
  20.59,
  20.62,
  20.62,
  20.62,
  20.63,
  20.6,
  20.6,
  20.63,
  20.65,
  20.66,
  20.67,
  20.69,
  20.74,
  20.76,
  20.8,
  20.84,
  20.86,
  20.92,
  20.93,
  20.95,
  20.91,
  20.83,
  20.72,
  20.7,
  20.7,
  20.7,
  20.65,
  20.62,
  20.59,
  20.59,
  20.6,
  20.58,
  20.56,
  20.54,
  20.53,
  20.47,
  20.44,
  20.46,
  20.46,
  20.44,
  20.44,
  20.45,
  20.47,
  20.46,
  20.49,
  20.54,
  20.56,
  20.54,
  20.55,
  20.54,
  20.54,
  20.55,
  20.56,
  20.59,
  20.58,
  20.6,
  20.57,
  20.58,
  20.6,
  20.61,
  20.65,
  20.64,
  20.66,
  20.66,
  20.62,
  20.61,
  20.59,
  20.62,
  20.61,
  20.61,
  20.62,
  20.66
 ],
 "traj_orth": [
  89.73,
  86.17,
  80.36,
  72.27,
  62.47,
  52.05,
  42.15,
  33.56,
  26.86,
  21.87,
  18.6,
  16.6,
  15.76,
  15.67,
  16.02,
  16.53,
  17.12,
  17.7,
  18.2,
  18.62,
  18.97,
  19.3,
  19.52,
  19.73,
  19.93,
  20.01,
  20.09,
  20.17,
  20.24,
  20.32,
  20.38,
  20.45,
  20.53,
  20.54,
  20.59,
  20.64,
  20.67,
  20.69,
  20.7,
  20.71,
  20.76,
  20.75,
  20.78,
  20.81,
  20.82,
  20.88,
  20.88,
  20.86,
  20.76,
  20.68,
  20.57,
  20.56,
  20.54,
  20.52,
  20.47,
  20.44,
  20.44,
  20.48,
  20.51,
  20.5,
  20.5,
  20.5,
  20.5,
  20.45,
  20.43,
  20.45,
  20.45,
  20.45,
  20.45,
  20.46,
  20.48,
  20.45,
  20.47,
  20.51,
  20.53,
  20.52,
  20.53,
  20.53,
  20.53,
  20.55,
  20.55,
  20.57,
  20.56,
  20.59,
  20.56,
  20.58,
  20.6,
  20.61,
  20.65,
  20.64,
  20.65,
  20.65,
  20.6,
  20.61,
  20.59,
  20.62,
  20.61,
  20.62,
  20.62,
  20.65
 ]
}