{
 "theta_star": 36.52884970312321,
 "after_same_kick": 6.96461572023991,
 "after_orth_kick": 7.425616757481218,
 "traj_same": [
  2.22,
  5.57,
  6.5,
  6.82,
  6.94,
  6.98,
  7.01,
  7.0,
  7.0,
  7.01,
  7.01,
  7.01,
  7.02,
  7.02,
  7.0,
  6.99,
  7.0,
  6.99,
  6.99,
  7.0,
  6.99,
  7.0,
  6.98,
  6.96,
  6.96,
  6.93,
  6.93,
  6.95,
  6.96,
  6.93,
  6.95,
  6.94,
  6.94,
  6.94,
  6.95,
  6.92,
  6.94,
  6.96,
  6.97,
  6.97,
  6.96,
  6.95,
  6.94,
  6.94,
  6.95,
  6.95,
  6.97,
  6.97,
  7.0,
  7.0,
  7.02,
  7.08,
  7.09,
  7.11,
  7.08,
  7.07,
  7.07,
  7.11,
  7.11,
  7.11,
  7.07,
  7.06,
  7.04,
  7.03,
  7.03,
  6.99,
  6.99,
  7.01,
  6.99,
  6.99,
  6.97,
  6.99,
  6.99,
  7.01,
  7.0,
  6.98,
  6.97,
  6.98,
  6.97,
  6.96,
  6.97,
  6.97,
  6.99,
  6.98,
  6.94,
  6.95,
  6.99,
  6.97,
  6.96,
  6.97,
  6.96,
  6.97,
  6.95,
  7.0,
  6.97,
  6.97,
  6.96,
  6.95,
  6.94,
  6.97
 ],
 "traj_orth": [
  89.71,
  86.3,
  81.2,
  73.75,
  63.86,
  52.33,
  40.85,
  30.72,
  22.59,
  16.88,
  13.36,
  11.39,
  10.31,
  9.71,
  9.31,
  9.0,
  8.8,
  8.68,
  8.63,
  8.51,
  8.38,
  8.28,
  8.21,
  8.12,
  7.99,
  7.82,
  7.73,
  7.7,
  7.65,
  7.54,
  7.51,
  7.48,
  7.53,
  7.54,
  7.54,
  7.49,
  7.49,
  7.48,
  7.48,
  7.46,
  7.42,
  7.39,
  7.38,
  7.39,
  7.38,
  7.39,
  7.4,
  7.39,
  7.41,
  7.38,
  7.37,
  7.4,
  7.44,
  7.49,
  7.49,
  7.49,
  7.49,
  7.53,
  7.52,
  7.54,
  7.53,
  7.54,
  7.53,
  7.52,
  7.52,
  7.49,
  7.55,
  7.6,
  7.55,
  7.52,
  7.48,
  7.46,
  7.45,
  7.46,
  7.45,
  7.45,
  7.43,
  7.44,
  7.44,
  7.43,
  7.45,
  7.47,
  7.47,
  7.46,
  7.42,
  7.43,
  7.47,
  7.44,
  7.43,
  7.44,
  7.45,
  7.43,
  7.42,
  7.45,
  7.44,
  7.42,
  7.4,
  7.4,
  7.4,
  7.45
 ]
}