{
 "theta_star": 37.891976223485464,
 "after_same_kick": 7.141066907147641,
 "after_orth_kick": 7.305949900984868,
 "traj_same": [
  2.09,
  5.5,
  6.41,
  6.7,
  6.83,
  6.86,
  6.88,
  6.9,
  6.88,
  6.9,
  6.91,
  6.92,
  6.92,
  6.92,
  6.9,
  6.88,
  6.91,
  6.89,
  6.9,
  6.9,
  6.93,
  6.93,
  6.92,
  6.93,
  6.93,
  6.93,
  6.91,
  6.91,
  6.93,
  6.92,
  6.95,
  6.94,
  6.94,
  6.92,
  6.93,
  6.93,
  6.91,
  6.93,
  6.93,
  6.91,
  6.91,
  6.94,
  6.92,
  6.92,
  6.93,
  6.92,
  6.91,
  6.94,
  6.93,
  6.92,
  6.93,
  6.94,
  6.92,
  6.93,
  6.93,
  6.94,
  6.94,
  6.96,
  6.94,
  6.94,
  6.94,
  6.93,
  6.92,
  6.93,
  6.95,
  6.93,
  6.92,
  6.95,
  6.97,
  6.93,
  6.92,
  6.94,
  6.95,
  6.97,
  6.97,
  6.98,
  7.01,
  7.03,
  7.05,
  7.03,
  7.05,
  7.05,
  7.05,
  7.06,
  7.09,
  7.09,
  7.08,
  7.06,
  7.07,
  7.07,
  7.06,
  7.1,
  7.11,
  7.15,
  7.12,
  7.12,
  7.14,
  7.16,
  7.21,
  7.22
 ],
 "traj_orth": [
  89.74,
  86.54,
  81.71,
  74.77,
  65.55,
  54.82,
  43.85,
  33.73,
  25.08,
  18.23,
  13.26,
  10.25,
  8.94,
  8.4,
  8.12,
  7.94,
  7.85,
  7.75,
  7.7,
  7.66,
  7.67,
  7.65,
  7.59,
  7.53,
  7.46,
  7.41,
  7.4,
  7.39,
  7.4,
  7.33,
  7.3,
  7.26,
  7.24,
  7.22,
  7.22,
  7.22,
  7.19,
  7.21,
  7.19,
  7.15,
  7.15,
  7.16,
  7.15,
  7.18,
  7.2,
  7.22,
  7.22,
  7.25,
  7.23,
  7.23,
  7.27,
  7.3,
  7.3,
  7.31,
  7.33,
  7.36,
  7.37,
  7.38,
  7.37,
  7.37,
  7.35,
  7.34,
  7.34,
  7.36,
  7.37,
  7.36,
  7.38,
  7.38,
  7.36,
  7.32,
  7.33,
  7.35,
  7.36,
  7.36,
  7.36,
  7.35,
  7.34,
  7.32,
  7.32,
  7.29,
  7.3,
  7.32,
  7.31,
  7.32,
  7.36,
  7.35,
  7.3,
  7.28,
  7.29,
  7.29,
  7.28,
  7.31,
  7.31,
  7.36,
  7.32,
  7.32,
  7.31,
  7.3,
  7.29,
  7.27
 ]
}