{
 "theta_star": 6.950090019226468,
 "after_same_kick": 6.888420325042858,
 "after_orth_kick": 6.885916744098606,
 "traj_same": [
  1.63,
  5.59,
  6.5,
  6.8,
  6.91,
  6.91,
  6.94,
  6.94,
  6.95,
  6.96,
  6.96,
  6.94,
  6.94,
  6.95,
  6.95,
  6.94,
  6.97,
  6.95,
  6.95,
  6.96,
  6.95,
  6.93,
  6.93,
  6.92,
  6.92,
  6.94,
  6.93,
  6.94,
  6.92,
  6.92,
  6.93,
  6.93,
  6.91,
  6.94,
  6.93,
  6.95,
  6.93,
  6.93,
  6.93,
  6.93,
  6.91,
  6.94,
  6.92,
  6.91,
  6.91,
  6.91,
  6.91,
  6.92,
  6.91,
  6.91,
  6.9,
  6.92,
  6.92,
  6.93,
  6.93,
  6.92,
  6.9,
  6.9,
  6.92,
  6.92,
  6.92,
  6.94,
  6.93,
  6.92,
  6.92,
  6.93,
  6.92,
  6.92,
  6.92,
  6.91,
  6.93,
  6.93,
  6.94,
  6.93,
  6.92,
  6.91,
  6.88,
  6.9,
  6.89,
  6.9,
  6.92,
  6.92,
  6.9,
  6.89,
  6.92,
  6.89,
  6.89,
  6.9,
  6.89,
  6.88,
  6.89,
  6.9,
  6.92,
  6.89,
  6.89,
  6.88,
  6.87,
  6.88,
  6.88,
  6.88
 ],
 "traj_orth": [
  81.59,
  30.1,
  11.14,
  6.21,
  6.19,
  6.6,
  6.79,
  6.91,
  6.92,
  6.94,
  6.95,
  6.95,
  6.95,
  6.94,
  6.93,
  6.93,
  6.94,
  6.94,
  6.94,
  6.94,
  6.93,
  6.94,
  6.94,
  6.92,
  6.92,
  6.92,
  6.95,
  6.95,
  6.93,
  6.93,
  6.94,
  6.93,
  6.94,
  6.94,
  6.92,
  6.92,
  6.92,
  6.92,
  6.92,
  6.91,
  6.91,
  6.91,
  6.92,
  6.92,
  6.91,
  6.92,
  6.92,
  6.93,
  6.9,
  6.9,
  6.92,
  6.91,
  6.93,
  6.91,
  6.91,
  6.91,
  6.93,
  6.92,
  6.94,
  6.92,
  6.92,
  6.92,
  6.92,
  6.91,
  6.91,
  6.9,
  6.89,
  6.9,
  6.92,
  6.89,
  6.9,
  6.9,
  6.89,
  6.88,
  6.89,
  6.91,
  6.92,
  6.89,
  6.91,
  6.9,
  6.89,
  6.89,
  6.89,
  6.89,
  6.88,
  6.89,
  6.9,
  6.9,
  6.9,
  6.9,
  6.9,
  6.89,
  6.89,
  6.9,
  6.89,
  6.87,
  6.88,
  6.87,
  6.89,
  6.88
 ]
}