{
 "theta_star": 76.36768607444975,
 "after_same_kick": 66.65072471888467,
 "after_orth_kick": 63.749724319254405,
 "traj_same": [
  3.91,
  8.85,
  12.7,
  15.79,
  18.45,
  20.78,
  22.89,
  24.78,
  26.45,
  27.98,
  29.41,
  30.69,
  31.86,
  32.98,
  33.98,
  34.94,
  35.86,
  36.77,
  37.6,
  38.38,
  39.08,
  39.78,
  40.46,
  41.11,
  41.73,
  42.32,
  42.9,
  43.45,
  44.07,
  44.59,
  45.12,
  45.7,
  46.21,
  46.69,
  47.22,
  47.75,
  48.26,
  48.81,
  49.36,
  49.86,
  50.36,
  50.85,
  51.35,
  51.79,
  52.22,
  52.63,
  53.08,
  53.53,
  54.02,
  54.46,
  54.92,
  55.34,
  55.75,
  56.12,
  56.45,
  56.81,
  57.12,
  57.45,
  57.71,
  58.11,
  58.44,
  58.82,
  59.15,
  59.42,
  59.71,
  59.93,
  60.25,
  60.53,
  60.74,
  60.96,
  61.23,
  61.47,
  61.72,
  62.05,
  62.35,
  62.48,
  62.7,
  62.98,
  63.14,
  63.36,
  63.56,
  63.8,
  64.0,
  64.24,
  64.46,
  64.69,
  64.83,
  65.05,
  65.23,
  65.5,
  65.63,
  65.88,
  66.08,
  66.31,
  66.53,
  66.74,
  67.02,
  67.23,
  67.42,
  67.66
 ],
 "traj_orth": [
  89.68,
  86.29,
  82.28,
  77.78,
  72.85,
  67.64,
  62.29,
  56.95,
  51.78,
  46.92,
  42.45,
  38.38,
  34.82,
  31.74,
  29.17,
  27.12,
  25.61,
  24.67,
  24.16,
  24.11,
  24.41,
  25.03,
  25.79,
  26.7,
  27.65,
  28.67,
  29.7,
  30.77,
  31.79,
  32.83,
  33.85,
  34.81,
  35.74,
  36.64,
  37.46,
  38.26,
  39.0,
  39.81,
  40.54,
  41.3,
  42.02,
  42.63,
  43.3,
  43.91,
  44.55,
  45.15,
  45.8,
  46.46,
  47.09,
  47.65,
  48.23,
  48.74,
  49.26,
  49.77,
  50.27,
  50.75,
  51.21,
  51.69,
  52.17,
  52.57,
  53.01,
  53.39,
  53.79,
  54.19,
  54.62,
  55.04,
  55.42,
  55.75,
  56.13,
  56.42,
  56.82,
  57.19,
  57.53,
  57.88,
  58.23,
  58.53,
  58.87,
  59.23,
  59.55,
  59.83,
  60.1,
  60.4,
  60.63,
  60.96,
  61.19,
  61.46,
  61.67,
  61.94,
  62.22,
  62.46,
  62.78,
  62.96,
  63.21,
  63.42,
  63.63,
  63.85,
  64.08,
  64.29,
  64.52,
  64.77
 ]
}