{
 "theta_star": 10.558839146151547,
 "after_same_kick": 5.43558951267794,
 "after_orth_kick": 5.434929522311604,
 "traj_same": [
  1.45,
  4.78,
  5.31,
  5.42,
  5.44,
  5.46,
  5.46,
  5.45,
  5.45,
  5.46,
  5.46,
  5.46,
  5.44,
  5.44,
  5.46,
  5.44,
  5.45,
  5.45,
  5.45,
  5.44,
  5.47,
  5.43,
  5.44,
  5.44,
  5.45,
  5.46,
  5.45,
  5.44,
  5.44,
  5.45,
  5.45,
  5.43,
  5.45,
  5.46,
  5.44,
  5.44,
  5.44,
  5.45,
  5.44,
  5.44,
  5.45,
  5.44,
  5.45,
  5.44,
  5.43,
  5.44,
  5.43,
  5.45,
  5.45,
  5.43,
  5.44,
  5.44,
  5.43,
  5.44,
  5.44,
  5.44,
  5.44,
  5.43,
  5.43,
  5.43,
  5.43,
  5.44,
  5.44,
  5.44,
  5.44,
  5.43,
  5.43,
  5.42,
  5.42,
  5.44,
  5.43,
  5.45,
  5.44,
  5.45,
  5.43,
  5.44,
  5.44,
  5.44,
  5.44,
  5.42,
  5.43,
  5.44,
  5.43,
  5.43,
  5.44,
  5.43,
  5.44,
  5.43,
  5.43,
  5.44,
  5.43,
  5.44,
  5.44,
  5.44,
  5.45,
  5.42,
  5.43,
  5.43,
  5.45,
  5.43
 ],
 "traj_orth": [
  89.69,
  85.74,
  78.77,
  67.5,
  53.09,
  38.42,
  26.07,
  17.18,
  11.95,
  9.07,
  7.59,
  6.87,
  6.46,
  6.25,
  6.14,
  6.05,
  5.95,
  5.88,
  5.83,
  5.79,
  5.82,
  5.81,
  5.78,
  5.73,
  5.67,
  5.64,
  5.64,
  5.64,
  5.65,
  5.66,
  5.65,
  5.61,
  5.62,
  5.64,
  5.62,
  5.62,
  5.6,
  5.6,
  5.57,
  5.56,
  5.53,
  5.47,
  5.45,
  5.44,
  5.43,
  5.44,
  5.43,
  5.45,
  5.44,
  5.43,
  5.44,
  5.43,
  5.43,
  5.44,
  5.44,
  5.44,
  5.44,
  5.43,
  5.43,
  5.43,
  5.44,
  5.44,
  5.44,
  5.44,
  5.44,
  5.43,
  5.43,
  5.42,
  5.42,
  5.44,
  5.43,
  5.45,
  5.44,
  5.45,
  5.43,
  5.44,
  5.44,
  5.43,
  5.44,
  5.42,
  5.43,
  5.44,
  5.43,
  5.43,
  5.44,
  5.43,
  5.44,
  5.44,
  5.43,
  5.43,
  5.43,
  5.44,
  5.43,
  5.43,
  5.44,
  5.42,
  5.43,
  5.43,
  5.45,
  5.44
 ]
}