{
 "theta_star": 28.003802142289146,
 "after_same_kick": 24.39989332204138,
 "after_orth_kick": 24.614240267315722,
 "traj_same": [
  3.19,
  8.52,
  12.07,
  14.55,
  16.47,
  17.98,
  19.18,
  20.15,
  20.95,
  21.57,
  22.05,
  22.5,
  22.86,
  23.16,
  23.42,
  23.59,
  23.78,
  23.95,
  24.11,
  24.21,
  24.29,
  24.33,
  24.36,
  24.4,
  24.46,
  24.52,
  24.57,
  24.63,
  24.63,
  24.65,
  24.66,
  24.73,
  24.73,
  24.7,
  24.71,
  24.7,
  24.67,
  24.67,
  24.65,
  24.6,
  24.54,
  24.52,
  24.49,
  24.5,
  24.49,
  24.5,
  24.49,
  24.53,
  24.49,
  24.5,
  24.47,
  24.46,
  24.43,
  24.44,
  24.46,
  24.49,
  24.53,
  24.52,
  24.49,
  24.49,
  24.49,
  24.48,
  24.5,
  24.51,
  24.5,
  24.46,
  24.46,
  24.42,
  24.4,
  24.4,
  24.39,
  24.38,
  24.37,
  24.36,
  24.35,
  24.35,
  24.34,
  24.34,
  24.35,
  24.34,
  24.33,
  24.35,
  24.36,
  24.37,
  24.37,
  24.35,
  24.36,
  24.36,
  24.36,
  24.37,
  24.38,
  24.4,
  24.4,
  24.4,
  24.4,
  24.38,
  24.38,
  24.39,
  24.44,
  24.43
 ],
 "traj_orth": [
  89.7,
  86.28,
  81.36,
  75.03,
  67.55,
  59.49,
  51.39,
  43.78,
  36.95,
  31.21,
  26.52,
  23.03,
  20.61,
  19.14,
  18.45,
  18.3,
  18.53,
  19.03,
  19.68,
  20.32,
  20.94,
  21.46,
  21.92,
  22.32,
  22.71,
  23.07,
  23.36,
  23.65,
  23.83,
  24.01,
  24.13,
  24.26,
  24.32,
  24.36,
  24.47,
  24.53,
  24.56,
  24.62,
  24.67,
  24.65,
  24.66,
  24.68,
  24.7,
  24.73,
  24.75,
  24.8,
  24.81,
  24.84,
  24.81,
  24.84,
  24.82,
  24.81,
  24.78,
  24.79,
  24.83,
  24.88,
  24.96,
  24.98,
  24.94,
  24.94,
  24.95,
  24.93,
  24.93,
  24.91,
  24.89,
  24.84,
  24.82,
  24.78,
  24.76,
  24.75,
  24.75,
  24.74,
  24.74,
  24.72,
  24.71,
  24.71,
  24.68,
  24.67,
  24.65,
  24.63,
  24.61,
  24.6,
  24.6,
  24.6,
  24.59,
  24.58,
  24.6,
  24.58,
  24.57,
  24.57,
  24.58,
  24.6,
  24.62,
  24.65,
  24.66,
  24.63,
  24.61,
  24.61,
  24.62,
  24.56
 ]
}