{
 "theta_star": 21.737206862625207,
 "after_same_kick": 21.48327862348654,
 "after_orth_kick": 21.519714830939943,
 "traj_same": [
  3.66,
  8.66,
  12.1,
  14.43,
  16.16,
  17.42,
  18.39,
  19.08,
  19.66,
  20.05,
  20.38,
  20.6,
  20.78,
  20.93,
  21.09,
  21.2,
  21.3,
  21.34,
  21.41,
  21.44,
  21.53,
  21.57,
  21.59,
  21.6,
  21.62,
  21.62,
  21.57,
  21.51,
  21.52,
  21.58,
  21.58,
  21.58,
  21.56,
  21.57,
  21.52,
  21.53,
  21.57,
  21.63,
  21.68,
  21.71,
  21.69,
  21.64,
  21.62,
  21.64,
  21.67,
  21.67,
  21.7,
  21.68,
  21.66,
  21.61,
  21.61,
  21.62,
  21.63,
  21.63,
  21.62,
  21.62,
  21.57,
  21.5,
  21.47,
  21.49,
  21.45,
  21.43,
  21.38,
  21.38,
  21.36,
  21.41,
  21.45,
  21.43,
  21.44,
  21.43,
  21.42,
  21.43,
  21.47,
  21.45,
  21.46,
  21.47,
  21.47,
  21.45,
  21.45,
  21.47,
  21.45,
  21.47,
  21.49,
  21.52,
  21.55,
  21.52,
  21.49,
  21.52,
  21.54,
  21.51,
  21.49,
  21.49,
  21.49,
  21.49,
  21.46,
  21.44,
  21.45,
  21.49,
  21.53,
  21.51
 ],
 "traj_orth": [
  89.69,
  85.84,
  79.61,
  70.87,
  60.48,
  49.83,
  40.05,
  32.08,
  25.99,
  21.55,
  18.63,
  17.13,
  16.65,
  16.79,
  17.29,
  17.84,
  18.41,
  18.88,
  19.36,
  19.78,
  20.22,
  20.53,
  20.79,
  21.0,
  21.17,
  21.32,
  21.39,
  21.47,
  21.57,
  21.65,
  21.67,
  21.69,
  21.67,
  21.68,
  21.65,
  21.67,
  21.69,
  21.74,
  21.79,
  21.86,
  21.89,
  21.85,
  21.81,
  21.83,
  21.85,
  21.85,
  21.88,
  21.88,
  21.88,
  21.85,
  21.84,
  21.84,
  21.87,
  21.89,
  21.88,
  21.91,
  21.9,
  21.88,
  21.86,
  21.84,
  21.78,
  21.77,
  21.75,
  21.74,
  21.71,
  21.69,
  21.68,
  21.64,
  21.64,
  21.6,
  21.58,
  21.58,
  21.64,
  21.64,
  21.66,
  21.69,
  21.69,
  21.66,
  21.64,
  21.62,
  21.58,
  21.57,
  21.56,
  21.54,
  21.54,
  21.51,
  21.49,
  21.54,
  21.57,
  21.54,
  21.53,
  21.54,
  21.55,
  21.53,
  21.5,
  21.47,
  21.49,
  21.52,
  21.55,
  21.53
 ]
}