{
 "theta_star": 45.77520498821573,
 "after_same_kick": 38.09201347642154,
 "after_orth_kick": 37.77072144079557,
 "traj_same": [
  3.98,
  8.91,
  12.6,
  15.49,
  17.83,
  19.85,
  21.53,
  22.92,
  24.14,
  25.22,
  26.14,
  26.93,
  27.64,
  28.24,
  28.83,
  29.3,
  29.75,
  30.19,
  30.52,
  30.87,
  31.27,
  31.56,
  31.88,
  32.16,
  32.42,
  32.67,
  32.88,
  33.11,
  33.27,
  33.46,
  33.64,
  33.78,
  33.94,
  34.19,
  34.26,
  34.42,
  34.61,
  34.72,
  34.82,
  34.98,
  35.1,
  35.16,
  35.3,
  35.35,
  35.45,
  35.58,
  35.64,
  35.72,
  35.77,
  35.81,
  35.85,
  35.9,
  35.92,
  36.03,
  36.11,
  36.16,
  36.22,
  36.28,
  36.31,
  36.3,
  36.4,
  36.42,
  36.52,
  36.6,
  36.71,
  36.8,
  36.86,
  36.8,
  36.88,
  36.95,
  36.97,
  37.08,
  37.18,
  37.34,
  37.36,
  37.48,
  37.53,
  37.53,
  37.62,
  37.68,
  37.69,
  37.76,
  37.86,
  37.86,
  37.89,
  37.91,
  37.95,
  37.94,
  37.93,
  37.96,
  37.99,
  37.96,
  38.03,
  38.09,
  38.14,
  38.1,
  38.09,
  38.1,
  38.19,
  38.22
 ],
 "traj_orth": [
  89.7,
  86.29,
  81.92,
  76.67,
  70.73,
  64.36,
  57.95,
  51.7,
  45.78,
  40.35,
  35.6,
  31.52,
  28.2,
  25.59,
  23.78,
  22.54,
  21.98,
  21.85,
  22.03,
  22.42,
  23.06,
  23.71,
  24.41,
  25.14,
  25.87,
  26.55,
  27.18,
  27.8,
  28.35,
  28.87,
  29.37,
  29.79,
  30.25,
  30.75,
  31.1,
  31.48,
  31.87,
  32.21,
  32.5,
  32.82,
  33.11,
  33.33,
  33.61,
  33.79,
  33.98,
  34.23,
  34.39,
  34.54,
  34.68,
  34.8,
  34.92,
  35.06,
  35.14,
  35.3,
  35.44,
  35.54,
  35.65,
  35.75,
  35.81,
  35.83,
  35.95,
  35.97,
  36.11,
  36.22,
  36.35,
  36.44,
  36.49,
  36.43,
  36.5,
  36.58,
  36.59,
  36.69,
  36.76,
  36.88,
  36.88,
  36.99,
  37.03,
  37.06,
  37.16,
  37.23,
  37.24,
  37.3,
  37.4,
  37.39,
  37.41,
  37.41,
  37.46,
  37.46,
  37.48,
  37.54,
  37.59,
  37.58,
  37.65,
  37.73,
  37.8,
  37.79,
  37.81,
  37.84,
  37.94,
  37.98
 ]
}