{
 "theta_star": 78.91381973258758,
 "after_same_kick": 9.14894184609445,
 "after_orth_kick": 10.246430936648693,
 "traj_same": [
  3.11,
  6.38,
  7.86,
  8.58,
  8.96,
  9.14,
  9.2,
  9.28,
  9.34,
  9.35,
  9.37,
  9.37,
  9.39,
  9.43,
  9.54,
  9.61,
  9.61,
  9.66,
  9.63,
  9.61,
  9.59,
  9.62,
  9.66,
  9.69,
  9.69,
  9.68,
  9.63,
  9.62,
  9.6,
  9.55,
  9.47,
  9.37,
  9.25,
  9.15,
  9.13,
  9.12,
  9.09,
  9.06,
  9.06,
  9.07,
  9.08,
  9.07,
  9.07,
  9.11,
  9.13,
  9.13,
  9.18,
  9.2,
  9.23,
  9.26,
  9.24,
  9.25,
  9.26,
  9.24,
  9.27,
  9.26,
  9.28,
  9.26,
  9.26,
  9.29,
  9.25,
  9.24,
  9.26,
  9.23,
  9.19,
  9.18,
  9.15,
  9.17,
  9.18,
  9.2,
  9.16,
  9.16,
  9.15,
  9.15,
  9.14,
  9.16,
  9.17,
  9.13,
  9.13,
  9.12,
  9.12,
  9.13,
  9.15,
  9.12,
  9.11,
  9.15,
  9.13,
  9.08,
  9.09,
  9.11,
  9.1,
  9.13,
  9.15,
  9.16,
  9.17,
  9.15,
  9.14,
  9.16,
  9.15,
  9.18
 ],
 "traj_orth": [
  89.76,
  86.85,
  83.0,
  78.0,
  71.8,
  64.51,
  56.53,
  48.27,
  40.18,
  32.87,
  26.67,
  21.81,
  18.25,
  15.79,
  14.3,
  13.34,
  12.79,
  12.49,
  12.34,
  12.28,
  12.2,
  12.16,
  12.04,
  11.93,
  11.86,
  11.86,
  11.85,
  11.83,
  11.84,
  11.77,
  11.61,
  11.49,
  11.4,
  11.24,
  11.16,
  11.09,
  11.07,
  11.09,
  11.08,
  11.02,
  10.98,
  10.95,
  10.94,
  10.98,
  10.98,
  10.99,
  10.98,
  10.93,
  10.86,
  10.81,
  10.74,
  10.72,
  10.73,
  10.65,
  10.67,
  10.68,
  10.69,
  10.63,
  10.6,
  10.61,
  10.58,
  10.53,
  10.56,
  10.54,
  10.52,
  10.5,
  10.5,
  10.55,
  10.54,
  10.54,
  10.46,
  10.45,
  10.47,
  10.51,
  10.51,
  10.45,
  10.37,
  10.26,
  10.24,
  10.23,
  10.21,
  10.23,
  10.25,
  10.2,
  10.2,
  10.22,
  10.2,
  10.14,
  10.16,
  10.19,
  10.15,
  10.17,
  10.24,
  10.28,
  10.3,
  10.28,
  10.24,
  10.24,
  10.26,
  10.31
 ]
}