{
 "theta_star": 80.73482697586242,
 "after_same_kick": 9.70055978226846,
 "after_orth_kick": 9.992691109378043,
 "traj_same": [
  2.89,
  6.42,
  7.96,
  8.69,
  9.06,
  9.29,
  9.42,
  9.51,
  9.6,
  9.62,
  9.66,
  9.69,
  9.68,
  9.67,
  9.64,
  9.65,
  9.65,
  9.66,
  9.66,
  9.7,
  9.77,
  9.78,
  9.76,
  9.74,
  9.72,
  9.72,
  9.7,
  9.7,
  9.74,
  9.75,
  9.77,
  9.76,
  9.75,
  9.74,
  9.74,
  9.78,
  9.82,
  9.81,
  9.84,
  9.83,
  9.8,
  9.77,
  9.77,
  9.75,
  9.72,
  9.73,
  9.76,
  9.75,
  9.76,
  9.75,
  9.78,
  9.76,
  9.79,
  9.78,
  9.82,
  9.83,
  9.83,
  9.85,
  9.84,
  9.87,
  9.86,
  9.89,
  9.9,
  9.89,
  9.87,
  9.86,
  9.87,
  9.86,
  9.86,
  9.84,
  9.86,
  9.89,
  9.92,
  9.89,
  9.88,
  9.88,
  9.89,
  9.85,
  9.88,
  9.85,
  9.84,
  9.83,
  9.84,
  9.83,
  9.8,
  9.75,
  9.74,
  9.72,
  9.68,
  9.66,
  9.64,
  9.63,
  9.61,
  9.64,
  9.66,
  9.7,
  9.74,
  9.75,
  9.8,
  9.85
 ],
 "traj_orth": [
  89.72,
  86.55,
  82.35,
  76.9,
  70.15,
  62.24,
  53.77,
  45.41,
  37.67,
  31.03,
  25.56,
  21.3,
  18.07,
  15.75,
  14.09,
  13.02,
  12.34,
  11.78,
  11.45,
  11.21,
  11.1,
  11.03,
  10.97,
  10.95,
  10.94,
  10.95,
  10.91,
  10.85,
  10.82,
  10.78,
  10.76,
  10.76,
  10.74,
  10.68,
  10.66,
  10.62,
  10.65,
  10.66,
  10.64,
  10.6,
  10.57,
  10.52,
  10.51,
  10.5,
  10.47,
  10.48,
  10.48,
  10.53,
  10.54,
  10.51,
  10.48,
  10.44,
  10.43,
  10.39,
  10.4,
  10.44,
  10.47,
  10.47,
  10.42,
  10.4,
  10.34,
  10.34,
  10.32,
  10.35,
  10.33,
  10.33,
  10.33,
  10.29,
  10.27,
  10.22,
  10.15,
  10.09,
  10.06,
  10.02,
  10.04,
  10.06,
  10.06,
  10.06,
  10.08,
  10.08,
  10.07,
  10.08,
  10.08,
  10.1,
  10.09,
  10.1,
  10.06,
  10.0,
  9.98,
  9.96,
  9.95,
  9.92,
  9.95,
  9.95,
  9.99,
  10.01,
  10.02,
  10.04,
  10.05,
  10.05
 ]
}