{
 "theta_star": 80.33583716369311,
 "after_same_kick": 10.262145048702328,
 "after_orth_kick": 10.924274820640786,
 "traj_same": [
  2.91,
  6.45,
  8.03,
  8.79,
  9.2,
  9.44,
  9.6,
  9.74,
  9.82,
  9.88,
  9.95,
  9.97,
  10.04,
  10.1,
  10.16,
  10.17,
  10.22,
  10.25,
  10.37,
  10.43,
  10.46,
  10.44,
  10.38,
  10.39,
  10.45,
  10.54,
  10.59,
  10.56,
  10.54,
  10.48,
  10.4,
  10.34,
  10.32,
  10.35,
  10.37,
  10.34,
  10.34,
  10.31,
  10.27,
  10.23,
  10.23,
  10.24,
  10.24,
  10.29,
  10.31,
  10.31,
  10.3,
  10.27,
  10.22,
  10.21,
  10.24,
  10.3,
  10.32,
  10.35,
  10.36,
  10.31,
  10.3,
  10.26,
  10.2,
  10.17,
  10.2,
  10.2,
  10.2,
  10.19,
  10.19,
  10.18,
  10.17,
  10.15,
  10.16,
  10.13,
  10.12,
  10.12,
  10.08,
  10.08,
  10.05,
  10.09,
  10.1,
  10.13,
  10.14,
  10.16,
  10.16,
  10.16,
  10.18,
  10.15,
  10.14,
  10.11,
  10.15,
  10.17,
  10.2,
  10.2,
  10.2,
  10.2,
  10.18,
  10.19,
  10.21,
  10.29,
  10.33,
  10.37,
  10.34,
  10.3
 ],
 "traj_orth": [
  89.7,
  86.31,
  81.86,
  76.13,
  69.03,
  60.72,
  51.84,
  43.11,
  35.18,
  28.66,
  23.61,
  19.97,
  17.47,
  15.64,
  14.39,
  13.58,
  13.09,
  12.82,
  12.74,
  12.63,
  12.46,
  12.28,
  12.16,
  12.08,
  11.96,
  11.82,
  11.67,
  11.55,
  11.52,
  11.55,
  11.5,
  11.49,
  11.43,
  11.36,
  11.27,
  11.17,
  11.14,
  11.11,
  11.03,
  10.98,
  10.97,
  10.95,
  10.91,
  10.97,
  10.99,
  10.98,
  10.98,
  10.92,
  10.88,
  10.88,
  10.93,
  11.0,
  11.01,
  11.01,
  10.99,
  10.92,
  10.87,
  10.81,
  10.77,
  10.78,
  10.84,
  10.89,
  10.91,
  10.89,
  10.88,
  10.87,
  10.85,
  10.89,
  10.92,
  10.93,
  10.93,
  10.92,
  10.89,
  10.89,
  10.89,
  10.93,
  10.95,
  10.98,
  10.96,
  10.94,
  10.9,
  10.92,
  11.0,
  11.0,
  11.01,
  10.96,
  10.95,
  10.88,
  10.89,
  10.9,
  10.93,
  10.97,
  10.93,
  10.91,
  10.86,
  10.87,
  10.86,
  10.9,
  10.98,
  11.03
 ]
}