{
 "theta_star": 10.273534117385601,
 "after_same_kick": 5.347512781520581,
 "after_orth_kick": 5.3486962508019475,
 "traj_same": [
  1.49,
  4.74,
  5.25,
  5.34,
  5.36,
  5.37,
  5.37,
  5.36,
  5.37,
  5.34,
  5.35,
  5.35,
  5.35,
  5.35,
  5.33,
  5.34,
  5.34,
  5.35,
  5.35,
  5.35,
  5.38,
  5.36,
  5.34,
  5.34,
  5.33,
  5.35,
  5.34,
  5.33,
  5.34,
  5.34,
  5.34,
  5.34,
  5.35,
  5.34,
  5.34,
  5.36,
  5.36,
  5.34,
  5.34,
  5.35,
  5.34,
  5.35,
  5.36,
  5.35,
  5.35,
  5.35,
  5.36,
  5.35,
  5.35,
  5.34,
  5.36,
  5.34,
  5.35,
  5.35,
  5.36,
  5.34,
  5.35,
  5.37,
  5.36,
  5.36,
  5.34,
  5.35,
  5.36,
  5.34,
  5.34,
  5.33,
  5.34,
  5.34,
  5.34,
  5.34,
  5.35,
  5.34,
  5.37,
  5.35,
  5.35,
  5.36,
  5.36,
  5.35,
  5.37,
  5.35,
  5.36,
  5.36,
  5.37,
  5.36,
  5.36,
  5.34,
  5.36,
  5.35,
  5.35,
  5.36,
  5.36,
  5.35,
  5.34,
  5.34,
  5.34,
  5.34,
  5.36,
  5.34,
  5.35,
  5.36
 ],
 "traj_orth": [
  89.72,
  86.08,
  79.62,
  69.04,
  55.0,
  40.45,
  28.08,
  18.7,
  12.88,
  9.62,
  7.76,
  6.69,
  6.29,
  6.19,
  6.12,
  6.07,
  6.03,
  6.0,
  5.97,
  5.98,
  6.02,
  6.01,
  5.99,
  6.0,
  6.0,
  6.01,
  5.97,
  5.96,
  5.96,
  5.95,
  5.95,
  5.93,
  5.93,
  5.92,
  5.88,
  5.79,
  5.72,
  5.66,
  5.68,
  5.69,
  5.68,
  5.68,
  5.7,
  5.67,
  5.63,
  5.63,
  5.65,
  5.66,
  5.65,
  5.62,
  5.59,
  5.51,
  5.5,
  5.49,
  5.52,
  5.53,
  5.56,
  5.56,
  5.52,
  5.51,
  5.47,
  5.48,
  5.51,
  5.52,
  5.52,
  5.51,
  5.51,
  5.49,
  5.48,
  5.47,
  5.47,
  5.48,
  5.52,
  5.51,
  5.48,
  5.46,
  5.45,
  5.42,
  5.4,
  5.36,
  5.36,
  5.35,
  5.36,
  5.36,
  5.35,
  5.34,
  5.36,
  5.35,
  5.36,
  5.36,
  5.36,
  5.35,
  5.34,
  5.35,
  5.34,
  5.35,
  5.36,
  5.34,
  5.35,
  5.36
 ]
}