{
 "theta_star": 80.8405025848827,
 "after_same_kick": 10.30171798355063,
 "after_orth_kick": 10.587295831387902,
 "traj_same": [
  3.06,
  6.53,
  8.09,
  8.86,
  9.29,
  9.54,
  9.75,
  9.84,
  9.9,
  9.95,
  9.98,
  9.96,
  9.93,
  9.91,
  9.87,
  9.8,
  9.8,
  9.8,
  9.83,
  9.86,
  9.88,
  9.85,
  9.86,
  9.84,
  9.85,
  9.88,
  9.88,
  9.9,
  9.88,
  9.89,
  9.91,
  9.95,
  9.99,
  10.08,
  10.12,
  10.14,
  10.1,
  10.1,
  10.11,
  10.1,
  10.09,
  10.14,
  10.15,
  10.16,
  10.18,
  10.21,
  10.23,
  10.27,
  10.29,
  10.31,
  10.33,
  10.36,
  10.39,
  10.43,
  10.5,
  10.56,
  10.62,
  10.66,
  10.72,
  10.81,
  10.92,
  10.99,
  10.94,
  10.86,
  10.79,
  10.8,
  10.75,
  10.75,
  10.75,
  10.77,
  10.75,
  10.75,
  10.71,
  10.65,
  10.62,
  10.63,
  10.61,
  10.7,
  10.74,
  10.71,
  10.67,
  10.57,
  10.45,
  10.4,
  10.4,
  10.34,
  10.37,
  10.39,
  10.37,
  10.34,
  10.32,
  10.28,
  10.32,
  10.3,
  10.34,
  10.35,
  10.32,
  10.3,
  10.26,
  10.23
 ],
 "traj_orth": [
  89.69,
  86.27,
  81.8,
  76.05,
  68.93,
  60.64,
  51.73,
  42.98,
  34.97,
  27.98,
  22.27,
  17.9,
  14.89,
  13.14,
  12.36,
  12.1,
  12.0,
  11.95,
  11.9,
  11.86,
  11.86,
  11.87,
  11.87,
  11.83,
  11.83,
  11.86,
  11.93,
  11.94,
  11.93,
  11.93,
  11.9,
  11.86,
  11.83,
  11.81,
  11.71,
  11.58,
  11.44,
  11.31,
  11.23,
  11.18,
  11.14,
  11.06,
  10.97,
  10.92,
  10.9,
  10.92,
  10.91,
  10.93,
  10.93,
  10.93,
  10.95,
  10.92,
  10.93,
  10.92,
  10.89,
  10.9,
  10.94,
  11.05,
  11.15,
  11.23,
  11.26,
  11.22,
  11.16,
  11.06,
  10.96,
  10.95,
  10.96,
  11.0,
  11.06,
  11.03,
  11.02,
  10.86,
  10.71,
  10.65,
  10.65,
  10.66,
  10.68,
  10.66,
  10.66,
  10.66,
  10.66,
  10.68,
  10.7,
  10.69,
  10.68,
  10.67,
  10.66,
  10.67,
  10.67,
  10.69,
  10.69,
  10.65,
  10.62,
  10.61,
  10.58,
  10.52,
  10.56,
  10.54,
  10.58,
  10.51
 ]
}