{
 "theta_star": 81.78128363477161,
 "after_same_kick": 10.781026986211746,
 "after_orth_kick": 10.855486954384379,
 "traj_same": [
  3.23,
  6.64,
  8.26,
  9.08,
  9.51,
  9.79,
  9.93,
  10.04,
  10.16,
  10.25,
  10.36,
  10.43,
  10.5,
  10.5,
  10.52,
  10.57,
  10.62,
  10.62,
  10.64,
  10.65,
  10.74,
  10.75,
  10.81,
  10.81,
  10.81,
  10.79,
  10.72,
  10.64,
  10.62,
  10.65,
  10.69,
  10.73,
  10.8,
  10.8,
  10.82,
  10.85,
  10.89,
  10.93,
  10.93,
  10.95,
  11.04,
  11.05,
  11.1,
  11.16,
  11.14,
  11.12,
  11.08,
  11.06,
  11.06,
  11.08,
  11.15,
  11.17,
  11.19,
  11.19,
  11.25,
  11.24,
  11.26,
  11.25,
  11.17,
  11.2,
  11.24,
  11.25,
  11.28,
  11.3,
  11.29,
  11.29,
  11.28,
  11.23,
  11.21,
  11.25,
  11.31,
  11.31,
  11.29,
  11.34,
  11.36,
  11.33,
  11.29,
  11.29,
  11.28,
  11.26,
  11.25,
  11.24,
  11.2,
  11.12,
  11.1,
  11.04,
  11.02,
  10.99,
  10.99,
  11.02,
  11.02,
  11.04,
  10.92,
  10.8,
  10.77,
  10.73,
  10.67,
  10.61,
  10.62,
  10.63
 ],
 "traj_orth": [
  89.7,
  86.26,
  81.76,
  75.95,
  68.75,
  60.47,
  51.66,
  43.01,
  35.31,
  29.01,
  24.22,
  20.68,
  18.13,
  16.21,
  14.82,
  13.92,
  13.44,
  13.19,
  13.09,
  12.95,
  12.82,
  12.64,
  12.55,
  12.44,
  12.39,
  12.37,
  12.38,
  12.35,
  12.35,
  12.36,
  12.35,
  12.26,
  12.18,
  12.08,
  11.99,
  11.95,
  11.95,
  12.0,
  12.03,
  12.03,
  12.08,
  12.0,
  12.01,
  12.02,
  12.03,
  12.06,
  12.09,
  12.06,
  12.09,
  12.07,
  12.06,
  12.02,
  11.99,
  12.05,
  12.18,
  12.2,
  12.17,
  12.12,
  12.05,
  12.05,
  12.05,
  12.05,
  12.07,
  12.05,
  11.97,
  11.93,
  11.88,
  11.75,
  11.72,
  11.71,
  11.72,
  11.68,
  11.62,
  11.61,
  11.55,
  11.47,
  11.41,
  11.39,
  11.4,
  11.4,
  11.38,
  11.24,
  11.1,
  10.96,
  10.94,
  10.89,
  10.89,
  10.91,
  10.95,
  10.97,
  10.95,
  10.92,
  10.87,
  10.87,
  10.9,
  10.88,
  10.82,
  10.78,
  10.79,
  10.78
 ]
}