{
 "theta_star": 80.8405025848827,
 "after_same_kick": 10.30171798355063,
 "after_orth_kick": 10.756423016935182,
 "traj_same": [
  3.06,
  6.53,
  8.09,
  8.86,
  9.29,
  9.54,
  9.75,
  9.84,
  9.9,
  9.95,
  9.98,
  9.96,
  9.93,
  9.91,
  9.87,
  9.8,
  9.8,
  9.8,
  9.83,
  9.86,
  9.88,
  9.85,
  9.86,
  9.84,
  9.85,
  9.88,
  9.88,
  9.9,
  9.88,
  9.89,
  9.91,
  9.95,
  9.99,
  10.08,
  10.12,
  10.14,
  10.1,
  10.1,
  10.11,
  10.1,
  10.09,
  10.14,
  10.15,
  10.16,
  10.18,
  10.21,
  10.23,
  10.27,
  10.29,
  10.31,
  10.33,
  10.36,
  10.39,
  10.43,
  10.5,
  10.56,
  10.62,
  10.66,
  10.72,
  10.81,
  10.92,
  10.99,
  10.94,
  10.86,
  10.79,
  10.8,
  10.75,
  10.75,
  10.75,
  10.77,
  10.75,
  10.75,
  10.71,
  10.65,
  10.62,
  10.63,
  10.61,
  10.7,
  10.74,
  10.71,
  10.67,
  10.57,
  10.45,
  10.4,
  10.4,
  10.34,
  10.37,
  10.39,
  10.37,
  10.34,
  10.32,
  10.28,
  10.32,
  10.3,
  10.34,
  10.35,
  10.32,
  10.3,
  10.26,
  10.23
 ],
 "traj_orth": [
  89.69,
  86.29,
  81.81,
  76.04,
  68.89,
  60.53,
  51.58,
  42.82,
  34.85,
  27.89,
  22.21,
  17.87,
  14.92,
  13.21,
  12.32,
  11.97,
  11.92,
  11.96,
  12.0,
  12.01,
  12.04,
  11.99,
  11.93,
  11.81,
  11.73,
  11.8,
  11.84,
  11.9,
  11.93,
  11.94,
  11.93,
  11.89,
  11.84,
  11.86,
  11.81,
  11.79,
  11.66,
  11.53,
  11.38,
  11.22,
  11.13,
  11.15,
  11.15,
  11.09,
  11.04,
  11.02,
  11.0,
  11.01,
  11.03,
  11.06,
  11.04,
  11.06,
  11.04,
  10.99,
  10.99,
  11.03,
  11.08,
  11.12,
  11.14,
  11.14,
  11.13,
  11.12,
  11.12,
  11.1,
  11.13,
  11.16,
  11.2,
  11.19,
  11.11,
  11.07,
  11.06,
  11.05,
  11.04,
  11.03,
  10.99,
  10.98,
  10.93,
  10.98,
  11.02,
  11.08,
  11.1,
  11.07,
  10.98,
  10.95,
  10.96,
  10.93,
  10.96,
  10.93,
  10.88,
  10.81,
  10.76,
  10.71,
  10.74,
  10.74,
  10.79,
  10.83,
  10.8,
  10.76,
  10.73,
  10.71
 ]
}