{
 "theta_star": 77.11933081488671,
 "after_same_kick": 10.66219812522875,
 "after_orth_kick": 11.532965448819338,
 "traj_same": [
  2.9,
  6.41,
  7.99,
  8.76,
  9.2,
  9.51,
  9.72,
  9.88,
  9.98,
  10.06,
  10.12,
  10.16,
  10.22,
  10.27,
  10.38,
  10.49,
  10.56,
  10.61,
  10.64,
  10.68,
  10.7,
  10.7,
  10.67,
  10.7,
  10.78,
  10.85,
  10.92,
  10.9,
  10.91,
  10.94,
  10.94,
  10.95,
  10.92,
  10.89,
  10.85,
  10.84,
  10.82,
  10.79,
  10.78,
  10.78,
  10.82,
  10.82,
  10.87,
  10.92,
  10.94,
  10.91,
  10.81,
  10.75,
  10.74,
  10.73,
  10.71,
  10.76,
  10.78,
  10.81,
  10.79,
  10.77,
  10.75,
  10.78,
  10.75,
  10.77,
  10.83,
  10.88,
  10.94,
  10.95,
  11.06,
  11.15,
  11.19,
  11.17,
  11.15,
  11.1,
  11.13,
  11.17,
  11.19,
  11.21,
  11.17,
  11.14,
  11.11,
  11.1,
  11.1,
  11.1,
  11.1,
  11.07,
  10.97,
  10.92,
  10.81,
  10.76,
  10.75,
  10.74,
  10.75,
  10.71,
  10.7,
  10.68,
  10.68,
  10.69,
  10.68,
  10.69,
  10.65,
  10.64,
  10.61,
  10.61
 ],
 "traj_orth": [
  89.72,
  86.55,
  82.32,
  76.88,
  70.15,
  62.29,
  53.79,
  45.27,
  37.41,
  30.57,
  25.23,
  21.22,
  18.48,
  16.7,
  15.6,
  14.9,
  14.46,
  14.21,
  13.98,
  13.83,
  13.66,
  13.56,
  13.42,
  13.32,
  13.26,
  13.21,
  13.16,
  13.09,
  13.05,
  13.01,
  12.96,
  12.9,
  12.8,
  12.72,
  12.56,
  12.49,
  12.42,
  12.31,
  12.18,
  12.1,
  12.07,
  12.01,
  12.03,
  12.05,
  12.03,
  12.01,
  11.92,
  11.88,
  11.84,
  11.79,
  11.74,
  11.79,
  11.84,
  11.86,
  11.83,
  11.77,
  11.73,
  11.73,
  11.7,
  11.73,
  11.77,
  11.79,
  11.78,
  11.75,
  11.8,
  11.88,
  12.0,
  12.02,
  12.07,
  12.04,
  12.02,
  12.0,
  11.92,
  11.9,
  11.83,
  11.79,
  11.71,
  11.65,
  11.59,
  11.55,
  11.49,
  11.49,
  11.47,
  11.54,
  11.57,
  11.58,
  11.54,
  11.51,
  11.51,
  11.52,
  11.55,
  11.57,
  11.59,
  11.59,
  11.55,
  11.52,
  11.49,
  11.49,
  11.49,
  11.49
 ]
}