{
 "theta_star": 27.173480024340275,
 "after_same_kick": 24.84846122524467,
 "after_orth_kick": 25.409763687784608,
 "traj_same": [
  3.31,
  8.49,
  12.05,
  14.57,
  16.52,
  18.1,
  19.34,
  20.32,
  21.12,
  21.75,
  22.32,
  22.76,
  23.1,
  23.38,
  23.59,
  23.81,
  23.95,
  24.07,
  24.15,
  24.26,
  24.34,
  24.42,
  24.46,
  24.52,
  24.56,
  24.65,
  24.68,
  24.77,
  24.86,
  24.9,
  24.98,
  25.07,
  25.13,
  25.2,
  25.27,
  25.31,
  25.33,
  25.32,
  25.31,
  25.3,
  25.28,
  25.31,
  25.37,
  25.4,
  25.45,
  25.44,
  25.48,
  25.5,
  25.5,
  25.5,
  25.53,
  25.5,
  25.49,
  25.47,
  25.46,
  25.42,
  25.34,
  25.3,
  25.26,
  25.22,
  25.18,
  25.15,
  25.15,
  25.1,
  25.07,
  25.05,
  25.02,
  24.99,
  24.95,
  24.89,
  24.9,
  24.89,
  24.87,
  24.84,
  24.85,
  24.84,
  24.84,
  24.84,
  24.87,
  24.85,
  24.88,
  24.86,
  24.83,
  24.85,
  24.86,
  24.83,
  24.85,
  24.84,
  24.84,
  24.81,
  24.8,
  24.79,
  24.79,
  24.81,
  24.86,
  24.88,
  24.89,
  24.88,
  24.9,
  24.88
 ],
 "traj_orth": [
  89.73,
  86.42,
  81.67,
  75.48,
  68.17,
  60.25,
  52.37,
  45.02,
  38.4,
  32.79,
  28.21,
  24.69,
  22.18,
  20.55,
  19.58,
  19.23,
  19.29,
  19.54,
  20.04,
  20.55,
  21.14,
  21.67,
  22.11,
  22.52,
  22.9,
  23.25,
  23.53,
  23.78,
  24.08,
  24.33,
  24.52,
  24.67,
  24.84,
  24.94,
  25.08,
  25.17,
  25.26,
  25.29,
  25.29,
  25.25,
  25.24,
  25.21,
  25.21,
  25.22,
  25.2,
  25.2,
  25.18,
  25.19,
  25.18,
  25.18,
  25.19,
  25.2,
  25.21,
  25.26,
  25.3,
  25.34,
  25.35,
  25.37,
  25.39,
  25.41,
  25.41,
  25.43,
  25.44,
  25.46,
  25.43,
  25.44,
  25.43,
  25.42,
  25.41,
  25.39,
  25.37,
  25.35,
  25.37,
  25.37,
  25.38,
  25.38,
  25.41,
  25.44,
  25.44,
  25.41,
  25.43,
  25.4,
  25.4,
  25.45,
  25.44,
  25.43,
  25.39,
  25.34,
  25.36,
  25.43,
  25.47,
  25.43,
  25.4,
  25.39,
  25.41,
  25.43,
  25.44,
  25.41,
  25.37,
  25.34
 ]
}