{
 "theta_star": 12.988145795207883,
 "after_same_kick": 5.383567932606499,
 "after_orth_kick": 5.384613223845995,
 "traj_same": [
  1.43,
  4.78,
  5.29,
  5.4,
  5.43,
  5.41,
  5.42,
  5.41,
  5.41,
  5.42,
  5.41,
  5.4,
  5.4,
  5.41,
  5.41,
  5.4,
  5.42,
  5.41,
  5.41,
  5.42,
  5.41,
  5.4,
  5.4,
  5.39,
  5.38,
  5.4,
  5.39,
  5.4,
  5.39,
  5.39,
  5.4,
  5.41,
  5.39,
  5.41,
  5.4,
  5.41,
  5.39,
  5.4,
  5.4,
  5.4,
  5.39,
  5.42,
  5.41,
  5.4,
  5.41,
  5.4,
  5.39,
  5.4,
  5.39,
  5.39,
  5.39,
  5.41,
  5.41,
  5.41,
  5.41,
  5.4,
  5.39,
  5.39,
  5.4,
  5.4,
  5.41,
  5.42,
  5.42,
  5.41,
  5.4,
  5.41,
  5.4,
  5.39,
  5.39,
  5.39,
  5.4,
  5.4,
  5.41,
  5.4,
  5.4,
  5.39,
  5.37,
  5.38,
  5.38,
  5.39,
  5.4,
  5.39,
  5.38,
  5.38,
  5.4,
  5.37,
  5.38,
  5.38,
  5.38,
  5.37,
  5.38,
  5.38,
  5.4,
  5.38,
  5.39,
  5.38,
  5.38,
  5.38,
  5.38,
  5.38
 ],
 "traj_orth": [
  89.69,
  85.84,
  79.09,
  68.11,
  53.56,
  38.7,
  25.99,
  16.29,
  10.1,
  7.38,
  6.74,
  6.55,
  6.38,
  6.18,
  6.03,
  5.93,
  5.85,
  5.76,
  5.72,
  5.72,
  5.71,
  5.69,
  5.66,
  5.58,
  5.55,
  5.55,
  5.53,
  5.53,
  5.53,
  5.55,
  5.57,
  5.6,
  5.57,
  5.58,
  5.56,
  5.55,
  5.53,
  5.54,
  5.55,
  5.56,
  5.55,
  5.57,
  5.56,
  5.55,
  5.55,
  5.54,
  5.52,
  5.52,
  5.5,
  5.51,
  5.5,
  5.53,
  5.52,
  5.51,
  5.49,
  5.45,
  5.4,
  5.37,
  5.38,
  5.38,
  5.38,
  5.4,
  5.39,
  5.39,
  5.38,
  5.4,
  5.39,
  5.39,
  5.38,
  5.38,
  5.4,
  5.4,
  5.41,
  5.39,
  5.39,
  5.39,
  5.37,
  5.39,
  5.38,
  5.39,
  5.4,
  5.39,
  5.38,
  5.38,
  5.4,
  5.37,
  5.38,
  5.39,
  5.38,
  5.38,
  5.38,
  5.38,
  5.4,
  5.38,
  5.39,
  5.38,
  5.38,
  5.38,
  5.39,
  5.38
 ]
}