{
 "theta_star": 11.449795851667982,
 "after_same_kick": 5.3906192708128895,
 "after_orth_kick": 5.565763913024233,
 "traj_same": [
  1.43,
  4.77,
  5.3,
  5.41,
  5.42,
  5.42,
  5.42,
  5.43,
  5.41,
  5.41,
  5.43,
  5.41,
  5.41,
  5.43,
  5.42,
  5.43,
  5.43,
  5.44,
  5.43,
  5.42,
  5.41,
  5.43,
  5.42,
  5.42,
  5.42,
  5.41,
  5.42,
  5.41,
  5.43,
  5.4,
  5.4,
  5.4,
  5.39,
  5.41,
  5.41,
  5.4,
  5.41,
  5.4,
  5.4,
  5.4,
  5.41,
  5.41,
  5.41,
  5.41,
  5.39,
  5.4,
  5.41,
  5.41,
  5.41,
  5.4,
  5.42,
  5.41,
  5.41,
  5.41,
  5.41,
  5.41,
  5.41,
  5.41,
  5.41,
  5.4,
  5.41,
  5.41,
  5.41,
  5.4,
  5.4,
  5.4,
  5.41,
  5.4,
  5.4,
  5.4,
  5.4,
  5.41,
  5.42,
  5.41,
  5.4,
  5.38,
  5.39,
  5.38,
  5.38,
  5.39,
  5.39,
  5.39,
  5.4,
  5.41,
  5.41,
  5.39,
  5.39,
  5.4,
  5.4,
  5.39,
  5.39,
  5.4,
  5.4,
  5.39,
  5.39,
  5.38,
  5.38,
  5.38,
  5.4,
  5.4
 ],
 "traj_orth": [
  89.68,
  85.66,
  78.63,
  67.22,
  52.13,
  36.72,
  24.08,
  15.49,
  10.45,
  8.05,
  7.12,
  6.68,
  6.41,
  6.21,
  6.1,
  6.05,
  6.04,
  6.04,
  6.03,
  6.0,
  5.98,
  5.96,
  5.95,
  5.99,
  6.03,
  6.06,
  6.05,
  6.03,
  6.04,
  5.97,
  5.96,
  5.98,
  5.98,
  6.01,
  6.01,
  6.01,
  6.01,
  5.96,
  5.93,
  5.96,
  5.99,
  6.01,
  6.0,
  5.97,
  5.93,
  5.91,
  5.92,
  5.91,
  5.94,
  5.97,
  5.95,
  5.91,
  5.9,
  5.87,
  5.83,
  5.82,
  5.84,
  5.86,
  5.85,
  5.83,
  5.81,
  5.8,
  5.82,
  5.83,
  5.83,
  5.83,
  5.82,
  5.8,
  5.78,
  5.75,
  5.71,
  5.7,
  5.71,
  5.73,
  5.72,
  5.66,
  5.61,
  5.56,
  5.53,
  5.56,
  5.58,
  5.6,
  5.62,
  5.6,
  5.58,
  5.54,
  5.54,
  5.55,
  5.56,
  5.57,
  5.59,
  5.6,
  5.57,
  5.55,
  5.55,
  5.53,
  5.53,
  5.56,
  5.59,
  5.58
 ]
}