{
 "theta_star": 67.44806738310469,
 "after_same_kick": 57.00935342879279,
 "after_orth_kick": 54.97970370367106,
 "traj_same": [
  3.73,
  8.71,
  12.45,
  15.33,
  17.8,
  19.98,
  21.89,
  23.59,
  25.1,
  26.4,
  27.63,
  28.7,
  29.67,
  30.57,
  31.41,
  32.22,
  32.94,
  33.64,
  34.27,
  34.87,
  35.47,
  36.04,
  36.57,
  37.08,
  37.56,
  38.11,
  38.53,
  38.99,
  39.47,
  39.93,
  40.38,
  40.83,
  41.2,
  41.61,
  42.04,
  42.44,
  42.81,
  43.13,
  43.46,
  43.81,
  44.15,
  44.48,
  44.86,
  45.18,
  45.51,
  45.8,
  46.11,
  46.39,
  46.71,
  47.0,
  47.37,
  47.66,
  47.97,
  48.22,
  48.6,
  48.9,
  49.19,
  49.54,
  49.83,
  50.08,
  50.37,
  50.64,
  50.91,
  51.08,
  51.26,
  51.57,
  51.85,
  52.14,
  52.34,
  52.53,
  52.77,
  52.98,
  53.19,
  53.37,
  53.64,
  53.88,
  54.08,
  54.34,
  54.57,
  54.75,
  55.01,
  55.2,
  55.36,
  55.54,
  55.66,
  55.78,
  55.99,
  56.21,
  56.33,
  56.43,
  56.58,
  56.62,
  56.76,
  56.84,
  56.97,
  57.08,
  57.23,
  57.27,
  57.35,
  57.4
 ],
 "traj_orth": [
  89.73,
  86.72,
  83.15,
  79.06,
  74.6,
  69.8,
  64.85,
  59.88,
  54.98,
  50.32,
  45.93,
  41.86,
  38.17,
  34.85,
  31.91,
  29.45,
  27.41,
  25.79,
  24.73,
  24.09,
  23.82,
  23.84,
  24.1,
  24.54,
  25.13,
  25.86,
  26.59,
  27.35,
  28.17,
  29.0,
  29.8,
  30.55,
  31.36,
  32.11,
  32.86,
  33.61,
  34.33,
  35.0,
  35.64,
  36.28,
  36.93,
  37.5,
  38.06,
  38.6,
  39.09,
  39.58,
  40.01,
  40.45,
  40.88,
  41.29,
  41.74,
  42.17,
  42.56,
  42.91,
  43.3,
  43.7,
  44.05,
  44.45,
  44.82,
  45.21,
  45.56,
  45.94,
  46.34,
  46.71,
  47.03,
  47.36,
  47.67,
  47.97,
  48.29,
  48.6,
  48.95,
  49.2,
  49.52,
  49.76,
  50.12,
  50.41,
  50.66,
  50.94,
  51.19,
  51.4,
  51.67,
  51.9,
  52.18,
  52.48,
  52.73,
  52.99,
  53.21,
  53.41,
  53.69,
  53.94,
  54.14,
  54.36,
  54.54,
  54.72,
  54.95,
  55.07,
  55.23,
  55.42,
  55.61,
  55.77
 ]
}