{
 "theta_star": 11.37991141842352,
 "after_same_kick": 5.472399053880954,
 "after_orth_kick": 5.5611981785782705,
 "traj_same": [
  1.42,
  4.75,
  5.23,
  5.36,
  5.37,
  5.36,
  5.37,
  5.38,
  5.36,
  5.36,
  5.36,
  5.36,
  5.35,
  5.35,
  5.35,
  5.34,
  5.36,
  5.36,
  5.36,
  5.36,
  5.36,
  5.36,
  5.37,
  5.37,
  5.37,
  5.35,
  5.36,
  5.35,
  5.36,
  5.37,
  5.36,
  5.36,
  5.35,
  5.36,
  5.36,
  5.37,
  5.37,
  5.36,
  5.38,
  5.36,
  5.35,
  5.35,
  5.34,
  5.34,
  5.34,
  5.35,
  5.36,
  5.35,
  5.35,
  5.35,
  5.36,
  5.36,
  5.36,
  5.36,
  5.36,
  5.37,
  5.35,
  5.36,
  5.36,
  5.36,
  5.36,
  5.35,
  5.36,
  5.36,
  5.34,
  5.35,
  5.35,
  5.36,
  5.34,
  5.35,
  5.36,
  5.35,
  5.36,
  5.36,
  5.35,
  5.36,
  5.36,
  5.37,
  5.37,
  5.37,
  5.37,
  5.36,
  5.37,
  5.36,
  5.37,
  5.37,
  5.36,
  5.38,
  5.38,
  5.38,
  5.38,
  5.38,
  5.39,
  5.42,
  5.47,
  5.51,
  5.54,
  5.55,
  5.55,
  5.55
 ],
 "traj_orth": [
  89.73,
  86.11,
  79.65,
  69.19,
  55.42,
  41.18,
  28.75,
  18.95,
  12.43,
  9.06,
  7.48,
  6.68,
  6.3,
  6.04,
  5.86,
  5.79,
  5.77,
  5.77,
  5.78,
  5.77,
  5.73,
  5.68,
  5.62,
  5.56,
  5.52,
  5.5,
  5.54,
  5.55,
  5.57,
  5.56,
  5.54,
  5.52,
  5.5,
  5.51,
  5.54,
  5.58,
  5.58,
  5.55,
  5.54,
  5.52,
  5.5,
  5.5,
  5.52,
  5.54,
  5.54,
  5.53,
  5.53,
  5.51,
  5.5,
  5.52,
  5.57,
  5.58,
  5.57,
  5.55,
  5.54,
  5.53,
  5.52,
  5.53,
  5.53,
  5.54,
  5.53,
  5.53,
  5.54,
  5.52,
  5.51,
  5.53,
  5.52,
  5.51,
  5.48,
  5.49,
  5.5,
  5.5,
  5.53,
  5.55,
  5.53,
  5.52,
  5.5,
  5.51,
  5.5,
  5.49,
  5.51,
  5.52,
  5.53,
  5.52,
  5.5,
  5.49,
  5.47,
  5.48,
  5.48,
  5.51,
  5.53,
  5.54,
  5.55,
  5.54,
  5.53,
  5.5,
  5.51,
  5.56,
  5.65,
  5.7
 ]
}