{
 "theta_star": 75.0559331047468,
 "after_same_kick": 10.303955000081231,
 "after_orth_kick": 11.7401286036456,
 "traj_same": [
  3.22,
  6.51,
  8.03,
  8.79,
  9.19,
  9.5,
  9.69,
  9.83,
  9.93,
  9.97,
  10.01,
  9.97,
  9.97,
  9.97,
  9.98,
  10.02,
  10.11,
  10.22,
  10.31,
  10.43,
  10.56,
  10.63,
  10.57,
  10.54,
  10.57,
  10.57,
  10.6,
  10.58,
  10.59,
  10.58,
  10.57,
  10.59,
  10.57,
  10.55,
  10.51,
  10.51,
  10.55,
  10.58,
  10.58,
  10.57,
  10.59,
  10.53,
  10.5,
  10.56,
  10.6,
  10.7,
  10.71,
  10.72,
  10.72,
  10.68,
  10.63,
  10.72,
  10.78,
  10.81,
  10.8,
  10.77,
  10.77,
  10.81,
  10.82,
  10.88,
  10.97,
  10.99,
  11.02,
  10.93,
  10.9,
  10.8,
  10.69,
  10.56,
  10.5,
  10.4,
  10.39,
  10.38,
  10.36,
  10.37,
  10.38,
  10.36,
  10.36,
  10.3,
  10.29,
  10.27,
  10.26,
  10.29,
  10.28,
  10.32,
  10.3,
  10.32,
  10.31,
  10.31,
  10.33,
  10.33,
  10.41,
  10.42,
  10.4,
  10.35,
  10.28,
  10.27,
  10.25,
  10.22,
  10.22,
  10.22
 ],
 "traj_orth": [
  89.73,
  86.58,
  82.39,
  76.99,
  70.3,
  62.46,
  53.94,
  45.34,
  37.35,
  30.29,
  24.82,
  20.7,
  17.93,
  16.12,
  15.05,
  14.36,
  13.9,
  13.67,
  13.46,
  13.36,
  13.29,
  13.27,
  13.17,
  13.07,
  13.07,
  13.06,
  13.1,
  13.12,
  13.13,
  13.1,
  13.07,
  13.08,
  13.01,
  13.0,
  12.93,
  12.89,
  12.88,
  12.85,
  12.81,
  12.75,
  12.76,
  12.68,
  12.63,
  12.59,
  12.59,
  12.65,
  12.59,
  12.53,
  12.51,
  12.44,
  12.28,
  12.24,
  12.22,
  12.27,
  12.3,
  12.32,
  12.37,
  12.43,
  12.44,
  12.46,
  12.47,
  12.46,
  12.45,
  12.39,
  12.43,
  12.4,
  12.4,
  12.35,
  12.33,
  12.27,
  12.29,
  12.23,
  12.18,
  12.21,
  12.19,
  12.16,
  12.17,
  12.14,
  12.13,
  12.12,
  12.09,
  12.1,
  12.07,
  12.15,
  12.1,
  12.09,
  12.03,
  12.0,
  11.99,
  11.93,
  11.92,
  11.93,
  11.84,
  11.76,
  11.69,
  11.64,
  11.61,
  11.65,
  11.7,
  11.68
 ]
}