{
 "theta_star": 23.295143490187264,
 "after_same_kick": 21.311706178799405,
 "after_orth_kick": 21.31754087534628,
 "traj_same": [
  3.17,
  8.47,
  11.99,
  14.38,
  16.12,
  17.4,
  18.37,
  19.09,
  19.61,
  20.02,
  20.35,
  20.57,
  20.77,
  20.94,
  21.02,
  21.09,
  21.16,
  21.26,
  21.3,
  21.31,
  21.29,
  21.3,
  21.3,
  21.31,
  21.32,
  21.33,
  21.34,
  21.35,
  21.39,
  21.37,
  21.38,
  21.39,
  21.37,
  21.39,
  21.43,
  21.44,
  21.44,
  21.46,
  21.49,
  21.47,
  21.46,
  21.45,
  21.45,
  21.43,
  21.45,
  21.46,
  21.51,
  21.54,
  21.55,
  21.56,
  21.59,
  21.58,
  21.58,
  21.53,
  21.47,
  21.45,
  21.41,
  21.39,
  21.36,
  21.35,
  21.36,
  21.37,
  21.37,
  21.34,
  21.36,
  21.35,
  21.38,
  21.36,
  21.35,
  21.35,
  21.34,
  21.33,
  21.32,
  21.34,
  21.36,
  21.3,
  21.3,
  21.29,
  21.26,
  21.29,
  21.3,
  21.31,
  21.32,
  21.34,
  21.33,
  21.3,
  21.29,
  21.3,
  21.31,
  21.33,
  21.31,
  21.31,
  21.3,
  21.3,
  21.31,
  21.3,
  21.32,
  21.32,
  21.33,
  21.33
 ],
 "traj_orth": [
  89.69,
  85.74,
  79.36,
  70.44,
  59.82,
  48.96,
  39.06,
  30.92,
  24.81,
  20.46,
  17.7,
  16.3,
  15.96,
  16.24,
  16.76,
  17.4,
  18.04,
  18.67,
  19.16,
  19.57,
  19.89,
  20.22,
  20.49,
  20.68,
  20.85,
  21.01,
  21.12,
  21.22,
  21.32,
  21.35,
  21.41,
  21.47,
  21.48,
  21.51,
  21.56,
  21.58,
  21.6,
  21.63,
  21.67,
  21.64,
  21.63,
  21.63,
  21.65,
  21.65,
  21.69,
  21.72,
  21.76,
  21.76,
  21.76,
  21.74,
  21.74,
  21.73,
  21.74,
  21.71,
  21.65,
  21.61,
  21.55,
  21.53,
  21.49,
  21.47,
  21.47,
  21.46,
  21.45,
  21.42,
  21.44,
  21.42,
  21.45,
  21.44,
  21.44,
  21.46,
  21.46,
  21.45,
  21.43,
  21.45,
  21.46,
  21.39,
  21.39,
  21.39,
  21.37,
  21.4,
  21.4,
  21.4,
  21.41,
  21.43,
  21.42,
  21.37,
  21.37,
  21.36,
  21.34,
  21.33,
  21.28,
  21.27,
  21.26,
  21.27,
  21.31,
  21.34,
  21.38,
  21.36,
  21.35,
  21.35
 ]
}