{
 "theta_star": 40.84098303859082,
 "after_same_kick": 7.009464946901235,
 "after_orth_kick": 7.11076013605347,
 "traj_same": [
  2.34,
  5.61,
  6.57,
  6.87,
  6.97,
  7.02,
  7.04,
  7.02,
  7.03,
  7.0,
  7.0,
  7.01,
  7.01,
  7.02,
  6.98,
  7.01,
  7.01,
  7.01,
  7.01,
  7.03,
  7.07,
  7.07,
  7.04,
  7.03,
  7.02,
  7.04,
  7.0,
  6.97,
  6.98,
  6.97,
  6.97,
  6.97,
  6.97,
  6.96,
  6.97,
  7.0,
  7.0,
  6.98,
  6.98,
  7.0,
  6.98,
  6.99,
  7.01,
  7.0,
  6.99,
  6.98,
  7.0,
  6.99,
  7.0,
  6.98,
  7.01,
  6.98,
  7.0,
  6.99,
  7.0,
  6.98,
  6.98,
  7.01,
  7.0,
  7.02,
  6.99,
  7.0,
  7.01,
  6.99,
  6.97,
  6.98,
  6.99,
  6.98,
  6.99,
  6.99,
  7.01,
  7.0,
  7.03,
  7.0,
  7.01,
  7.02,
  7.03,
  7.01,
  7.03,
  7.01,
  7.02,
  7.01,
  7.02,
  7.03,
  7.01,
  6.99,
  7.02,
  7.01,
  7.01,
  7.02,
  7.01,
  7.0,
  6.98,
  7.0,
  7.0,
  7.01,
  7.03,
  7.01,
  7.01,
  7.02
 ],
 "traj_orth": [
  89.72,
  86.38,
  81.35,
  74.01,
  64.24,
  52.97,
  41.78,
  31.94,
  24.13,
  18.3,
  14.29,
  11.87,
  10.49,
  9.68,
  9.12,
  8.81,
  8.59,
  8.46,
  8.4,
  8.44,
  8.48,
  8.43,
  8.36,
  8.3,
  8.26,
  8.2,
  8.14,
  8.1,
  8.09,
  8.07,
  7.97,
  7.87,
  7.73,
  7.59,
  7.49,
  7.46,
  7.44,
  7.41,
  7.4,
  7.4,
  7.39,
  7.39,
  7.38,
  7.35,
  7.32,
  7.31,
  7.35,
  7.35,
  7.37,
  7.36,
  7.37,
  7.3,
  7.33,
  7.32,
  7.34,
  7.33,
  7.37,
  7.42,
  7.4,
  7.37,
  7.32,
  7.31,
  7.3,
  7.3,
  7.3,
  7.33,
  7.35,
  7.31,
  7.29,
  7.26,
  7.25,
  7.22,
  7.27,
  7.27,
  7.28,
  7.27,
  7.26,
  7.23,
  7.24,
  7.21,
  7.22,
  7.22,
  7.24,
  7.24,
  7.26,
  7.27,
  7.27,
  7.22,
  7.19,
  7.18,
  7.17,
  7.15,
  7.13,
  7.15,
  7.16,
  7.15,
  7.11,
  7.04,
  7.03,
  7.03
 ]
}