{
 "theta_star": 21.988642827233342,
 "after_same_kick": 20.74859789503715,
 "after_orth_kick": 20.74777382826259,
 "traj_same": [
  2.72,
  8.28,
  11.73,
  14.07,
  15.71,
  16.89,
  17.78,
  18.45,
  18.92,
  19.29,
  19.53,
  19.7,
  19.82,
  19.93,
  20.04,
  20.13,
  20.21,
  20.27,
  20.33,
  20.39,
  20.43,
  20.46,
  20.5,
  20.53,
  20.57,
  20.61,
  20.63,
  20.61,
  20.6,
  20.63,
  20.63,
  20.65,
  20.64,
  20.67,
  20.67,
  20.68,
  20.68,
  20.66,
  20.67,
  20.64,
  20.65,
  20.66,
  20.66,
  20.66,
  20.66,
  20.69,
  20.7,
  20.71,
  20.73,
  20.76,
  20.83,
  20.88,
  20.93,
  20.97,
  20.97,
  20.96,
  20.94,
  20.96,
  21.0,
  21.02,
  21.04,
  20.99,
  20.96,
  20.91,
  20.84,
  20.8,
  20.77,
  20.74,
  20.69,
  20.68,
  20.68,
  20.68,
  20.69,
  20.7,
  20.68,
  20.68,
  20.65,
  20.69,
  20.7,
  20.7,
  20.69,
  20.66,
  20.64,
  20.63,
  20.64,
  20.64,
  20.64,
  20.68,
  20.66,
  20.66,
  20.66,
  20.66,
  20.68,
  20.71,
  20.74,
  20.77,
  20.78,
  20.81,
  20.83,
  20.83
 ],
 "traj_orth": [
  89.73,
  86.15,
  80.26,
  72.04,
  62.28,
  52.29,
  43.03,
  34.98,
  28.39,
  23.38,
  19.98,
  17.9,
  16.84,
  16.5,
  16.63,
  17.01,
  17.53,
  18.05,
  18.55,
  18.94,
  19.27,
  19.52,
  19.77,
  19.98,
  20.15,
  20.3,
  20.42,
  20.51,
  20.58,
  20.67,
  20.69,
  20.74,
  20.75,
  20.81,
  20.85,
  20.89,
  20.93,
  20.94,
  20.95,
  20.93,
  20.93,
  20.94,
  20.95,
  20.96,
  20.98,
  21.0,
  21.03,
  21.03,
  21.02,
  21.0,
  21.01,
  21.02,
  21.05,
  21.1,
  21.1,
  21.07,
  21.01,
  20.97,
  20.93,
  20.93,
  20.92,
  20.89,
  20.89,
  20.89,
  20.87,
  20.89,
  20.93,
  20.97,
  20.97,
  20.98,
  20.99,
  21.0,
  20.99,
  20.96,
  20.87,
  20.8,
  20.77,
  20.79,
  20.81,
  20.82,
  20.84,
  20.81,
  20.77,
  20.76,
  20.78,
  20.77,
  20.74,
  20.74,
  20.73,
  20.74,
  20.74,
  20.74,
  20.77,
  20.79,
  20.77,
  20.74,
  20.71,
  20.72,
  20.74,
  20.76
 ]
}