{
 "theta_star": 28.31384276835362,
 "after_same_kick": 24.40799340090823,
 "after_orth_kick": 24.352503819268854,
 "traj_same": [
  3.19,
  8.5,
  12.05,
  14.63,
  16.55,
  18.03,
  19.23,
  20.22,
  20.97,
  21.59,
  22.08,
  22.44,
  22.75,
  23.0,
  23.21,
  23.38,
  23.54,
  23.67,
  23.79,
  23.9,
  24.0,
  24.1,
  24.22,
  24.29,
  24.34,
  24.39,
  24.41,
  24.43,
  24.44,
  24.47,
  24.49,
  24.53,
  24.55,
  24.61,
  24.63,
  24.67,
  24.7,
  24.69,
  24.71,
  24.68,
  24.71,
  24.74,
  24.73,
  24.73,
  24.73,
  24.75,
  24.78,
  24.79,
  24.81,
  24.84,
  24.93,
  24.97,
  25.04,
  25.04,
  25.06,
  25.07,
  25.07,
  25.09,
  25.11,
  25.15,
  25.14,
  25.08,
  25.06,
  25.05,
  25.0,
  25.01,
  24.98,
  24.95,
  24.91,
  24.89,
  24.89,
  24.91,
  24.94,
  24.95,
  24.92,
  24.89,
  24.84,
  24.88,
  24.85,
  24.81,
  24.78,
  24.71,
  24.6,
  24.55,
  24.55,
  24.5,
  24.46,
  24.46,
  24.43,
  24.42,
  24.43,
  24.43,
  24.43,
  24.43,
  24.44,
  24.43,
  24.41,
  24.38,
  24.36,
  24.34
 ],
 "traj_orth": [
  89.73,
  86.42,
  81.63,
  75.41,
  68.1,
  60.27,
  52.5,
  45.21,
  38.7,
  33.05,
  28.46,
  24.93,
  22.39,
  20.77,
  19.88,
  19.57,
  19.67,
  19.97,
  20.36,
  20.81,
  21.24,
  21.65,
  22.06,
  22.4,
  22.68,
  22.96,
  23.21,
  23.46,
  23.66,
  23.86,
  24.03,
  24.19,
  24.3,
  24.46,
  24.58,
  24.69,
  24.77,
  24.8,
  24.83,
  24.82,
  24.86,
  24.91,
  24.91,
  24.9,
  24.88,
  24.89,
  24.94,
  24.96,
  24.99,
  25.02,
  25.09,
  25.11,
  25.13,
  25.14,
  25.15,
  25.15,
  25.12,
  25.1,
  25.09,
  25.1,
  25.08,
  25.02,
  24.98,
  24.95,
  24.9,
  24.94,
  24.95,
  24.94,
  24.89,
  24.84,
  24.81,
  24.8,
  24.82,
  24.82,
  24.79,
  24.76,
  24.69,
  24.7,
  24.65,
  24.65,
  24.66,
  24.63,
  24.59,
  24.57,
  24.59,
  24.56,
  24.52,
  24.51,
  24.48,
  24.48,
  24.46,
  24.43,
  24.38,
  24.38,
  24.37,
  24.35,
  24.32,
  24.3,
  24.28,
  24.25
 ]
}