{
 "theta_star": 37.39887315341682,
 "after_same_kick": 6.897120173382452,
 "after_orth_kick": 6.89407472471221,
 "traj_same": [
  2.01,
  5.48,
  6.43,
  6.75,
  6.88,
  6.89,
  6.9,
  6.92,
  6.9,
  6.9,
  6.91,
  6.9,
  6.91,
  6.92,
  6.91,
  6.9,
  6.89,
  6.91,
  6.9,
  6.9,
  6.91,
  6.92,
  6.91,
  6.89,
  6.89,
  6.91,
  6.92,
  6.92,
  6.92,
  6.93,
  6.94,
  6.93,
  6.94,
  6.94,
  6.96,
  6.98,
  6.98,
  6.96,
  6.93,
  6.93,
  6.9,
  6.89,
  6.89,
  6.89,
  6.87,
  6.89,
  6.91,
  6.91,
  6.89,
  6.89,
  6.9,
  6.87,
  6.87,
  6.88,
  6.89,
  6.91,
  6.9,
  6.89,
  6.9,
  6.89,
  6.91,
  6.91,
  6.92,
  6.91,
  6.89,
  6.88,
  6.9,
  6.86,
  6.88,
  6.88,
  6.9,
  6.9,
  6.9,
  6.89,
  6.88,
  6.9,
  6.88,
  6.88,
  6.89,
  6.87,
  6.88,
  6.88,
  6.89,
  6.88,
  6.87,
  6.89,
  6.89,
  6.89,
  6.89,
  6.89,
  6.89,
  6.89,
  6.89,
  6.9,
  6.9,
  6.89,
  6.9,
  6.91,
  6.89,
  6.89
 ],
 "traj_orth": [
  89.72,
  86.32,
  81.29,
  73.99,
  64.24,
  52.84,
  41.09,
  30.62,
  22.35,
  16.55,
  13.1,
  11.22,
  10.24,
  9.52,
  9.01,
  8.63,
  8.39,
  8.26,
  8.09,
  7.92,
  7.87,
  7.85,
  7.87,
  7.83,
  7.78,
  7.76,
  7.66,
  7.6,
  7.58,
  7.54,
  7.52,
  7.48,
  7.46,
  7.38,
  7.34,
  7.31,
  7.31,
  7.28,
  7.22,
  7.17,
  7.11,
  7.08,
  7.07,
  7.07,
  7.05,
  7.06,
  7.08,
  7.08,
  7.05,
  7.03,
  6.95,
  6.88,
  6.86,
  6.87,
  6.89,
  6.9,
  6.9,
  6.89,
  6.9,
  6.89,
  6.91,
  6.91,
  6.92,
  6.92,
  6.89,
  6.88,
  6.9,
  6.86,
  6.88,
  6.88,
  6.91,
  6.9,
  6.9,
  6.89,
  6.88,
  6.9,
  6.88,
  6.88,
  6.88,
  6.86,
  6.88,
  6.88,
  6.89,
  6.88,
  6.87,
  6.89,
  6.89,
  6.89,
  6.89,
  6.89,
  6.89,
  6.89,
  6.89,
  6.9,
  6.9,
  6.89,
  6.9,
  6.9,
  6.89,
  6.89
 ]
}