{
 "theta_star": 26.258398654160263,
 "after_same_kick": 25.5006481516386,
 "after_orth_kick": 25.41234489869256,
 "traj_same": [
  3.19,
  8.49,
  12.21,
  14.89,
  17.0,
  18.62,
  19.92,
  20.94,
  21.82,
  22.47,
  23.03,
  23.45,
  23.81,
  24.11,
  24.38,
  24.55,
  24.71,
  24.81,
  24.94,
  24.99,
  25.1,
  25.17,
  25.24,
  25.28,
  25.34,
  25.39,
  25.45,
  25.47,
  25.51,
  25.55,
  25.56,
  25.55,
  25.57,
  25.6,
  25.6,
  25.63,
  25.65,
  25.65,
  25.62,
  25.6,
  25.56,
  25.53,
  25.52,
  25.55,
  25.55,
  25.53,
  25.53,
  25.51,
  25.48,
  25.42,
  25.37,
  25.35,
  25.38,
  25.39,
  25.37,
  25.39,
  25.39,
  25.38,
  25.37,
  25.41,
  25.4,
  25.41,
  25.39,
  25.38,
  25.34,
  25.34,
  25.34,
  25.32,
  25.32,
  25.33,
  25.33,
  25.33,
  25.35,
  25.32,
  25.31,
  25.32,
  25.36,
  25.37,
  25.4,
  25.42,
  25.41,
  25.41,
  25.43,
  25.45,
  25.48,
  25.48,
  25.5,
  25.54,
  25.54,
  25.5,
  25.5,
  25.53,
  25.54,
  25.53,
  25.5,
  25.48,
  25.48,
  25.48,
  25.48,
  25.49
 ],
 "traj_orth": [
  89.69,
  86.09,
  81.03,
  74.44,
  66.7,
  58.37,
  50.05,
  42.41,
  35.83,
  30.49,
  26.22,
  23.0,
  20.73,
  19.4,
  18.88,
  18.82,
  19.17,
  19.66,
  20.31,
  20.93,
  21.59,
  22.21,
  22.78,
  23.25,
  23.7,
  24.06,
  24.37,
  24.6,
  24.82,
  24.97,
  25.13,
  25.26,
  25.4,
  25.5,
  25.57,
  25.63,
  25.69,
  25.7,
  25.69,
  25.69,
  25.66,
  25.67,
  25.69,
  25.75,
  25.75,
  25.73,
  25.76,
  25.76,
  25.73,
  25.67,
  25.67,
  25.68,
  25.72,
  25.69,
  25.67,
  25.69,
  25.69,
  25.7,
  25.72,
  25.75,
  25.73,
  25.69,
  25.64,
  25.6,
  25.55,
  25.53,
  25.52,
  25.52,
  25.52,
  25.48,
  25.43,
  25.38,
  25.37,
  25.28,
  25.22,
  25.22,
  25.25,
  25.26,
  25.3,
  25.33,
  25.31,
  25.3,
  25.3,
  25.32,
  25.37,
  25.35,
  25.35,
  25.38,
  25.4,
  25.37,
  25.38,
  25.4,
  25.41,
  25.42,
  25.42,
  25.42,
  25.42,
  25.42,
  25.42,
  25.42
 ]
}