{
 "theta_star": 4.28102044877193,
 "after_same_kick": 4.261100820554619,
 "after_orth_kick": 4.491348154603026,
 "traj_same": [
  1.4,
  4.06,
  4.25,
  4.28,
  4.3,
  4.28,
  4.29,
  4.29,
  4.29,
  4.29,
  4.29,
  4.28,
  4.28,
  4.28,
  4.28,
  4.27,
  4.29,
  4.28,
  4.28,
  4.29,
  4.29,
  4.27,
  4.28,
  4.27,
  4.26,
  4.28,
  4.26,
  4.28,
  4.26,
  4.26,
  4.27,
  4.28,
  4.26,
  4.28,
  4.27,
  4.28,
  4.26,
  4.27,
  4.27,
  4.28,
  4.27,
  4.29,
  4.27,
  4.27,
  4.27,
  4.26,
  4.26,
  4.27,
  4.26,
  4.27,
  4.25,
  4.27,
  4.27,
  4.26,
  4.27,
  4.26,
  4.25,
  4.25,
  4.27,
  4.27,
  4.27,
  4.28,
  4.27,
  4.26,
  4.26,
  4.27,
  4.27,
  4.26,
  4.26,
  4.26,
  4.28,
  4.27,
  4.28,
  4.27,
  4.27,
  4.27,
  4.25,
  4.27,
  4.26,
  4.27,
  4.28,
  4.27,
  4.26,
  4.26,
  4.28,
  4.25,
  4.26,
  4.26,
  4.26,
  4.25,
  4.26,
  4.26,
  4.28,
  4.26,
  4.27,
  4.25,
  4.25,
  4.26,
  4.27,
  4.26
 ],
 "traj_orth": [
  89.69,
  85.46,
  76.5,
  60.77,
  41.91,
  25.38,
  13.27,
  6.92,
  5.54,
  5.31,
  5.19,
  5.14,
  5.0,
  4.86,
  4.69,
  4.59,
  4.6,
  4.54,
  4.5,
  4.53,
  4.53,
  4.48,
  4.47,
  4.44,
  4.44,
  4.44,
  4.46,
  4.5,
  4.51,
  4.5,
  4.48,
  4.47,
  4.44,
  4.45,
  4.43,
  4.46,
  4.48,
  4.52,
  4.49,
  4.48,
  4.45,
  4.46,
  4.43,
  4.43,
  4.47,
  4.5,
  4.49,
  4.48,
  4.44,
  4.44,
  4.41,
  4.45,
  4.47,
  4.5,
  4.51,
  4.46,
  4.43,
  4.41,
  4.43,
  4.47,
  4.49,
  4.51,
  4.48,
  4.45,
  4.44,
  4.44,
  4.43,
  4.45,
  4.46,
  4.46,
  4.46,
  4.44,
  4.46,
  4.45,
  4.49,
  4.52,
  4.5,
  4.5,
  4.46,
  4.46,
  4.45,
  4.45,
  4.45,
  4.48,
  4.52,
  4.49,
  4.49,
  4.46,
  4.44,
  4.44,
  4.48,
  4.51,
  4.55,
  4.52,
  4.5,
  4.45,
  4.43,
  4.46,
  4.49,
  4.52
 ]
}