{
 "theta_star": 37.85502193645851,
 "after_same_kick": 35.616013417037394,
 "after_orth_kick": 35.551646115150305,
 "traj_same": [
  3.24,
  8.54,
  12.25,
  15.05,
  17.35,
  19.25,
  20.91,
  22.32,
  23.54,
  24.6,
  25.49,
  26.24,
  26.87,
  27.46,
  27.99,
  28.45,
  28.91,
  29.28,
  29.64,
  29.97,
  30.23,
  30.44,
  30.67,
  30.89,
  31.04,
  31.22,
  31.38,
  31.58,
  31.74,
  31.88,
  32.08,
  32.26,
  32.38,
  32.6,
  32.77,
  32.95,
  33.06,
  33.13,
  33.23,
  33.28,
  33.36,
  33.5,
  33.54,
  33.62,
  33.69,
  33.83,
  33.89,
  34.01,
  34.06,
  34.12,
  34.18,
  34.3,
  34.41,
  34.49,
  34.56,
  34.65,
  34.71,
  34.76,
  34.84,
  34.88,
  34.98,
  35.08,
  35.16,
  35.22,
  35.3,
  35.39,
  35.42,
  35.44,
  35.51,
  35.54,
  35.52,
  35.5,
  35.53,
  35.54,
  35.52,
  35.52,
  35.49,
  35.51,
  35.5,
  35.52,
  35.53,
  35.48,
  35.44,
  35.4,
  35.45,
  35.43,
  35.42,
  35.47,
  35.48,
  35.53,
  35.55,
  35.56,
  35.58,
  35.57,
  35.55,
  35.6,
  35.65,
  35.66,
  35.71,
  35.75
 ],
 "traj_orth": [
  89.69,
  86.33,
  82.08,
  76.96,
  71.12,
  64.79,
  58.3,
  51.92,
  45.85,
  40.18,
  35.09,
  30.67,
  27.0,
  24.07,
  21.95,
  20.62,
  19.95,
  19.81,
  20.13,
  20.71,
  21.45,
  22.25,
  23.07,
  23.88,
  24.64,
  25.39,
  26.09,
  26.75,
  27.36,
  27.93,
  28.43,
  28.93,
  29.44,
  29.92,
  30.28,
  30.6,
  30.92,
  31.24,
  31.47,
  31.71,
  31.9,
  32.09,
  32.25,
  32.39,
  32.54,
  32.66,
  32.81,
  32.97,
  33.07,
  33.24,
  33.38,
  33.48,
  33.6,
  33.69,
  33.84,
  33.93,
  34.06,
  34.16,
  34.3,
  34.44,
  34.51,
  34.6,
  34.59,
  34.63,
  34.65,
  34.69,
  34.72,
  34.74,
  34.81,
  34.82,
  34.88,
  34.93,
  34.96,
  34.97,
  34.96,
  34.98,
  35.03,
  35.1,
  35.14,
  35.16,
  35.18,
  35.23,
  35.24,
  35.22,
  35.2,
  35.2,
  35.2,
  35.25,
  35.28,
  35.3,
  35.35,
  35.39,
  35.48,
  35.54,
  35.56,
  35.55,
  35.61,
  35.65,
  35.71,
  35.69
 ]
}