{
 "theta_star": 100.6403660571841,
 "after_same_kick": 17.682084320648396,
 "after_orth_kick": 19.012938557369335,
 "traj_same": [
  3.42,
  7.22,
  9.44,
  10.84,
  11.76,
  12.46,
  12.97,
  13.33,
  13.61,
  13.84,
  14.02,
  14.15,
  14.25,
  14.33,
  14.46,
  14.54,
  14.64,
  14.74,
  14.79,
  14.83,
  14.89,
  14.87,
  14.91,
  14.98,
  15.07,
  15.15,
  15.26,
  15.44,
  15.62,
  15.78,
  15.9,
  15.9,
  15.94,
  16.02,
  16.08,
  16.19,
  16.29,
  16.32,
  16.3,
  16.32,
  16.4,
  16.52,
  16.59,
  16.63,
  16.59,
  16.59,
  16.45,
  16.38,
  16.33,
  16.31,
  16.36,
  16.37,
  16.4,
  16.39,
  16.44,
  16.41,
  16.37,
  16.36,
  16.35,
  16.38,
  16.41,
  16.43,
  16.48,
  16.51,
  16.57,
  16.64,
  16.67,
  16.67,
  16.75,
  16.84,
  16.88,
  16.9,
  16.93,
  16.96,
  16.91,
  16.96,
  16.97,
  17.04,
  17.15,
  17.19,
  17.17,
  17.21,
  17.27,
  17.32,
  17.34,
  17.34,
  17.41,
  17.45,
  17.54,
  17.59,
  17.64,
  17.65,
  17.67,
  17.65,
  17.69,
  17.64,
  17.67,
  17.72,
  17.77,
  17.72
 ],
 "traj_orth": [
  89.7,
  86.34,
  82.27,
  77.4,
  71.76,
  65.41,
  58.7,
  51.91,
  45.35,
  39.28,
  33.95,
  29.43,
  25.83,
  23.09,
  21.16,
  19.74,
  18.85,
  18.27,
  17.89,
  17.62,
  17.48,
  17.32,
  17.25,
  17.23,
  17.28,
  17.32,
  17.4,
  17.5,
  17.6,
  17.72,
  17.89,
  17.93,
  17.95,
  17.98,
  18.01,
  18.09,
  18.18,
  18.19,
  18.13,
  18.06,
  18.0,
  17.96,
  17.93,
  17.88,
  17.82,
  17.84,
  17.75,
  17.73,
  17.69,
  17.71,
  17.77,
  17.78,
  17.8,
  17.84,
  17.94,
  17.94,
  17.9,
  17.89,
  17.89,
  17.92,
  17.94,
  17.97,
  18.1,
  18.17,
  18.26,
  18.35,
  18.39,
  18.37,
  18.39,
  18.45,
  18.46,
  18.49,
  18.57,
  18.69,
  18.69,
  18.78,
  18.82,
  18.93,
  19.0,
  19.02,
  18.97,
  18.97,
  18.99,
  19.01,
  18.96,
  18.9,
  18.91,
  18.91,
  18.96,
  18.95,
  18.95,
  18.95,
  18.99,
  19.03,
  19.03,
  18.98,
  18.99,
  19.05,
  19.09,
  19.06
 ]
}