{
 "theta_star": 44.07899325951783,
 "after_same_kick": 35.107110817713775,
 "after_orth_kick": 35.47731649582045,
 "traj_same": [
  3.99,
  8.83,
  12.53,
  15.33,
  17.68,
  19.62,
  21.31,
  22.74,
  24.03,
  25.04,
  25.95,
  26.7,
  27.38,
  27.97,
  28.49,
  28.94,
  29.36,
  29.67,
  30.05,
  30.3,
  30.58,
  30.84,
  31.07,
  31.21,
  31.34,
  31.48,
  31.62,
  31.75,
  31.9,
  32.03,
  32.13,
  32.18,
  32.29,
  32.37,
  32.41,
  32.48,
  32.57,
  32.69,
  32.8,
  32.83,
  32.83,
  32.83,
  32.85,
  32.96,
  33.06,
  33.12,
  33.22,
  33.27,
  33.27,
  33.23,
  33.22,
  33.25,
  33.34,
  33.43,
  33.54,
  33.65,
  33.67,
  33.68,
  33.74,
  33.85,
  33.92,
  33.96,
  33.96,
  33.99,
  34.0,
  34.11,
  34.21,
  34.27,
  34.33,
  34.35,
  34.39,
  34.44,
  34.53,
  34.61,
  34.66,
  34.72,
  34.79,
  34.79,
  34.87,
  34.93,
  34.92,
  34.92,
  34.97,
  35.01,
  35.05,
  35.04,
  35.03,
  35.04,
  35.04,
  35.02,
  35.01,
  35.05,
  35.12,
  35.16,
  35.14,
  35.12,
  35.14,
  35.13,
  35.13,
  35.08
 ],
 "traj_orth": [
  89.7,
  86.32,
  82.05,
  76.89,
  71.04,
  64.73,
  58.17,
  51.75,
  45.7,
  40.33,
  35.59,
  31.62,
  28.28,
  25.61,
  23.65,
  22.26,
  21.53,
  21.29,
  21.54,
  22.08,
  22.78,
  23.55,
  24.35,
  25.05,
  25.75,
  26.41,
  27.02,
  27.61,
  28.15,
  28.63,
  29.08,
  29.48,
  29.88,
  30.21,
  30.48,
  30.76,
  31.01,
  31.25,
  31.48,
  31.67,
  31.79,
  31.88,
  31.96,
  32.12,
  32.27,
  32.38,
  32.54,
  32.64,
  32.73,
  32.75,
  32.78,
  32.85,
  32.95,
  33.04,
  33.15,
  33.28,
  33.33,
  33.37,
  33.48,
  33.63,
  33.72,
  33.79,
  33.85,
  33.92,
  33.97,
  34.12,
  34.25,
  34.32,
  34.4,
  34.46,
  34.53,
  34.61,
  34.71,
  34.79,
  34.83,
  34.89,
  34.97,
  34.99,
  35.08,
  35.12,
  35.09,
  35.08,
  35.15,
  35.2,
  35.23,
  35.2,
  35.2,
  35.21,
  35.2,
  35.19,
  35.21,
  35.29,
  35.4,
  35.48,
  35.52,
  35.53,
  35.56,
  35.57,
  35.6,
  35.62
 ]
}