{
 "theta_star": 9.786290137624599,
 "after_same_kick": 5.299893062369652,
 "after_orth_kick": 5.3108342761261635,
 "traj_same": [
  1.49,
  4.72,
  5.2,
  5.31,
  5.34,
  5.34,
  5.35,
  5.34,
  5.31,
  5.34,
  5.33,
  5.34,
  5.33,
  5.32,
  5.3,
  5.28,
  5.32,
  5.31,
  5.32,
  5.34,
  5.36,
  5.32,
  5.29,
  5.31,
  5.3,
  5.3,
  5.3,
  5.3,
  5.31,
  5.3,
  5.32,
  5.31,
  5.31,
  5.3,
  5.31,
  5.32,
  5.31,
  5.32,
  5.33,
  5.3,
  5.31,
  5.33,
  5.31,
  5.31,
  5.31,
  5.31,
  5.3,
  5.32,
  5.31,
  5.3,
  5.31,
  5.31,
  5.3,
  5.3,
  5.29,
  5.29,
  5.3,
  5.32,
  5.31,
  5.31,
  5.31,
  5.3,
  5.29,
  5.3,
  5.31,
  5.29,
  5.29,
  5.32,
  5.32,
  5.29,
  5.29,
  5.3,
  5.31,
  5.31,
  5.3,
  5.3,
  5.31,
  5.3,
  5.31,
  5.3,
  5.32,
  5.31,
  5.32,
  5.31,
  5.32,
  5.31,
  5.31,
  5.29,
  5.31,
  5.3,
  5.29,
  5.32,
  5.3,
  5.31,
  5.29,
  5.29,
  5.3,
  5.3,
  5.31,
  5.3
 ],
 "traj_orth": [
  89.74,
  86.24,
  80.03,
  70.03,
  56.69,
  42.58,
  30.02,
  20.13,
  13.24,
  9.43,
  7.97,
  7.32,
  6.81,
  6.34,
  6.02,
  5.86,
  5.83,
  5.74,
  5.63,
  5.51,
  5.46,
  5.44,
  5.4,
  5.36,
  5.31,
  5.31,
  5.3,
  5.3,
  5.32,
  5.3,
  5.33,
  5.31,
  5.32,
  5.31,
  5.32,
  5.32,
  5.3,
  5.32,
  5.33,
  5.31,
  5.31,
  5.33,
  5.32,
  5.31,
  5.31,
  5.31,
  5.31,
  5.32,
  5.32,
  5.31,
  5.32,
  5.32,
  5.3,
  5.31,
  5.3,
  5.3,
  5.31,
  5.32,
  5.31,
  5.3,
  5.31,
  5.3,
  5.29,
  5.3,
  5.31,
  5.29,
  5.3,
  5.32,
  5.33,
  5.29,
  5.29,
  5.31,
  5.32,
  5.32,
  5.31,
  5.3,
  5.31,
  5.31,
  5.31,
  5.3,
  5.32,
  5.31,
  5.32,
  5.31,
  5.32,
  5.32,
  5.31,
  5.29,
  5.31,
  5.3,
  5.3,
  5.33,
  5.31,
  5.32,
  5.3,
  5.3,
  5.31,
  5.31,
  5.32,
  5.31
 ]
}