{
 "theta_star": 97.04808806758176,
 "after_same_kick": 16.429916034365736,
 "after_orth_kick": 16.80395640263756,
 "traj_same": [
  3.19,
  7.02,
  9.14,
  10.42,
  11.31,
  11.93,
  12.38,
  12.73,
  12.97,
  13.2,
  13.38,
  13.55,
  13.68,
  13.77,
  13.88,
  13.96,
  14.04,
  14.12,
  14.19,
  14.26,
  14.33,
  14.35,
  14.33,
  14.36,
  14.39,
  14.46,
  14.5,
  14.53,
  14.53,
  14.57,
  14.67,
  14.72,
  14.76,
  14.76,
  14.72,
  14.73,
  14.73,
  14.79,
  14.8,
  14.87,
  14.86,
  14.91,
  14.93,
  14.95,
  14.97,
  15.0,
  15.07,
  15.1,
  15.14,
  15.15,
  15.19,
  15.17,
  15.21,
  15.33,
  15.41,
  15.49,
  15.49,
  15.49,
  15.53,
  15.56,
  15.57,
  15.59,
  15.6,
  15.66,
  15.64,
  15.62,
  15.62,
  15.53,
  15.56,
  15.56,
  15.62,
  15.62,
  15.62,
  15.64,
  15.62,
  15.62,
  15.58,
  15.55,
  15.59,
  15.61,
  15.66,
  15.67,
  15.74,
  15.74,
  15.8,
  15.89,
  15.93,
  16.02,
  16.13,
  16.24,
  16.28,
  16.29,
  16.3,
  16.33,
  16.39,
  16.37,
  16.48,
  16.58,
  16.62,
  16.65
 ],
 "traj_orth": [
  89.71,
  86.61,
  82.91,
  78.47,
  73.3,
  67.5,
  61.16,
  54.48,
  47.77,
  41.31,
  35.51,
  30.43,
  26.23,
  22.86,
  20.36,
  18.62,
  17.45,
  16.7,
  16.23,
  15.97,
  15.77,
  15.67,
  15.6,
  15.54,
  15.51,
  15.47,
  15.38,
  15.32,
  15.31,
  15.37,
  15.48,
  15.53,
  15.58,
  15.64,
  15.63,
  15.62,
  15.58,
  15.63,
  15.7,
  15.8,
  15.83,
  15.89,
  15.94,
  15.95,
  15.96,
  15.99,
  16.08,
  16.1,
  16.11,
  16.06,
  16.06,
  16.03,
  16.06,
  16.15,
  16.19,
  16.26,
  16.3,
  16.36,
  16.46,
  16.47,
  16.5,
  16.57,
  16.65,
  16.75,
  16.69,
  16.67,
  16.72,
  16.65,
  16.71,
  16.74,
  16.82,
  16.91,
  16.99,
  17.04,
  17.02,
  16.98,
  16.92,
  16.85,
  16.87,
  16.81,
  16.79,
  16.73,
  16.7,
  16.63,
  16.57,
  16.56,
  16.56,
  16.67,
  16.72,
  16.74,
  16.72,
  16.71,
  16.7,
  16.71,
  16.76,
  16.77,
  16.89,
  16.91,
  16.95,
  16.92
 ]
}