{
 "theta_star": 4.678096650364351,
 "after_same_kick": 4.296324665673244,
 "after_orth_kick": 4.297135497624377,
 "traj_same": [
  1.44,
  4.1,
  4.32,
  4.33,
  4.32,
  4.32,
  4.33,
  4.31,
  4.31,
  4.31,
  4.31,
  4.29,
  4.31,
  4.31,
  4.31,
  4.31,
  4.32,
  4.33,
  4.32,
  4.31,
  4.31,
  4.3,
  4.31,
  4.3,
  4.29,
  4.3,
  4.3,
  4.3,
  4.31,
  4.29,
  4.32,
  4.3,
  4.3,
  4.31,
  4.28,
  4.31,
  4.31,
  4.29,
  4.3,
  4.31,
  4.3,
  4.29,
  4.29,
  4.3,
  4.29,
  4.3,
  4.31,
  4.3,
  4.3,
  4.29,
  4.28,
  4.29,
  4.3,
  4.28,
  4.28,
  4.3,
  4.3,
  4.3,
  4.29,
  4.29,
  4.31,
  4.29,
  4.3,
  4.28,
  4.29,
  4.29,
  4.29,
  4.29,
  4.3,
  4.31,
  4.3,
  4.3,
  4.29,
  4.29,
  4.3,
  4.29,
  4.31,
  4.3,
  4.3,
  4.3,
  4.3,
  4.28,
  4.28,
  4.29,
  4.28,
  4.3,
  4.3,
  4.29,
  4.29,
  4.29,
  4.3,
  4.31,
  4.29,
  4.29,
  4.3,
  4.3,
  4.29,
  4.29,
  4.3,
  4.29
 ],
 "traj_orth": [
  89.73,
  85.73,
  77.11,
  62.4,
  44.69,
  28.49,
  16.34,
  9.29,
  6.31,
  5.39,
  5.16,
  4.99,
  4.83,
  4.7,
  4.68,
  4.68,
  4.7,
  4.72,
  4.71,
  4.66,
  4.62,
  4.56,
  4.49,
  4.47,
  4.46,
  4.47,
  4.47,
  4.46,
  4.45,
  4.37,
  4.33,
  4.3,
  4.3,
  4.31,
  4.28,
  4.31,
  4.31,
  4.29,
  4.3,
  4.3,
  4.3,
  4.29,
  4.29,
  4.3,
  4.28,
  4.3,
  4.3,
  4.3,
  4.29,
  4.29,
  4.27,
  4.28,
  4.3,
  4.28,
  4.28,
  4.29,
  4.3,
  4.3,
  4.29,
  4.29,
  4.31,
  4.29,
  4.3,
  4.28,
  4.29,
  4.29,
  4.29,
  4.29,
  4.29,
  4.3,
  4.3,
  4.3,
  4.29,
  4.29,
  4.3,
  4.29,
  4.31,
  4.3,
  4.3,
  4.3,
  4.3,
  4.28,
  4.28,
  4.3,
  4.28,
  4.3,
  4.3,
  4.29,
  4.29,
  4.29,
  4.3,
  4.31,
  4.3,
  4.29,
  4.3,
  4.3,
  4.29,
  4.29,
  4.3,
  4.29
 ]
}