{
 "theta_star": 82.7113082447532,
 "after_same_kick": 11.125957677229847,
 "after_orth_kick": 11.697558471399152,
 "traj_same": [
  2.96,
  6.45,
  7.97,
  8.67,
  9.07,
  9.27,
  9.39,
  9.48,
  9.61,
  9.7,
  9.75,
  9.78,
  9.79,
  9.87,
  9.94,
  9.95,
  9.96,
  10.0,
  10.01,
  10.05,
  10.07,
  10.09,
  10.12,
  10.15,
  10.16,
  10.22,
  10.27,
  10.35,
  10.45,
  10.54,
  10.64,
  10.67,
  10.71,
  10.75,
  10.76,
  10.82,
  10.93,
  10.93,
  10.96,
  11.01,
  11.03,
  11.06,
  11.08,
  11.06,
  11.06,
  11.06,
  11.08,
  11.02,
  10.98,
  10.98,
  11.01,
  11.0,
  10.96,
  10.89,
  10.85,
  10.83,
  10.82,
  10.8,
  10.81,
  10.8,
  10.8,
  10.77,
  10.76,
  10.75,
  10.79,
  10.81,
  10.82,
  10.88,
  10.9,
  10.91,
  10.91,
  10.9,
  10.86,
  10.86,
  10.8,
  10.82,
  10.8,
  10.85,
  10.91,
  10.95,
  11.09,
  11.15,
  11.15,
  11.15,
  11.15,
  11.12,
  11.12,
  11.11,
  11.14,
  11.13,
  11.17,
  11.17,
  11.13,
  11.11,
  11.04,
  11.07,
  11.1,
  11.14,
  11.12,
  11.2
 ],
 "traj_orth": [
  89.72,
  86.51,
  82.25,
  76.77,
  70.0,
  62.04,
  53.29,
  44.32,
  35.9,
  28.62,
  22.78,
  18.52,
  15.6,
  13.82,
  12.88,
  12.45,
  12.25,
  12.16,
  12.14,
  12.16,
  12.17,
  12.16,
  12.13,
  12.18,
  12.26,
  12.25,
  12.29,
  12.3,
  12.32,
  12.3,
  12.31,
  12.29,
  12.25,
  12.26,
  12.29,
  12.3,
  12.29,
  12.3,
  12.28,
  12.25,
  12.19,
  12.09,
  11.98,
  11.91,
  11.85,
  11.85,
  11.88,
  11.85,
  11.84,
  11.85,
  11.83,
  11.82,
  11.8,
  11.76,
  11.74,
  11.75,
  11.74,
  11.85,
  11.89,
  11.86,
  11.82,
  11.78,
  11.78,
  11.86,
  11.91,
  11.93,
  11.95,
  11.96,
  11.96,
  11.97,
  11.95,
  11.95,
  11.91,
  11.9,
  11.83,
  11.8,
  11.75,
  11.71,
  11.69,
  11.69,
  11.74,
  11.76,
  11.81,
  11.82,
  11.84,
  11.85,
  11.8,
  11.8,
  11.74,
  11.73,
  11.76,
  11.77,
  11.82,
  11.8,
  11.74,
  11.65,
  11.62,
  11.59,
  11.56,
  11.67
 ]
}