{
 "theta_star": 7.331350136825393,
 "after_same_kick": 5.410135432915967,
 "after_orth_kick": 5.543691486123376,
 "traj_same": [
  1.51,
  4.76,
  5.27,
  5.39,
  5.43,
  5.43,
  5.44,
  5.42,
  5.44,
  5.41,
  5.42,
  5.43,
  5.42,
  5.42,
  5.41,
  5.41,
  5.41,
  5.4,
  5.4,
  5.39,
  5.4,
  5.4,
  5.41,
  5.4,
  5.4,
  5.39,
  5.39,
  5.38,
  5.41,
  5.43,
  5.41,
  5.4,
  5.4,
  5.41,
  5.4,
  5.41,
  5.42,
  5.41,
  5.41,
  5.41,
  5.41,
  5.39,
  5.39,
  5.39,
  5.41,
  5.39,
  5.41,
  5.39,
  5.39,
  5.39,
  5.39,
  5.41,
  5.43,
  5.41,
  5.41,
  5.42,
  5.42,
  5.41,
  5.42,
  5.42,
  5.41,
  5.4,
  5.41,
  5.41,
  5.4,
  5.42,
  5.42,
  5.41,
  5.41,
  5.41,
  5.39,
  5.41,
  5.42,
  5.39,
  5.4,
  5.41,
  5.41,
  5.41,
  5.4,
  5.43,
  5.41,
  5.4,
  5.4,
  5.42,
  5.43,
  5.41,
  5.4,
  5.43,
  5.43,
  5.41,
  5.41,
  5.41,
  5.43,
  5.42,
  5.41,
  5.39,
  5.4,
  5.42,
  5.42,
  5.41
 ],
 "traj_orth": [
  89.69,
  85.78,
  78.98,
  67.96,
  53.45,
  38.37,
  25.71,
  17.02,
  11.22,
  7.87,
  6.49,
  6.1,
  5.93,
  5.82,
  5.77,
  5.77,
  5.77,
  5.74,
  5.72,
  5.68,
  5.67,
  5.7,
  5.73,
  5.74,
  5.74,
  5.71,
  5.67,
  5.64,
  5.63,
  5.6,
  5.56,
  5.56,
  5.58,
  5.6,
  5.58,
  5.58,
  5.58,
  5.56,
  5.56,
  5.56,
  5.58,
  5.59,
  5.6,
  5.6,
  5.6,
  5.56,
  5.56,
  5.55,
  5.57,
  5.58,
  5.58,
  5.58,
  5.58,
  5.56,
  5.57,
  5.57,
  5.58,
  5.58,
  5.61,
  5.62,
  5.59,
  5.57,
  5.55,
  5.55,
  5.57,
  5.61,
  5.63,
  5.6,
  5.58,
  5.55,
  5.54,
  5.59,
  5.62,
  5.6,
  5.59,
  5.57,
  5.55,
  5.56,
  5.58,
  5.62,
  5.63,
  5.6,
  5.57,
  5.56,
  5.55,
  5.53,
  5.56,
  5.6,
  5.59,
  5.56,
  5.55,
  5.53,
  5.55,
  5.53,
  5.53,
  5.51,
  5.55,
  5.58,
  5.56,
  5.53
 ]
}