{
 "theta_star": 42.258895289866544,
 "after_same_kick": 35.76807909051076,
 "after_orth_kick": 35.12373557667704,
 "traj_same": [
  3.23,
  8.49,
  12.19,
  15.0,
  17.32,
  19.26,
  20.88,
  22.31,
  23.53,
  24.56,
  25.49,
  26.24,
  26.9,
  27.48,
  27.96,
  28.36,
  28.73,
  29.06,
  29.4,
  29.69,
  29.93,
  30.15,
  30.32,
  30.49,
  30.63,
  30.76,
  30.9,
  31.02,
  31.13,
  31.26,
  31.34,
  31.45,
  31.59,
  31.69,
  31.78,
  31.85,
  31.93,
  32.03,
  32.07,
  32.14,
  32.25,
  32.37,
  32.42,
  32.55,
  32.67,
  32.76,
  32.85,
  32.89,
  32.94,
  33.04,
  33.11,
  33.2,
  33.3,
  33.37,
  33.46,
  33.54,
  33.65,
  33.74,
  33.77,
  33.85,
  33.93,
  34.0,
  34.12,
  34.2,
  34.24,
  34.33,
  34.39,
  34.42,
  34.48,
  34.52,
  34.57,
  34.67,
  34.75,
  34.76,
  34.79,
  34.84,
  34.89,
  34.96,
  35.01,
  35.13,
  35.16,
  35.2,
  35.17,
  35.16,
  35.2,
  35.25,
  35.37,
  35.46,
  35.51,
  35.56,
  35.64,
  35.68,
  35.65,
  35.7,
  35.72,
  35.73,
  35.78,
  35.86,
  35.93,
  35.98
 ],
 "traj_orth": [
  89.7,
  86.36,
  82.11,
  77.01,
  71.2,
  64.85,
  58.31,
  51.81,
  45.64,
  40.07,
  35.1,
  30.85,
  27.38,
  24.64,
  22.64,
  21.37,
  20.71,
  20.54,
  20.78,
  21.28,
  21.91,
  22.63,
  23.38,
  24.13,
  24.85,
  25.54,
  26.19,
  26.77,
  27.3,
  27.77,
  28.18,
  28.56,
  28.93,
  29.24,
  29.52,
  29.77,
  30.01,
  30.25,
  30.44,
  30.63,
  30.85,
  31.04,
  31.16,
  31.33,
  31.48,
  31.59,
  31.73,
  31.83,
  31.94,
  32.09,
  32.22,
  32.33,
  32.47,
  32.58,
  32.69,
  32.78,
  32.9,
  32.98,
  33.01,
  33.07,
  33.13,
  33.2,
  33.33,
  33.42,
  33.47,
  33.57,
  33.62,
  33.65,
  33.68,
  33.71,
  33.77,
  33.88,
  33.99,
  34.04,
  34.08,
  34.11,
  34.16,
  34.24,
  34.29,
  34.42,
  34.48,
  34.55,
  34.53,
  34.49,
  34.49,
  34.53,
  34.67,
  34.78,
  34.85,
  34.88,
  34.95,
  35.02,
  35.0,
  35.02,
  35.04,
  35.09,
  35.16,
  35.26,
  35.32,
  35.38
 ]
}