{
 "theta_star": 37.33986098340949,
 "after_same_kick": 6.960881298569618,
 "after_orth_kick": 7.116016624789428,
 "traj_same": [
  2.22,
  5.56,
  6.51,
  6.84,
  6.99,
  7.05,
  7.12,
  7.17,
  7.15,
  7.13,
  7.13,
  7.13,
  7.16,
  7.19,
  7.18,
  7.15,
  7.11,
  7.1,
  7.09,
  7.09,
  7.12,
  7.14,
  7.14,
  7.1,
  7.07,
  7.09,
  7.09,
  7.08,
  7.08,
  7.1,
  7.1,
  7.06,
  7.05,
  7.03,
  7.02,
  7.01,
  7.0,
  7.0,
  6.98,
  6.98,
  6.95,
  6.95,
  6.95,
  6.95,
  6.93,
  6.96,
  6.98,
  6.98,
  6.95,
  6.95,
  6.96,
  6.93,
  6.92,
  6.93,
  6.95,
  6.97,
  6.97,
  6.95,
  6.97,
  6.95,
  6.97,
  6.98,
  6.99,
  6.98,
  6.96,
  6.94,
  6.96,
  6.91,
  6.93,
  6.93,
  6.96,
  6.96,
  6.96,
  6.95,
  6.94,
  6.97,
  6.95,
  6.95,
  6.96,
  6.93,
  6.95,
  6.95,
  6.96,
  6.95,
  6.94,
  6.96,
  6.96,
  6.96,
  6.96,
  6.96,
  6.96,
  6.97,
  6.97,
  6.98,
  6.98,
  6.95,
  6.96,
  6.96,
  6.94,
  6.94
 ],
 "traj_orth": [
  89.72,
  86.31,
  81.3,
  73.98,
  64.21,
  52.8,
  41.08,
  30.76,
  22.73,
  17.09,
  13.72,
  11.9,
  10.88,
  10.2,
  9.69,
  9.4,
  9.23,
  9.19,
  9.17,
  9.07,
  8.97,
  8.86,
  8.81,
  8.73,
  8.7,
  8.62,
  8.46,
  8.27,
  8.08,
  7.9,
  7.73,
  7.54,
  7.5,
  7.52,
  7.51,
  7.47,
  7.42,
  7.39,
  7.35,
  7.37,
  7.37,
  7.35,
  7.31,
  7.29,
  7.24,
  7.24,
  7.24,
  7.24,
  7.21,
  7.22,
  7.22,
  7.19,
  7.16,
  7.13,
  7.12,
  7.13,
  7.12,
  7.1,
  7.13,
  7.12,
  7.14,
  7.13,
  7.13,
  7.11,
  7.08,
  7.07,
  7.11,
  7.08,
  7.11,
  7.08,
  7.11,
  7.09,
  7.11,
  7.11,
  7.09,
  7.12,
  7.09,
  7.09,
  7.08,
  7.04,
  7.08,
  7.09,
  7.13,
  7.12,
  7.09,
  7.1,
  7.1,
  7.08,
  7.08,
  7.1,
  7.12,
  7.12,
  7.12,
  7.11,
  7.11,
  7.08,
  7.12,
  7.14,
  7.13,
  7.11
 ]
}