{
 "theta_star": 37.774325467365195,
 "after_same_kick": 7.1063852883164405,
 "after_orth_kick": 7.735559288359826,
 "traj_same": [
  2.11,
  5.64,
  6.65,
  6.98,
  7.09,
  7.13,
  7.14,
  7.15,
  7.12,
  7.12,
  7.13,
  7.1,
  7.1,
  7.14,
  7.13,
  7.15,
  7.14,
  7.17,
  7.16,
  7.14,
  7.11,
  7.13,
  7.14,
  7.14,
  7.16,
  7.16,
  7.19,
  7.21,
  7.24,
  7.2,
  7.2,
  7.21,
  7.2,
  7.22,
  7.23,
  7.22,
  7.23,
  7.2,
  7.18,
  7.16,
  7.16,
  7.15,
  7.15,
  7.13,
  7.11,
  7.13,
  7.13,
  7.14,
  7.14,
  7.14,
  7.16,
  7.16,
  7.16,
  7.15,
  7.14,
  7.14,
  7.14,
  7.14,
  7.13,
  7.13,
  7.14,
  7.14,
  7.15,
  7.13,
  7.12,
  7.12,
  7.14,
  7.13,
  7.13,
  7.14,
  7.13,
  7.13,
  7.12,
  7.13,
  7.15,
  7.12,
  7.13,
  7.12,
  7.11,
  7.13,
  7.14,
  7.13,
  7.14,
  7.16,
  7.15,
  7.12,
  7.11,
  7.12,
  7.12,
  7.1,
  7.1,
  7.1,
  7.09,
  7.09,
  7.11,
  7.1,
  7.1,
  7.11,
  7.13,
  7.13
 ],
 "traj_orth": [
  89.68,
  85.96,
  80.41,
  72.47,
  62.01,
  50.11,
  38.47,
  28.32,
  20.32,
  14.71,
  11.13,
  9.23,
  8.54,
  8.42,
  8.39,
  8.4,
  8.42,
  8.4,
  8.31,
  8.24,
  8.23,
  8.28,
  8.29,
  8.3,
  8.29,
  8.3,
  8.3,
  8.31,
  8.27,
  8.26,
  8.27,
  8.25,
  8.23,
  8.26,
  8.23,
  8.21,
  8.16,
  8.14,
  8.09,
  8.09,
  8.09,
  8.08,
  8.07,
  8.06,
  8.03,
  8.01,
  8.0,
  8.01,
  8.05,
  8.03,
  8.01,
  7.99,
  7.95,
  7.93,
  7.88,
  7.88,
  7.9,
  7.95,
  7.95,
  7.93,
  7.91,
  7.89,
  7.87,
  7.87,
  7.88,
  7.88,
  7.93,
  7.94,
  7.91,
  7.87,
  7.84,
  7.84,
  7.83,
  7.83,
  7.79,
  7.75,
  7.7,
  7.69,
  7.72,
  7.69,
  7.66,
  7.67,
  7.71,
  7.74,
  7.76,
  7.74,
  7.73,
  7.75,
  7.74,
  7.74,
  7.76,
  7.74,
  7.74,
  7.78,
  7.8,
  7.78,
  7.74,
  7.69,
  7.66,
  7.65
 ]
}