{
 "theta_star": 27.58941617419935,
 "after_same_kick": 26.03688764674539,
 "after_orth_kick": 26.363444516323177,
 "traj_same": [
  3.27,
  8.6,
  12.23,
  14.88,
  16.94,
  18.56,
  19.84,
  20.88,
  21.76,
  22.46,
  23.06,
  23.51,
  23.88,
  24.15,
  24.36,
  24.58,
  24.75,
  24.86,
  24.95,
  25.0,
  25.09,
  25.13,
  25.16,
  25.21,
  25.24,
  25.31,
  25.35,
  25.37,
  25.38,
  25.42,
  25.46,
  25.48,
  25.54,
  25.55,
  25.57,
  25.58,
  25.61,
  25.66,
  25.7,
  25.72,
  25.76,
  25.74,
  25.77,
  25.81,
  25.83,
  25.88,
  25.88,
  25.9,
  25.88,
  25.9,
  25.92,
  25.94,
  25.94,
  25.98,
  26.01,
  26.01,
  26.05,
  26.06,
  26.04,
  26.05,
  26.07,
  26.09,
  26.12,
  26.14,
  26.14,
  26.17,
  26.18,
  26.2,
  26.23,
  26.25,
  26.26,
  26.26,
  26.26,
  26.29,
  26.3,
  26.31,
  26.32,
  26.3,
  26.33,
  26.32,
  26.32,
  26.31,
  26.29,
  26.23,
  26.24,
  26.22,
  26.19,
  26.21,
  26.2,
  26.18,
  26.15,
  26.12,
  26.07,
  26.05,
  26.07,
  26.05,
  26.01,
  25.97,
  25.94,
  25.93
 ],
 "traj_orth": [
  89.7,
  86.14,
  81.1,
  74.59,
  66.91,
  58.68,
  50.55,
  43.03,
  36.51,
  31.22,
  27.06,
  23.91,
  21.7,
  20.27,
  19.54,
  19.4,
  19.59,
  19.94,
  20.42,
  20.95,
  21.56,
  22.12,
  22.62,
  23.07,
  23.46,
  23.85,
  24.16,
  24.4,
  24.59,
  24.79,
  24.99,
  25.13,
  25.3,
  25.39,
  25.46,
  25.51,
  25.56,
  25.65,
  25.74,
  25.8,
  25.88,
  25.92,
  25.97,
  26.03,
  26.07,
  26.1,
  26.1,
  26.12,
  26.1,
  26.15,
  26.19,
  26.23,
  26.27,
  26.33,
  26.38,
  26.39,
  26.42,
  26.44,
  26.41,
  26.42,
  26.42,
  26.44,
  26.48,
  26.51,
  26.51,
  26.5,
  26.46,
  26.42,
  26.43,
  26.47,
  26.5,
  26.55,
  26.6,
  26.64,
  26.64,
  26.61,
  26.58,
  26.54,
  26.59,
  26.59,
  26.61,
  26.62,
  26.62,
  26.57,
  26.58,
  26.55,
  26.54,
  26.56,
  26.55,
  26.54,
  26.53,
  26.52,
  26.44,
  26.39,
  26.38,
  26.35,
  26.31,
  26.26,
  26.23,
  26.22
 ]
}