{
 "theta_star": 21.21807987018029,
 "after_same_kick": 20.928917431930095,
 "after_orth_kick": 20.95547652812743,
 "traj_same": [
  2.79,
  8.26,
  11.73,
  14.04,
  15.69,
  16.92,
  17.84,
  18.51,
  19.01,
  19.34,
  19.62,
  19.84,
  20.01,
  20.14,
  20.25,
  20.38,
  20.46,
  20.54,
  20.59,
  20.62,
  20.64,
  20.66,
  20.67,
  20.69,
  20.73,
  20.79,
  20.8,
  20.83,
  20.83,
  20.83,
  20.84,
  20.85,
  20.83,
  20.84,
  20.85,
  20.84,
  20.8,
  20.75,
  20.73,
  20.74,
  20.72,
  20.72,
  20.71,
  20.7,
  20.71,
  20.72,
  20.73,
  20.72,
  20.71,
  20.69,
  20.7,
  20.68,
  20.69,
  20.7,
  20.73,
  20.73,
  20.73,
  20.76,
  20.76,
  20.77,
  20.76,
  20.75,
  20.76,
  20.73,
  20.71,
  20.72,
  20.73,
  20.74,
  20.75,
  20.74,
  20.77,
  20.78,
  20.78,
  20.76,
  20.79,
  20.8,
  20.81,
  20.8,
  20.82,
  20.81,
  20.82,
  20.81,
  20.81,
  20.82,
  20.83,
  20.83,
  20.88,
  20.9,
  20.9,
  20.91,
  20.93,
  20.93,
  20.93,
  20.92,
  20.93,
  20.96,
  20.96,
  20.93,
  20.92,
  20.89
 ],
 "traj_orth": [
  89.72,
  86.1,
  80.16,
  71.79,
  61.84,
  51.63,
  42.22,
  34.13,
  27.71,
  22.93,
  19.68,
  17.71,
  16.7,
  16.37,
  16.51,
  16.93,
  17.44,
  17.99,
  18.47,
  18.89,
  19.25,
  19.53,
  19.76,
  19.97,
  20.14,
  20.31,
  20.4,
  20.5,
  20.57,
  20.63,
  20.69,
  20.73,
  20.72,
  20.73,
  20.72,
  20.7,
  20.7,
  20.68,
  20.68,
  20.71,
  20.71,
  20.71,
  20.71,
  20.7,
  20.7,
  20.7,
  20.72,
  20.72,
  20.72,
  20.7,
  20.71,
  20.68,
  20.68,
  20.69,
  20.71,
  20.71,
  20.73,
  20.76,
  20.76,
  20.76,
  20.74,
  20.73,
  20.75,
  20.73,
  20.71,
  20.71,
  20.73,
  20.75,
  20.76,
  20.76,
  20.79,
  20.8,
  20.82,
  20.81,
  20.82,
  20.82,
  20.82,
  20.81,
  20.83,
  20.82,
  20.84,
  20.85,
  20.86,
  20.86,
  20.86,
  20.85,
  20.9,
  20.93,
  20.92,
  20.92,
  20.94,
  20.95,
  20.97,
  20.98,
  20.96,
  20.95,
  20.97,
  20.96,
  20.96,
  20.93
 ]
}