{
 "theta_star": 38.19267689635705,
 "after_same_kick": 7.5096790753993705,
 "after_orth_kick": 8.39642409289845,
 "traj_same": [
  2.09,
  5.61,
  6.65,
  7.05,
  7.27,
  7.34,
  7.4,
  7.42,
  7.48,
  7.48,
  7.51,
  7.57,
  7.59,
  7.61,
  7.58,
  7.54,
  7.53,
  7.54,
  7.56,
  7.55,
  7.55,
  7.56,
  7.53,
  7.5,
  7.48,
  7.46,
  7.42,
  7.35,
  7.29,
  7.3,
  7.27,
  7.24,
  7.26,
  7.29,
  7.31,
  7.36,
  7.4,
  7.4,
  7.39,
  7.4,
  7.42,
  7.4,
  7.41,
  7.43,
  7.47,
  7.49,
  7.56,
  7.55,
  7.53,
  7.51,
  7.49,
  7.53,
  7.58,
  7.6,
  7.63,
  7.64,
  7.64,
  7.62,
  7.65,
  7.68,
  7.72,
  7.75,
  7.78,
  7.79,
  7.78,
  7.79,
  7.8,
  7.78,
  7.76,
  7.74,
  7.73,
  7.77,
  7.79,
  7.76,
  7.76,
  7.75,
  7.75,
  7.84,
  7.85,
  7.86,
  7.82,
  7.74,
  7.64,
  7.56,
  7.51,
  7.44,
  7.37,
  7.41,
  7.44,
  7.44,
  7.44,
  7.42,
  7.43,
  7.44,
  7.45,
  7.43,
  7.47,
  7.62,
  7.7,
  7.71
 ],
 "traj_orth": [
  89.69,
  86.06,
  80.67,
  72.84,
  62.6,
  50.92,
  39.33,
  29.61,
  22.35,
  16.99,
  13.15,
  10.95,
  10.04,
  9.68,
  9.49,
  9.31,
  9.2,
  9.14,
  9.11,
  9.07,
  9.08,
  9.11,
  9.11,
  9.06,
  8.96,
  8.85,
  8.75,
  8.66,
  8.54,
  8.49,
  8.47,
  8.49,
  8.53,
  8.54,
  8.52,
  8.5,
  8.45,
  8.41,
  8.35,
  8.36,
  8.38,
  8.4,
  8.39,
  8.39,
  8.36,
  8.34,
  8.38,
  8.33,
  8.37,
  8.36,
  8.36,
  8.33,
  8.29,
  8.23,
  8.23,
  8.29,
  8.3,
  8.29,
  8.29,
  8.34,
  8.3,
  8.32,
  8.31,
  8.34,
  8.34,
  8.37,
  8.42,
  8.47,
  8.48,
  8.46,
  8.39,
  8.41,
  8.39,
  8.38,
  8.45,
  8.5,
  8.5,
  8.49,
  8.47,
  8.47,
  8.42,
  8.39,
  8.35,
  8.35,
  8.39,
  8.4,
  8.46,
  8.54,
  8.54,
  8.48,
  8.43,
  8.44,
  8.49,
  8.48,
  8.41,
  8.34,
  8.32,
  8.34,
  8.36,
  8.36
 ]
}