{
 "theta_star": 95.7025077725029,
 "after_same_kick": 15.822811090656879,
 "after_orth_kick": 16.908934440112397,
 "traj_same": [
  3.27,
  7.09,
  9.2,
  10.46,
  11.33,
  11.99,
  12.49,
  12.92,
  13.26,
  13.51,
  13.68,
  13.81,
  13.98,
  14.17,
  14.38,
  14.56,
  14.7,
  14.78,
  14.79,
  14.84,
  14.87,
  14.96,
  15.03,
  15.14,
  15.23,
  15.21,
  15.2,
  15.17,
  15.16,
  15.2,
  15.28,
  15.35,
  15.43,
  15.53,
  15.6,
  15.7,
  15.76,
  15.79,
  15.77,
  15.81,
  15.9,
  15.93,
  15.98,
  16.08,
  16.18,
  16.35,
  16.47,
  16.56,
  16.65,
  16.63,
  16.59,
  16.63,
  16.55,
  16.51,
  16.46,
  16.42,
  16.39,
  16.36,
  16.29,
  16.28,
  16.31,
  16.28,
  16.29,
  16.21,
  16.2,
  16.16,
  16.1,
  16.04,
  15.99,
  15.99,
  15.93,
  15.9,
  15.86,
  15.88,
  15.86,
  15.86,
  15.86,
  15.86,
  15.89,
  15.9,
  15.95,
  15.96,
  15.91,
  15.93,
  15.93,
  15.93,
  15.89,
  15.88,
  15.89,
  15.84,
  15.81,
  15.84,
  15.82,
  15.8,
  15.8,
  15.83,
  15.82,
  15.83,
  15.81,
  15.86
 ],
 "traj_orth": [
  89.72,
  86.67,
  82.99,
  78.62,
  73.52,
  67.75,
  61.46,
  54.84,
  48.25,
  41.84,
  36.08,
  30.97,
  26.7,
  23.41,
  20.97,
  19.29,
  18.12,
  17.4,
  16.97,
  16.81,
  16.65,
  16.55,
  16.49,
  16.53,
  16.59,
  16.64,
  16.74,
  16.85,
  16.95,
  17.05,
  17.1,
  17.12,
  17.15,
  17.2,
  17.24,
  17.29,
  17.29,
  17.26,
  17.22,
  17.26,
  17.38,
  17.42,
  17.43,
  17.42,
  17.38,
  17.41,
  17.4,
  17.4,
  17.44,
  17.41,
  17.43,
  17.52,
  17.52,
  17.51,
  17.41,
  17.31,
  17.26,
  17.26,
  17.24,
  17.27,
  17.31,
  17.3,
  17.31,
  17.23,
  17.2,
  17.13,
  17.13,
  17.13,
  17.15,
  17.16,
  17.16,
  17.14,
  17.07,
  17.02,
  16.94,
  16.88,
  16.82,
  16.77,
  16.72,
  16.73,
  16.75,
  16.84,
  16.85,
  16.81,
  16.76,
  16.76,
  16.76,
  16.8,
  16.81,
  16.83,
  16.83,
  16.81,
  16.86,
  16.89,
  16.89,
  16.99,
  17.0,
  16.98,
  16.9,
  16.93
 ]
}