{
 "theta_star": 92.56135064457425,
 "after_same_kick": 15.318074981262768,
 "after_orth_kick": 17.46157131278304,
 "traj_same": [
  3.29,
  7.17,
  9.34,
  10.62,
  11.51,
  12.18,
  12.72,
  13.2,
  13.61,
  13.92,
  14.15,
  14.33,
  14.43,
  14.45,
  14.47,
  14.46,
  14.5,
  14.52,
  14.62,
  14.65,
  14.71,
  14.69,
  14.67,
  14.67,
  14.69,
  14.75,
  14.82,
  14.91,
  14.93,
  15.01,
  15.02,
  15.01,
  15.0,
  14.98,
  15.0,
  14.97,
  14.9,
  14.87,
  14.84,
  14.78,
  14.75,
  14.74,
  14.74,
  14.74,
  14.75,
  14.72,
  14.68,
  14.76,
  14.78,
  14.84,
  14.88,
  14.91,
  14.94,
  14.93,
  14.89,
  14.9,
  14.9,
  14.91,
  14.93,
  15.0,
  15.04,
  14.99,
  14.98,
  14.97,
  14.99,
  15.0,
  15.01,
  14.98,
  15.0,
  15.03,
  15.06,
  15.09,
  15.14,
  15.17,
  15.14,
  15.16,
  15.16,
  15.19,
  15.15,
  15.12,
  15.11,
  15.13,
  15.14,
  15.2,
  15.25,
  15.28,
  15.3,
  15.3,
  15.34,
  15.36,
  15.34,
  15.35,
  15.34,
  15.34,
  15.36,
  15.34,
  15.33,
  15.29,
  15.27,
  15.22
 ],
 "traj_orth": [
  89.7,
  86.59,
  82.78,
  78.32,
  73.15,
  67.34,
  61.01,
  54.48,
  48.06,
  42.12,
  36.71,
  32.06,
  28.09,
  24.86,
  22.4,
  20.52,
  19.05,
  18.08,
  17.51,
  17.11,
  16.91,
  16.79,
  16.75,
  16.72,
  16.71,
  16.77,
  16.86,
  16.94,
  16.96,
  17.04,
  17.08,
  17.15,
  17.15,
  17.19,
  17.24,
  17.25,
  17.21,
  17.22,
  17.25,
  17.29,
  17.29,
  17.3,
  17.31,
  17.3,
  17.26,
  17.22,
  17.2,
  17.31,
  17.35,
  17.43,
  17.45,
  17.52,
  17.6,
  17.65,
  17.64,
  17.62,
  17.64,
  17.69,
  17.74,
  17.76,
  17.73,
  17.64,
  17.59,
  17.52,
  17.43,
  17.39,
  17.42,
  17.39,
  17.38,
  17.39,
  17.37,
  17.32,
  17.3,
  17.3,
  17.27,
  17.35,
  17.42,
  17.45,
  17.44,
  17.41,
  17.46,
  17.48,
  17.52,
  17.5,
  17.51,
  17.51,
  17.48,
  17.41,
  17.45,
  17.47,
  17.47,
  17.47,
  17.44,
  17.42,
  17.43,
  17.42,
  17.49,
  17.5,
  17.51,
  17.47
 ]
}