{
 "theta_star": 21.677267635830418,
 "after_same_kick": 20.61174698755882,
 "after_orth_kick": 20.91051815351211,
 "traj_same": [
  3.57,
  8.54,
  11.86,
  14.11,
  15.79,
  17.01,
  17.94,
  18.64,
  19.13,
  19.51,
  19.76,
  19.99,
  20.17,
  20.32,
  20.44,
  20.51,
  20.56,
  20.62,
  20.64,
  20.67,
  20.69,
  20.74,
  20.75,
  20.77,
  20.78,
  20.82,
  20.84,
  20.83,
  20.81,
  20.78,
  20.81,
  20.77,
  20.77,
  20.74,
  20.71,
  20.71,
  20.7,
  20.71,
  20.69,
  20.68,
  20.65,
  20.62,
  20.61,
  20.63,
  20.6,
  20.6,
  20.63,
  20.63,
  20.59,
  20.59,
  20.62,
  20.62,
  20.63,
  20.62,
  20.64,
  20.66,
  20.67,
  20.65,
  20.65,
  20.66,
  20.7,
  20.73,
  20.77,
  20.77,
  20.75,
  20.72,
  20.77,
  20.72,
  20.77,
  20.78,
  20.81,
  20.82,
  20.82,
  20.8,
  20.77,
  20.78,
  20.77,
  20.75,
  20.74,
  20.72,
  20.74,
  20.71,
  20.69,
  20.66,
  20.62,
  20.63,
  20.63,
  20.6,
  20.61,
  20.61,
  20.62,
  20.63,
  20.62,
  20.62,
  20.61,
  20.59,
  20.6,
  20.6,
  20.6,
  20.62
 ],
 "traj_orth": [
  89.72,
  86.07,
  80.21,
  71.89,
  61.83,
  51.31,
  41.58,
  33.38,
  26.99,
  22.37,
  19.44,
  17.7,
  16.89,
  16.7,
  16.92,
  17.28,
  17.69,
  18.16,
  18.58,
  18.98,
  19.35,
  19.69,
  19.93,
  20.16,
  20.31,
  20.46,
  20.59,
  20.67,
  20.73,
  20.78,
  20.89,
  20.93,
  20.98,
  20.99,
  20.99,
  21.0,
  20.99,
  21.01,
  21.05,
  21.12,
  21.13,
  21.11,
  21.12,
  21.14,
  21.11,
  21.11,
  21.14,
  21.17,
  21.16,
  21.18,
  21.21,
  21.19,
  21.18,
  21.13,
  21.12,
  21.09,
  21.06,
  21.01,
  21.0,
  21.0,
  21.02,
  21.02,
  21.03,
  20.99,
  20.95,
  20.92,
  20.95,
  20.91,
  20.96,
  20.97,
  21.01,
  21.03,
  21.04,
  21.02,
  20.97,
  20.97,
  20.95,
  20.95,
  20.95,
  20.93,
  20.96,
  20.96,
  20.95,
  20.93,
  20.92,
  20.95,
  20.97,
  20.94,
  20.94,
  20.91,
  20.89,
  20.89,
  20.9,
  20.91,
  20.91,
  20.9,
  20.93,
  20.92,
  20.92,
  20.93
 ]
}