{
 "theta_star": 4.56842929942471,
 "after_same_kick": 4.19479516950072,
 "after_orth_kick": 4.196480732744049,
 "traj_same": [
  1.39,
  4.0,
  4.19,
  4.2,
  4.21,
  4.22,
  4.21,
  4.19,
  4.2,
  4.21,
  4.2,
  4.2,
  4.22,
  4.2,
  4.2,
  4.19,
  4.2,
  4.18,
  4.19,
  4.21,
  4.21,
  4.21,
  4.22,
  4.21,
  4.21,
  4.19,
  4.19,
  4.19,
  4.21,
  4.18,
  4.18,
  4.19,
  4.2,
  4.18,
  4.19,
  4.19,
  4.19,
  4.21,
  4.2,
  4.2,
  4.2,
  4.19,
  4.18,
  4.2,
  4.19,
  4.21,
  4.19,
  4.18,
  4.19,
  4.19,
  4.18,
  4.19,
  4.21,
  4.19,
  4.19,
  4.18,
  4.2,
  4.18,
  4.18,
  4.19,
  4.18,
  4.2,
  4.19,
  4.22,
  4.2,
  4.2,
  4.2,
  4.2,
  4.2,
  4.19,
  4.18,
  4.18,
  4.18,
  4.19,
  4.21,
  4.2,
  4.2,
  4.19,
  4.19,
  4.18,
  4.2,
  4.19,
  4.19,
  4.18,
  4.19,
  4.2,
  4.19,
  4.2,
  4.19,
  4.21,
  4.18,
  4.19,
  4.19,
  4.19,
  4.18,
  4.2,
  4.2,
  4.19,
  4.22,
  4.19
 ],
 "traj_orth": [
  89.74,
  85.95,
  77.66,
  63.32,
  45.3,
  29.34,
  17.8,
  11.07,
  7.47,
  5.51,
  4.68,
  4.51,
  4.51,
  4.47,
  4.44,
  4.33,
  4.27,
  4.19,
  4.2,
  4.21,
  4.21,
  4.21,
  4.21,
  4.21,
  4.2,
  4.19,
  4.19,
  4.19,
  4.21,
  4.18,
  4.18,
  4.19,
  4.2,
  4.18,
  4.19,
  4.19,
  4.19,
  4.2,
  4.19,
  4.2,
  4.2,
  4.19,
  4.18,
  4.2,
  4.19,
  4.21,
  4.19,
  4.17,
  4.19,
  4.19,
  4.18,
  4.19,
  4.21,
  4.19,
  4.19,
  4.18,
  4.2,
  4.18,
  4.18,
  4.19,
  4.18,
  4.2,
  4.19,
  4.22,
  4.2,
  4.2,
  4.2,
  4.2,
  4.2,
  4.19,
  4.18,
  4.18,
  4.19,
  4.19,
  4.21,
  4.2,
  4.2,
  4.19,
  4.19,
  4.18,
  4.2,
  4.2,
  4.19,
  4.18,
  4.19,
  4.2,
  4.19,
  4.2,
  4.19,
  4.21,
  4.19,
  4.2,
  4.2,
  4.19,
  4.18,
  4.21,
  4.2,
  4.19,
  4.22,
  4.19
 ]
}