{
 "theta_star": 38.103489513717435,
 "after_same_kick": 7.413955850795619,
 "after_orth_kick": 7.527560181170086,
 "traj_same": [
  2.09,
  5.69,
  6.72,
  7.14,
  7.41,
  7.52,
  7.46,
  7.41,
  7.38,
  7.38,
  7.39,
  7.39,
  7.38,
  7.34,
  7.33,
  7.32,
  7.32,
  7.31,
  7.32,
  7.32,
  7.35,
  7.35,
  7.35,
  7.34,
  7.32,
  7.31,
  7.31,
  7.31,
  7.32,
  7.4,
  7.49,
  7.51,
  7.5,
  7.44,
  7.41,
  7.39,
  7.4,
  7.43,
  7.46,
  7.5,
  7.52,
  7.47,
  7.45,
  7.45,
  7.43,
  7.44,
  7.45,
  7.42,
  7.39,
  7.38,
  7.37,
  7.4,
  7.4,
  7.42,
  7.44,
  7.41,
  7.4,
  7.39,
  7.38,
  7.37,
  7.38,
  7.4,
  7.43,
  7.43,
  7.4,
  7.4,
  7.41,
  7.4,
  7.39,
  7.42,
  7.43,
  7.43,
  7.41,
  7.39,
  7.39,
  7.39,
  7.4,
  7.41,
  7.43,
  7.44,
  7.44,
  7.42,
  7.41,
  7.38,
  7.41,
  7.41,
  7.44,
  7.44,
  7.42,
  7.4,
  7.39,
  7.41,
  7.42,
  7.43,
  7.46,
  7.46,
  7.43,
  7.38,
  7.38,
  7.38
 ],
 "traj_orth": [
  89.7,
  86.1,
  80.75,
  73.1,
  63.03,
  51.48,
  39.99,
  30.04,
  22.61,
  17.44,
  13.76,
  11.22,
  9.81,
  9.15,
  8.86,
  8.71,
  8.65,
  8.56,
  8.55,
  8.5,
  8.56,
  8.58,
  8.61,
  8.71,
  8.76,
  8.79,
  8.77,
  8.72,
  8.67,
  8.63,
  8.63,
  8.6,
  8.56,
  8.5,
  8.43,
  8.32,
  8.2,
  8.03,
  7.87,
  7.74,
  7.65,
  7.56,
  7.55,
  7.56,
  7.56,
  7.56,
  7.56,
  7.51,
  7.49,
  7.48,
  7.49,
  7.54,
  7.56,
  7.59,
  7.58,
  7.55,
  7.54,
  7.52,
  7.51,
  7.51,
  7.53,
  7.57,
  7.59,
  7.56,
  7.52,
  7.52,
  7.52,
  7.51,
  7.51,
  7.55,
  7.57,
  7.57,
  7.56,
  7.56,
  7.56,
  7.56,
  7.59,
  7.62,
  7.65,
  7.62,
  7.58,
  7.53,
  7.51,
  7.48,
  7.5,
  7.49,
  7.54,
  7.57,
  7.58,
  7.56,
  7.53,
  7.53,
  7.51,
  7.5,
  7.53,
  7.54,
  7.55,
  7.52,
  7.53,
  7.54
 ]
}