{
 "theta_star": 37.90627138683172,
 "after_same_kick": 35.26939904321183,
 "after_orth_kick": 35.15008368972546,
 "traj_same": [
  2.93,
  8.42,
  12.15,
  14.97,
  17.22,
  19.09,
  20.67,
  22.05,
  23.2,
  24.2,
  25.07,
  25.81,
  26.44,
  26.99,
  27.48,
  27.93,
  28.32,
  28.67,
  29.0,
  29.31,
  29.58,
  29.83,
  30.09,
  30.32,
  30.52,
  30.74,
  30.93,
  31.11,
  31.26,
  31.45,
  31.61,
  31.79,
  31.92,
  32.1,
  32.21,
  32.33,
  32.47,
  32.6,
  32.73,
  32.82,
  32.93,
  33.04,
  33.13,
  33.23,
  33.31,
  33.41,
  33.5,
  33.55,
  33.61,
  33.67,
  33.79,
  33.87,
  33.97,
  34.04,
  34.09,
  34.11,
  34.12,
  34.15,
  34.18,
  34.23,
  34.29,
  34.33,
  34.33,
  34.31,
  34.28,
  34.28,
  34.3,
  34.32,
  34.36,
  34.37,
  34.41,
  34.44,
  34.49,
  34.54,
  34.56,
  34.57,
  34.62,
  34.73,
  34.78,
  34.84,
  34.87,
  34.9,
  34.93,
  34.93,
  35.01,
  35.02,
  35.08,
  35.14,
  35.15,
  35.14,
  35.13,
  35.16,
  35.15,
  35.21,
  35.26,
  35.3,
  35.35,
  35.38,
  35.38,
  35.38
 ],
 "traj_orth": [
  89.73,
  86.6,
  82.55,
  77.67,
  72.12,
  66.14,
  59.99,
  53.95,
  48.26,
  42.98,
  38.28,
  34.17,
  30.65,
  27.75,
  25.49,
  23.88,
  22.84,
  22.29,
  22.12,
  22.22,
  22.5,
  22.94,
  23.51,
  24.12,
  24.74,
  25.38,
  25.97,
  26.52,
  27.01,
  27.52,
  27.99,
  28.46,
  28.88,
  29.3,
  29.62,
  29.94,
  30.24,
  30.52,
  30.78,
  30.98,
  31.21,
  31.44,
  31.65,
  31.85,
  32.01,
  32.18,
  32.35,
  32.5,
  32.63,
  32.77,
  32.93,
  33.06,
  33.22,
  33.34,
  33.44,
  33.53,
  33.58,
  33.62,
  33.68,
  33.74,
  33.81,
  33.87,
  33.91,
  33.93,
  33.95,
  33.99,
  34.04,
  34.06,
  34.09,
  34.11,
  34.18,
  34.26,
  34.35,
  34.41,
  34.42,
  34.41,
  34.45,
  34.55,
  34.59,
  34.65,
  34.69,
  34.74,
  34.77,
  34.78,
  34.85,
  34.85,
  34.9,
  34.95,
  34.98,
  35.01,
  35.04,
  35.1,
  35.1,
  35.14,
  35.16,
  35.16,
  35.18,
  35.21,
  35.21,
  35.2
 ]
}