{
 "theta_star": 91.51848419166068,
 "after_same_kick": 13.851904160073124,
 "after_orth_kick": 15.52385925976221,
 "traj_same": [
  3.29,
  6.99,
  9.04,
  10.28,
  11.14,
  11.77,
  12.29,
  12.72,
  13.04,
  13.34,
  13.56,
  13.73,
  13.82,
  13.9,
  13.97,
  14.07,
  14.19,
  14.28,
  14.35,
  14.45,
  14.49,
  14.48,
  14.53,
  14.56,
  14.62,
  14.68,
  14.67,
  14.66,
  14.63,
  14.61,
  14.53,
  14.51,
  14.45,
  14.41,
  14.33,
  14.25,
  14.18,
  14.14,
  14.17,
  14.17,
  14.21,
  14.25,
  14.26,
  14.3,
  14.31,
  14.33,
  14.39,
  14.42,
  14.43,
  14.43,
  14.39,
  14.32,
  14.32,
  14.36,
  14.38,
  14.43,
  14.44,
  14.49,
  14.51,
  14.52,
  14.46,
  14.42,
  14.45,
  14.45,
  14.47,
  14.51,
  14.51,
  14.5,
  14.44,
  14.39,
  14.35,
  14.29,
  14.21,
  14.16,
  14.08,
  13.99,
  13.87,
  13.8,
  13.75,
  13.76,
  13.7,
  13.66,
  13.68,
  13.72,
  13.75,
  13.74,
  13.73,
  13.73,
  13.75,
  13.74,
  13.77,
  13.79,
  13.8,
  13.8,
  13.83,
  13.85,
  13.92,
  13.93,
  13.93,
  13.9
 ],
 "traj_orth": [
  89.73,
  86.78,
  83.23,
  78.98,
  74.02,
  68.37,
  62.21,
  55.9,
  49.72,
  43.81,
  38.36,
  33.49,
  29.26,
  25.77,
  22.98,
  20.87,
  19.52,
  18.69,
  18.13,
  17.77,
  17.57,
  17.35,
  17.2,
  17.05,
  17.04,
  17.0,
  16.92,
  16.88,
  16.86,
  16.84,
  16.78,
  16.78,
  16.76,
  16.74,
  16.73,
  16.73,
  16.75,
  16.69,
  16.68,
  16.65,
  16.65,
  16.69,
  16.72,
  16.76,
  16.76,
  16.66,
  16.59,
  16.46,
  16.39,
  16.33,
  16.21,
  16.04,
  15.99,
  15.96,
  15.95,
  15.9,
  15.87,
  15.87,
  15.85,
  15.87,
  15.87,
  15.83,
  15.87,
  15.91,
  15.94,
  15.97,
  15.94,
  15.95,
  15.88,
  15.88,
  15.88,
  15.89,
  15.91,
  15.97,
  16.04,
  16.08,
  16.04,
  15.99,
  15.91,
  15.88,
  15.82,
  15.8,
  15.79,
  15.78,
  15.73,
  15.62,
  15.55,
  15.44,
  15.42,
  15.46,
  15.49,
  15.53,
  15.58,
  15.58,
  15.54,
  15.49,
  15.45,
  15.49,
  15.51,
  15.58
 ]
}