{
 "theta_star": 64.51445637361712,
 "after_same_kick": 10.268230185875906,
 "after_orth_kick": 10.477209527914287,
 "traj_same": [
  2.91,
  6.47,
  8.0,
  8.77,
  9.19,
  9.38,
  9.5,
  9.62,
  9.69,
  9.74,
  9.77,
  9.77,
  9.82,
  9.83,
  9.83,
  9.85,
  9.86,
  9.87,
  9.93,
  9.95,
  9.97,
  10.0,
  10.02,
  9.99,
  9.97,
  9.96,
  10.01,
  10.05,
  10.08,
  10.13,
  10.14,
  10.11,
  10.07,
  10.07,
  10.08,
  10.08,
  10.09,
  10.12,
  10.12,
  10.17,
  10.21,
  10.26,
  10.2,
  10.19,
  10.19,
  10.15,
  10.13,
  10.14,
  10.14,
  10.12,
  10.1,
  10.12,
  10.17,
  10.21,
  10.22,
  10.22,
  10.21,
  10.22,
  10.26,
  10.25,
  10.24,
  10.26,
  10.22,
  10.21,
  10.18,
  10.14,
  10.11,
  10.1,
  10.13,
  10.18,
  10.19,
  10.22,
  10.27,
  10.35,
  10.38,
  10.38,
  10.34,
  10.27,
  10.19,
  10.19,
  10.16,
  10.16,
  10.15,
  10.17,
  10.12,
  10.11,
  10.1,
  10.11,
  10.14,
  10.14,
  10.16,
  10.19,
  10.22,
  10.26,
  10.33,
  10.34,
  10.32,
  10.3,
  10.28,
  10.28
 ],
 "traj_orth": [
  89.71,
  86.5,
  82.23,
  76.71,
  69.87,
  61.9,
  53.38,
  44.75,
  36.63,
  29.64,
  23.93,
  19.65,
  16.52,
  14.37,
  13.06,
  12.33,
  11.88,
  11.57,
  11.41,
  11.3,
  11.26,
  11.29,
  11.27,
  11.23,
  11.17,
  11.13,
  11.08,
  11.01,
  10.97,
  10.96,
  10.93,
  10.92,
  10.87,
  10.84,
  10.84,
  10.8,
  10.76,
  10.74,
  10.74,
  10.8,
  10.8,
  10.82,
  10.75,
  10.69,
  10.62,
  10.54,
  10.52,
  10.53,
  10.54,
  10.51,
  10.48,
  10.47,
  10.44,
  10.41,
  10.39,
  10.37,
  10.36,
  10.38,
  10.44,
  10.45,
  10.44,
  10.46,
  10.44,
  10.43,
  10.41,
  10.41,
  10.43,
  10.49,
  10.42,
  10.43,
  10.44,
  10.44,
  10.41,
  10.38,
  10.34,
  10.34,
  10.35,
  10.41,
  10.41,
  10.44,
  10.4,
  10.36,
  10.31,
  10.26,
  10.29,
  10.33,
  10.35,
  10.36,
  10.38,
  10.38,
  10.4,
  10.42,
  10.43,
  10.45,
  10.5,
  10.51,
  10.53,
  10.52,
  10.5,
  10.52
 ]
}