{
 "theta_star": 4.214131099070005,
 "after_same_kick": 4.192648033456451,
 "after_orth_kick": 4.205639948875036,
 "traj_same": [
  1.38,
  3.99,
  4.21,
  4.22,
  4.23,
  4.23,
  4.23,
  4.22,
  4.23,
  4.21,
  4.22,
  4.22,
  4.21,
  4.22,
  4.2,
  4.21,
  4.2,
  4.21,
  4.21,
  4.21,
  4.23,
  4.21,
  4.19,
  4.2,
  4.19,
  4.2,
  4.19,
  4.19,
  4.2,
  4.19,
  4.2,
  4.19,
  4.2,
  4.19,
  4.19,
  4.21,
  4.21,
  4.19,
  4.19,
  4.2,
  4.2,
  4.2,
  4.21,
  4.2,
  4.2,
  4.2,
  4.2,
  4.2,
  4.19,
  4.19,
  4.21,
  4.19,
  4.2,
  4.2,
  4.2,
  4.19,
  4.2,
  4.21,
  4.2,
  4.21,
  4.18,
  4.2,
  4.21,
  4.19,
  4.19,
  4.19,
  4.19,
  4.19,
  4.2,
  4.2,
  4.2,
  4.19,
  4.21,
  4.19,
  4.19,
  4.21,
  4.21,
  4.19,
  4.21,
  4.19,
  4.19,
  4.19,
  4.2,
  4.21,
  4.2,
  4.19,
  4.2,
  4.19,
  4.19,
  4.2,
  4.19,
  4.18,
  4.17,
  4.19,
  4.18,
  4.19,
  4.21,
  4.19,
  4.2,
  4.21
 ],
 "traj_orth": [
  89.73,
  85.74,
  77.2,
  62.22,
  44.22,
  28.38,
  17.07,
  10.62,
  7.16,
  5.5,
  5.19,
  5.25,
  5.34,
  5.32,
  5.19,
  5.02,
  4.71,
  4.41,
  4.34,
  4.34,
  4.32,
  4.23,
  4.21,
  4.21,
  4.21,
  4.21,
  4.19,
  4.18,
  4.2,
  4.2,
  4.2,
  4.2,
  4.2,
  4.19,
  4.19,
  4.19,
  4.21,
  4.21,
  4.19,
  4.19,
  4.19,
  4.2,
  4.19,
  4.2,
  4.18,
  4.2,
  4.19,
  4.21,
  4.2,
  4.2,
  4.2,
  4.2,
  4.2,
  4.19,
  4.21,
  4.2,
  4.19,
  4.19,
  4.2,
  4.21,
  4.2,
  4.2,
  4.2,
  4.2,
  4.18,
  4.2,
  4.21,
  4.19,
  4.2,
  4.2,
  4.19,
  4.21,
  4.2,
  4.19,
  4.2,
  4.21,
  4.18,
  4.2,
  4.2,
  4.2,
  4.22,
  4.2,
  4.2,
  4.21,
  4.21,
  4.21,
  4.19,
  4.19,
  4.2,
  4.22,
  4.21,
  4.19,
  4.21,
  4.19,
  4.21,
  4.21,
  4.21,
  4.21,
  4.21,
  4.2
 ]
}