{
 "theta_star": 12.802057794621192,
 "after_same_kick": 5.328466373467471,
 "after_orth_kick": 5.329116493317454,
 "traj_same": [
  1.5,
  4.75,
  5.26,
  5.38,
  5.43,
  5.56,
  5.62,
  5.67,
  5.71,
  5.68,
  5.68,
  5.61,
  5.54,
  5.42,
  5.37,
  5.35,
  5.36,
  5.34,
  5.37,
  5.37,
  5.35,
  5.35,
  5.33,
  5.35,
  5.36,
  5.37,
  5.36,
  5.35,
  5.36,
  5.37,
  5.34,
  5.35,
  5.36,
  5.36,
  5.37,
  5.35,
  5.36,
  5.35,
  5.34,
  5.34,
  5.34,
  5.34,
  5.34,
  5.37,
  5.37,
  5.35,
  5.36,
  5.34,
  5.34,
  5.35,
  5.35,
  5.36,
  5.35,
  5.35,
  5.34,
  5.33,
  5.34,
  5.34,
  5.32,
  5.33,
  5.35,
  5.35,
  5.34,
  5.35,
  5.35,
  5.34,
  5.35,
  5.34,
  5.35,
  5.33,
  5.35,
  5.34,
  5.34,
  5.35,
  5.32,
  5.33,
  5.34,
  5.35,
  5.36,
  5.35,
  5.34,
  5.34,
  5.36,
  5.34,
  5.35,
  5.32,
  5.34,
  5.33,
  5.32,
  5.33,
  5.32,
  5.32,
  5.32,
  5.33,
  5.32,
  5.33,
  5.33,
  5.34,
  5.34,
  5.34
 ],
 "traj_orth": [
  89.7,
  85.88,
  79.19,
  68.28,
  53.83,
  38.73,
  25.7,
  16.42,
  10.88,
  8.22,
  6.99,
  6.41,
  6.15,
  6.02,
  6.0,
  6.01,
  6.03,
  6.02,
  5.94,
  5.85,
  5.78,
  5.74,
  5.73,
  5.76,
  5.79,
  5.78,
  5.75,
  5.7,
  5.68,
  5.67,
  5.65,
  5.67,
  5.7,
  5.72,
  5.73,
  5.69,
  5.7,
  5.67,
  5.63,
  5.63,
  5.65,
  5.67,
  5.65,
  5.67,
  5.63,
  5.56,
  5.55,
  5.53,
  5.52,
  5.54,
  5.52,
  5.52,
  5.49,
  5.5,
  5.5,
  5.51,
  5.55,
  5.54,
  5.5,
  5.47,
  5.48,
  5.47,
  5.48,
  5.49,
  5.49,
  5.44,
  5.39,
  5.33,
  5.33,
  5.32,
  5.33,
  5.33,
  5.33,
  5.34,
  5.31,
  5.32,
  5.33,
  5.34,
  5.35,
  5.35,
  5.33,
  5.33,
  5.35,
  5.34,
  5.34,
  5.31,
  5.34,
  5.33,
  5.32,
  5.33,
  5.32,
  5.33,
  5.33,
  5.33,
  5.32,
  5.33,
  5.33,
  5.33,
  5.34,
  5.34
 ]
}