{
 "theta_star": 39.71973744070237,
 "after_same_kick": 32.639887428086965,
 "after_orth_kick": 32.217717388254115,
 "traj_same": [
  3.02,
  8.36,
  11.96,
  14.62,
  16.82,
  18.67,
  20.25,
  21.61,
  22.79,
  23.76,
  24.6,
  25.31,
  25.93,
  26.51,
  27.02,
  27.43,
  27.78,
  28.12,
  28.42,
  28.68,
  28.91,
  29.11,
  29.3,
  29.5,
  29.66,
  29.83,
  29.97,
  30.09,
  30.2,
  30.28,
  30.38,
  30.47,
  30.59,
  30.69,
  30.76,
  30.87,
  30.94,
  31.0,
  31.04,
  31.1,
  31.16,
  31.2,
  31.27,
  31.35,
  31.4,
  31.46,
  31.54,
  31.61,
  31.68,
  31.7,
  31.75,
  31.73,
  31.77,
  31.78,
  31.76,
  31.76,
  31.81,
  31.79,
  31.8,
  31.81,
  31.82,
  31.89,
  31.91,
  31.94,
  31.95,
  31.97,
  31.95,
  31.96,
  31.94,
  31.95,
  31.94,
  31.95,
  31.96,
  31.94,
  31.93,
  31.96,
  31.99,
  32.01,
  32.02,
  32.08,
  32.15,
  32.22,
  32.26,
  32.3,
  32.36,
  32.39,
  32.43,
  32.44,
  32.51,
  32.54,
  32.58,
  32.6,
  32.63,
  32.65,
  32.64,
  32.65,
  32.67,
  32.67,
  32.64,
  32.65
 ],
 "traj_orth": [
  89.72,
  86.57,
  82.55,
  77.68,
  72.11,
  66.04,
  59.66,
  53.31,
  47.13,
  41.41,
  36.31,
  31.91,
  28.23,
  25.28,
  23.07,
  21.5,
  20.53,
  20.07,
  20.02,
  20.28,
  20.73,
  21.33,
  22.02,
  22.74,
  23.46,
  24.15,
  24.77,
  25.35,
  25.9,
  26.39,
  26.85,
  27.26,
  27.64,
  28.01,
  28.32,
  28.65,
  28.93,
  29.14,
  29.33,
  29.51,
  29.66,
  29.77,
  29.91,
  30.05,
  30.16,
  30.29,
  30.43,
  30.55,
  30.64,
  30.71,
  30.79,
  30.83,
  30.91,
  30.97,
  31.01,
  31.07,
  31.16,
  31.19,
  31.23,
  31.28,
  31.33,
  31.39,
  31.42,
  31.46,
  31.5,
  31.51,
  31.49,
  31.5,
  31.5,
  31.49,
  31.49,
  31.49,
  31.5,
  31.49,
  31.46,
  31.48,
  31.5,
  31.52,
  31.54,
  31.58,
  31.63,
  31.67,
  31.67,
  31.68,
  31.7,
  31.73,
  31.79,
  31.83,
  31.9,
  31.97,
  32.06,
  32.13,
  32.18,
  32.22,
  32.21,
  32.21,
  32.25,
  32.27,
  32.29,
  32.36
 ]
}