{
 "theta_star": 44.71855040532453,
 "after_same_kick": 37.29574926628489,
 "after_orth_kick": 36.7960211952817,
 "traj_same": [
  3.01,
  8.5,
  12.36,
  15.33,
  17.73,
  19.8,
  21.53,
  22.98,
  24.24,
  25.31,
  26.24,
  27.05,
  27.79,
  28.43,
  29.04,
  29.54,
  30.01,
  30.46,
  30.82,
  31.18,
  31.57,
  31.88,
  32.18,
  32.42,
  32.63,
  32.82,
  33.0,
  33.18,
  33.32,
  33.48,
  33.65,
  33.79,
  33.96,
  34.18,
  34.29,
  34.44,
  34.59,
  34.7,
  34.79,
  34.92,
  35.03,
  35.09,
  35.21,
  35.28,
  35.35,
  35.44,
  35.5,
  35.58,
  35.64,
  35.7,
  35.75,
  35.79,
  35.81,
  35.87,
  35.95,
  35.99,
  36.04,
  36.08,
  36.13,
  36.14,
  36.24,
  36.25,
  36.3,
  36.32,
  36.34,
  36.39,
  36.42,
  36.38,
  36.43,
  36.47,
  36.5,
  36.58,
  36.64,
  36.72,
  36.71,
  36.78,
  36.82,
  36.81,
  36.88,
  36.93,
  36.93,
  36.96,
  37.05,
  37.06,
  37.07,
  37.1,
  37.15,
  37.16,
  37.18,
  37.2,
  37.24,
  37.24,
  37.27,
  37.29,
  37.32,
  37.3,
  37.29,
  37.29,
  37.35,
  37.36
 ],
 "traj_orth": [
  89.7,
  86.27,
  81.9,
  76.65,
  70.73,
  64.37,
  57.96,
  51.72,
  45.82,
  40.4,
  35.63,
  31.57,
  28.26,
  25.67,
  23.87,
  22.65,
  22.06,
  21.91,
  22.07,
  22.47,
  23.11,
  23.8,
  24.54,
  25.3,
  26.05,
  26.75,
  27.42,
  28.08,
  28.7,
  29.28,
  29.83,
  30.31,
  30.76,
  31.22,
  31.54,
  31.87,
  32.21,
  32.5,
  32.74,
  33.0,
  33.24,
  33.43,
  33.67,
  33.84,
  34.02,
  34.21,
  34.35,
  34.49,
  34.61,
  34.74,
  34.88,
  34.99,
  35.05,
  35.18,
  35.3,
  35.39,
  35.5,
  35.61,
  35.7,
  35.76,
  35.89,
  35.94,
  36.05,
  36.1,
  36.15,
  36.19,
  36.22,
  36.18,
  36.23,
  36.27,
  36.3,
  36.39,
  36.43,
  36.5,
  36.46,
  36.52,
  36.55,
  36.53,
  36.57,
  36.58,
  36.57,
  36.61,
  36.68,
  36.69,
  36.69,
  36.69,
  36.71,
  36.7,
  36.73,
  36.77,
  36.82,
  36.81,
  36.84,
  36.84,
  36.84,
  36.78,
  36.75,
  36.73,
  36.79,
  36.78
 ]
}