{
 "theta_star": 94.87999362561277,
 "after_same_kick": 15.050684052599209,
 "after_orth_kick": 15.851226787247322,
 "traj_same": [
  3.33,
  7.18,
  9.33,
  10.64,
  11.52,
  12.11,
  12.57,
  12.9,
  13.16,
  13.37,
  13.54,
  13.69,
  13.81,
  13.98,
  14.19,
  14.29,
  14.41,
  14.44,
  14.48,
  14.51,
  14.56,
  14.56,
  14.62,
  14.69,
  14.78,
  14.9,
  14.99,
  15.09,
  15.17,
  15.27,
  15.37,
  15.45,
  15.47,
  15.54,
  15.54,
  15.59,
  15.58,
  15.62,
  15.62,
  15.62,
  15.66,
  15.83,
  15.96,
  16.08,
  16.11,
  16.15,
  16.16,
  16.2,
  16.22,
  16.18,
  16.19,
  16.19,
  16.23,
  16.31,
  16.34,
  16.33,
  16.28,
  16.22,
  16.18,
  16.12,
  16.13,
  16.18,
  16.15,
  16.09,
  16.09,
  16.05,
  15.93,
  15.87,
  15.82,
  15.77,
  15.71,
  15.66,
  15.59,
  15.56,
  15.5,
  15.4,
  15.27,
  15.21,
  15.2,
  15.2,
  15.24,
  15.29,
  15.29,
  15.26,
  15.27,
  15.24,
  15.23,
  15.21,
  15.17,
  15.12,
  15.11,
  15.05,
  15.1,
  15.07,
  15.09,
  15.08,
  15.04,
  15.03,
  14.97,
  14.96
 ],
 "traj_orth": [
  89.68,
  86.39,
  82.43,
  77.74,
  72.29,
  66.12,
  59.44,
  52.55,
  45.79,
  39.44,
  33.79,
  28.85,
  24.83,
  21.69,
  19.34,
  17.71,
  16.83,
  16.31,
  16.11,
  16.06,
  16.11,
  16.12,
  16.12,
  16.15,
  16.23,
  16.34,
  16.4,
  16.44,
  16.44,
  16.42,
  16.42,
  16.42,
  16.43,
  16.52,
  16.58,
  16.61,
  16.51,
  16.51,
  16.47,
  16.46,
  16.46,
  16.53,
  16.58,
  16.62,
  16.61,
  16.6,
  16.57,
  16.6,
  16.64,
  16.66,
  16.69,
  16.65,
  16.6,
  16.55,
  16.48,
  16.43,
  16.39,
  16.37,
  16.37,
  16.31,
  16.31,
  16.32,
  16.23,
  16.19,
  16.19,
  16.22,
  16.17,
  16.17,
  16.14,
  16.12,
  16.11,
  16.07,
  16.0,
  15.97,
  15.94,
  15.86,
  15.8,
  15.8,
  15.81,
  15.83,
  15.85,
  15.87,
  15.83,
  15.79,
  15.78,
  15.73,
  15.73,
  15.78,
  15.8,
  15.85,
  15.95,
  15.93,
  15.98,
  15.93,
  15.89,
  15.85,
  15.8,
  15.76,
  15.71,
  15.71
 ]
}