{
 "theta_star": 82.11914655950179,
 "after_same_kick": 11.286478036188857,
 "after_orth_kick": 12.550614556819637,
 "traj_same": [
  2.85,
  6.54,
  8.21,
  9.04,
  9.52,
  9.81,
  10.0,
  10.16,
  10.31,
  10.41,
  10.52,
  10.61,
  10.7,
  10.77,
  10.88,
  11.0,
  11.11,
  11.21,
  11.32,
  11.39,
  11.49,
  11.51,
  11.56,
  11.57,
  11.6,
  11.61,
  11.6,
  11.56,
  11.62,
  11.69,
  11.73,
  11.74,
  11.75,
  11.76,
  11.76,
  11.82,
  11.92,
  11.97,
  11.94,
  11.9,
  11.91,
  11.86,
  11.84,
  11.85,
  11.87,
  11.85,
  11.82,
  11.75,
  11.71,
  11.74,
  11.79,
  11.83,
  11.84,
  11.82,
  11.83,
  11.81,
  11.81,
  11.84,
  11.81,
  11.84,
  11.84,
  11.83,
  11.87,
  11.87,
  11.77,
  11.67,
  11.64,
  11.64,
  11.7,
  11.77,
  11.79,
  11.78,
  11.74,
  11.74,
  11.77,
  11.81,
  11.81,
  11.8,
  11.78,
  11.73,
  11.72,
  11.67,
  11.62,
  11.55,
  11.57,
  11.48,
  11.44,
  11.41,
  11.4,
  11.35,
  11.3,
  11.27,
  11.25,
  11.26,
  11.31,
  11.32,
  11.3,
  11.3,
  11.29,
  11.27
 ],
 "traj_orth": [
  89.7,
  86.26,
  81.74,
  75.92,
  68.72,
  60.46,
  51.71,
  43.16,
  35.6,
  29.47,
  24.83,
  21.4,
  18.9,
  17.06,
  15.76,
  14.92,
  14.42,
  14.14,
  14.0,
  13.88,
  13.77,
  13.63,
  13.51,
  13.4,
  13.37,
  13.34,
  13.31,
  13.23,
  13.27,
  13.34,
  13.33,
  13.31,
  13.32,
  13.36,
  13.34,
  13.38,
  13.48,
  13.56,
  13.59,
  13.56,
  13.55,
  13.46,
  13.41,
  13.36,
  13.37,
  13.4,
  13.44,
  13.38,
  13.28,
  13.18,
  13.11,
  13.05,
  13.03,
  12.98,
  12.99,
  12.97,
  12.96,
  12.99,
  12.96,
  13.02,
  13.05,
  13.01,
  12.96,
  12.94,
  12.93,
  12.97,
  12.97,
  12.94,
  13.0,
  13.09,
  13.13,
  13.12,
  13.06,
  13.05,
  13.02,
  12.99,
  13.0,
  13.02,
  13.04,
  12.99,
  12.99,
  12.93,
  12.88,
  12.78,
  12.78,
  12.79,
  12.82,
  12.81,
  12.77,
  12.7,
  12.61,
  12.57,
  12.49,
  12.48,
  12.51,
  12.56,
  12.58,
  12.58,
  12.56,
  12.57
 ]
}