{
 "theta_star": 38.85903530944775,
 "after_same_kick": 31.379998996831496,
 "after_orth_kick": 31.49506598273944,
 "traj_same": [
  3.44,
  8.49,
  12.0,
  14.61,
  16.82,
  18.65,
  20.21,
  21.58,
  22.72,
  23.72,
  24.56,
  25.28,
  25.91,
  26.47,
  26.91,
  27.32,
  27.73,
  28.05,
  28.35,
  28.63,
  28.9,
  29.13,
  29.27,
  29.41,
  29.56,
  29.69,
  29.8,
  29.92,
  30.11,
  30.17,
  30.25,
  30.3,
  30.37,
  30.42,
  30.48,
  30.54,
  30.57,
  30.63,
  30.66,
  30.7,
  30.73,
  30.82,
  30.89,
  31.0,
  31.04,
  31.07,
  31.13,
  31.19,
  31.24,
  31.29,
  31.34,
  31.35,
  31.38,
  31.39,
  31.38,
  31.38,
  31.33,
  31.33,
  31.29,
  31.33,
  31.4,
  31.43,
  31.43,
  31.44,
  31.46,
  31.44,
  31.48,
  31.51,
  31.56,
  31.55,
  31.54,
  31.6,
  31.63,
  31.68,
  31.69,
  31.67,
  31.67,
  31.67,
  31.71,
  31.71,
  31.73,
  31.76,
  31.79,
  31.78,
  31.75,
  31.69,
  31.63,
  31.58,
  31.6,
  31.62,
  31.59,
  31.56,
  31.49,
  31.42,
  31.35,
  31.27,
  31.27,
  31.31,
  31.29,
  31.24
 ],
 "traj_orth": [
  89.74,
  86.72,
  82.86,
  78.21,
  72.85,
  67.05,
  61.06,
  55.11,
  49.38,
  44.0,
  39.07,
  34.68,
  30.86,
  27.69,
  25.21,
  23.4,
  22.27,
  21.64,
  21.43,
  21.59,
  21.96,
  22.43,
  22.95,
  23.54,
  24.15,
  24.76,
  25.31,
  25.84,
  26.41,
  26.82,
  27.26,
  27.62,
  27.96,
  28.27,
  28.59,
  28.9,
  29.15,
  29.4,
  29.58,
  29.74,
  29.87,
  30.07,
  30.21,
  30.39,
  30.46,
  30.53,
  30.61,
  30.71,
  30.78,
  30.87,
  30.97,
  31.05,
  31.14,
  31.2,
  31.26,
  31.31,
  31.31,
  31.33,
  31.3,
  31.32,
  31.37,
  31.38,
  31.38,
  31.42,
  31.46,
  31.48,
  31.55,
  31.59,
  31.64,
  31.62,
  31.6,
  31.65,
  31.7,
  31.78,
  31.81,
  31.77,
  31.76,
  31.76,
  31.8,
  31.81,
  31.81,
  31.82,
  31.83,
  31.83,
  31.8,
  31.76,
  31.72,
  31.67,
  31.66,
  31.66,
  31.62,
  31.59,
  31.54,
  31.51,
  31.49,
  31.45,
  31.45,
  31.47,
  31.44,
  31.39
 ]
}