{
 "theta_star": 28.35794991556052,
 "after_same_kick": 25.914255335386315,
 "after_orth_kick": 26.12383759673192,
 "traj_same": [
  3.28,
  8.56,
  12.26,
  14.95,
  17.04,
  18.66,
  19.99,
  21.04,
  21.87,
  22.56,
  23.12,
  23.55,
  23.92,
  24.25,
  24.49,
  24.7,
  24.89,
  25.08,
  25.2,
  25.3,
  25.36,
  25.45,
  25.54,
  25.61,
  25.68,
  25.69,
  25.69,
  25.69,
  25.73,
  25.72,
  25.73,
  25.75,
  25.75,
  25.75,
  25.76,
  25.75,
  25.74,
  25.75,
  25.8,
  25.78,
  25.77,
  25.77,
  25.78,
  25.74,
  25.73,
  25.71,
  25.72,
  25.75,
  25.78,
  25.78,
  25.82,
  25.82,
  25.84,
  25.84,
  25.82,
  25.82,
  25.81,
  25.82,
  25.82,
  25.83,
  25.87,
  25.9,
  25.93,
  25.93,
  25.98,
  26.0,
  26.02,
  25.95,
  25.88,
  25.87,
  25.85,
  25.86,
  25.87,
  25.91,
  25.94,
  25.88,
  25.89,
  25.87,
  25.85,
  25.89,
  25.93,
  25.97,
  26.0,
  26.03,
  26.03,
  26.02,
  26.01,
  26.0,
  25.99,
  25.99,
  25.94,
  25.94,
  25.91,
  25.89,
  25.89,
  25.86,
  25.9,
  25.9,
  25.93,
  25.99
 ],
 "traj_orth": [
  89.69,
  85.98,
  80.74,
  73.98,
  66.03,
  57.55,
  49.17,
  41.46,
  34.78,
  29.29,
  25.06,
  21.94,
  19.88,
  18.76,
  18.43,
  18.67,
  19.21,
  19.96,
  20.69,
  21.44,
  22.1,
  22.72,
  23.27,
  23.72,
  24.14,
  24.48,
  24.78,
  25.02,
  25.26,
  25.36,
  25.48,
  25.58,
  25.63,
  25.68,
  25.75,
  25.8,
  25.85,
  25.91,
  25.99,
  26.0,
  26.02,
  26.03,
  26.05,
  26.04,
  26.04,
  26.04,
  26.07,
  26.09,
  26.1,
  26.1,
  26.13,
  26.16,
  26.21,
  26.24,
  26.24,
  26.23,
  26.21,
  26.2,
  26.2,
  26.23,
  26.3,
  26.36,
  26.4,
  26.38,
  26.37,
  26.33,
  26.32,
  26.28,
  26.24,
  26.25,
  26.24,
  26.24,
  26.24,
  26.26,
  26.27,
  26.19,
  26.17,
  26.16,
  26.13,
  26.19,
  26.22,
  26.21,
  26.19,
  26.19,
  26.19,
  26.16,
  26.14,
  26.14,
  26.15,
  26.16,
  26.12,
  26.11,
  26.08,
  26.07,
  26.09,
  26.08,
  26.13,
  26.14,
  26.18,
  26.23
 ]
}