{
 "theta_star": 8.607286351467648,
 "after_same_kick": 5.349207337077052,
 "after_orth_kick": 5.362025791219287,
 "traj_same": [
  1.65,
  4.77,
  5.24,
  5.35,
  5.39,
  5.38,
  5.39,
  5.39,
  5.35,
  5.39,
  5.37,
  5.39,
  5.38,
  5.37,
  5.35,
  5.33,
  5.37,
  5.34,
  5.35,
  5.35,
  5.37,
  5.36,
  5.34,
  5.36,
  5.35,
  5.36,
  5.35,
  5.36,
  5.38,
  5.36,
  5.39,
  5.37,
  5.38,
  5.36,
  5.37,
  5.38,
  5.36,
  5.38,
  5.39,
  5.36,
  5.37,
  5.39,
  5.37,
  5.36,
  5.37,
  5.36,
  5.35,
  5.38,
  5.37,
  5.36,
  5.36,
  5.37,
  5.35,
  5.36,
  5.34,
  5.35,
  5.36,
  5.37,
  5.36,
  5.35,
  5.36,
  5.35,
  5.34,
  5.34,
  5.36,
  5.34,
  5.34,
  5.38,
  5.39,
  5.34,
  5.34,
  5.35,
  5.36,
  5.37,
  5.35,
  5.35,
  5.36,
  5.36,
  5.36,
  5.34,
  5.36,
  5.36,
  5.38,
  5.35,
  5.37,
  5.36,
  5.35,
  5.34,
  5.36,
  5.35,
  5.35,
  5.38,
  5.35,
  5.36,
  5.34,
  5.34,
  5.34,
  5.34,
  5.36,
  5.34
 ],
 "traj_orth": [
  89.74,
  86.23,
  80.01,
  69.96,
  56.56,
  42.42,
  29.87,
  20.01,
  13.18,
  9.48,
  7.97,
  7.2,
  6.56,
  6.08,
  5.76,
  5.56,
  5.53,
  5.48,
  5.49,
  5.5,
  5.53,
  5.52,
  5.49,
  5.47,
  5.43,
  5.39,
  5.36,
  5.36,
  5.38,
  5.36,
  5.39,
  5.36,
  5.38,
  5.36,
  5.37,
  5.38,
  5.36,
  5.38,
  5.39,
  5.36,
  5.37,
  5.4,
  5.37,
  5.36,
  5.37,
  5.36,
  5.35,
  5.38,
  5.37,
  5.36,
  5.37,
  5.37,
  5.35,
  5.36,
  5.35,
  5.35,
  5.36,
  5.38,
  5.37,
  5.36,
  5.36,
  5.35,
  5.34,
  5.35,
  5.36,
  5.35,
  5.35,
  5.38,
  5.38,
  5.34,
  5.34,
  5.36,
  5.37,
  5.38,
  5.36,
  5.36,
  5.36,
  5.36,
  5.37,
  5.35,
  5.38,
  5.38,
  5.39,
  5.36,
  5.37,
  5.36,
  5.36,
  5.35,
  5.37,
  5.36,
  5.36,
  5.39,
  5.36,
  5.37,
  5.35,
  5.35,
  5.36,
  5.35,
  5.37,
  5.36
 ]
}