{
 "theta_star": 28.490667118028476,
 "after_same_kick": 24.210714451433127,
 "after_orth_kick": 24.298291087219404,
 "traj_same": [
  3.8,
  8.64,
  11.96,
  14.33,
  16.24,
  17.73,
  18.9,
  19.85,
  20.57,
  21.21,
  21.7,
  22.11,
  22.44,
  22.72,
  22.9,
  23.06,
  23.26,
  23.36,
  23.47,
  23.53,
  23.63,
  23.72,
  23.76,
  23.82,
  23.88,
  23.93,
  23.94,
  23.98,
  24.07,
  24.09,
  24.13,
  24.13,
  24.12,
  24.06,
  24.04,
  24.03,
  24.03,
  24.1,
  24.13,
  24.16,
  24.15,
  24.19,
  24.16,
  24.15,
  24.11,
  24.08,
  24.12,
  24.15,
  24.13,
  24.13,
  24.15,
  24.15,
  24.12,
  24.09,
  24.11,
  24.1,
  24.07,
  24.08,
  24.04,
  24.05,
  24.1,
  24.09,
  24.09,
  24.13,
  24.16,
  24.16,
  24.19,
  24.23,
  24.28,
  24.24,
  24.21,
  24.21,
  24.22,
  24.26,
  24.24,
  24.21,
  24.2,
  24.19,
  24.2,
  24.19,
  24.21,
  24.23,
  24.26,
  24.24,
  24.2,
  24.17,
  24.17,
  24.14,
  24.15,
  24.18,
  24.2,
  24.23,
  24.2,
  24.19,
  24.16,
  24.15,
  24.18,
  24.24,
  24.27,
  24.28
 ],
 "traj_orth": [
  89.74,
  86.55,
  81.99,
  76.08,
  68.99,
  61.33,
  53.6,
  46.21,
  39.48,
  33.6,
  28.7,
  24.86,
  22.04,
  20.18,
  19.15,
  18.7,
  18.76,
  18.99,
  19.35,
  19.73,
  20.18,
  20.63,
  21.01,
  21.39,
  21.72,
  22.03,
  22.29,
  22.52,
  22.82,
  23.05,
  23.26,
  23.41,
  23.55,
  23.62,
  23.7,
  23.76,
  23.82,
  23.93,
  24.0,
  24.04,
  24.02,
  24.05,
  24.04,
  24.06,
  24.06,
  24.06,
  24.13,
  24.18,
  24.16,
  24.15,
  24.18,
  24.18,
  24.16,
  24.16,
  24.21,
  24.21,
  24.18,
  24.18,
  24.14,
  24.14,
  24.18,
  24.17,
  24.2,
  24.24,
  24.27,
  24.26,
  24.27,
  24.28,
  24.32,
  24.28,
  24.26,
  24.26,
  24.26,
  24.29,
  24.28,
  24.29,
  24.29,
  24.29,
  24.31,
  24.3,
  24.34,
  24.37,
  24.4,
  24.4,
  24.38,
  24.36,
  24.36,
  24.33,
  24.36,
  24.38,
  24.37,
  24.38,
  24.34,
  24.31,
  24.27,
  24.23,
  24.25,
  24.28,
  24.28,
  24.28
 ]
}