{
 "theta_star": 4.451677794843634,
 "after_same_kick": 4.088187592355645,
 "after_orth_kick": 4.087146631591604,
 "traj_same": [
  1.38,
  3.89,
  4.09,
  4.11,
  4.12,
  4.11,
  4.1,
  4.09,
  4.1,
  4.1,
  4.1,
  4.1,
  4.1,
  4.1,
  4.1,
  4.1,
  4.09,
  4.12,
  4.1,
  4.1,
  4.08,
  4.1,
  4.09,
  4.09,
  4.1,
  4.1,
  4.09,
  4.1,
  4.11,
  4.09,
  4.1,
  4.1,
  4.09,
  4.07,
  4.1,
  4.11,
  4.08,
  4.09,
  4.09,
  4.09,
  4.09,
  4.08,
  4.07,
  4.09,
  4.1,
  4.09,
  4.1,
  4.09,
  4.08,
  4.09,
  4.08,
  4.08,
  4.09,
  4.08,
  4.09,
  4.09,
  4.09,
  4.08,
  4.08,
  4.1,
  4.08,
  4.08,
  4.11,
  4.09,
  4.08,
  4.09,
  4.07,
  4.09,
  4.08,
  4.09,
  4.07,
  4.07,
  4.08,
  4.09,
  4.09,
  4.08,
  4.09,
  4.08,
  4.09,
  4.08,
  4.08,
  4.09,
  4.09,
  4.08,
  4.08,
  4.1,
  4.08,
  4.06,
  4.08,
  4.08,
  4.07,
  4.09,
  4.09,
  4.09,
  4.09,
  4.09,
  4.08,
  4.1,
  4.09,
  4.1
 ],
 "traj_orth": [
  89.76,
  86.11,
  78.28,
  64.43,
  46.61,
  29.62,
  16.91,
  9.42,
  6.01,
  4.98,
  4.79,
  4.74,
  4.77,
  4.75,
  4.75,
  4.7,
  4.63,
  4.61,
  4.53,
  4.48,
  4.48,
  4.54,
  4.55,
  4.56,
  4.54,
  4.49,
  4.45,
  4.48,
  4.52,
  4.56,
  4.59,
  4.56,
  4.52,
  4.46,
  4.48,
  4.49,
  4.52,
  4.53,
  4.54,
  4.48,
  4.45,
  4.4,
  4.37,
  4.39,
  4.36,
  4.31,
  4.31,
  4.31,
  4.29,
  4.29,
  4.27,
  4.26,
  4.25,
  4.26,
  4.29,
  4.33,
  4.33,
  4.29,
  4.27,
  4.27,
  4.24,
  4.25,
  4.3,
  4.28,
  4.27,
  4.26,
  4.23,
  4.24,
  4.23,
  4.23,
  4.21,
  4.21,
  4.22,
  4.19,
  4.12,
  4.09,
  4.09,
  4.08,
  4.09,
  4.08,
  4.08,
  4.09,
  4.09,
  4.08,
  4.08,
  4.1,
  4.08,
  4.07,
  4.08,
  4.09,
  4.08,
  4.09,
  4.09,
  4.09,
  4.09,
  4.09,
  4.08,
  4.09,
  4.09,
  4.09
 ]
}