{
 "theta_star": 27.126732347618663,
 "after_same_kick": 24.24014575814922,
 "after_orth_kick": 25.019889460596126,
 "traj_same": [
  3.23,
  8.37,
  11.9,
  14.44,
  16.38,
  17.92,
  19.14,
  20.1,
  20.86,
  21.48,
  21.98,
  22.4,
  22.76,
  23.04,
  23.29,
  23.46,
  23.62,
  23.74,
  23.83,
  23.94,
  24.01,
  24.1,
  24.14,
  24.16,
  24.22,
  24.22,
  24.22,
  24.23,
  24.23,
  24.2,
  24.2,
  24.17,
  24.17,
  24.18,
  24.19,
  24.19,
  24.21,
  24.24,
  24.26,
  24.29,
  24.3,
  24.33,
  24.35,
  24.38,
  24.42,
  24.42,
  24.42,
  24.41,
  24.44,
  24.44,
  24.43,
  24.43,
  24.41,
  24.44,
  24.43,
  24.45,
  24.46,
  24.48,
  24.47,
  24.45,
  24.44,
  24.48,
  24.49,
  24.5,
  24.53,
  24.51,
  24.55,
  24.63,
  24.66,
  24.71,
  24.74,
  24.76,
  24.76,
  24.75,
  24.73,
  24.7,
  24.65,
  24.64,
  24.61,
  24.54,
  24.48,
  24.42,
  24.35,
  24.31,
  24.28,
  24.26,
  24.29,
  24.29,
  24.28,
  24.3,
  24.3,
  24.27,
  24.23,
  24.27,
  24.25,
  24.23,
  24.22,
  24.19,
  24.21,
  24.25
 ],
 "traj_orth": [
  89.71,
  86.31,
  81.5,
  75.17,
  67.67,
  59.54,
  51.47,
  43.91,
  37.09,
  31.22,
  26.5,
  22.98,
  20.63,
  19.19,
  18.47,
  18.26,
  18.41,
  18.81,
  19.31,
  19.86,
  20.39,
  20.95,
  21.44,
  21.87,
  22.27,
  22.54,
  22.79,
  23.06,
  23.28,
  23.44,
  23.6,
  23.72,
  23.85,
  23.98,
  24.09,
  24.18,
  24.28,
  24.38,
  24.46,
  24.52,
  24.55,
  24.6,
  24.64,
  24.69,
  24.74,
  24.75,
  24.73,
  24.72,
  24.78,
  24.79,
  24.81,
  24.82,
  24.8,
  24.82,
  24.82,
  24.84,
  24.86,
  24.89,
  24.89,
  24.88,
  24.88,
  24.92,
  24.91,
  24.91,
  24.92,
  24.9,
  24.92,
  24.96,
  24.97,
  25.01,
  25.05,
  25.1,
  25.13,
  25.16,
  25.18,
  25.19,
  25.17,
  25.18,
  25.19,
  25.18,
  25.2,
  25.21,
  25.17,
  25.14,
  25.09,
  25.05,
  25.08,
  25.07,
  25.06,
  25.08,
  25.07,
  25.04,
  25.0,
  25.03,
  25.01,
  25.02,
  25.01,
  24.99,
  25.0,
  25.02
 ]
}