{
 "theta_star": 75.70980600796162,
 "after_same_kick": 10.706766346072811,
 "after_orth_kick": 10.974416237196595,
 "traj_same": [
  2.98,
  6.43,
  8.0,
  8.78,
  9.22,
  9.54,
  9.73,
  9.88,
  9.99,
  10.08,
  10.15,
  10.16,
  10.19,
  10.2,
  10.21,
  10.24,
  10.28,
  10.31,
  10.33,
  10.39,
  10.46,
  10.54,
  10.56,
  10.58,
  10.64,
  10.67,
  10.75,
  10.81,
  10.86,
  10.92,
  10.94,
  10.97,
  10.94,
  10.93,
  10.92,
  10.93,
  10.97,
  10.99,
  11.03,
  11.05,
  11.05,
  11.0,
  10.99,
  11.04,
  11.08,
  11.13,
  11.12,
  11.12,
  11.13,
  11.1,
  11.05,
  11.12,
  11.16,
  11.18,
  11.15,
  11.12,
  11.08,
  11.05,
  10.97,
  10.96,
  10.97,
  10.98,
  10.98,
  10.98,
  11.03,
  11.04,
  11.07,
  11.09,
  11.17,
  11.16,
  11.17,
  11.14,
  11.13,
  11.19,
  11.2,
  11.23,
  11.23,
  11.21,
  11.16,
  11.1,
  11.02,
  10.95,
  10.87,
  10.87,
  10.84,
  10.84,
  10.81,
  10.74,
  10.72,
  10.68,
  10.68,
  10.69,
  10.72,
  10.76,
  10.81,
  10.78,
  10.71,
  10.66,
  10.63,
  10.63
 ],
 "traj_orth": [
  89.73,
  86.57,
  82.36,
  76.94,
  70.23,
  62.39,
  53.89,
  45.34,
  37.42,
  30.51,
  25.11,
  21.03,
  18.26,
  16.41,
  15.38,
  14.79,
  14.45,
  14.26,
  14.11,
  13.94,
  13.77,
  13.66,
  13.52,
  13.46,
  13.48,
  13.49,
  13.53,
  13.46,
  13.43,
  13.37,
  13.36,
  13.4,
  13.35,
  13.35,
  13.22,
  13.14,
  13.07,
  13.01,
  12.96,
  12.89,
  12.84,
  12.74,
  12.71,
  12.7,
  12.69,
  12.69,
  12.62,
  12.58,
  12.52,
  12.44,
  12.37,
  12.4,
  12.39,
  12.36,
  12.27,
  12.14,
  12.03,
  11.98,
  11.92,
  11.89,
  11.86,
  11.8,
  11.79,
  11.75,
  11.8,
  11.79,
  11.75,
  11.68,
  11.67,
  11.64,
  11.63,
  11.63,
  11.59,
  11.66,
  11.71,
  11.73,
  11.69,
  11.62,
  11.57,
  11.53,
  11.45,
  11.42,
  11.38,
  11.35,
  11.28,
  11.24,
  11.18,
  11.08,
  11.05,
  11.02,
  11.04,
  11.03,
  11.06,
  11.04,
  11.02,
  10.95,
  10.9,
  10.89,
  10.89,
  10.91
 ]
}