{
 "theta_star": 4.57029560909061,
 "after_same_kick": 4.166697920396021,
 "after_orth_kick": 4.171362998470764,
 "traj_same": [
  1.38,
  3.98,
  4.17,
  4.2,
  4.21,
  4.21,
  4.21,
  4.2,
  4.17,
  4.2,
  4.19,
  4.2,
  4.2,
  4.2,
  4.18,
  4.17,
  4.2,
  4.18,
  4.18,
  4.18,
  4.19,
  4.19,
  4.18,
  4.19,
  4.18,
  4.18,
  4.17,
  4.18,
  4.19,
  4.18,
  4.21,
  4.19,
  4.2,
  4.19,
  4.2,
  4.2,
  4.18,
  4.2,
  4.2,
  4.18,
  4.19,
  4.2,
  4.19,
  4.18,
  4.18,
  4.18,
  4.18,
  4.19,
  4.18,
  4.18,
  4.18,
  4.18,
  4.17,
  4.18,
  4.17,
  4.17,
  4.18,
  4.19,
  4.18,
  4.17,
  4.17,
  4.17,
  4.17,
  4.18,
  4.18,
  4.17,
  4.17,
  4.19,
  4.2,
  4.16,
  4.17,
  4.18,
  4.18,
  4.19,
  4.18,
  4.16,
  4.17,
  4.17,
  4.17,
  4.16,
  4.18,
  4.18,
  4.18,
  4.17,
  4.18,
  4.17,
  4.17,
  4.16,
  4.17,
  4.17,
  4.17,
  4.19,
  4.16,
  4.17,
  4.16,
  4.16,
  4.16,
  4.16,
  4.18,
  4.16
 ],
 "traj_orth": [
  89.73,
  85.88,
  77.63,
  63.32,
  45.6,
  29.14,
  16.75,
  9.21,
  6.62,
  5.73,
  5.33,
  5.23,
  5.21,
  5.07,
  4.87,
  4.65,
  4.58,
  4.56,
  4.6,
  4.66,
  4.66,
  4.63,
  4.58,
  4.54,
  4.53,
  4.56,
  4.61,
  4.66,
  4.66,
  4.6,
  4.58,
  4.56,
  4.58,
  4.59,
  4.61,
  4.61,
  4.58,
  4.54,
  4.54,
  4.51,
  4.49,
  4.41,
  4.34,
  4.33,
  4.32,
  4.25,
  4.18,
  4.19,
  4.18,
  4.17,
  4.17,
  4.18,
  4.17,
  4.18,
  4.17,
  4.17,
  4.18,
  4.19,
  4.18,
  4.17,
  4.17,
  4.17,
  4.16,
  4.17,
  4.19,
  4.17,
  4.17,
  4.19,
  4.2,
  4.16,
  4.16,
  4.17,
  4.18,
  4.19,
  4.17,
  4.17,
  4.18,
  4.17,
  4.17,
  4.16,
  4.18,
  4.18,
  4.19,
  4.17,
  4.18,
  4.18,
  4.17,
  4.16,
  4.18,
  4.17,
  4.17,
  4.19,
  4.17,
  4.18,
  4.16,
  4.16,
  4.16,
  4.16,
  4.18,
  4.17
 ]
}