{
 "theta_star": 83.79324615391852,
 "after_same_kick": 10.321417169569788,
 "after_orth_kick": 10.995169018283294,
 "traj_same": [
  3.04,
  6.41,
  7.93,
  8.67,
  9.07,
  9.29,
  9.45,
  9.55,
  9.63,
  9.74,
  9.87,
  10.01,
  10.11,
  10.18,
  10.26,
  10.35,
  10.48,
  10.6,
  10.71,
  10.86,
  10.93,
  11.02,
  10.97,
  10.91,
  10.93,
  10.93,
  10.93,
  10.92,
  10.82,
  10.69,
  10.56,
  10.41,
  10.31,
  10.23,
  10.15,
  10.08,
  10.02,
  9.98,
  9.97,
  9.94,
  9.89,
  9.86,
  9.83,
  9.8,
  9.77,
  9.74,
  9.74,
  9.74,
  9.78,
  9.76,
  9.76,
  9.77,
  9.77,
  9.81,
  9.84,
  9.83,
  9.82,
  9.85,
  9.85,
  9.86,
  9.87,
  9.89,
  9.9,
  9.92,
  9.95,
  9.97,
  10.03,
  10.1,
  10.14,
  10.15,
  10.17,
  10.18,
  10.18,
  10.21,
  10.23,
  10.25,
  10.24,
  10.31,
  10.41,
  10.42,
  10.44,
  10.44,
  10.44,
  10.43,
  10.39,
  10.36,
  10.41,
  10.38,
  10.37,
  10.34,
  10.35,
  10.36,
  10.35,
  10.37,
  10.31,
  10.3,
  10.31,
  10.3,
  10.28,
  10.29
 ],
 "traj_orth": [
  89.71,
  86.48,
  82.25,
  76.73,
  69.86,
  61.81,
  53.2,
  44.71,
  36.82,
  29.89,
  24.1,
  19.55,
  16.33,
  14.24,
  13.11,
  12.56,
  12.38,
  12.33,
  12.29,
  12.26,
  12.16,
  12.11,
  11.96,
  11.86,
  11.83,
  11.74,
  11.68,
  11.64,
  11.61,
  11.58,
  11.53,
  11.45,
  11.44,
  11.4,
  11.34,
  11.29,
  11.3,
  11.34,
  11.42,
  11.44,
  11.46,
  11.43,
  11.38,
  11.32,
  11.26,
  11.23,
  11.2,
  11.21,
  11.28,
  11.24,
  11.15,
  11.04,
  10.93,
  10.88,
  10.87,
  10.85,
  10.81,
  10.79,
  10.77,
  10.76,
  10.73,
  10.72,
  10.74,
  10.73,
  10.75,
  10.76,
  10.8,
  10.82,
  10.82,
  10.81,
  10.81,
  10.83,
  10.84,
  10.88,
  10.93,
  10.95,
  10.92,
  10.89,
  10.89,
  10.87,
  10.9,
  10.92,
  10.91,
  10.89,
  10.81,
  10.77,
  10.81,
  10.83,
  10.88,
  10.94,
  10.96,
  10.97,
  10.92,
  10.93,
  10.92,
  10.97,
  11.02,
  11.05,
  11.08,
  11.14
 ]
}