{
 "theta_star": 77.31003697131563,
 "after_same_kick": 10.01856782468677,
 "after_orth_kick": 10.357065088047683,
 "traj_same": [
  3.07,
  6.43,
  7.95,
  8.7,
  9.12,
  9.34,
  9.49,
  9.57,
  9.56,
  9.54,
  9.55,
  9.55,
  9.56,
  9.6,
  9.63,
  9.66,
  9.66,
  9.7,
  9.79,
  9.92,
  10.03,
  10.12,
  10.14,
  10.17,
  10.15,
  10.12,
  10.02,
  9.91,
  9.86,
  9.84,
  9.88,
  9.89,
  9.91,
  9.92,
  9.93,
  9.91,
  9.88,
  9.87,
  9.84,
  9.87,
  9.9,
  9.97,
  10.11,
  10.19,
  10.19,
  10.21,
  10.21,
  10.2,
  10.22,
  10.27,
  10.23,
  10.12,
  10.09,
  10.07,
  10.07,
  10.14,
  10.24,
  10.34,
  10.42,
  10.45,
  10.5,
  10.51,
  10.54,
  10.54,
  10.52,
  10.55,
  10.61,
  10.58,
  10.56,
  10.53,
  10.52,
  10.52,
  10.48,
  10.41,
  10.35,
  10.36,
  10.33,
  10.31,
  10.32,
  10.32,
  10.34,
  10.32,
  10.25,
  10.17,
  10.12,
  10.13,
  10.17,
  10.18,
  10.24,
  10.25,
  10.22,
  10.16,
  10.11,
  10.07,
  10.04,
  9.98,
  9.92,
  9.89,
  9.9,
  9.89
 ],
 "traj_orth": [
  89.71,
  86.48,
  82.28,
  76.8,
  70.0,
  62.1,
  53.44,
  44.64,
  36.42,
  29.28,
  23.66,
  19.42,
  16.66,
  15.08,
  14.21,
  13.71,
  13.34,
  13.14,
  12.94,
  12.77,
  12.63,
  12.5,
  12.41,
  12.33,
  12.27,
  12.25,
  12.21,
  12.09,
  12.09,
  12.14,
  12.18,
  12.16,
  12.07,
  12.03,
  12.01,
  11.96,
  11.93,
  11.91,
  11.78,
  11.63,
  11.5,
  11.41,
  11.27,
  11.13,
  10.99,
  10.93,
  10.89,
  10.87,
  10.86,
  10.9,
  10.93,
  10.91,
  10.91,
  10.92,
  10.93,
  10.96,
  11.0,
  11.03,
  11.04,
  11.04,
  11.07,
  11.09,
  11.1,
  11.06,
  10.98,
  10.92,
  10.94,
  10.9,
  10.87,
  10.84,
  10.82,
  10.8,
  10.8,
  10.8,
  10.78,
  10.78,
  10.75,
  10.72,
  10.7,
  10.65,
  10.62,
  10.57,
  10.57,
  10.61,
  10.63,
  10.66,
  10.64,
  10.56,
  10.53,
  10.51,
  10.46,
  10.41,
  10.34,
  10.32,
  10.34,
  10.34,
  10.36,
  10.35,
  10.34,
  10.3
 ]
}