{
 "theta_star": 25.44067093772069,
 "after_same_kick": 24.520214442664276,
 "after_orth_kick": 24.555038889259002,
 "traj_same": [
  2.88,
  8.34,
  12.01,
  14.62,
  16.58,
  18.08,
  19.27,
  20.23,
  21.01,
  21.67,
  22.19,
  22.62,
  22.96,
  23.27,
  23.53,
  23.74,
  23.88,
  24.01,
  24.12,
  24.21,
  24.3,
  24.33,
  24.35,
  24.38,
  24.4,
  24.4,
  24.41,
  24.42,
  24.42,
  24.44,
  24.45,
  24.45,
  24.45,
  24.46,
  24.49,
  24.47,
  24.49,
  24.48,
  24.47,
  24.44,
  24.43,
  24.43,
  24.43,
  24.44,
  24.42,
  24.45,
  24.46,
  24.47,
  24.51,
  24.53,
  24.57,
  24.57,
  24.59,
  24.59,
  24.61,
  24.62,
  24.63,
  24.61,
  24.6,
  24.58,
  24.56,
  24.55,
  24.54,
  24.52,
  24.54,
  24.53,
  24.52,
  24.5,
  24.51,
  24.52,
  24.55,
  24.51,
  24.52,
  24.53,
  24.53,
  24.53,
  24.53,
  24.55,
  24.54,
  24.54,
  24.51,
  24.51,
  24.52,
  24.52,
  24.5,
  24.48,
  24.5,
  24.52,
  24.5,
  24.54,
  24.51,
  24.51,
  24.53,
  24.52,
  24.52,
  24.51,
  24.53,
  24.5,
  24.52,
  24.54
 ],
 "traj_orth": [
  89.71,
  86.25,
  81.36,
  75.01,
  67.57,
  59.62,
  51.72,
  44.26,
  37.48,
  31.6,
  26.83,
  23.16,
  20.64,
  19.18,
  18.51,
  18.35,
  18.55,
  18.95,
  19.45,
  19.96,
  20.49,
  20.92,
  21.36,
  21.76,
  22.14,
  22.45,
  22.75,
  23.03,
  23.23,
  23.43,
  23.58,
  23.7,
  23.79,
  23.88,
  23.98,
  24.02,
  24.09,
  24.13,
  24.18,
  24.19,
  24.22,
  24.25,
  24.27,
  24.3,
  24.31,
  24.36,
  24.39,
  24.39,
  24.43,
  24.46,
  24.5,
  24.51,
  24.53,
  24.53,
  24.56,
  24.56,
  24.56,
  24.53,
  24.51,
  24.5,
  24.5,
  24.52,
  24.51,
  24.47,
  24.48,
  24.46,
  24.46,
  24.44,
  24.44,
  24.46,
  24.49,
  24.47,
  24.49,
  24.51,
  24.51,
  24.51,
  24.51,
  24.54,
  24.54,
  24.54,
  24.51,
  24.5,
  24.51,
  24.51,
  24.51,
  24.51,
  24.54,
  24.56,
  24.55,
  24.59,
  24.56,
  24.56,
  24.58,
  24.56,
  24.56,
  24.55,
  24.56,
  24.52,
  24.55,
  24.55
 ]
}