{
 "theta_star": 13.340236516918559,
 "after_same_kick": 5.384290478470708,
 "after_orth_kick": 5.690925698222433,
 "traj_same": [
  1.55,
  4.79,
  5.29,
  5.37,
  5.4,
  5.4,
  5.4,
  5.4,
  5.4,
  5.4,
  5.38,
  5.4,
  5.4,
  5.39,
  5.4,
  5.38,
  5.38,
  5.39,
  5.4,
  5.4,
  5.4,
  5.38,
  5.39,
  5.37,
  5.38,
  5.38,
  5.39,
  5.38,
  5.37,
  5.38,
  5.39,
  5.39,
  5.38,
  5.39,
  5.41,
  5.39,
  5.37,
  5.38,
  5.38,
  5.39,
  5.38,
  5.39,
  5.38,
  5.4,
  5.37,
  5.38,
  5.37,
  5.4,
  5.38,
  5.39,
  5.37,
  5.36,
  5.37,
  5.37,
  5.36,
  5.38,
  5.38,
  5.38,
  5.37,
  5.39,
  5.4,
  5.38,
  5.37,
  5.38,
  5.38,
  5.37,
  5.38,
  5.37,
  5.38,
  5.38,
  5.39,
  5.4,
  5.39,
  5.39,
  5.39,
  5.39,
  5.37,
  5.41,
  5.4,
  5.38,
  5.38,
  5.38,
  5.38,
  5.38,
  5.39,
  5.39,
  5.4,
  5.38,
  5.37,
  5.38,
  5.38,
  5.39,
  5.38,
  5.38,
  5.39,
  5.38,
  5.38,
  5.4,
  5.39,
  5.37
 ],
 "traj_orth": [
  89.7,
  86.01,
  79.41,
  68.82,
  54.76,
  40.03,
  26.93,
  17.22,
  10.98,
  7.81,
  6.53,
  6.23,
  6.11,
  6.04,
  6.04,
  6.05,
  6.07,
  6.09,
  6.12,
  6.11,
  6.14,
  6.17,
  6.21,
  6.18,
  6.12,
  6.09,
  6.11,
  6.12,
  6.13,
  6.16,
  6.16,
  6.15,
  6.17,
  6.19,
  6.23,
  6.21,
  6.16,
  6.15,
  6.13,
  6.13,
  6.16,
  6.18,
  6.17,
  6.17,
  6.12,
  6.09,
  6.09,
  6.09,
  6.07,
  6.06,
  6.0,
  5.89,
  5.81,
  5.75,
  5.69,
  5.67,
  5.68,
  5.67,
  5.66,
  5.66,
  5.68,
  5.68,
  5.68,
  5.69,
  5.68,
  5.7,
  5.72,
  5.68,
  5.67,
  5.67,
  5.7,
  5.72,
  5.7,
  5.69,
  5.69,
  5.68,
  5.65,
  5.69,
  5.68,
  5.67,
  5.68,
  5.67,
  5.67,
  5.69,
  5.71,
  5.72,
  5.72,
  5.68,
  5.66,
  5.64,
  5.63,
  5.68,
  5.7,
  5.74,
  5.75,
  5.71,
  5.68,
  5.69,
  5.67,
  5.65
 ]
}