{
 "theta_star": 12.440841334097417,
 "after_same_kick": 5.307076454559964,
 "after_orth_kick": 5.482494601279121,
 "traj_same": [
  1.42,
  4.71,
  5.19,
  5.28,
  5.32,
  5.3,
  5.31,
  5.31,
  5.32,
  5.33,
  5.3,
  5.31,
  5.29,
  5.29,
  5.3,
  5.28,
  5.28,
  5.29,
  5.3,
  5.29,
  5.29,
  5.29,
  5.3,
  5.29,
  5.28,
  5.3,
  5.3,
  5.3,
  5.3,
  5.29,
  5.31,
  5.28,
  5.3,
  5.3,
  5.3,
  5.29,
  5.3,
  5.31,
  5.3,
  5.31,
  5.3,
  5.3,
  5.29,
  5.31,
  5.31,
  5.31,
  5.31,
  5.32,
  5.31,
  5.3,
  5.32,
  5.31,
  5.31,
  5.3,
  5.3,
  5.31,
  5.31,
  5.3,
  5.31,
  5.29,
  5.31,
  5.3,
  5.3,
  5.3,
  5.32,
  5.32,
  5.31,
  5.33,
  5.33,
  5.31,
  5.3,
  5.32,
  5.31,
  5.32,
  5.3,
  5.31,
  5.31,
  5.31,
  5.32,
  5.32,
  5.31,
  5.31,
  5.3,
  5.3,
  5.32,
  5.31,
  5.3,
  5.31,
  5.31,
  5.32,
  5.31,
  5.31,
  5.3,
  5.31,
  5.29,
  5.31,
  5.31,
  5.31,
  5.3,
  5.31
 ],
 "traj_orth": [
  89.71,
  86.05,
  79.58,
  69.04,
  54.8,
  39.19,
  25.24,
  15.65,
  10.35,
  7.75,
  6.64,
  6.28,
  6.03,
  5.81,
  5.62,
  5.55,
  5.53,
  5.49,
  5.46,
  5.43,
  5.41,
  5.44,
  5.46,
  5.47,
  5.44,
  5.44,
  5.44,
  5.43,
  5.43,
  5.41,
  5.43,
  5.42,
  5.45,
  5.47,
  5.48,
  5.45,
  5.45,
  5.45,
  5.43,
  5.46,
  5.46,
  5.47,
  5.47,
  5.47,
  5.48,
  5.49,
  5.49,
  5.48,
  5.47,
  5.46,
  5.49,
  5.48,
  5.5,
  5.47,
  5.47,
  5.49,
  5.51,
  5.51,
  5.51,
  5.5,
  5.49,
  5.47,
  5.47,
  5.48,
  5.49,
  5.48,
  5.46,
  5.47,
  5.47,
  5.45,
  5.43,
  5.45,
  5.44,
  5.47,
  5.45,
  5.46,
  5.46,
  5.44,
  5.44,
  5.43,
  5.44,
  5.45,
  5.46,
  5.45,
  5.47,
  5.46,
  5.43,
  5.43,
  5.44,
  5.45,
  5.47,
  5.51,
  5.5,
  5.5,
  5.47,
  5.47,
  5.46,
  5.46,
  5.48,
  5.52
 ]
}