{
 "theta_star": 11.750768824607396,
 "after_same_kick": 5.3885284888474825,
 "after_orth_kick": 5.55610404788742,
 "traj_same": [
  1.65,
  4.79,
  5.26,
  5.35,
  5.41,
  5.38,
  5.38,
  5.38,
  5.39,
  5.41,
  5.37,
  5.38,
  5.36,
  5.36,
  5.38,
  5.36,
  5.36,
  5.37,
  5.39,
  5.38,
  5.37,
  5.37,
  5.38,
  5.38,
  5.36,
  5.38,
  5.39,
  5.38,
  5.39,
  5.37,
  5.4,
  5.36,
  5.38,
  5.38,
  5.38,
  5.36,
  5.38,
  5.39,
  5.37,
  5.39,
  5.36,
  5.38,
  5.36,
  5.38,
  5.38,
  5.39,
  5.39,
  5.4,
  5.4,
  5.38,
  5.4,
  5.38,
  5.4,
  5.38,
  5.37,
  5.39,
  5.4,
  5.38,
  5.39,
  5.36,
  5.38,
  5.38,
  5.38,
  5.39,
  5.42,
  5.42,
  5.39,
  5.42,
  5.42,
  5.4,
  5.38,
  5.41,
  5.39,
  5.43,
  5.38,
  5.4,
  5.39,
  5.4,
  5.4,
  5.41,
  5.4,
  5.4,
  5.38,
  5.37,
  5.41,
  5.4,
  5.38,
  5.39,
  5.39,
  5.4,
  5.4,
  5.41,
  5.39,
  5.39,
  5.37,
  5.4,
  5.39,
  5.38,
  5.37,
  5.39
 ],
 "traj_orth": [
  89.72,
  86.06,
  79.61,
  69.09,
  54.83,
  39.22,
  25.25,
  15.72,
  10.43,
  7.74,
  6.53,
  6.09,
  5.75,
  5.57,
  5.54,
  5.52,
  5.55,
  5.57,
  5.55,
  5.52,
  5.49,
  5.52,
  5.54,
  5.56,
  5.51,
  5.52,
  5.53,
  5.51,
  5.51,
  5.48,
  5.53,
  5.53,
  5.56,
  5.55,
  5.54,
  5.51,
  5.51,
  5.53,
  5.51,
  5.54,
  5.52,
  5.56,
  5.54,
  5.56,
  5.56,
  5.55,
  5.54,
  5.54,
  5.54,
  5.54,
  5.59,
  5.59,
  5.6,
  5.55,
  5.53,
  5.54,
  5.55,
  5.55,
  5.58,
  5.57,
  5.58,
  5.55,
  5.54,
  5.53,
  5.55,
  5.56,
  5.57,
  5.61,
  5.59,
  5.55,
  5.51,
  5.53,
  5.5,
  5.55,
  5.54,
  5.57,
  5.56,
  5.55,
  5.54,
  5.53,
  5.53,
  5.56,
  5.56,
  5.55,
  5.56,
  5.53,
  5.51,
  5.52,
  5.54,
  5.57,
  5.58,
  5.59,
  5.55,
  5.55,
  5.51,
  5.53,
  5.54,
  5.56,
  5.57,
  5.59
 ]
}