{
 "theta_star": 64.49428657499034,
 "after_same_kick": 10.128598513292253,
 "after_orth_kick": 10.537684712505243,
 "traj_same": [
  2.69,
  6.38,
  7.92,
  8.67,
  9.08,
  9.32,
  9.45,
  9.56,
  9.62,
  9.69,
  9.75,
  9.79,
  9.85,
  9.89,
  9.94,
  9.97,
  9.97,
  9.97,
  10.0,
  10.02,
  10.05,
  10.11,
  10.15,
  10.17,
  10.17,
  10.19,
  10.22,
  10.25,
  10.25,
  10.26,
  10.27,
  10.26,
  10.25,
  10.25,
  10.25,
  10.25,
  10.28,
  10.34,
  10.36,
  10.41,
  10.39,
  10.4,
  10.35,
  10.32,
  10.33,
  10.32,
  10.37,
  10.43,
  10.46,
  10.42,
  10.3,
  10.25,
  10.23,
  10.21,
  10.19,
  10.19,
  10.16,
  10.15,
  10.15,
  10.13,
  10.14,
  10.15,
  10.15,
  10.12,
  10.09,
  10.06,
  10.04,
  10.02,
  10.05,
  10.08,
  10.08,
  10.03,
  10.0,
  10.01,
  10.0,
  9.97,
  9.96,
  9.98,
  9.96,
  9.99,
  9.98,
  9.96,
  9.92,
  9.9,
  9.92,
  9.96,
  9.97,
  9.98,
  9.99,
  9.98,
  9.98,
  10.02,
  10.07,
  10.13,
  10.19,
  10.2,
  10.19,
  10.19,
  10.15,
  10.15
 ],
 "traj_orth": [
  89.71,
  86.5,
  82.25,
  76.75,
  69.95,
  62.02,
  53.52,
  44.89,
  36.75,
  29.68,
  23.9,
  19.55,
  16.42,
  14.24,
  12.95,
  12.28,
  11.93,
  11.72,
  11.61,
  11.52,
  11.44,
  11.43,
  11.41,
  11.41,
  11.44,
  11.49,
  11.48,
  11.45,
  11.39,
  11.34,
  11.29,
  11.25,
  11.18,
  11.13,
  11.11,
  11.07,
  11.03,
  11.01,
  10.98,
  11.02,
  10.99,
  11.0,
  10.98,
  10.95,
  10.94,
  10.88,
  10.8,
  10.75,
  10.74,
  10.69,
  10.66,
  10.66,
  10.65,
  10.65,
  10.61,
  10.57,
  10.54,
  10.52,
  10.52,
  10.5,
  10.5,
  10.53,
  10.55,
  10.55,
  10.53,
  10.51,
  10.48,
  10.47,
  10.48,
  10.5,
  10.54,
  10.54,
  10.54,
  10.54,
  10.53,
  10.5,
  10.46,
  10.45,
  10.39,
  10.41,
  10.38,
  10.38,
  10.37,
  10.35,
  10.35,
  10.37,
  10.39,
  10.38,
  10.39,
  10.35,
  10.36,
  10.37,
  10.39,
  10.46,
  10.55,
  10.61,
  10.66,
  10.66,
  10.65,
  10.67
 ]
}