{
 "theta_star": 94.32027393605445,
 "after_same_kick": 14.790378723446722,
 "after_orth_kick": 15.606409916753247,
 "traj_same": [
  3.23,
  6.92,
  8.94,
  10.12,
  10.89,
  11.42,
  11.79,
  12.08,
  12.34,
  12.52,
  12.66,
  12.73,
  12.81,
  12.85,
  12.92,
  12.96,
  12.96,
  13.01,
  13.02,
  13.05,
  13.06,
  13.11,
  13.15,
  13.19,
  13.24,
  13.3,
  13.33,
  13.37,
  13.39,
  13.41,
  13.46,
  13.55,
  13.63,
  13.63,
  13.68,
  13.68,
  13.62,
  13.57,
  13.54,
  13.54,
  13.55,
  13.55,
  13.55,
  13.61,
  13.63,
  13.63,
  13.68,
  13.71,
  13.73,
  13.77,
  13.78,
  13.82,
  13.87,
  13.9,
  13.97,
  14.01,
  14.02,
  14.03,
  14.05,
  14.1,
  14.13,
  14.19,
  14.26,
  14.32,
  14.32,
  14.36,
  14.39,
  14.42,
  14.43,
  14.55,
  14.59,
  14.62,
  14.66,
  14.71,
  14.76,
  14.8,
  14.83,
  14.86,
  14.91,
  14.89,
  14.85,
  14.88,
  14.9,
  14.92,
  14.93,
  14.98,
  14.95,
  14.87,
  14.83,
  14.8,
  14.76,
  14.77,
  14.8,
  14.8,
  14.83,
  14.81,
  14.82,
  14.83,
  14.77,
  14.71
 ],
 "traj_orth": [
  89.76,
  86.98,
  83.64,
  79.62,
  74.94,
  69.64,
  63.88,
  57.8,
  51.55,
  45.41,
  39.54,
  34.13,
  29.41,
  25.42,
  22.25,
  19.78,
  17.95,
  16.67,
  15.8,
  15.27,
  14.92,
  14.79,
  14.72,
  14.69,
  14.73,
  14.79,
  14.87,
  14.93,
  14.99,
  15.03,
  15.02,
  15.04,
  15.07,
  15.04,
  15.05,
  15.05,
  15.01,
  15.04,
  15.09,
  15.09,
  15.06,
  15.04,
  15.06,
  15.13,
  15.13,
  15.09,
  15.1,
  15.09,
  15.08,
  15.06,
  15.06,
  15.05,
  15.09,
  15.1,
  15.14,
  15.16,
  15.19,
  15.21,
  15.25,
  15.33,
  15.34,
  15.36,
  15.41,
  15.49,
  15.5,
  15.51,
  15.5,
  15.52,
  15.55,
  15.66,
  15.68,
  15.67,
  15.67,
  15.69,
  15.75,
  15.78,
  15.81,
  15.8,
  15.8,
  15.77,
  15.7,
  15.68,
  15.66,
  15.66,
  15.69,
  15.79,
  15.77,
  15.7,
  15.66,
  15.61,
  15.56,
  15.55,
  15.57,
  15.56,
  15.58,
  15.57,
  15.64,
  15.72,
  15.68,
  15.63
 ]
}