{
 "theta_star": 26.102822278175196,
 "after_same_kick": 24.27790442143023,
 "after_orth_kick": 24.385456318077836,
 "traj_same": [
  3.73,
  8.28,
  11.38,
  13.53,
  15.18,
  16.42,
  17.45,
  18.33,
  19.08,
  19.76,
  20.32,
  20.81,
  21.27,
  21.72,
  22.08,
  22.37,
  22.58,
  22.75,
  22.89,
  23.01,
  23.22,
  23.4,
  23.53,
  23.66,
  23.78,
  23.86,
  23.94,
  24.02,
  24.07,
  24.16,
  24.24,
  24.28,
  24.3,
  24.34,
  24.37,
  24.35,
  24.43,
  24.46,
  24.45,
  24.43,
  24.42,
  24.42,
  24.38,
  24.37,
  24.32,
  24.35,
  24.37,
  24.32,
  24.35,
  24.35,
  24.38,
  24.39,
  24.42,
  24.41,
  24.45,
  24.5,
  24.49,
  24.47,
  24.48,
  24.47,
  24.47,
  24.48,
  24.5,
  24.44,
  24.47,
  24.48,
  24.55,
  24.58,
  24.59,
  24.6,
  24.62,
  24.6,
  24.62,
  24.59,
  24.49,
  24.38,
  24.28,
  24.27,
  24.24,
  24.22,
  24.16,
  24.14,
  24.14,
  24.16,
  24.16,
  24.14,
  24.19,
  24.24,
  24.25,
  24.33,
  24.3,
  24.29,
  24.29,
  24.3,
  24.29,
  24.29,
  24.33,
  24.27,
  24.23,
  24.19
 ],
 "traj_orth": [
  89.85,
  88.03,
  85.43,
  82.18,
  78.42,
  74.24,
  69.73,
  65.13,
  60.48,
  55.89,
  51.52,
  47.29,
  43.3,
  39.63,
  36.32,
  33.38,
  30.86,
  28.7,
  26.87,
  25.45,
  24.35,
  23.54,
  22.93,
  22.49,
  22.14,
  21.99,
  21.9,
  21.94,
  21.97,
  22.05,
  22.11,
  22.24,
  22.39,
  22.51,
  22.63,
  22.74,
  22.8,
  22.88,
  22.97,
  23.06,
  23.16,
  23.25,
  23.36,
  23.45,
  23.51,
  23.58,
  23.67,
  23.76,
  23.83,
  23.86,
  23.94,
  24.0,
  24.07,
  24.15,
  24.17,
  24.21,
  24.24,
  24.27,
  24.28,
  24.33,
  24.33,
  24.34,
  24.34,
  24.37,
  24.39,
  24.41,
  24.43,
  24.39,
  24.37,
  24.34,
  24.29,
  24.24,
  24.22,
  24.15,
  24.11,
  24.11,
  24.1,
  24.1,
  24.1,
  24.06,
  24.14,
  24.11,
  24.13,
  24.11,
  24.14,
  24.16,
  24.17,
  24.2,
  24.24,
  24.29,
  24.34,
  24.32,
  24.32,
  24.39,
  24.38,
  24.39,
  24.43,
  24.42,
  24.44,
  24.44
 ]
}