{
 "theta_star": 39.23079003014811,
 "after_same_kick": 6.711084635701627,
 "after_orth_kick": 7.088180855154517,
 "traj_same": [
  1.92,
  5.39,
  6.32,
  6.62,
  6.73,
  6.77,
  6.77,
  6.78,
  6.83,
  6.86,
  6.87,
  6.86,
  6.85,
  6.84,
  6.86,
  6.86,
  6.82,
  6.8,
  6.74,
  6.72,
  6.7,
  6.71,
  6.71,
  6.71,
  6.71,
  6.72,
  6.72,
  6.72,
  6.72,
  6.7,
  6.7,
  6.7,
  6.7,
  6.68,
  6.7,
  6.71,
  6.7,
  6.69,
  6.69,
  6.69,
  6.7,
  6.69,
  6.69,
  6.72,
  6.75,
  6.76,
  6.85,
  6.87,
  6.85,
  6.85,
  6.83,
  6.83,
  6.8,
  6.72,
  6.71,
  6.71,
  6.71,
  6.7,
  6.7,
  6.72,
  6.7,
  6.71,
  6.73,
  6.72,
  6.71,
  6.72,
  6.7,
  6.72,
  6.73,
  6.74,
  6.71,
  6.71,
  6.71,
  6.71,
  6.71,
  6.71,
  6.71,
  6.69,
  6.7,
  6.7,
  6.69,
  6.7,
  6.71,
  6.69,
  6.69,
  6.71,
  6.7,
  6.68,
  6.69,
  6.7,
  6.7,
  6.71,
  6.71,
  6.72,
  6.72,
  6.71,
  6.7,
  6.72,
  6.71,
  6.72
 ],
 "traj_orth": [
  89.76,
  86.73,
  82.13,
  75.46,
  66.55,
  55.96,
  44.91,
  34.51,
  25.75,
  19.23,
  14.7,
  11.78,
  10.08,
  9.14,
  8.66,
  8.41,
  8.24,
  8.12,
  7.98,
  7.9,
  7.82,
  7.78,
  7.78,
  7.82,
  7.8,
  7.74,
  7.68,
  7.66,
  7.65,
  7.62,
  7.62,
  7.65,
  7.68,
  7.65,
  7.64,
  7.64,
  7.65,
  7.66,
  7.66,
  7.62,
  7.64,
  7.62,
  7.62,
  7.63,
  7.65,
  7.65,
  7.64,
  7.54,
  7.48,
  7.45,
  7.43,
  7.43,
  7.39,
  7.34,
  7.35,
  7.35,
  7.36,
  7.33,
  7.33,
  7.32,
  7.28,
  7.26,
  7.29,
  7.32,
  7.34,
  7.33,
  7.28,
  7.26,
  7.22,
  7.21,
  7.16,
  7.11,
  7.06,
  7.03,
  7.01,
  6.99,
  6.96,
  6.93,
  6.96,
  6.99,
  7.0,
  6.98,
  6.98,
  6.96,
  6.95,
  6.96,
  6.95,
  6.95,
  6.96,
  7.0,
  7.03,
  7.06,
  7.06,
  7.05,
  7.07,
  7.09,
  7.11,
  7.12,
  7.12,
  7.16
 ]
}