{
 "theta_star": 27.173480024340275,
 "after_same_kick": 24.84846122524467,
 "after_orth_kick": 25.461581049274006,
 "traj_same": [
  3.31,
  8.49,
  12.05,
  14.57,
  16.52,
  18.1,
  19.34,
  20.32,
  21.12,
  21.75,
  22.32,
  22.76,
  23.1,
  23.38,
  23.59,
  23.81,
  23.95,
  24.07,
  24.15,
  24.26,
  24.34,
  24.42,
  24.46,
  24.52,
  24.56,
  24.65,
  24.68,
  24.77,
  24.86,
  24.9,
  24.98,
  25.07,
  25.13,
  25.2,
  25.27,
  25.31,
  25.33,
  25.32,
  25.31,
  25.3,
  25.28,
  25.31,
  25.37,
  25.4,
  25.45,
  25.44,
  25.48,
  25.5,
  25.5,
  25.5,
  25.53,
  25.5,
  25.49,
  25.47,
  25.46,
  25.42,
  25.34,
  25.3,
  25.26,
  25.22,
  25.18,
  25.15,
  25.15,
  25.1,
  25.07,
  25.05,
  25.02,
  24.99,
  24.95,
  24.89,
  24.9,
  24.89,
  24.87,
  24.84,
  24.85,
  24.84,
  24.84,
  24.84,
  24.87,
  24.85,
  24.88,
  24.86,
  24.83,
  24.85,
  24.86,
  24.83,
  24.85,
  24.84,
  24.84,
  24.81,
  24.8,
  24.79,
  24.79,
  24.81,
  24.86,
  24.88,
  24.89,
  24.88,
  24.9,
  24.88
 ],
 "traj_orth": [
  89.72,
  86.39,
  81.64,
  75.42,
  68.05,
  60.13,
  52.24,
  44.81,
  38.27,
  32.72,
  28.17,
  24.66,
  22.14,
  20.53,
  19.6,
  19.23,
  19.29,
  19.6,
  20.03,
  20.58,
  21.14,
  21.64,
  22.09,
  22.52,
  22.91,
  23.29,
  23.56,
  23.83,
  24.07,
  24.25,
  24.45,
  24.66,
  24.8,
  24.94,
  25.09,
  25.2,
  25.28,
  25.31,
  25.33,
  25.34,
  25.33,
  25.36,
  25.41,
  25.45,
  25.48,
  25.46,
  25.45,
  25.42,
  25.41,
  25.39,
  25.41,
  25.39,
  25.43,
  25.46,
  25.5,
  25.51,
  25.49,
  25.52,
  25.54,
  25.57,
  25.55,
  25.53,
  25.53,
  25.48,
  25.47,
  25.47,
  25.46,
  25.49,
  25.48,
  25.46,
  25.49,
  25.5,
  25.52,
  25.52,
  25.54,
  25.54,
  25.54,
  25.51,
  25.52,
  25.5,
  25.56,
  25.58,
  25.58,
  25.59,
  25.59,
  25.55,
  25.58,
  25.58,
  25.58,
  25.56,
  25.52,
  25.49,
  25.49,
  25.46,
  25.48,
  25.46,
  25.47,
  25.43,
  25.44,
  25.39
 ]
}