{
 "theta_star": 21.3288188456781,
 "after_same_kick": 20.964266300126745,
 "after_orth_kick": 20.946187313680365,
 "traj_same": [
  3.13,
  8.45,
  11.85,
  14.18,
  15.81,
  16.98,
  17.86,
  18.54,
  19.0,
  19.38,
  19.63,
  19.8,
  19.92,
  20.04,
  20.16,
  20.25,
  20.33,
  20.38,
  20.43,
  20.48,
  20.51,
  20.53,
  20.58,
  20.62,
  20.67,
  20.71,
  20.74,
  20.74,
  20.72,
  20.74,
  20.73,
  20.75,
  20.73,
  20.78,
  20.8,
  20.82,
  20.82,
  20.81,
  20.82,
  20.8,
  20.79,
  20.8,
  20.79,
  20.81,
  20.83,
  20.85,
  20.89,
  20.92,
  20.96,
  20.99,
  21.05,
  21.07,
  21.12,
  21.14,
  21.14,
  21.13,
  21.1,
  21.12,
  21.15,
  21.17,
  21.18,
  21.11,
  21.08,
  21.02,
  20.93,
  20.89,
  20.86,
  20.86,
  20.87,
  20.89,
  20.92,
  20.93,
  20.95,
  20.96,
  20.94,
  20.93,
  20.89,
  20.94,
  21.0,
  21.03,
  21.04,
  20.99,
  20.96,
  20.93,
  20.94,
  20.91,
  20.88,
  20.92,
  20.92,
  20.93,
  20.93,
  20.91,
  20.93,
  20.96,
  20.98,
  20.97,
  20.97,
  20.99,
  21.0,
  21.01
 ],
 "traj_orth": [
  89.73,
  86.16,
  80.26,
  72.03,
  62.28,
  52.29,
  43.03,
  34.98,
  28.38,
  23.38,
  20.04,
  18.04,
  17.05,
  16.75,
  16.92,
  17.27,
  17.76,
  18.22,
  18.68,
  19.07,
  19.4,
  19.65,
  19.92,
  20.15,
  20.31,
  20.48,
  20.6,
  20.69,
  20.76,
  20.83,
  20.85,
  20.87,
  20.88,
  20.94,
  20.96,
  20.99,
  21.01,
  21.02,
  21.06,
  21.07,
  21.08,
  21.06,
  21.02,
  20.99,
  20.98,
  20.97,
  20.99,
  20.98,
  20.98,
  20.98,
  21.0,
  20.98,
  20.97,
  20.98,
  20.95,
  20.91,
  20.87,
  20.86,
  20.87,
  20.89,
  20.9,
  20.86,
  20.85,
  20.84,
  20.81,
  20.82,
  20.83,
  20.85,
  20.83,
  20.85,
  20.89,
  20.92,
  20.95,
  20.96,
  20.95,
  20.96,
  20.94,
  20.95,
  20.97,
  20.98,
  21.0,
  21.02,
  21.06,
  21.09,
  21.13,
  21.13,
  21.09,
  21.05,
  21.0,
  20.98,
  20.96,
  20.94,
  20.95,
  20.96,
  20.96,
  20.95,
  20.93,
  20.93,
  20.94,
  20.94
 ]
}