{
 "theta_star": 10.427382623213955,
 "after_same_kick": 5.47209978188646,
 "after_orth_kick": 5.471724342321279,
 "traj_same": [
  1.54,
  4.81,
  5.34,
  5.46,
  5.47,
  5.5,
  5.49,
  5.48,
  5.49,
  5.49,
  5.5,
  5.49,
  5.47,
  5.47,
  5.5,
  5.47,
  5.47,
  5.48,
  5.47,
  5.47,
  5.5,
  5.46,
  5.47,
  5.47,
  5.49,
  5.5,
  5.48,
  5.47,
  5.48,
  5.49,
  5.49,
  5.47,
  5.49,
  5.5,
  5.48,
  5.48,
  5.48,
  5.48,
  5.47,
  5.47,
  5.49,
  5.47,
  5.48,
  5.48,
  5.46,
  5.47,
  5.46,
  5.48,
  5.47,
  5.46,
  5.46,
  5.46,
  5.45,
  5.47,
  5.47,
  5.47,
  5.47,
  5.45,
  5.46,
  5.46,
  5.46,
  5.47,
  5.47,
  5.47,
  5.47,
  5.46,
  5.46,
  5.45,
  5.45,
  5.48,
  5.46,
  5.48,
  5.47,
  5.48,
  5.46,
  5.47,
  5.48,
  5.47,
  5.48,
  5.45,
  5.47,
  5.48,
  5.46,
  5.46,
  5.48,
  5.47,
  5.48,
  5.48,
  5.47,
  5.47,
  5.47,
  5.47,
  5.47,
  5.47,
  5.48,
  5.45,
  5.47,
  5.47,
  5.49,
  5.47
 ],
 "traj_orth": [
  89.69,
  85.73,
  78.77,
  67.5,
  53.07,
  38.38,
  26.04,
  17.15,
  12.02,
  9.21,
  7.72,
  7.0,
  6.61,
  6.39,
  6.25,
  6.14,
  6.07,
  6.01,
  5.99,
  5.96,
  6.01,
  5.92,
  5.85,
  5.78,
  5.77,
  5.77,
  5.77,
  5.74,
  5.68,
  5.68,
  5.67,
  5.66,
  5.68,
  5.66,
  5.61,
  5.6,
  5.6,
  5.61,
  5.55,
  5.49,
  5.49,
  5.47,
  5.48,
  5.47,
  5.46,
  5.46,
  5.45,
  5.47,
  5.47,
  5.45,
  5.46,
  5.46,
  5.45,
  5.46,
  5.46,
  5.46,
  5.46,
  5.45,
  5.46,
  5.46,
  5.46,
  5.47,
  5.47,
  5.48,
  5.47,
  5.46,
  5.46,
  5.45,
  5.45,
  5.48,
  5.46,
  5.48,
  5.47,
  5.48,
  5.46,
  5.47,
  5.48,
  5.47,
  5.48,
  5.45,
  5.47,
  5.48,
  5.46,
  5.46,
  5.48,
  5.46,
  5.48,
  5.47,
  5.47,
  5.47,
  5.47,
  5.47,
  5.47,
  5.47,
  5.48,
  5.45,
  5.47,
  5.47,
  5.49,
  5.47
 ]
}