{
 "theta_star": 29.867506827453944,
 "after_same_kick": 25.210993409654584,
 "after_orth_kick": 25.084365720682705,
 "traj_same": [
  3.75,
  8.77,
  12.23,
  14.78,
  16.7,
  18.18,
  19.38,
  20.38,
  21.14,
  21.78,
  22.31,
  22.71,
  23.05,
  23.33,
  23.54,
  23.72,
  23.86,
  23.99,
  24.06,
  24.13,
  24.17,
  24.2,
  24.28,
  24.32,
  24.37,
  24.4,
  24.43,
  24.42,
  24.39,
  24.43,
  24.46,
  24.5,
  24.52,
  24.61,
  24.64,
  24.7,
  24.71,
  24.7,
  24.71,
  24.68,
  24.72,
  24.76,
  24.76,
  24.77,
  24.77,
  24.79,
  24.81,
  24.79,
  24.79,
  24.81,
  24.89,
  24.91,
  24.97,
  25.02,
  25.05,
  25.06,
  25.03,
  25.02,
  25.03,
  25.08,
  25.1,
  25.09,
  25.11,
  25.14,
  25.12,
  25.16,
  25.2,
  25.21,
  25.17,
  25.16,
  25.19,
  25.25,
  25.33,
  25.37,
  25.38,
  25.37,
  25.36,
  25.45,
  25.48,
  25.51,
  25.53,
  25.51,
  25.47,
  25.39,
  25.39,
  25.29,
  25.23,
  25.23,
  25.22,
  25.23,
  25.22,
  25.22,
  25.21,
  25.22,
  25.24,
  25.24,
  25.23,
  25.22,
  25.19,
  25.12
 ],
 "traj_orth": [
  89.74,
  86.43,
  81.63,
  75.41,
  68.1,
  60.27,
  52.5,
  45.22,
  38.74,
  33.1,
  28.49,
  24.92,
  22.34,
  20.64,
  19.64,
  19.2,
  19.2,
  19.45,
  19.87,
  20.36,
  20.85,
  21.32,
  21.79,
  22.23,
  22.62,
  22.94,
  23.18,
  23.41,
  23.59,
  23.78,
  23.94,
  24.07,
  24.16,
  24.32,
  24.44,
  24.56,
  24.64,
  24.66,
  24.69,
  24.68,
  24.72,
  24.8,
  24.85,
  24.9,
  24.94,
  24.98,
  25.03,
  25.03,
  25.06,
  25.1,
  25.16,
  25.17,
  25.22,
  25.26,
  25.28,
  25.27,
  25.23,
  25.19,
  25.18,
  25.2,
  25.21,
  25.19,
  25.2,
  25.2,
  25.14,
  25.16,
  25.17,
  25.17,
  25.16,
  25.2,
  25.25,
  25.3,
  25.35,
  25.34,
  25.29,
  25.23,
  25.18,
  25.24,
  25.25,
  25.26,
  25.28,
  25.24,
  25.19,
  25.16,
  25.21,
  25.18,
  25.2,
  25.27,
  25.29,
  25.32,
  25.32,
  25.29,
  25.21,
  25.15,
  25.08,
  25.02,
  24.98,
  24.96,
  24.94,
  24.9
 ]
}