{
 "theta_star": 21.909604907922215,
 "after_same_kick": 20.960834326835126,
 "after_orth_kick": 21.172887364946035,
 "traj_same": [
  3.48,
  8.54,
  11.83,
  14.07,
  15.69,
  16.86,
  17.7,
  18.38,
  18.9,
  19.28,
  19.59,
  19.85,
  20.07,
  20.21,
  20.35,
  20.47,
  20.57,
  20.62,
  20.7,
  20.73,
  20.76,
  20.81,
  20.89,
  20.94,
  20.95,
  20.95,
  20.96,
  20.98,
  20.97,
  20.98,
  20.98,
  21.01,
  20.98,
  20.98,
  21.0,
  21.02,
  21.01,
  21.02,
  20.98,
  20.99,
  20.98,
  21.01,
  20.97,
  20.99,
  21.03,
  21.01,
  21.03,
  21.02,
  21.01,
  21.01,
  20.98,
  21.0,
  21.06,
  21.11,
  21.13,
  21.14,
  21.12,
  21.07,
  21.04,
  21.03,
  21.03,
  21.04,
  21.05,
  21.01,
  20.98,
  20.98,
  20.97,
  20.96,
  20.96,
  20.96,
  20.95,
  20.93,
  20.92,
  20.91,
  20.93,
  20.93,
  20.91,
  20.97,
  20.95,
  20.99,
  21.0,
  20.99,
  20.99,
  20.94,
  20.91,
  20.93,
  20.95,
  20.95,
  20.98,
  20.97,
  20.97,
  21.0,
  21.0,
  20.99,
  20.99,
  20.91,
  20.9,
  20.93,
  20.95,
  20.97
 ],
 "traj_orth": [
  89.71,
  86.1,
  80.16,
  71.84,
  61.87,
  51.41,
  41.58,
  33.06,
  26.41,
  21.69,
  18.61,
  16.95,
  16.31,
  16.26,
  16.59,
  17.11,
  17.64,
  18.14,
  18.64,
  19.08,
  19.45,
  19.75,
  20.06,
  20.27,
  20.43,
  20.56,
  20.63,
  20.7,
  20.77,
  20.84,
  20.87,
  20.93,
  20.95,
  21.01,
  21.05,
  21.09,
  21.1,
  21.13,
  21.09,
  21.1,
  21.11,
  21.14,
  21.09,
  21.11,
  21.16,
  21.16,
  21.2,
  21.21,
  21.2,
  21.2,
  21.17,
  21.18,
  21.24,
  21.28,
  21.28,
  21.28,
  21.26,
  21.21,
  21.19,
  21.18,
  21.17,
  21.18,
  21.18,
  21.14,
  21.11,
  21.11,
  21.09,
  21.09,
  21.13,
  21.14,
  21.15,
  21.14,
  21.13,
  21.11,
  21.13,
  21.12,
  21.11,
  21.16,
  21.13,
  21.19,
  21.2,
  21.21,
  21.2,
  21.16,
  21.12,
  21.15,
  21.16,
  21.15,
  21.15,
  21.13,
  21.13,
  21.18,
  21.21,
  21.2,
  21.21,
  21.14,
  21.13,
  21.16,
  21.17,
  21.21
 ]
}