{"key": "cos_gp_d0.4_m1.3_s0.016", "records": [{"seed": 0, "kind": "cos", "delta": 0.4, "mu": 1.3, "mean_theta_LR": 39.83308733416493, "std_theta_LR": 1.2698471163633798, "theta_LR_final": 38.077212062645636, "L_collapsed": false, "R_collapsed": false, "L_tvar": 5.440188190888742e-05, "R_tvar": 5.3125900332241774e-05, "both_alive": true, "mean_transport_post": 0.008753910018789357, "class": "sustained", "theta_traj": [86.87, 67.98, 63.78, 60.66, 57.64, 55.72, 54.05, 52.76, 51.78, 50.7, 49.52, 48.87, 48.43, 47.75, 46.85, 45.97, 45.24, 44.56, 44.45, 44.25, 43.78, 43.49, 43.22, 43.08, 42.55, 42.27, 42.11, 41.82, 41.56, 41.43, 41.17, 40.81, 40.81, 40.55, 40.53, 40.23, 39.86, 39.57, 39.46, 39.34, 38.98, 39.03, 38.71, 38.64, 38.73, 38.61, 38.51, 38.49, 38.37, 38.09]}, {"seed": 1, "kind": "cos", "delta": 0.4, "mu": 1.3, "mean_theta_LR": 34.72015634654605, "std_theta_LR": 0.8905477101267864, "theta_LR_final": 33.69674937526703, "L_collapsed": false, "R_collapsed": false, "L_tvar": 5.248810663940634e-05, "R_tvar": 5.481677964388269e-05, "both_alive": true, "mean_transport_post": 0.009137244281531157, "class": "sustained", "theta_traj": [86.99, 66.91, 61.32, 57.48, 54.47, 52.56, 50.51, 48.38, 46.6, 45.15, 43.71, 42.49, 41.55, 40.74, 40.3, 40.02, 39.62, 39.27, 38.76, 38.29, 37.79, 37.48, 37.04, 36.81, 36.48, 36.18, 36.25, 36.12, 35.87, 35.73, 35.46, 35.43, 35.32, 35.32, 35.41, 35.11, 34.91, 34.77, 34.66, 34.49, 34.33, 34.21, 34.16, 33.87, 33.68, 33.57, 33.54, 33.68, 33.5, 33.5]}, {"seed": 2, "kind": "cos", "delta": 0.4, "mu": 1.3, "mean_theta_LR": 37.600843185709515, "std_theta_LR": 0.8497960002798262, "theta_LR_final": 36.37443045080528, "L_collapsed": false, "R_collapsed": false, "L_tvar": 5.492608221258572e-05, "R_tvar": 5.46392381875338e-05, "both_alive": true, "mean_transport_post": 0.008966906788413314, "class": "sustained", "theta_traj": [85.84, 67.15, 62.72, 60.7, 57.75, 55.45, 53.62, 51.49, 50.15, 49.06, 47.73, 46.7, 45.71, 44.82, 44.04, 43.23, 42.76, 42.25, 41.8, 41.45, 40.87, 40.56, 40.17, 39.77, 39.71, 39.46, 39.03, 39.01, 38.9, 38.73, 38.26, 38.3, 38.06, 37.93, 37.79, 37.6, 37.49, 37.66, 37.55, 37.45, 37.21, 37.09, 37.05, 36.92, 36.73, 36.6, 36.54, 36.69, 36.58, 36.48]}, {"seed": 3, "kind": "cos", "delta": 0.4, "mu": 1.3, "mean_theta_LR": 41.01422486522764, "std_theta_LR": 1.1665483754159705, "theta_LR_final": 39.181334832121614, "L_collapsed": false, "R_collapsed": false, "L_tvar": 5.582501958010544e-05, "R_tvar": 5.333942593580475e-05, "both_alive": true, "mean_transport_post": 0.008808372831581382, "class": "sustained", "theta_traj": [86.53, 67.68, 63.24, 60.5, 58.2, 56.3, 54.28, 52.87, 51.36, 50.47, 49.62, 49.02, 48.18, 47.63, 47.12, 46.44, 45.9, 45.47, 44.84, 44.46, 44.02, 43.83, 43.43, 43.26, 42.97, 42.85, 42.79, 42.54, 42.37, 42.37, 42.31, 42.02, 41.82, 41.78, 41.64, 41.4, 41.44, 41.36, 41.23, 41.03, 40.7, 40.34, 40.08, 39.84, 39.79, 39.54, 39.51, 39.47, 39.37, 39.31]}, {"seed": 4, "kind": "cos", "delta": 0.4, "mu": 1.3, "mean_theta_LR": 35.24153053371144, "std_theta_LR": 1.3879511236338757, "theta_LR_final": 32.84896731417951, "L_collapsed": false, "R_collapsed": false, "L_tvar": 5.08961618674021e-05, "R_tvar": 5.482462667378237e-05, "both_alive": true, "mean_transport_post": 0.009112552732965159, "class": "sustained", "theta_traj": [86.72, 67.14, 62.07, 59.35, 56.44, 54.34, 52.49, 50.26, 48.63, 47.25, 46.15, 44.81, 43.69, 42.96, 42.39, 41.92, 41.57, 41.14, 40.59, 40.0, 39.6, 39.28, 39.11, 38.93, 38.6, 38.15, 37.82, 37.41, 37.08, 36.95, 36.76, 36.3, 36.31, 35.81, 35.49, 35.19, 35.19, 35.14, 34.97, 34.92, 34.82, 34.52, 34.5, 34.13, 34.04, 34.04, 33.8, 33.58, 33.46, 33.17]}, {"seed": 5, "kind": "cos", "delta": 0.4, "mu": 1.3, "mean_theta_LR": 38.33148765822263, "std_theta_LR": 1.3821524738933157, "theta_LR_final": 36.71643358276907, "L_collapsed": false, "R_collapsed": false, "L_tvar": 5.836907288773019e-05, "R_tvar": 6.006249329401417e-05, "both_alive": true, "mean_transport_post": 0.008954564490482432, "class": "sustained", "theta_traj": [87.64, 70.36, 66.33, 63.12, 60.09, 57.97, 55.55, 53.24, 51.84, 50.93, 50.01, 49.35, 48.92, 47.79, 47.07, 46.34, 45.84, 45.26, 44.75, 44.22, 43.71, 43.28, 42.75, 42.1, 41.63, 41.31, 40.84, 40.56, 40.2, 39.98, 40.03, 39.72, 39.07, 38.84, 38.66, 38.34, 38.3, 38.0, 37.93, 37.66, 37.55, 37.46, 37.22, 37.01, 37.11, 36.93, 36.95, 36.86, 36.73, 36.67]}, {"seed": 6, "kind": "cos", "delta": 0.4, "mu": 1.3, "mean_theta_LR": 30.719216374967107, "std_theta_LR": 1.168149570658014, "theta_LR_final": 29.352428005976087, "L_collapsed": false, "R_collapsed": false, "L_tvar": 5.364482423716309e-05, "R_tvar": 5.358043090479746e-05, "both_alive": true, "mean_transport_post": 0.009338309352225278, "class": "sustained", "theta_traj": [87.78, 64.04, 57.96, 54.87, 51.88, 49.92, 47.88, 46.02, 44.17, 42.62, 41.47, 40.83, 39.92, 39.05, 38.23, 37.77, 37.26, 36.76, 36.38, 35.57, 35.08, 35.04, 34.52, 33.98, 33.51, 33.09, 32.99, 32.95, 32.6, 32.27, 31.98, 31.53, 31.37, 31.02, 30.66, 30.55, 30.44, 30.23, 30.16, 30.16, 30.19, 30.09, 30.02, 29.81, 29.74, 29.66, 29.62, 29.44, 29.45, 29.31]}, {"seed": 7, "kind": "cos", "delta": 0.4, "mu": 1.3, "mean_theta_LR": 34.848696900166324, "std_theta_LR": 1.2066505944793326, "theta_LR_final": 33.07620767725465, "L_collapsed": false, "R_collapsed": false, "L_tvar": 5.302654199272204e-05, "R_tvar": 5.506257653174536e-05, "both_alive": true, "mean_transport_post": 0.009138638541853627, "class": "sustained", "theta_traj": [87.67, 66.24, 61.6, 58.23, 55.77, 53.58, 51.39, 49.5, 47.81, 46.81, 45.63, 44.52, 43.87, 43.18, 42.26, 41.5, 40.64, 40.21, 39.65, 39.03, 38.83, 38.6, 38.26, 38.02, 37.79, 37.32, 36.97, 36.8, 36.42, 36.16, 35.9, 35.76, 35.7, 35.57, 35.32, 35.02, 34.97, 34.86, 34.57, 34.44, 34.4, 34.05, 34.03, 34.07, 33.91, 33.65, 33.52, 33.26, 33.22, 32.9]}, {"seed": 8, "kind": "cos", "delta": 0.4, "mu": 1.3, "mean_theta_LR": 35.841248022836766, "std_theta_LR": 0.9159446676394104, "theta_LR_final": 34.49322053692456, "L_collapsed": false, "R_collapsed": false, "L_tvar": 5.6191456936959534e-05, "R_tvar": 5.895446105323348e-05, "both_alive": true, "mean_transport_post": 0.009091752340421106, "class": "sustained", "theta_traj": [87.51, 66.88, 61.85, 58.0, 54.51, 52.33, 50.02, 48.1, 46.5, 45.16, 43.78, 42.88, 41.99, 41.39, 40.75, 40.24, 39.49, 39.15, 38.75, 38.4, 38.01, 37.77, 37.64, 37.53, 37.37, 37.32, 37.31, 37.09, 36.93, 36.88, 36.77, 36.71, 36.46, 36.33, 36.25, 36.14, 36.27, 36.16, 35.8, 35.76, 35.5, 35.33, 35.15, 34.94, 35.02, 34.94, 34.69, 34.56, 34.46, 34.44]}, {"seed": 9, "kind": "cos", "delta": 0.4, "mu": 1.3, "mean_theta_LR": 35.90754215852013, "std_theta_LR": 1.1244364873139123, "theta_LR_final": 34.62321875479458, "L_collapsed": false, "R_collapsed": false, "L_tvar": 5.62936494395317e-05, "R_tvar": 5.9851077695993025e-05, "both_alive": true, "mean_transport_post": 0.009060216555553257, "class": "sustained", "theta_traj": [87.23, 70.57, 65.41, 61.52, 58.33, 56.39, 54.66, 52.96, 51.25, 49.17, 47.79, 46.55, 45.29, 44.24, 43.34, 42.71, 42.23, 41.64, 40.99, 40.36, 40.11, 39.96, 39.55, 39.2, 38.88, 38.58, 38.31, 37.82, 37.48, 37.13, 36.95, 36.63, 36.54, 36.17, 36.11, 36.09, 35.64, 35.76, 35.57, 35.47, 35.38, 35.2, 35.24, 34.85, 34.88, 34.81, 34.72, 34.64, 34.72, 34.59]}, {"seed": 10, "kind": "cos", "delta": 0.4, "mu": 1.3, "mean_theta_LR": 38.91200205984979, "std_theta_LR": 1.1950358334726068, "theta_LR_final": 36.884314268891416, "L_collapsed": false, "R_collapsed": false, "L_tvar": 5.7106557220299096e-05, "R_tvar": 5.743409513477251e-05, "both_alive": true, "mean_transport_post": 0.008944217923197802, "class": "sustained", "theta_traj": [86.16, 67.93, 64.48, 61.86, 58.85, 56.87, 54.94, 52.65, 51.1, 50.02, 48.77, 47.95, 46.94, 46.18, 45.78, 45.23, 44.63, 44.07, 43.37, 42.8, 42.42, 41.88, 41.47, 41.18, 41.11, 40.72, 40.78, 40.59, 40.27, 40.11, 40.08, 40.15, 39.9, 39.84, 39.57, 39.44, 39.25, 38.83, 38.87, 38.83, 38.56, 38.21, 38.02, 37.93, 37.86, 37.66, 37.33, 37.1, 37.33, 37.01]}, {"seed": 11,