{"key": "cos_d0.1_m0.3_s0.016", "records": [{"seed": 0, "kind": "cos", "delta": 0.1, "mu": 0.3, "mean_theta_LR": 15.463113059072139, "std_theta_LR": 0.1445954367470339, "theta_LR_final": 15.208622160630792, "L_collapsed": false, "R_collapsed": false, "L_tvar": 5.874632307796925e-05, "R_tvar": 5.915608213618595e-05, "both_alive": true, "mean_transport_post": 0.004209914017684176, "class": "fusion", "theta_traj": [88.2, 51.47, 37.38, 30.95, 25.38, 22.3, 20.06, 18.92, 17.89, 17.37, 17.18, 16.82, 16.65, 16.5, 16.54, 16.42, 16.36, 16.22, 16.14, 16.08, 16.05, 15.92, 15.92, 15.85, 15.74, 15.7, 15.74, 15.7, 15.64, 15.62, 15.59, 15.5, 15.49, 15.49, 15.55, 15.53, 15.56, 15.49, 15.44, 15.44, 15.39, 15.46, 15.38, 15.34, 15.34, 15.34, 15.27, 15.3, 15.26, 15.2]}, {"seed": 1, "kind": "cos", "delta": 0.1, "mu": 0.3, "mean_theta_LR": 14.669305245154007, "std_theta_LR": 0.11567762662444497, "theta_LR_final": 14.809394232225996, "L_collapsed": false, "R_collapsed": false, "L_tvar": 5.517797001603472e-05, "R_tvar": 6.0446719097868434e-05, "both_alive": true, "mean_transport_post": 0.00423677653602829, "class": "fusion", "theta_traj": [88.36, 49.88, 34.51, 28.3, 23.29, 20.74, 18.16, 16.5, 16.25, 16.3, 15.83, 15.58, 15.64, 15.55, 15.55, 15.45, 15.52, 15.37, 15.26, 15.18, 15.14, 15.13, 15.17, 15.15, 15.13, 15.06, 15.04, 14.77, 14.72, 14.65, 14.59, 14.61, 14.71, 14.65, 14.61, 14.64, 14.59, 14.56, 14.58, 14.6, 14.61, 14.71, 14.61, 14.63, 14.58, 14.59, 14.6, 14.7, 14.7, 14.78]}, {"seed": 2, "kind": "cos", "delta": 0.1, "mu": 0.3, "mean_theta_LR": 14.430751934815053, "std_theta_LR": 0.10287223153979111, "theta_LR_final": 14.285792843856639, "L_collapsed": false, "R_collapsed": false, "L_tvar": 5.4940774101301464e-05, "R_tvar": 5.511292830206083e-05, "both_alive": true, "mean_transport_post": 0.004247244321575321, "class": "fusion", "theta_traj": [87.1, 50.77, 34.81, 27.72, 24.02, 21.0, 19.02, 17.41, 16.58, 16.24, 15.99, 15.7, 15.62, 15.47, 15.33, 15.44, 15.4, 15.3, 15.08, 15.19, 15.22, 15.15, 14.94, 14.8, 14.72, 14.66, 14.52, 14.51, 14.52, 14.57, 14.51, 14.51, 14.65, 14.58, 14.33, 14.39, 14.41, 14.48, 14.45, 14.4, 14.32, 14.38, 14.32, 14.32, 14.29, 14.36, 14.35, 14.37, 14.32, 14.32]}, {"seed": 3, "kind": "cos", "delta": 0.1, "mu": 0.3, "mean_theta_LR": 14.887035218187004, "std_theta_LR": 0.08018078215186653, "theta_LR_final": 14.89881612136246, "L_collapsed": false, "R_collapsed": false, "L_tvar": 5.8464648137337096e-05, "R_tvar": 5.7719979743231e-05, "both_alive": true, "mean_transport_post": 0.004246402964577122, "class": "fusion", "theta_traj": [87.78, 50.77, 34.98, 27.72, 22.79, 19.78, 18.09, 17.44, 16.81, 16.33, 16.05, 15.78, 15.67, 15.71, 15.4, 15.35, 15.28, 15.37, 15.32, 15.19, 15.17, 15.14, 15.06, 15.02, 14.95, 15.03, 15.02, 15.04, 14.93, 14.92, 14.96, 14.92, 14.87, 14.84, 14.83, 14.87, 14.87, 15.04, 14.89, 14.91, 14.82, 14.83, 14.86, 14.77, 14.74, 14.79, 14.78, 14.87, 14.94, 14.9]}], "meta": {"N": 4, "T": 2500, "sigma": 0.016, "done": true}}