{"key": "cos_gp_d0.1_m0.9_s0.016", "records": [{"seed": 0, "kind": "cos", "delta": 0.1, "mu": 0.9, "mean_theta_LR": 35.66033342569923, "std_theta_LR": 2.378448588395163, "theta_LR_final": 31.96092627078785, "L_collapsed": false, "R_collapsed": false, "L_tvar": 5.822167661487068e-05, "R_tvar": 5.691843983015357e-05, "both_alive": true, "mean_transport_post": 0.007721760903017015, "class": "sustained", "theta_traj": [87.95, 75.75, 72.38, 68.94, 65.65, 62.63, 60.02, 57.63, 55.46, 54.0, 52.55, 50.99, 49.94, 48.81, 47.75, 46.83, 46.01, 45.32, 44.64, 43.93, 42.93, 42.28, 42.01, 41.54, 40.88, 40.47, 39.81, 39.39, 39.07, 38.45, 38.06, 37.54, 37.36, 36.92, 36.67, 36.41, 35.69, 35.48, 34.92, 34.66, 34.55, 34.23, 33.92, 33.74, 33.6, 33.34, 33.02, 32.79, 32.72, 32.39]}, {"seed": 1, "kind": "cos", "delta": 0.1, "mu": 0.9, "mean_theta_LR": 38.528573767742834, "std_theta_LR": 1.5830511736332462, "theta_LR_final": 36.364659710109514, "L_collapsed": false, "R_collapsed": false, "L_tvar": 5.441752985117237e-05, "R_tvar": 5.925047170532369e-05, "both_alive": true, "mean_transport_post": 0.007618547741522634, "class": "sustained", "theta_traj": [88.09, 74.29, 71.0, 68.18, 65.51, 63.6, 61.28, 59.05, 57.26, 55.48, 53.81, 52.42, 51.45, 50.47, 49.58, 48.58, 47.46, 46.64, 45.78, 45.13, 44.46, 43.79, 43.44, 42.96, 42.4, 41.73, 41.39, 41.17, 40.77, 40.35, 39.99, 39.88, 39.5, 39.5, 39.33, 38.94, 38.69, 38.25, 38.13, 37.91, 37.56, 37.41, 37.24, 37.14, 36.98, 37.01, 36.84, 36.91, 36.41, 36.27]}, {"seed": 2, "kind": "cos", "delta": 0.1, "mu": 0.9, "mean_theta_LR": 35.94644641662652, "std_theta_LR": 2.3919717736706656, "theta_LR_final": 32.8409805776364, "L_collapsed": false, "R_collapsed": false, "L_tvar": 5.9806856067855584e-05, "R_tvar": 6.04260765867241e-05, "both_alive": true, "mean_transport_post": 0.007725807959145629, "class": "sustained", "theta_traj": [86.9, 74.59, 71.29, 68.99, 66.67, 64.8, 62.75, 60.73, 59.16, 57.23, 55.32, 53.95, 52.85, 51.45, 50.39, 49.32, 48.24, 47.34, 46.36, 45.62, 44.87, 44.1, 43.63, 42.74, 42.21, 41.44, 40.81, 40.02, 39.43, 38.6, 37.93, 37.85, 37.21, 37.06, 36.66, 36.28, 35.77, 35.52, 35.06, 34.71, 34.39, 34.32, 34.12, 34.1, 33.69, 33.72, 33.48, 33.55, 33.35, 33.11]}, {"seed": 3, "kind": "cos", "delta": 0.1, "mu": 0.9, "mean_theta_LR": 40.32390469176846, "std_theta_LR": 2.5012436500065265, "theta_LR_final": 35.418609809518465, "L_collapsed": false, "R_collapsed": false, "L_tvar": 6.104587762846328e-05, "R_tvar": 6.422740674880576e-05, "both_alive": true, "mean_transport_post": 0.007558898397322941, "class": "sustained", "theta_traj": [87.58, 73.76, 70.27, 67.05, 64.72, 63.96, 62.29, 61.01, 59.6, 58.11, 56.93, 55.52, 54.01, 52.59, 51.8, 51.04, 50.15, 49.52, 48.73, 47.91, 47.34, 47.03, 46.32, 45.88, 45.28, 45.13, 44.57, 43.85, 43.3, 43.02, 42.6, 42.26, 41.96, 41.72, 41.44, 40.96, 40.86, 40.85, 40.34, 40.02, 39.64, 39.27, 39.04, 38.52, 38.21, 37.79, 37.52, 36.98, 36.48, 35.85]}, {"seed": 4, "kind": "cos", "delta": 0.1, "mu": 0.9, "mean_theta_LR": 35.839934995487965, "std_theta_LR": 2.1833999289666073, "theta_LR_final": 32.538655927360004, "L_collapsed": false, "R_collapsed": false, "L_tvar": 6.462957597233146e-05, "R_tvar": 6.491499496636273e-05, "both_alive": true, "mean_transport_post": 0.007750430873966472, "class": "sustained", "theta_traj": [87.79, 73.48, 70.02, 67.53, 65.64, 63.67, 61.61, 59.5, 57.47, 55.9, 54.66, 53.37, 52.48, 51.51, 50.38, 49.47, 48.33, 47.31, 46.55, 45.7, 44.93, 44.09, 43.36, 42.52, 41.72, 40.94, 40.34, 39.76, 38.55, 37.78, 37.48, 37.22, 37.05, 36.73, 36.39, 36.26, 36.07, 35.89, 35.53, 35.26, 35.03, 34.6, 34.65, 34.01, 33.79, 33.7, 33.55, 33.18, 33.09, 32.71]}, {"seed": 5, "kind": "cos", "delta": 0.1, "mu": 0.9, "mean_theta_LR": 45.50816249240292, "std_theta_LR": 2.506626401430702, "theta_LR_final": 41.86234859672375, "L_collapsed": false, "R_collapsed": false, "L_tvar": 6.245111334350325e-05, "R_tvar": 6.195841536645933e-05, "both_alive": true, "mean_transport_post": 0.00743072732233127, "class": "sustained", "theta_traj": [88.73, 77.36, 74.75, 71.18, 69.24, 67.82, 66.02, 64.66, 63.32, 62.07, 60.64, 59.59, 58.81, 57.6, 56.81, 55.96, 55.36, 54.89, 54.52, 54.1, 53.59, 53.08, 52.61, 52.02, 51.39, 50.79, 50.2, 49.49, 49.03, 48.51, 48.33, 47.52, 46.97, 46.53, 46.41, 45.89, 45.53, 44.97, 44.45, 44.31, 44.25, 43.96, 43.61, 43.56, 43.23, 43.15, 42.88, 42.7, 42.5, 42.26]}, {"seed": 6, "kind": "cos", "delta": 0.1, "mu": 0.9, "mean_theta_LR": 31.605244846766126, "std_theta_LR": 2.590243793771391, "theta_LR_final": 27.726523398451278, "L_collapsed": false, "R_collapsed": false, "L_tvar": 6.33142410193083e-05, "R_tvar": 5.8087821886338326e-05, "both_alive": true, "mean_transport_post": 0.007878258788759146, "class": "sustained", "theta_traj": [88.85, 70.8, 66.06, 63.45, 60.63, 58.72, 56.55, 54.77, 53.45, 51.88, 50.41, 49.29, 48.06, 46.38, 45.02, 43.99, 43.09, 42.06, 41.44, 40.8, 40.18, 39.5, 38.83, 38.23, 37.44, 36.95, 36.31, 35.91, 35.32, 34.83, 34.37, 33.71, 33.16, 32.47, 32.33, 31.97, 31.52, 31.24, 31.16, 30.66, 30.28, 29.95, 29.61, 29.34, 29.45, 28.99, 28.98, 28.68, 28.43, 28.19]}, {"seed": 7, "kind": "cos", "delta": 0.1, "mu": 0.9, "mean_theta_LR": 35.72827079135137, "std_theta_LR": 1.2460436119002054, "theta_LR_final": 33.978695978551315, "L_collapsed": false, "R_collapsed": false, "L_tvar": 5.8018317237784035e-05, "R_tvar": 6.2140290914282e-05, "both_alive": true, "mean_transport_post": 0.00780031415828786, "class": "sustained", "theta_traj": [88.76, 72.77, 68.63, 65.28, 62.25, 60.14, 58.16, 55.97, 53.87, 52.42, 50.88, 49.61, 48.46, 47.05, 45.9, 44.4, 43.41, 42.63, 41.51, 40.64, 40.24, 39.9, 39.32, 38.78, 38.51, 38.05, 37.66, 37.58, 37.43, 37.28, 36.94, 36.83, 36.37, 36.36, 36.26, 36.02, 35.89, 35.97, 35.68, 35.64, 35.48, 35.12, 34.97, 34.78, 34.41, 34.22, 34.08, 33.8, 34.16, 34.0]}, {"seed": 8, "kind": "cos", "delta": 0.1, "mu": 0.9, "mean_theta_LR": 35.305617755435314, "std_theta_LR": 2.3206094583480588, "theta_LR_final": 32.809956001649184, "L_collapsed": false, "R_collapsed": false, "L_tvar": 5.5897067861773964e-05, "R_tvar": 6.066606410960756e-05, "both_alive": true, "mean_transport_post": 0.00764748619054369, "class": "sustained", "theta_traj": [88.59, 74.4, 71.29, 67.99, 65.53, 63.49, 61.52, 59.38, 57.76, 56.22, 54.65, 53.2, 51.9, 50.78, 49.72, 48.91, 47.88, 47.14, 46.04, 45.3, 44.24, 43.15, 41.97, 41.44, 40.73, 40.21, 39.84, 39.14, 38.56, 38.17, 37.59, 37.2, 36.83, 36.4, 35.72, 35.25, 35.24, 35.08, 34.6, 34.35, 34.07, 33.54, 33.27, 33.15, 33.01, 33.04, 32.81, 32.77, 32.9, 32.76]}, {"seed": 9, "kind": "cos", "delta": 0.1, "mu": 0.9, "mean_theta_LR": 35.82067881423928, "std_theta_LR": 2.2296541721693792, "theta_LR_final": 33.365431587565126, "L_collapsed": false, "R_collapsed": false, "L_tvar": 6.31637024293314e-05, "R_tvar": 6.280070151647385e-05, "both_alive": true, "mean_transport_post": 0.007779397019517165, "class": "sustained", "theta_traj": [88.31, 77.97, 74.05, 70.02, 66.98, 64.33, 61.57, 59.67, 57.21, 55.3, 53.46, 52.09, 50.49, 49.35, 47.98, 46.8, 45.72, 44.72, 44.17, 43.83, 43.0, 42.79, 42.3, 41.84, 41.48, 40.8, 40.19, 39.62, 39.33, 38.6, 38.16, 37.67, 37.26, 36.58, 36.28, 35.79, 35.13, 34.99, 34.61, 34.51, 34.44, 34.32, 34.14, 33.96, 34.14, 33.68, 33.64, 33.67, 33.63, 33.43]}, {"seed": 10, "kind": "cos", "delta": 0.1, "mu": 0.9, "mean_theta_LR": 36.43137129354462, "std_theta_LR": 2.0635822785955122, "theta_LR_final": 32.81631555821216, "L_collapsed": false, "R_collapsed": false, "L_tvar": 5.734152517582628e-05, "R_tvar": 6.200587390753408e-05, "both_alive": true, "mean_transport_post": 0.007686350659934664, "class": "sustained", "theta_traj": [87.23, 74.0, 71.13, 69.05, 66.46, 64.35, 62.45, 59.95, 57.89, 56.05, 54.2, 52.67, 51.25, 49.87, 48.92, 47.75, 46.98, 46.32, 45.23, 44.41, 43.68, 42.59, 41.64, 40.79, 40.35, 39.83, 39.68, 39.28, 39.0, 38.6, 38.34, 37.96, 37.8, 37.67, 37.56, 37.3, 37.2, 36.97, 36.73, 36.42, 35.88, 35.44, 34.94, 34.78, 34.47, 34.12, 33.8, 33.49, 33.4, 32.98]}, {"seed": 11, "kind": "cos",