{"key": "cos_gp_d0.2_m0.3_s0.016", "records": [{"seed": 0, "kind": "cos", "delta": 0.2, "mu": 0.3, "mean_theta_LR": 117.92256248430391, "std_theta_LR": 1.1041052916103036, "theta_LR_final": 119.67218462724212, "L_collapsed": false, "R_collapsed": false, "L_tvar": 6.402430309369624e-05, "R_tvar": 6.107662189875252e-05, "both_alive": true, "mean_transport_post": 0.002400116233080414, "class": "segregation", "theta_traj": [89.35, 85.0, 86.56, 89.29, 92.47, 95.52, 97.62, 99.6, 102.0, 104.1, 105.63, 107.07, 108.78, 110.31, 111.52, 112.69, 113.67, 114.5, 114.97, 115.33, 115.33, 115.4, 115.44, 115.67, 115.97, 116.17, 116.19, 116.24, 116.38, 116.65, 116.85, 116.88, 117.04, 117.3, 117.36, 117.48, 117.56, 117.82, 118.13, 118.2, 118.43, 118.64, 118.74, 118.92, 119.04, 119.12, 119.18, 119.31, 119.38, 119.49]}, {"seed": 1, "kind": "cos", "delta": 0.2, "mu": 0.3, "mean_theta_LR": 114.35466955081266, "std_theta_LR": 1.233569127332076, "theta_LR_final": 115.87603441767706, "L_collapsed": false, "R_collapsed": false, "L_tvar": 6.0763973743625636e-05, "R_tvar": 6.181819261819892e-05, "both_alive": true, "mean_transport_post": 0.0022093429054711824, "class": "segregation", "theta_traj": [89.5, 82.47, 81.97, 83.9, 85.87, 87.4, 89.16, 91.56, 93.76, 95.89, 97.73, 99.42, 101.21, 102.62, 103.67, 104.61, 105.61, 106.83, 107.73, 108.46, 109.08, 109.82, 110.28, 110.72, 111.22, 111.7, 112.13, 112.59, 112.87, 113.09, 113.22, 113.27, 113.26, 113.4, 113.71, 113.96, 114.09, 114.39, 114.76, 114.96, 115.17, 115.3, 115.48, 115.62, 115.64, 115.59, 115.63, 115.75, 115.74, 115.85]}, {"seed": 2, "kind": "cos", "delta": 0.2, "mu": 0.3, "mean_theta_LR": 117.28105105793821, "std_theta_LR": 0.8120107928357377, "theta_LR_final": 118.18637528740057, "L_collapsed": false, "R_collapsed": false, "L_tvar": 5.916001596532184e-05, "R_tvar": 6.096038466716937e-05, "both_alive": true, "mean_transport_post": 0.002350034501930476, "class": "segregation", "theta_traj": [88.27, 84.63, 84.01, 87.09, 90.16, 92.71, 95.3, 97.41, 99.38, 101.45, 103.36, 105.36, 107.55, 109.1, 110.15, 110.79, 111.45, 111.98, 112.69, 113.25, 113.53, 113.98, 114.38, 114.81, 115.16, 115.53, 115.89, 116.09, 116.16, 116.18, 116.24, 116.58, 116.85, 117.08, 117.1, 117.12, 117.09, 117.25, 117.38, 117.55, 117.71, 117.9, 118.01, 118.12, 118.13, 118.23, 118.26, 118.21, 118.16, 118.17]}, {"seed": 3, "kind": "cos", "delta": 0.2, "mu": 0.3, "mean_theta_LR": 118.39943126136006, "std_theta_LR": 0.9719399703110911, "theta_LR_final": 119.63585232660436, "L_collapsed": false, "R_collapsed": false, "L_tvar": 6.303158544816958e-05, "R_tvar": 6.200574369467994e-05, "both_alive": true, "mean_transport_post": 0.0024632611512791693, "class": "segregation", "theta_traj": [88.96, 85.43, 86.54, 88.93, 91.8, 95.31, 98.96, 101.94, 104.19, 105.77, 106.98, 108.05, 109.13, 109.98, 110.91, 111.95, 112.68, 113.4, 114.03, 114.43, 114.86, 115.21, 115.38, 115.68, 116.0, 116.37, 116.6, 116.84, 116.99, 117.41, 117.42, 117.56, 117.65, 117.82, 118.03, 118.19, 118.39, 118.68, 118.89, 118.85, 118.86, 118.99, 119.1, 119.12, 119.24, 119.4, 119.44, 119.56, 119.65, 119.64]}], "meta": {"N": 4, "T": 2500, "sigma": 0.016, "done": true}}