{"key": "cos_gp_d0.05_m0.9_s0.016", "records": [{"seed": 0, "kind": "cos", "delta": 0.05, "mu": 0.9, "mean_theta_LR": 33.99642350411959, "std_theta_LR": 1.9912563096109506, "theta_LR_final": 31.432099311126766, "L_collapsed": false, "R_collapsed": false, "L_tvar": 6.0971981684386284e-05, "R_tvar": 5.684200719014337e-05, "both_alive": true, "mean_transport_post": 0.007841025954191807, "class": "sustained", "theta_traj": [87.95, 75.65, 71.74, 68.07, 64.77, 62.0, 59.59, 57.51, 55.5, 53.87, 52.47, 51.28, 50.14, 49.03, 47.99, 46.66, 45.8, 44.74, 44.07, 43.35, 42.18, 41.36, 40.8, 40.07, 39.22, 38.61, 38.14, 37.53, 37.15, 36.47, 35.86, 35.33, 34.92, 34.46, 34.34, 34.05, 33.29, 33.41, 32.87, 32.84, 32.86, 32.71, 32.65, 32.5, 32.65, 32.31, 32.16, 32.08, 32.01, 31.67]}, {"seed": 1, "kind": "cos", "delta": 0.05, "mu": 0.9, "mean_theta_LR": 37.581040930160896, "std_theta_LR": 1.5570665341739836, "theta_LR_final": 35.787003987552005, "L_collapsed": false, "R_collapsed": false, "L_tvar": 5.7098893208721994e-05, "R_tvar": 6.144764799437388e-05, "both_alive": true, "mean_transport_post": 0.007697010046225076, "class": "sustained", "theta_traj": [88.09, 74.2, 70.71, 67.68, 65.0, 62.81, 60.27, 58.12, 56.12, 54.4, 52.63, 51.05, 49.77, 48.9, 47.69, 46.59, 45.76, 44.92, 44.05, 43.29, 42.46, 41.9, 41.3, 40.93, 40.58, 40.44, 40.24, 39.91, 39.71, 39.69, 39.34, 39.17, 38.67, 38.76, 38.28, 37.93, 37.65, 37.0, 36.97, 36.78, 36.64, 36.57, 36.44, 36.2, 36.01, 36.0, 35.91, 35.88, 35.58, 35.48]}, {"seed": 2, "kind": "cos", "delta": 0.05, "mu": 0.9, "mean_theta_LR": 31.100384835463213, "std_theta_LR": 2.5619216274731227, "theta_LR_final": 27.179130579361267, "L_collapsed": false, "R_collapsed": false, "L_tvar": 5.860701063984154e-05, "R_tvar": 5.6904429729320605e-05, "both_alive": true, "mean_transport_post": 0.007920931121545375, "class": "sustained", "theta_traj": [86.9, 74.4, 70.73, 67.76, 64.96, 62.7, 60.6, 58.55, 56.88, 55.06, 53.3, 51.84, 50.14, 48.06, 46.72, 45.43, 44.44, 43.61, 42.69, 41.88, 41.08, 40.37, 39.63, 38.29, 37.51, 36.89, 36.27, 35.27, 34.74, 33.98, 33.26, 32.86, 32.23, 32.12, 31.71, 31.56, 31.16, 30.88, 30.6, 30.24, 29.97, 29.9, 29.47, 29.13, 28.74, 28.55, 28.37, 28.23, 27.87, 27.46]}, {"seed": 3, "kind": "cos", "delta": 0.05, "mu": 0.9, "mean_theta_LR": 34.29179432425645, "std_theta_LR": 2.7437683212861352, "theta_LR_final": 29.824496030643456, "L_collapsed": false, "R_collapsed": false, "L_tvar": 5.723908603589475e-05, "R_tvar": 5.960509057171128e-05, "both_alive": true, "mean_transport_post": 0.007826775103613076, "class": "sustained", "theta_traj": [87.58, 73.59, 69.54, 66.41, 63.4, 62.03, 60.33, 58.9, 57.15, 55.11, 53.65, 52.25, 50.6, 49.4, 48.38, 47.61, 46.74, 45.85, 44.95, 44.24, 43.33, 42.84, 42.03, 41.33, 40.43, 39.98, 39.15, 38.54, 38.02, 37.65, 36.94, 36.28, 35.64, 35.23, 35.15, 34.74, 34.73, 34.63, 34.2, 33.88, 33.52, 33.02, 32.59, 32.07, 31.8, 31.51, 31.25, 30.65, 30.32, 30.07]}, {"seed": 4, "kind": "cos", "delta": 0.05, "mu": 0.9, "mean_theta_LR": 35.02137995895123, "std_theta_LR": 3.3321511791872678, "theta_LR_final": 29.870477749900942, "L_collapsed": false, "R_collapsed": false, "L_tvar": 6.184778328549244e-05, "R_tvar": 6.177217258956015e-05, "both_alive": true, "mean_transport_post": 0.007799833165902496, "class": "sustained", "theta_traj": [87.79, 73.31, 69.33, 66.52, 64.71, 62.84, 60.85, 58.82, 56.66, 55.18, 53.61, 52.06, 50.91, 49.88, 48.89, 47.87, 46.71, 46.01, 45.39, 44.63, 43.83, 43.12, 42.41, 41.89, 41.46, 41.05, 40.48, 40.0, 39.34, 38.81, 38.47, 37.83, 37.44, 37.08, 36.56, 36.25, 35.74, 35.26, 34.73, 34.25, 33.65, 32.91, 32.68, 32.05, 31.79, 31.42, 31.13, 30.77, 30.5, 29.99]}, {"seed": 5, "kind": "cos", "delta": 0.05, "mu": 0.9, "mean_theta_LR": 40.22962598988169, "std_theta_LR": 2.5380117456825655, "theta_LR_final": 36.38170688576985, "L_collapsed": false, "R_collapsed": false, "L_tvar": 6.160988355910578e-05, "R_tvar": 6.324817747250622e-05, "both_alive": true, "mean_transport_post": 0.007622325658682159, "class": "sustained", "theta_traj": [88.74, 77.11, 74.66, 71.14, 68.99, 66.98, 64.9, 63.14, 61.79, 60.59, 59.15, 57.84, 56.91, 55.37, 54.48, 53.67, 52.77, 51.78, 50.89, 50.08, 49.0, 48.01, 47.11, 46.33, 45.87, 45.52, 44.96, 44.23, 43.78, 43.12, 42.99, 42.17, 41.74, 41.37, 41.11, 40.57, 40.33, 39.72, 39.54, 39.27, 39.08, 38.9, 38.52, 38.31, 38.06, 37.85, 37.51, 37.24, 36.72, 36.66]}, {"seed": 6, "kind": "cos", "delta": 0.05, "mu": 0.9, "mean_theta_LR": 26.63510109072204, "std_theta_LR": 3.6933537843801187, "theta_LR_final": 20.573656783150646, "L_collapsed": false, "R_collapsed": false, "L_tvar": 6.155565798005865e-05, "R_tvar": 5.4279178381497426e-05, "both_alive": true, "mean_transport_post": 0.008059176686052627, "class": "sustained", "theta_traj": [88.85, 70.61, 65.65, 62.79, 59.91, 57.97, 55.8, 53.92, 52.43, 50.68, 48.99, 47.64, 46.36, 44.89, 43.8, 42.39, 41.27, 40.06, 39.09, 37.97, 37.16, 36.35, 35.52, 34.63, 33.77, 33.42, 32.59, 32.07, 31.61, 31.15, 30.6, 30.08, 29.52, 28.74, 28.21, 27.63, 27.02, 26.22, 25.79, 25.09, 24.83, 24.65, 24.48, 24.13, 23.63, 23.08, 22.48, 21.62, 21.37, 20.91]}, {"seed": 7, "kind": "cos", "delta": 0.05, "mu": 0.9, "mean_theta_LR": 35.06718502555082, "std_theta_LR": 1.7024132102081757, "theta_LR_final": 32.48453008571871, "L_collapsed": false, "R_collapsed": false, "L_tvar": 6.37290913460542e-05, "R_tvar": 5.854482044503109e-05, "both_alive": true, "mean_transport_post": 0.007873835006770255, "class": "sustained", "theta_traj": [88.76, 72.66, 68.29, 65.02, 62.28, 60.16, 58.28, 55.95, 53.88, 52.13, 50.42, 48.79, 47.48, 46.26, 44.93, 44.12, 43.13, 42.57, 41.64, 40.93, 40.45, 40.13, 39.72, 39.46, 39.17, 38.43, 37.98, 37.65, 37.37, 37.15, 36.7, 36.41, 36.21, 35.92, 35.76, 35.4, 35.14, 35.18, 34.81, 34.54, 34.48, 34.13, 34.1, 33.96, 33.57, 33.19, 33.09, 32.76, 32.68, 32.55]}, {"seed": 8, "kind": "cos", "delta": 0.05, "mu": 0.9, "mean_theta_LR": 34.128000014167895, "std_theta_LR": 2.1481978621337303, "theta_LR_final": 31.314173724687926, "L_collapsed": false, "R_collapsed": false, "L_tvar": 6.273652342339006e-05, "R_tvar": 6.541171545690309e-05, "both_alive": true, "mean_transport_post": 0.00781956503350849, "class": "sustained", "theta_traj": [88.6, 74.38, 70.96, 67.32, 64.65, 62.51, 60.42, 58.59, 56.65, 54.83, 52.99, 51.67, 50.44, 49.09, 47.87, 47.0, 46.0, 44.89, 44.12, 43.53, 42.59, 41.83, 40.99, 40.35, 39.54, 38.97, 38.24, 37.49, 37.12, 36.6, 36.17, 35.77, 35.18, 34.98, 34.65, 34.36, 34.4, 34.05, 33.77, 33.47, 33.12, 32.97, 32.36, 32.06, 31.97, 32.05, 31.67, 31.55, 31.67, 31.5]}, {"seed": 9, "kind": "cos", "delta": 0.05, "mu": 0.9, "mean_theta_LR": 32.099732046302634, "std_theta_LR": 1.9779770735709261, "theta_LR_final": 29.31770265476222, "L_collapsed": false, "R_collapsed": false, "L_tvar": 6.187389149577078e-05, "R_tvar": 6.41251566244448e-05, "both_alive": true, "mean_transport_post": 0.00790664435730065, "class": "sustained", "theta_traj": [88.31, 77.78, 73.59, 69.41, 66.22, 63.16, 60.17, 58.28, 55.97, 54.09, 52.62, 50.87, 49.22, 47.81, 46.29, 45.26, 44.13, 42.84, 41.7, 40.64, 39.76, 39.01, 38.01, 37.21, 36.8, 35.97, 35.76, 35.39, 35.13, 34.55, 34.13, 33.71, 33.33, 32.69, 32.46, 32.24, 31.86, 31.93, 31.5, 31.53, 31.28, 31.1, 31.0, 30.41, 30.32, 30.1, 29.98, 29.73, 29.54, 29.38]}, {"seed": 10, "kind": "cos", "delta": 0.05, "mu": 0.9, "mean_theta_LR": 30.034477305389327, "std_theta_LR": 2.7159765590067027, "theta_LR_final": 26.422069012814248, "L_collapsed": false, "R_collapsed": false, "L_tvar": 5.329359482803871e-05, "R_tvar": 5.784619293992303e-05, "both_alive": true, "mean_transport_post": 0.007889080209396547, "class": "sustained",