{"key": "cos_gp_d0.2_m1.8_s0.016", "records": [{"seed": 0, "kind": "cos", "delta": 0.2, "mu": 1.8, "mean_theta_LR": 5.758708694879702, "std_theta_LR": 0.07800478290412667, "theta_LR_final": 5.612535940477331, "L_collapsed": false, "R_collapsed": false, "L_tvar": 4.524520062660757e-05, "R_tvar": 4.3568519808680664e-05, "both_alive": true, "mean_transport_post": 0.012095432592434239, "class": "fusion", "theta_traj": [85.38, 54.66, 42.68, 35.78, 29.81, 24.3, 20.95, 18.39, 16.6, 15.09, 13.45, 11.83, 10.49, 9.24, 7.83, 6.85, 6.85, 6.07, 5.94, 5.9, 5.89, 5.91, 5.85, 5.86, 5.86, 5.81, 5.82, 5.79, 5.88, 5.77, 5.87, 5.82, 5.77, 5.9, 5.79, 5.78, 5.84, 5.79, 5.78, 5.77, 5.82, 5.8, 5.72, 5.72, 5.62, 5.68, 5.66, 5.63, 5.59, 5.67]}, {"seed": 1, "kind": "cos", "delta": 0.2, "mu": 1.8, "mean_theta_LR": 5.057885959277531, "std_theta_LR": 0.012105303099842328, "theta_LR_final": 5.046629947980245, "L_collapsed": false, "R_collapsed": false, "L_tvar": 4.459981647092444e-05, "R_tvar": 4.554580539103878e-05, "both_alive": true, "mean_transport_post": 0.01209207505418717, "class": "fusion", "theta_traj": [85.5, 54.13, 41.7, 33.38, 27.13, 23.04, 19.84, 16.84, 14.45, 12.77, 11.3, 9.77, 9.35, 8.55, 7.81, 7.79, 7.56, 7.35, 6.92, 6.45, 5.72, 5.57, 5.37, 5.3, 5.08, 5.07, 5.07, 5.07, 5.08, 5.05, 5.05, 5.06, 5.08, 5.07, 5.07, 5.09, 5.06, 5.05, 5.06, 5.05, 5.05, 5.07, 5.04, 5.04, 5.04, 5.06, 5.06, 5.05, 5.04, 5.06]}, {"seed": 2, "kind": "cos", "delta": 0.2, "mu": 1.8, "mean_theta_LR": 5.356194691697192, "std_theta_LR": 0.028882826067334312, "theta_LR_final": 5.289965709462552, "L_collapsed": false, "R_collapsed": false, "L_tvar": 4.447476340064321e-05, "R_tvar": 4.3533380301530405e-05, "both_alive": true, "mean_transport_post": 0.012106213938765285, "class": "fusion", "theta_traj": [84.4, 53.66, 42.08, 36.3, 30.65, 25.49, 20.76, 17.54, 15.55, 13.94, 12.22, 10.33, 8.78, 7.74, 7.23, 6.8, 6.6, 6.21, 5.85, 5.78, 5.6, 5.53, 5.38, 5.39, 5.38, 5.38, 5.38, 5.36, 5.37, 5.36, 5.36, 5.37, 5.36, 5.36, 5.34, 5.38, 5.34, 5.4, 5.35, 5.36, 5.37, 5.31, 5.32, 5.36, 5.31, 5.33, 5.34, 5.33, 5.34, 5.37]}, {"seed": 3, "kind": "cos", "delta": 0.2, "mu": 1.8, "mean_theta_LR": 7.373851289194822, "std_theta_LR": 0.38687844616613487, "theta_LR_final": 6.543408675719717, "L_collapsed": false, "R_collapsed": false, "L_tvar": 4.5251083762758446e-05, "R_tvar": 4.4703848383489507e-05, "both_alive": true, "mean_transport_post": 0.012111419115645047, "class": "fusion", "theta_traj": [85.08, 54.87, 44.28, 37.98, 32.36, 27.86, 23.15, 20.22, 17.95, 16.3, 15.23, 13.88, 12.6, 11.94, 11.06, 10.97, 10.26, 10.2, 9.89, 9.8, 9.4, 9.38, 9.18, 9.14, 8.8, 8.31, 7.75, 7.77, 7.67, 7.67, 7.67, 7.5, 7.71, 7.52, 7.7, 7.59, 7.65, 7.6, 7.37, 7.41, 7.4, 7.37, 7.25, 7.16, 7.06, 7.07, 6.96, 6.58, 6.74, 6.59]}, {"seed": 4, "kind": "cos", "delta": 0.2, "mu": 1.8, "mean_theta_LR": 6.116997843361675, "std_theta_LR": 0.043651776954682794, "theta_LR_final": 6.157389350528139, "L_collapsed": false, "R_collapsed": false, "L_tvar": 4.412968956270784e-05, "R_tvar": 4.345010846401039e-05, "both_alive": true, "mean_transport_post": 0.012158364484887028, "class": "fusion", "theta_traj": [85.23, 54.55, 42.99, 35.89, 30.31, 26.52, 22.03, 18.49, 15.89, 14.46, 12.45, 10.91, 10.25, 9.99, 9.31, 8.93, 8.36, 7.64, 7.45, 7.36, 7.17, 6.93, 6.65, 6.35, 6.09, 6.15, 6.1, 6.08, 6.16, 6.19, 6.09, 6.12, 6.13, 6.1, 6.04, 6.14, 6.07, 6.1, 6.09, 6.15, 6.07, 6.16, 6.07, 6.12, 6.12, 6.13, 6.04, 6.19, 6.07, 6.1]}, {"seed": 5, "kind": "cos", "delta": 0.2, "mu": 1.8, "mean_theta_LR": 5.163625741858883, "std_theta_LR": 0.24109531445308688, "theta_LR_final": 5.046084142581594, "L_collapsed": false, "R_collapsed": false, "L_tvar": 4.171491048689515e-05, "R_tvar": 4.257988349399498e-05, "both_alive": true, "mean_transport_post": 0.012068455586908609, "class": "fusion", "theta_traj": [86.13, 56.47, 45.33, 38.33, 32.52, 27.11, 23.14, 20.69, 17.35, 15.47, 13.53, 11.58, 9.69, 7.65, 7.03, 6.69, 6.36, 6.13, 6.31, 6.16, 5.86, 5.81, 5.98, 5.86, 5.86, 5.77, 5.9, 5.74, 5.46, 5.08, 5.08, 5.07, 5.07, 5.06, 5.05, 5.06, 5.08, 5.09, 5.06, 5.07, 5.08, 5.08, 5.08, 5.07, 5.08, 5.06, 5.07, 5.07, 5.06, 5.07]}, {"seed": 6, "kind": "cos", "delta": 0.2, "mu": 1.8, "mean_theta_LR": 5.295672385009062, "std_theta_LR": 0.027130359514675153, "theta_LR_final": 5.30072105182765, "L_collapsed": false, "R_collapsed": false, "L_tvar": 4.812192558902139e-05, "R_tvar": 4.447602434981756e-05, "both_alive": true, "mean_transport_post": 0.012118805759869495, "class": "fusion", "theta_traj": [86.26, 51.29, 39.5, 33.27, 28.54, 24.72, 20.9, 17.71, 15.68, 13.89, 12.58, 11.15, 10.06, 9.53, 8.77, 7.9, 7.62, 7.31, 6.89, 6.72, 6.03, 5.67, 5.6, 5.51, 5.42, 5.3, 5.34, 5.3, 5.32, 5.33, 5.32, 5.35, 5.29, 5.33, 5.27, 5.28, 5.31, 5.29, 5.32, 5.32, 5.28, 5.24, 5.29, 5.28, 5.27, 5.34, 5.25, 5.3, 5.31, 5.25]}, {"seed": 7, "kind": "cos", "delta": 0.2, "mu": 1.8, "mean_theta_LR": 5.64189594776667, "std_theta_LR": 0.5397044914330218, "theta_LR_final": 5.092043147397174, "L_collapsed": false, "R_collapsed": false, "L_tvar": 4.207962116977798e-05, "R_tvar": 4.345376909280827e-05, "both_alive": true, "mean_transport_post": 0.012087053343623354, "class": "fusion", "theta_traj": [86.14, 53.59, 42.01, 35.85, 29.9, 24.82, 21.3, 18.22, 16.74, 14.56, 13.17, 11.75, 9.37, 7.81, 6.91, 6.89, 6.57, 6.6, 6.55, 6.51, 6.58, 6.51, 6.5, 6.46, 6.31, 6.36, 6.36, 6.34, 6.26, 6.38, 6.27, 6.1, 6.07, 5.98, 6.06, 6.03, 6.09, 5.96, 5.32, 5.09, 5.08, 5.1, 5.1, 5.09, 5.09, 5.09, 5.08, 5.1, 5.08, 5.08]}, {"seed": 8, "kind": "cos", "delta": 0.2, "mu": 1.8, "mean_theta_LR": 5.150415851690979, "std_theta_LR": 0.3349947798544343, "theta_LR_final": 5.033315623815047, "L_collapsed": false, "R_collapsed": false, "L_tvar": 4.3596365491839675e-05, "R_tvar": 4.574936450164829e-05, "both_alive": true, "mean_transport_post": 0.012223465766732557, "class": "fusion", "theta_traj": [86.0, 54.31, 42.08, 34.8, 29.35, 24.5, 19.97, 16.45, 13.89, 12.88, 10.91, 9.81, 8.51, 7.4, 6.76, 6.7, 6.43, 6.43, 6.44, 6.3, 6.44, 6.36, 6.37, 6.29, 6.3, 6.41, 6.2, 5.82, 5.06, 5.07, 5.06, 5.04, 5.05, 5.06, 5.06, 5.06, 5.05, 5.05, 5.04, 5.05, 5.04, 5.05, 5.04, 5.05, 5.01, 5.04, 5.03, 5.03, 5.02, 5.02]}, {"seed": 9, "kind": "cos", "delta": 0.2, "mu": 1.8, "mean_theta_LR": 5.077306271986442, "std_theta_LR": 0.19872163141515864, "theta_LR_final": 5.019656457186191, "L_collapsed": false, "R_collapsed": false, "L_tvar": 4.6150525051941375e-05, "R_tvar": 4.406041890783035e-05, "both_alive": true, "mean_transport_post": 0.012113548987927217, "class": "fusion", "theta_traj": [85.74, 57.66, 44.81, 37.23, 31.67, 27.78, 25.4, 23.28, 21.64, 19.9, 18.41, 17.33, 16.57, 15.62, 14.89, 14.29, 13.28, 12.19, 11.23, 9.91, 9.15, 8.29, 7.87, 6.96, 6.47, 6.08, 5.67, 5.03, 5.02, 5.03, 5.03, 5.02, 5.03, 5.03, 5.02, 5.03, 5.01, 5.02, 5.0, 5.02, 5.02, 5.02, 5.02, 5.02, 5.01, 5.02, 5.03, 5.03, 5.01, 5.03]}, {"seed": 10, "kind": "cos", "delta": 0.2, "mu": 1.8, "mean_theta_LR": 5.300783597830549, "std_theta_LR": 0.08211731865005333, "theta_LR_final": 5.179883127396253, "L_collapsed": false, "R_collapsed": false, "L_tvar": 4.712025143705378e-05, "R_tvar": 4.60612655105862e-05, "both_alive": true, "mean_transport_post": 0.012140031431042418, "class": "fusion", "theta_traj": [84.66, 54.17, 42.56, 35.35, 28.9, 24.05, 21.02, 18.21, 15.92, 14.03, 12.47, 11.45, 10.84, 10.7, 10.25, 9.77, 9.26, 9.1, 8.67, 8.0, 7.26, 6.64, 6.1, 5.61, 5.34, 5.37, 5.35, 5.38, 5.36, 5.33, 5.37, 5.35, 5.37, 5.41, 5.33, 5.39, 5.34, 5.36, 5.36, 5.34, 5.35, 5.31, 5.32, 5.18, 5.18, 5.17, 5.17, 5.17, 5.17, 5.16]}, {"seed": 11, "kind": "cos", "delta": 0.2, "mu": 1.8, "mean_theta_LR": 5.301265555920917, "std_theta_LR": 0.38043651146649204, "theta_LR_final": 5.074467465595882, "L_collapsed": false, "R_collapsed": false, "L_tvar": 4.092770281216699e-05, "R_tvar": 4.2322919929414456e-05, "both_alive": true, "mean_transport_post": 0.012141801692889373, "class": "fusion",