{"key": "cos_gp_d0.1_m1.8_s0.016", "records": [{"seed": 0, "kind": "cos", "delta": 0.1, "mu": 1.8, "mean_theta_LR": 4.813722193138309, "std_theta_LR": 0.036620366825591555, "theta_LR_final": 4.839783175143894, "L_collapsed": false, "R_collapsed": false, "L_tvar": 4.7794418284442934e-05, "R_tvar": 4.5190808328819155e-05, "both_alive": true, "mean_transport_post": 0.01213034973436856, "class": "fusion", "theta_traj": [85.38, 54.3, 41.93, 34.66, 28.3, 22.92, 19.11, 16.65, 14.16, 12.58, 10.75, 9.49, 8.32, 7.63, 6.72, 6.18, 5.48, 5.58, 5.46, 5.46, 5.42, 5.28, 5.05, 4.9, 4.83, 4.88, 4.82, 4.84, 4.82, 4.78, 4.82, 4.84, 4.83, 4.81, 4.82, 4.8, 4.77, 4.87, 4.74, 4.83, 4.83, 4.83, 4.76, 4.86, 4.79, 4.85, 4.81, 4.78, 4.84, 4.76]}, {"seed": 1, "kind": "cos", "delta": 0.1, "mu": 1.8, "mean_theta_LR": 4.205353499935382, "std_theta_LR": 0.013091488944382912, "theta_LR_final": 4.184701507209218, "L_collapsed": false, "R_collapsed": false, "L_tvar": 4.391537692728065e-05, "R_tvar": 4.531524992666984e-05, "both_alive": true, "mean_transport_post": 0.01211046152807434, "class": "fusion", "theta_traj": [85.51, 54.01, 41.5, 33.04, 27.0, 22.97, 19.62, 17.21, 14.59, 12.42, 10.93, 9.64, 7.9, 6.33, 5.85, 5.64, 4.83, 4.32, 4.28, 4.27, 4.25, 4.25, 4.24, 4.25, 4.23, 4.23, 4.22, 4.21, 4.22, 4.2, 4.2, 4.21, 4.23, 4.22, 4.21, 4.23, 4.2, 4.2, 4.21, 4.2, 4.2, 4.21, 4.19, 4.19, 4.19, 4.2, 4.21, 4.2, 4.19, 4.2]}, {"seed": 2, "kind": "cos", "delta": 0.1, "mu": 1.8, "mean_theta_LR": 4.589809157148406, "std_theta_LR": 0.06757305109722185, "theta_LR_final": 4.513952981108295, "L_collapsed": false, "R_collapsed": false, "L_tvar": 4.467539063925143e-05, "R_tvar": 4.469047720128637e-05, "both_alive": true, "mean_transport_post": 0.01219309486792243, "class": "fusion", "theta_traj": [84.4, 53.24, 41.36, 35.06, 28.82, 24.39, 19.78, 16.47, 14.58, 12.71, 11.34, 10.32, 8.12, 6.47, 6.01, 5.98, 5.71, 5.39, 5.2, 5.08, 5.01, 5.03, 5.0, 4.93, 4.78, 4.76, 4.75, 4.76, 4.57, 4.6, 4.6, 4.56, 4.58, 4.57, 4.56, 4.59, 4.55, 4.62, 4.53, 4.57, 4.57, 4.52, 4.54, 4.57, 4.52, 4.55, 4.55, 4.54, 4.57, 4.57]}, {"seed": 3, "kind": "cos", "delta": 0.1, "mu": 1.8, "mean_theta_LR": 6.960148769370926, "std_theta_LR": 0.3103784031894213, "theta_LR_final": 6.267209823647117, "L_collapsed": false, "R_collapsed": false, "L_tvar": 4.766742390175405e-05, "R_tvar": 4.7149035384638936e-05, "both_alive": true, "mean_transport_post": 0.012129062247107929, "class": "fusion", "theta_traj": [85.07, 54.01, 43.26, 36.44, 30.22, 25.16, 21.02, 18.58, 16.14, 15.15, 14.37, 12.9, 12.12, 11.42, 9.92, 9.8, 9.59, 9.33, 9.24, 9.17, 8.72, 8.79, 8.63, 8.5, 7.9, 7.91, 7.71, 7.4, 7.43, 7.13, 7.08, 6.87, 7.03, 6.86, 6.94, 6.93, 7.0, 7.0, 6.81, 6.84, 7.03, 6.9, 6.92, 6.81, 6.86, 6.84, 6.77, 6.57, 6.58, 6.42]}, {"seed": 4, "kind": "cos", "delta": 0.1, "mu": 1.8, "mean_theta_LR": 4.275634580324905, "std_theta_LR": 0.013692291830696209, "theta_LR_final": 4.27050617556823, "L_collapsed": false, "R_collapsed": false, "L_tvar": 4.149876500874317e-05, "R_tvar": 4.2002066432846815e-05, "both_alive": true, "mean_transport_post": 0.012150324699959613, "class": "fusion", "theta_traj": [85.23, 54.16, 42.75, 36.0, 30.23, 25.48, 21.36, 18.4, 15.97, 13.53, 11.8, 8.89, 7.4, 6.87, 5.09, 4.99, 4.87, 4.82, 4.83, 4.83, 4.73, 4.8, 4.72, 4.56, 4.3, 4.31, 4.3, 4.28, 4.29, 4.29, 4.28, 4.27, 4.28, 4.29, 4.27, 4.29, 4.28, 4.28, 4.28, 4.27, 4.26, 4.25, 4.27, 4.27, 4.27, 4.27, 4.27, 4.28, 4.25, 4.26]}, {"seed": 5, "kind": "cos", "delta": 0.1, "mu": 1.8, "mean_theta_LR": 4.235994104176358, "std_theta_LR": 0.05283533570728108, "theta_LR_final": 4.208023837552744, "L_collapsed": false, "R_collapsed": false, "L_tvar": 4.265206303385875e-05, "R_tvar": 4.3460030233476896e-05, "both_alive": true, "mean_transport_post": 0.012101079598341433, "class": "fusion", "theta_traj": [86.13, 55.9, 44.15, 36.65, 30.83, 25.53, 21.59, 18.32, 15.41, 13.1, 10.95, 9.64, 8.44, 7.69, 6.97, 6.43, 6.1, 5.22, 4.65, 4.69, 4.6, 4.64, 4.45, 4.47, 4.42, 4.41, 4.39, 4.38, 4.23, 4.23, 4.23, 4.22, 4.21, 4.2, 4.2, 4.21, 4.22, 4.23, 4.2, 4.21, 4.22, 4.23, 4.22, 4.22, 4.23, 4.21, 4.22, 4.22, 4.22, 4.23]}, {"seed": 6, "kind": "cos", "delta": 0.1, "mu": 1.8, "mean_theta_LR": 4.548547094924133, "std_theta_LR": 0.09904439154451194, "theta_LR_final": 4.447572586270548, "L_collapsed": false, "R_collapsed": false, "L_tvar": 4.593228153806021e-05, "R_tvar": 4.290058304539459e-05, "both_alive": true, "mean_transport_post": 0.012196411286821248, "class": "fusion", "theta_traj": [86.26, 51.2, 38.53, 31.96, 27.54, 22.84, 19.38, 17.06, 15.45, 13.34, 11.72, 9.99, 8.85, 7.29, 6.77, 6.28, 5.9, 5.51, 5.1, 5.09, 4.8, 4.81, 4.72, 4.76, 4.79, 4.67, 4.74, 4.67, 4.73, 4.7, 4.71, 4.72, 4.56, 4.52, 4.47, 4.48, 4.52, 4.51, 4.51, 4.53, 4.51, 4.43, 4.48, 4.48, 4.46, 4.55, 4.47, 4.54, 4.53, 4.44]}, {"seed": 7, "kind": "cos", "delta": 0.1, "mu": 1.8, "mean_theta_LR": 4.2473586047905245, "std_theta_LR": 0.012445680874625093, "theta_LR_final": 4.240852954972486, "L_collapsed": false, "R_collapsed": false, "L_tvar": 4.292157531554777e-05, "R_tvar": 4.449334958558016e-05, "both_alive": true, "mean_transport_post": 0.012054372893044703, "class": "fusion", "theta_traj": [86.14, 53.33, 40.9, 33.77, 27.78, 23.37, 20.32, 16.54, 14.45, 12.46, 10.89, 9.57, 8.57, 7.94, 7.72, 6.85, 5.56, 4.62, 4.3, 4.3, 4.3, 4.28, 4.3, 4.28, 4.26, 4.27, 4.27, 4.26, 4.26, 4.26, 4.26, 4.26, 4.23, 4.25, 4.23, 4.24, 4.24, 4.25, 4.26, 4.24, 4.24, 4.25, 4.25, 4.24, 4.24, 4.25, 4.24, 4.24, 4.24, 4.23]}, {"seed": 8, "kind": "cos", "delta": 0.1, "mu": 1.8, "mean_theta_LR": 4.177686621691728, "std_theta_LR": 0.017833695311574117, "theta_LR_final": 4.167023876104598, "L_collapsed": false, "R_collapsed": false, "L_tvar": 4.2952732007580735e-05, "R_tvar": 4.553854296872463e-05, "both_alive": true, "mean_transport_post": 0.012219986113506533, "class": "fusion", "theta_traj": [86.0, 53.75, 40.86, 33.78, 28.28, 22.82, 18.6, 14.56, 12.14, 10.47, 9.14, 7.78, 6.85, 6.01, 4.72, 4.64, 4.47, 4.32, 4.25, 4.22, 4.25, 4.23, 4.23, 4.22, 4.21, 4.2, 4.19, 4.19, 4.2, 4.2, 4.19, 4.18, 4.19, 4.18, 4.19, 4.2, 4.2, 4.19, 4.18, 4.17, 4.17, 4.17, 4.17, 4.18, 4.15, 4.18, 4.17, 4.16, 4.15, 4.15]}, {"seed": 9, "kind": "cos", "delta": 0.1, "mu": 1.8, "mean_theta_LR": 4.331558257889616, "std_theta_LR": 0.48059043629702686, "theta_LR_final": 4.168277430237924, "L_collapsed": false, "R_collapsed": false, "L_tvar": 4.516355206995952e-05, "R_tvar": 4.369191511588713e-05, "both_alive": true, "mean_transport_post": 0.012122830417420327, "class": "fusion", "theta_traj": [85.74, 57.34, 44.18, 36.71, 30.61, 26.91, 24.22, 22.26, 19.76, 17.85, 16.58, 15.48, 14.61, 14.1, 13.18, 13.26, 12.45, 11.91, 11.0, 10.13, 9.96, 9.26, 8.6, 7.9, 7.54, 6.73, 5.54, 4.83, 4.72, 4.36, 4.17, 4.16, 4.17, 4.16, 4.16, 4.16, 4.15, 4.16, 4.14, 4.16, 4.15, 4.15, 4.16, 4.16, 4.14, 4.16, 4.16, 4.17, 4.15, 4.16]}, {"seed": 10, "kind": "cos", "delta": 0.1, "mu": 1.8, "mean_theta_LR": 4.445833195191456, "std_theta_LR": 0.10015673842031506, "theta_LR_final": 4.30400627378224, "L_collapsed": false, "R_collapsed": false, "L_tvar": 4.599108802910502e-05, "R_tvar": 4.486868837543004e-05, "both_alive": true, "mean_transport_post": 0.0121565389960609, "class": "fusion", "theta_traj": [84.66, 53.27, 40.99, 33.77, 27.22, 22.64, 19.1, 16.0, 13.61, 11.59, 10.29, 9.97, 9.54, 9.0, 8.37, 7.89, 7.49, 6.65, 5.4, 5.03, 4.86, 4.58, 4.5, 4.57, 4.49, 4.53, 4.52, 4.54, 4.51, 4.48, 4.54, 4.52, 4.53, 4.57, 4.49, 4.56, 4.49, 4.53, 4.51, 4.5, 4.5, 4.45, 4.45, 4.3, 4.3, 4.29, 4.3, 4.29, 4.29, 4.3]}, {"seed": 11, "kind": "cos", "delta": 0.1, "mu": 1.8, "mean_theta_LR": 4.426354913291489, "std_theta_LR": 0.028376353986705908, "theta_LR_final": 4.419327821565847, "L_collapsed": false, "R_collapsed": false, "L_tvar": 4.277203958400264e-05, "R_tvar": 4.447472487009094e-05, "both_alive": true, "mean_transport_post": 0.01215790780008663, "class": "fusion",