{"key": "cos_gp_d0.1_m0.4_s0.016", "records": [{"seed": 0, "kind": "cos", "delta": 0.1, "mu": 0.4, "mean_theta_LR": 95.88600028643314, "std_theta_LR": 0.9017535108217869, "theta_LR_final": 97.18012896371238, "L_collapsed": false, "R_collapsed": false, "L_tvar": 6.0182103690538585e-05, "R_tvar": 5.806019159608438e-05, "both_alive": true, "mean_transport_post": 0.0035168861125765014, "class": "segregation", "theta_traj": [89.14, 84.92, 85.56, 85.73, 86.32, 87.47, 87.95, 88.6, 89.01, 89.25, 89.63, 89.91, 90.29, 90.83, 91.48, 92.0, 92.49, 92.8, 93.14, 93.44, 93.61, 93.89, 94.08, 94.27, 94.56, 94.72, 94.58, 94.75, 94.67, 94.76, 94.84, 94.81, 94.93, 95.1, 95.33, 95.64, 95.78, 96.07, 96.33, 96.31, 96.45, 96.57, 96.51, 96.57, 96.71, 96.77, 96.8, 96.97, 97.17, 97.16]}, {"seed": 1, "kind": "cos", "delta": 0.1, "mu": 0.4, "mean_theta_LR": 86.45888636270375, "std_theta_LR": 0.4496942161012193, "theta_LR_final": 87.06629777818694, "L_collapsed": false, "R_collapsed": false, "L_tvar": 6.129825477480994e-05, "R_tvar": 6.334088607010237e-05, "both_alive": true, "mean_transport_post": 0.003788352097235997, "class": "segregation", "theta_traj": [89.29, 83.11, 83.38, 84.01, 84.54, 84.8, 84.64, 84.39, 84.54, 84.62, 84.73, 85.11, 85.28, 85.74, 85.84, 85.93, 85.85, 85.47, 85.23, 85.27, 85.03, 85.18, 85.21, 85.33, 85.3, 85.47, 85.73, 85.83, 85.75, 86.18, 86.1, 86.26, 86.06, 85.99, 86.16, 86.26, 86.25, 86.44, 86.75, 86.73, 86.81, 86.79, 86.87, 86.97, 86.85, 86.79, 86.96, 86.9, 86.89, 86.83]}, {"seed": 2, "kind": "cos", "delta": 0.1, "mu": 0.4, "mean_theta_LR": 98.5584972807571, "std_theta_LR": 0.8765847223772677, "theta_LR_final": 100.24147515053428, "L_collapsed": false, "R_collapsed": false, "L_tvar": 6.080501964110439e-05, "R_tvar": 5.91216420925637e-05, "both_alive": true, "mean_transport_post": 0.0035457753893533683, "class": "segregation", "theta_traj": [88.06, 85.09, 86.06, 87.16, 87.93, 88.48, 89.3, 90.1, 90.99, 91.31, 91.61, 92.18, 92.77, 93.21, 93.88, 94.3, 94.74, 95.4, 96.03, 96.44, 96.71, 97.11, 97.27, 97.23, 97.41, 97.49, 97.49, 97.61, 97.6, 97.65, 97.7, 97.86, 97.79, 97.99, 98.11, 98.18, 98.08, 98.18, 98.29, 98.4, 98.61, 98.86, 98.9, 99.19, 99.47, 99.56, 99.63, 99.9, 100.08, 100.16]}, {"seed": 3, "kind": "cos", "delta": 0.1, "mu": 0.4, "mean_theta_LR": 92.82105922613984, "std_theta_LR": 1.0405758062731023, "theta_LR_final": 94.25127195264446, "L_collapsed": false, "R_collapsed": false, "L_tvar": 6.121875612250934e-05, "R_tvar": 6.446005185872427e-05, "both_alive": true, "mean_transport_post": 0.003734985549888694, "class": "segregation", "theta_traj": [88.75, 85.1, 85.65, 86.28, 87.1, 87.85, 88.34, 89.2, 89.56, 90.1, 90.45, 90.55, 90.48, 90.49, 90.44, 90.59, 90.64, 90.72, 90.55, 90.49, 90.65, 90.8, 90.89, 91.22, 91.39, 91.57, 91.82, 91.88, 91.72, 91.64, 91.55, 91.6, 91.66, 91.75, 92.05, 91.96, 92.33, 92.58, 92.92, 93.19, 93.32, 93.58, 93.75, 93.82, 93.97, 94.02, 94.14, 94.22, 94.31, 94.23]}, {"seed": 4, "kind": "cos", "delta": 0.1, "mu": 0.4, "mean_theta_LR": 95.29240776453953, "std_theta_LR": 0.8345656255913476, "theta_LR_final": 95.92873298459585, "L_collapsed": false, "R_collapsed": false, "L_tvar": 6.096862758528667e-05, "R_tvar": 6.204867659331085e-05, "both_alive": true, "mean_transport_post": 0.003500536296422131, "class": "segregation", "theta_traj": [88.98, 82.55, 84.02, 85.72, 87.25, 88.53, 88.84, 89.35, 89.28, 89.55, 89.88, 90.37, 90.63, 90.92, 91.23, 91.41, 91.51, 91.6, 91.73, 91.87, 91.98, 92.27, 92.42, 92.55, 92.79, 93.13, 93.43, 93.7, 94.01, 94.34, 94.7, 94.86, 95.03, 95.13, 95.31, 95.41, 95.57, 95.63, 95.81, 95.99, 96.08, 95.84, 95.89, 95.87, 95.89, 96.09, 95.86, 95.88, 95.83, 95.98]}, {"seed": 5, "kind": "cos", "delta": 0.1, "mu": 0.4, "mean_theta_LR": 97.75223970375578, "std_theta_LR": 0.19832036512633922, "theta_LR_final": 97.78670986265074, "L_collapsed": false, "R_collapsed": false, "L_tvar": 6.074677870708791e-05, "R_tvar": 6.012882970410271e-05, "both_alive": true, "mean_transport_post": 0.0034917123287599803, "class": "segregation", "theta_traj": [89.93, 85.82, 86.73, 87.06, 87.7, 88.27, 88.55, 89.63, 90.69, 91.65, 92.4, 93.05, 93.79, 94.25, 94.94, 95.57, 95.93, 96.15, 96.34, 96.36, 96.28, 96.46, 97.03, 97.15, 97.48, 97.68, 97.68, 97.72, 97.57, 97.47, 97.52, 97.31, 97.46, 97.47, 97.66, 97.68, 97.82, 98.07, 97.74, 97.72, 97.78, 97.89, 97.92, 97.97, 98.06, 97.94, 97.79, 97.92, 97.93, 97.87]}, {"seed": 6, "kind": "cos", "delta": 0.1, "mu": 0.4, "mean_theta_LR": 97.19287514982415, "std_theta_LR": 1.478120790066044, "theta_LR_final": 99.50800205032061, "L_collapsed": false, "R_collapsed": false, "L_tvar": 6.364134165965748e-05, "R_tvar": 5.81739453234148e-05, "both_alive": true, "mean_transport_post": 0.0033635292530126734, "class": "segregation", "theta_traj": [90.05, 81.23, 82.8, 84.92, 86.86, 88.44, 89.24, 89.95, 90.4, 90.83, 91.0, 91.52, 91.74, 92.14, 92.69, 92.76, 93.02, 93.28, 93.27, 93.25, 93.36, 93.62, 93.7, 93.78, 93.74, 94.08, 94.48, 94.92, 95.39, 95.75, 95.9, 95.94, 96.03, 96.26, 96.48, 96.79, 97.08, 97.19, 97.44, 97.57, 97.8, 97.98, 98.12, 98.26, 98.61, 98.91, 99.05, 98.97, 99.13, 99.33]}, {"seed": 7, "kind": "cos", "delta": 0.1, "mu": 0.4, "mean_theta_LR": 83.88605464279057, "std_theta_LR": 0.15755149477892857, "theta_LR_final": 83.91352371532608, "L_collapsed": false, "R_collapsed": false, "L_tvar": 5.969277549316802e-05, "R_tvar": 6.900648695026902e-05, "both_alive": true, "mean_transport_post": 0.0037420489931569386, "class": "segregation", "theta_traj": [89.96, 81.17, 80.73, 81.77, 82.89, 82.99, 82.82, 82.63, 82.57, 82.21, 82.09, 82.36, 82.61, 82.94, 82.97, 82.99, 82.89, 83.32, 83.2, 83.24, 83.3, 83.4, 83.53, 83.88, 83.99, 84.17, 84.17, 83.95, 84.04, 84.11, 84.04, 83.89, 83.67, 83.55, 83.65, 83.7, 83.84, 83.89, 83.73, 83.84, 83.85, 83.88, 83.96, 83.92, 83.81, 83.85, 83.89, 84.09, 84.02, 83.97]}, {"seed": 8, "kind": "cos", "delta": 0.1, "mu": 0.4, "mean_theta_LR": 97.99698680183826, "std_theta_LR": 1.1478299932801899, "theta_LR_final": 98.68823489801956, "L_collapsed": false, "R_collapsed": false, "L_tvar": 6.51992722786624e-05, "R_tvar": 6.204513974042108e-05, "both_alive": true, "mean_transport_post": 0.0034019947540424775, "class": "segregation", "theta_traj": [89.8, 83.26, 84.0, 84.95, 86.16, 87.4, 88.39, 88.92, 89.57, 90.14, 90.91, 91.74, 92.42, 92.95, 93.23, 93.4, 93.63, 93.74, 94.02, 94.34, 94.44, 94.76, 95.0, 95.29, 95.43, 95.72, 95.78, 95.77, 96.29, 96.52, 96.9, 97.21, 97.6, 97.78, 97.75, 97.75, 97.96, 98.13, 98.32, 98.49, 98.67, 98.91, 99.11, 99.19, 99.2, 99.23, 99.28, 99.16, 99.1, 98.9]}, {"seed": 9, "kind": "cos", "delta": 0.1, "mu": 0.4, "mean_theta_LR": 101.62505745012498, "std_theta_LR": 0.47148510761500056, "theta_LR_final": 102.31058959275987, "L_collapsed": false, "R_collapsed": false, "L_tvar": 6.33846785353249e-05, "R_tvar": 6.182336693470657e-05, "both_alive": true, "mean_transport_post": 0.0036234855612602528, "class": "segregation", "theta_traj": [89.5, 88.23, 90.23, 91.52, 92.27, 93.53, 94.55, 95.79, 96.69, 97.3, 97.67, 97.98, 98.48, 98.89, 99.2, 99.26, 99.3, 99.19, 99.17, 99.3, 99.63, 99.9, 100.07, 100.27, 100.44, 100.5, 100.78, 100.79, 100.96, 101.08, 101.21, 101.18, 101.38, 101.54, 101.67, 101.72, 101.74, 101.71, 101.71, 101.81, 101.86, 101.94, 101.89, 101.8, 101.85, 101.89, 102.05, 102.21, 102.41, 102.38]}, {"seed": 10, "kind": "cos", "delta": 0.1, "mu": 0.4, "mean_theta_LR": 93.0839860261259, "std_theta_LR": 0.6504817274051118, "theta_LR_final": 93.75530076710388, "L_collapsed": false, "R_collapsed": false, "L_tvar": 5.903970758867397e-05, "R_tvar": 6.188215843285641e-05, "both_alive": true, "mean_transport_post": 0.003354812802121233, "class": "segregation",