{"key": "cos_gp_d0.2_m0.9_s0.016", "records": [{"seed": 0, "kind": "cos", "delta": 0.2, "mu": 0.9, "mean_theta_LR": 50.57417451942118, "std_theta_LR": 1.3652065060146743, "theta_LR_final": 48.769127179421936, "L_collapsed": false, "R_collapsed": false, "L_tvar": 5.886873336246724e-05, "R_tvar": 6.259962486578192e-05, "both_alive": true, "mean_transport_post": 0.0070005216679395535, "class": "sustained", "theta_traj": [87.94, 76.3, 74.18, 71.56, 68.91, 67.49, 66.1, 64.56, 63.21, 62.09, 61.0, 60.24, 59.41, 58.66, 57.38, 56.71, 56.33, 55.86, 55.48, 55.18, 54.93, 54.58, 54.28, 53.95, 53.47, 53.39, 53.07, 52.93, 52.66, 52.26, 52.05, 51.68, 51.4, 51.23, 51.0, 50.63, 50.42, 50.3, 50.11, 49.91, 49.79, 49.75, 49.67, 49.5, 49.25, 49.16, 49.06, 49.07, 49.3, 48.89]}, {"seed": 1, "kind": "cos", "delta": 0.2, "mu": 0.9, "mean_theta_LR": 49.34924520255329, "std_theta_LR": 1.1183157403981316, "theta_LR_final": 47.8421638997052, "L_collapsed": false, "R_collapsed": false, "L_tvar": 5.896224017129744e-05, "R_tvar": 5.944750769014472e-05, "both_alive": true, "mean_transport_post": 0.007025315262629583, "class": "sustained", "theta_traj": [88.09, 74.97, 72.72, 70.67, 68.39, 67.1, 65.4, 63.69, 62.57, 61.61, 60.7, 59.82, 58.99, 58.22, 57.4, 56.53, 55.76, 55.05, 54.59, 54.12, 53.53, 53.07, 52.53, 51.98, 51.75, 51.57, 51.6, 51.32, 50.93, 50.74, 50.37, 50.24, 49.92, 49.83, 49.84, 49.49, 49.26, 49.11, 49.05, 48.84, 48.61, 48.62, 48.63, 48.5, 48.39, 48.34, 48.22, 48.13, 47.83, 47.81]}, {"seed": 2, "kind": "cos", "delta": 0.2, "mu": 0.9, "mean_theta_LR": 45.26904617300688, "std_theta_LR": 1.1844532729480277, "theta_LR_final": 43.940363745236915, "L_collapsed": false, "R_collapsed": false, "L_tvar": 6.253932543938791e-05, "R_tvar": 5.8159068405557663e-05, "both_alive": true, "mean_transport_post": 0.007285802347659867, "class": "sustained", "theta_traj": [86.89, 75.14, 72.75, 71.0, 69.1, 67.2, 65.24, 63.51, 62.15, 60.66, 59.31, 58.05, 56.83, 55.47, 54.5, 53.67, 52.89, 52.42, 51.99, 51.57, 50.87, 50.32, 49.65, 48.99, 48.52, 48.22, 47.67, 47.28, 47.0, 46.62, 46.31, 46.33, 45.87, 45.68, 45.52, 45.2, 44.92, 44.95, 44.73, 44.79, 44.62, 44.49, 44.39, 44.33, 44.23, 44.09, 43.92, 44.14, 44.21, 43.9]}, {"seed": 3, "kind": "cos", "delta": 0.2, "mu": 0.9, "mean_theta_LR": 52.1741785711269, "std_theta_LR": 1.2779918255750786, "theta_LR_final": 50.52444186815851, "L_collapsed": false, "R_collapsed": false, "L_tvar": 6.0266828647154436e-05, "R_tvar": 6.228042421853279e-05, "both_alive": true, "mean_transport_post": 0.006964264954939494, "class": "sustained", "theta_traj": [87.58, 74.55, 72.28, 70.0, 68.6, 68.05, 67.33, 67.01, 65.99, 64.93, 64.12, 63.39, 62.65, 61.82, 61.26, 60.53, 59.94, 59.28, 58.6, 57.75, 57.03, 56.31, 55.7, 55.42, 55.27, 55.16, 54.82, 54.43, 53.95, 53.59, 53.19, 52.85, 52.75, 52.59, 52.57, 52.25, 52.22, 52.19, 52.09, 51.82, 51.49, 51.31, 51.32, 50.97, 50.94, 50.77, 50.86, 50.75, 50.69, 50.69]}, {"seed": 4, "kind": "cos", "delta": 0.2, "mu": 0.9, "mean_theta_LR": 52.758695460753096, "std_theta_LR": 0.6462949377000609, "theta_LR_final": 51.82847544151285, "L_collapsed": false, "R_collapsed": false, "L_tvar": 6.405572519792359e-05, "R_tvar": 5.97522750004431e-05, "both_alive": true, "mean_transport_post": 0.006873492807528666, "class": "sustained", "theta_traj": [87.79, 74.39, 71.74, 69.78, 68.27, 67.09, 65.88, 64.74, 63.59, 62.28, 61.12, 60.25, 59.52, 58.98, 58.42, 57.9, 57.61, 57.27, 57.1, 56.64, 56.1, 55.65, 55.35, 55.08, 54.68, 54.47, 54.24, 53.95, 53.67, 53.41, 53.32, 53.07, 53.16, 52.84, 52.79, 52.68, 52.6, 52.63, 52.47, 52.47, 52.43, 52.16, 52.28, 52.17, 52.23, 52.37, 52.29, 52.34, 52.19, 52.04]}, {"seed": 5, "kind": "cos", "delta": 0.2, "mu": 0.9, "mean_theta_LR": 57.15722757491624, "std_theta_LR": 1.1468385043302043, "theta_LR_final": 55.25091639671645, "L_collapsed": false, "R_collapsed": false, "L_tvar": 5.930996756302684e-05, "R_tvar": 6.213164516302242e-05, "both_alive": true, "mean_transport_post": 0.006699578088510431, "class": "sustained", "theta_traj": [88.73, 78.29, 76.5, 74.1, 72.73, 71.64, 69.95, 68.43, 67.2, 66.36, 65.69, 65.31, 64.64, 63.97, 63.57, 63.05, 62.61, 62.18, 61.93, 61.54, 61.1, 60.65, 60.32, 59.81, 59.63, 59.54, 59.25, 58.79, 58.55, 58.28, 58.42, 58.13, 57.99, 57.77, 57.61, 57.45, 57.39, 57.03, 56.81, 56.81, 56.68, 56.58, 56.42, 56.22, 56.1, 55.98, 55.89, 55.76, 55.59, 55.51]}, {"seed": 6, "kind": "cos", "delta": 0.2, "mu": 0.9, "mean_theta_LR": 41.92865687382526, "std_theta_LR": 2.3050122853781088, "theta_LR_final": 38.42024357075829, "L_collapsed": false, "R_collapsed": false, "L_tvar": 6.301927538366204e-05, "R_tvar": 5.909126767899246e-05, "both_alive": true, "mean_transport_post": 0.007374625057885966, "class": "sustained", "theta_traj": [88.86, 71.62, 67.77, 65.53, 63.47, 62.39, 60.98, 59.46, 58.3, 56.79, 55.08, 54.04, 53.14, 52.34, 51.59, 50.75, 50.25, 49.66, 49.2, 48.8, 48.14, 47.66, 47.12, 46.75, 46.23, 45.89, 45.81, 45.51, 45.14, 44.69, 44.38, 43.93, 43.52, 43.1, 43.01, 42.73, 42.18, 41.79, 41.56, 41.21, 41.0, 40.63, 40.26, 39.97, 39.74, 39.41, 39.33, 38.95, 38.79, 38.59]}, {"seed": 7, "kind": "cos", "delta": 0.2, "mu": 0.9, "mean_theta_LR": 45.102281640758555, "std_theta_LR": 0.7110039603581702, "theta_LR_final": 44.70571443280333, "L_collapsed": false, "R_collapsed": false, "L_tvar": 6.11615150896197e-05, "R_tvar": 6.16998511137623e-05, "both_alive": true, "mean_transport_post": 0.007285233302160583, "class": "sustained", "theta_traj": [88.76, 73.33, 70.32, 68.14, 65.5, 63.25, 61.38, 59.77, 58.15, 56.77, 55.58, 54.51, 53.6, 52.82, 51.86, 50.94, 50.02, 49.63, 48.9, 48.32, 48.02, 47.94, 47.82, 47.51, 47.37, 46.95, 46.5, 46.45, 46.33, 46.12, 45.68, 45.59, 45.18, 45.08, 45.02, 44.84, 44.9, 44.92, 44.75, 44.6, 44.77, 44.61, 44.62, 44.51, 44.47, 44.54, 44.55, 44.47, 44.57, 44.56]}, {"seed": 8, "kind": "cos", "delta": 0.2, "mu": 0.9, "mean_theta_LR": 45.572783955422985, "std_theta_LR": 0.932707118984122, "theta_LR_final": 44.78257861064398, "L_collapsed": false, "R_collapsed": false, "L_tvar": 6.456236732761446e-05, "R_tvar": 6.335367667238365e-05, "both_alive": true, "mean_transport_post": 0.007170006619052369, "class": "sustained", "theta_traj": [88.59, 74.79, 72.49, 70.15, 68.07, 66.38, 64.84, 63.65, 62.38, 61.25, 60.1, 58.95, 57.62, 56.41, 55.64, 55.1, 54.18, 53.45, 52.41, 51.65, 50.78, 50.09, 49.24, 48.91, 48.52, 48.07, 47.75, 47.21, 46.96, 46.81, 46.3, 46.11, 45.72, 45.59, 45.35, 45.22, 45.28, 45.25, 45.27, 45.17, 45.09, 45.16, 44.99, 44.87, 44.71, 44.8, 44.73, 44.72, 44.78, 44.66]}, {"seed": 9, "kind": "cos", "delta": 0.2, "mu": 0.9, "mean_theta_LR": 45.48906808845492, "std_theta_LR": 2.0578465890976947, "theta_LR_final": 42.51055578652544, "L_collapsed": false, "R_collapsed": false, "L_tvar": 6.629712284019837e-05, "R_tvar": 6.396285487885928e-05, "both_alive": true, "mean_transport_post": 0.007353665466614187, "class": "sustained", "theta_traj": [88.31, 78.74, 75.77, 72.62, 69.78, 67.44, 65.46, 64.05, 62.44, 60.84, 59.25, 58.22, 57.25, 56.07, 55.0, 54.41, 53.84, 52.78, 52.34, 51.85, 51.38, 51.01, 50.62, 50.23, 49.75, 49.33, 49.08, 48.84, 48.44, 48.12, 47.68, 47.36, 47.07, 46.48, 46.08, 45.79, 45.29, 45.15, 44.73, 44.6, 44.37, 44.14, 44.24, 43.9, 43.76, 43.47, 43.35, 43.08, 42.88, 42.58]}, {"seed": 10, "kind": "cos", "delta": 0.2, "mu": 0.9, "mean_theta_LR": 50.8073126671101, "std_theta_LR": 0.9731501098278972, "theta_LR_final": 49.30359218784063, "L_collapsed": false, "R_collapsed": false, "L_tvar": 5.7204497965931913e-05, "R_tvar": 5.808185704150485e-05, "both_alive": true, "mean_transport_post": 0.006869140360452399, "class": "sustained", "theta_traj": [87.23, 75.06, 73.66, 72.59, 70.14, 68.56, 67.38, 66.0, 64.75, 63.65, 62.18, 60.92, 59.64, 58.75, 58.24, 57.8, 57.61, 57.02, 56.18, 55.64, 55.12, 54.62, 54.18, 53.64, 53.24, 52.89, 52.45, 52.34, 52.06, 51.87, 51.62, 51.42, 51.4, 51.45, 51.26, 51.08, 51.09, 50.79, 50.79, 50.61, 50.46, 50.33, 50.07, 49.88, 49.88, 49.72, 49.66, 49.46, 49.51, 49.43]}, {"seed": 11, "kind": "cos",