{"key": "cos_gp_d0.4_m0.4_s0.016", "records": [{"seed": 0, "kind": "cos", "delta": 0.4, "mu": 0.4, "mean_theta_LR": 126.71160624998465, "std_theta_LR": 0.07431781782225932, "theta_LR_final": 126.83435319523434, "L_collapsed": false, "R_collapsed": false, "L_tvar": 5.838052646505513e-05, "R_tvar": 5.757243791769616e-05, "both_alive": true, "mean_transport_post": 0.002988140463613027, "class": "segregation", "theta_traj": [89.13, 86.93, 94.41, 103.58, 110.27, 114.84, 118.17, 120.44, 122.11, 123.31, 123.79, 124.04, 124.35, 124.72, 125.18, 125.43, 125.76, 126.01, 126.26, 126.36, 126.35, 126.54, 126.54, 126.53, 126.56, 126.61, 126.63, 126.71, 126.76, 126.77, 126.76, 126.69, 126.68, 126.64, 126.63, 126.63, 126.64, 126.61, 126.59, 126.6, 126.68, 126.75, 126.73, 126.75, 126.79, 126.78, 126.79, 126.8, 126.81, 126.79]}, {"seed": 1, "kind": "cos", "delta": 0.4, "mu": 0.4, "mean_theta_LR": 125.0333494724138, "std_theta_LR": 0.14987854598986286, "theta_LR_final": 125.46802954677374, "L_collapsed": false, "R_collapsed": false, "L_tvar": 6.018675304550497e-05, "R_tvar": 6.120464396940398e-05, "both_alive": true, "mean_transport_post": 0.002968201335415484, "class": "segregation", "theta_traj": [89.27, 84.71, 91.4, 99.21, 105.52, 110.53, 114.4, 117.01, 118.82, 119.8, 120.46, 120.97, 121.61, 122.19, 122.81, 123.35, 123.72, 123.92, 124.04, 124.37, 124.65, 124.78, 124.74, 124.8, 124.78, 124.83, 124.91, 124.93, 124.85, 124.99, 125.04, 124.99, 124.93, 124.84, 124.98, 125.01, 125.07, 125.03, 124.97, 124.9, 124.92, 124.94, 125.03, 125.08, 125.1, 125.07, 125.16, 125.26, 125.35, 125.38]}, {"seed": 2, "kind": "cos", "delta": 0.4, "mu": 0.4, "mean_theta_LR": 125.97670225721414, "std_theta_LR": 0.10198931656855181, "theta_LR_final": 126.12774021475997, "L_collapsed": false, "R_collapsed": false, "L_tvar": 5.508153139991564e-05, "R_tvar": 5.807467951769063e-05, "both_alive": true, "mean_transport_post": 0.0029695144317960606, "class": "segregation", "theta_traj": [88.05, 86.94, 92.84, 100.21, 106.46, 111.21, 114.77, 117.55, 119.86, 121.07, 121.89, 122.55, 123.02, 123.35, 123.67, 124.08, 124.26, 124.55, 124.88, 125.06, 125.08, 125.07, 125.28, 125.46, 125.61, 125.72, 125.73, 125.81, 125.79, 125.83, 125.93, 125.97, 125.99, 126.02, 126.04, 126.0, 126.01, 126.0, 125.96, 126.03, 126.03, 126.01, 126.02, 125.99, 125.98, 126.03, 126.05, 126.09, 126.09, 126.08]}, {"seed": 3, "kind": "cos", "delta": 0.4, "mu": 0.4, "mean_theta_LR": 125.68177995515612, "std_theta_LR": 0.06361026652476415, "theta_LR_final": 125.59086411687618, "L_collapsed": false, "R_collapsed": false, "L_tvar": 6.070052973385156e-05, "R_tvar": 6.115143680765218e-05, "both_alive": true, "mean_transport_post": 0.0029699788164402876, "class": "segregation", "theta_traj": [88.75, 87.78, 94.54, 102.27, 108.92, 114.32, 117.32, 119.13, 120.66, 121.51, 121.94, 122.34, 122.72, 122.98, 123.23, 123.46, 123.95, 124.34, 124.49, 124.63, 124.8, 125.07, 125.15, 125.39, 125.54, 125.65, 125.75, 125.59, 125.59, 125.56, 125.66, 125.64, 125.66, 125.71, 125.71, 125.69, 125.73, 125.76, 125.71, 125.69, 125.58, 125.59, 125.69, 125.73, 125.8, 125.77, 125.74, 125.72, 125.68, 125.67]}, {"seed": 4, "kind": "cos", "delta": 0.4, "mu": 0.4, "mean_theta_LR": 126.82947809070433, "std_theta_LR": 0.10102449221973335, "theta_LR_final": 126.95351724909631, "L_collapsed": false, "R_collapsed": false, "L_tvar": 6.0331144436062905e-05, "R_tvar": 5.9020864684419295e-05, "both_alive": true, "mean_transport_post": 0.003031508991131937, "class": "segregation", "theta_traj": [88.98, 86.11, 95.1, 104.32, 111.0, 115.45, 118.71, 120.92, 122.25, 123.21, 123.48, 124.12, 124.64, 125.09, 125.39, 125.62, 125.83, 125.85, 125.95, 126.04, 126.22, 126.51, 126.55, 126.63, 126.62, 126.65, 126.7, 126.71, 126.72, 126.72, 126.77, 126.76, 126.77, 126.74, 126.76, 126.75, 126.79, 126.83, 126.83, 126.82, 126.9, 126.95, 126.98, 126.96, 126.92, 126.9, 126.89, 126.95, 126.96, 127.03]}, {"seed": 5, "kind": "cos", "delta": 0.4, "mu": 0.4, "mean_theta_LR": 125.8225926861762, "std_theta_LR": 0.10145014833111828, "theta_LR_final": 125.86003420577165, "L_collapsed": false, "R_collapsed": false, "L_tvar": 6.162264303080493e-05, "R_tvar": 6.515475726579352e-05, "both_alive": true, "mean_transport_post": 0.003022944528494245, "class": "segregation", "theta_traj": [89.92, 88.1, 95.69, 102.22, 107.72, 112.62, 116.23, 118.5, 120.13, 121.16, 122.04, 122.69, 123.29, 123.61, 124.12, 124.43, 124.72, 124.82, 125.07, 125.2, 125.34, 125.61, 125.71, 125.78, 125.8, 125.85, 125.82, 125.79, 125.8, 125.76, 125.7, 125.65, 125.64, 125.72, 125.73, 125.78, 125.82, 125.78, 125.7, 125.77, 125.94, 125.99, 125.96, 125.98, 125.96, 125.89, 125.91, 125.81, 125.85, 125.89]}, {"seed": 6, "kind": "cos", "delta": 0.4, "mu": 0.4, "mean_theta_LR": 124.45239067444301, "std_theta_LR": 0.15455032956996073, "theta_LR_final": 124.58801738571671, "L_collapsed": false, "R_collapsed": false, "L_tvar": 6.36734769886291e-05, "R_tvar": 5.846527682383846e-05, "both_alive": true, "mean_transport_post": 0.0029041985937828117, "class": "segregation", "theta_traj": [90.06, 84.25, 92.18, 100.94, 107.16, 110.99, 113.67, 115.9, 117.95, 119.64, 120.5, 120.84, 121.09, 121.52, 121.96, 122.33, 122.84, 123.35, 123.69, 123.84, 123.96, 123.93, 123.98, 123.98, 124.03, 124.06, 124.09, 124.21, 124.27, 124.31, 124.28, 124.41, 124.42, 124.36, 124.36, 124.4, 124.48, 124.5, 124.51, 124.53, 124.5, 124.5, 124.52, 124.55, 124.58, 124.65, 124.69, 124.61, 124.58, 124.54]}, {"seed": 7, "kind": "cos", "delta": 0.4, "mu": 0.4, "mean_theta_LR": 125.301210751933, "std_theta_LR": 0.03824163030672291, "theta_LR_final": 125.39868592148797, "L_collapsed": false, "R_collapsed": false, "L_tvar": 5.907966307514077e-05, "R_tvar": 6.006638437446104e-05, "both_alive": true, "mean_transport_post": 0.002865667592854978, "class": "segregation", "theta_traj": [89.97, 84.35, 93.74, 103.11, 110.23, 114.28, 117.02, 119.27, 120.65, 121.74, 122.6, 123.14, 123.46, 124.02, 124.29, 124.53, 124.72, 124.83, 124.91, 124.95, 125.02, 125.1, 125.15, 125.19, 125.24, 125.22, 125.28, 125.33, 125.37, 125.35, 125.28, 125.29, 125.31, 125.31, 125.31, 125.27, 125.36, 125.33, 125.24, 125.27, 125.27, 125.22, 125.28, 125.31, 125.31, 125.31, 125.3, 125.33, 125.29, 125.33]}, {"seed": 8, "kind": "cos", "delta": 0.4, "mu": 0.4, "mean_theta_LR": 125.9285768164553, "std_theta_LR": 0.1351704766467141, "theta_LR_final": 126.01258595710404, "L_collapsed": false, "R_collapsed": false, "L_tvar": 6.0756300280496376e-05, "R_tvar": 6.11960158106011e-05, "both_alive": true, "mean_transport_post": 0.0030053970888785355, "class": "segregation", "theta_traj": [89.79, 85.06, 91.98, 100.4, 106.18, 111.22, 114.85, 117.15, 119.06, 120.19, 121.35, 122.05, 122.62, 123.02, 123.39, 123.8, 124.17, 124.58, 124.89, 125.08, 125.22, 125.27, 125.48, 125.56, 125.72, 125.78, 125.78, 125.76, 125.69, 125.76, 125.84, 125.83, 125.87, 125.86, 125.81, 125.75, 125.86, 125.92, 125.93, 126.02, 126.05, 126.07, 126.12, 126.12, 126.08, 126.03, 126.08, 126.06, 126.05, 126.06]}, {"seed": 9, "kind": "cos", "delta": 0.4, "mu": 0.4, "mean_theta_LR": 125.95906482504995, "std_theta_LR": 0.2809732580774895, "theta_LR_final": 126.25641535590573, "L_collapsed": false, "R_collapsed": false, "L_tvar": 6.16276161739397e-05, "R_tvar": 5.96526281913166e-05, "both_alive": true, "mean_transport_post": 0.002981801999172676, "class": "segregation", "theta_traj": [89.5, 90.34, 96.24, 102.1, 107.93, 112.69, 116.16, 118.38, 120.07, 121.28, 122.22, 122.97, 123.74, 124.06, 124.48, 124.73, 124.98, 125.02, 125.1, 125.06, 125.03, 125.12, 125.13, 125.15, 125.13, 125.16, 125.36, 125.49, 125.55, 125.64, 125.76, 125.82, 125.94, 125.96, 125.98, 125.99, 125.99, 126.03, 125.97, 125.91, 126.06, 126.16, 126.22, 126.17, 126.2, 126.21, 126.27, 126.29, 126.27, 126.25]}, {"seed": 10, "kind": "cos", "delta": 0.4, "mu": 0.4, "mean_theta_LR": 127.02886658300305, "std_theta_LR": 0.044779596774122014, "theta_LR_final": 126.9853757615328, "L_collapsed": false, "R_collapsed": false,