{"key": "cos_gp_d0.05_m1.8_s0.016", "records": [{"seed": 0, "kind": "cos", "delta": 0.05, "mu": 1.8, "mean_theta_LR": 4.778444261757825, "std_theta_LR": 0.14592920164845813, "theta_LR_final": 4.682900688914238, "L_collapsed": false, "R_collapsed": false, "L_tvar": 4.7997963241989014e-05, "R_tvar": 4.7214934896984995e-05, "both_alive": true, "mean_transport_post": 0.01216348980603562, "class": "fusion", "theta_traj": [85.38, 54.32, 42.0, 34.45, 27.93, 22.48, 18.49, 15.58, 13.43, 11.35, 9.47, 8.07, 6.84, 5.92, 5.38, 5.35, 5.39, 5.34, 5.3, 5.33, 5.31, 5.28, 5.32, 5.32, 5.26, 5.28, 5.17, 5.03, 4.82, 4.69, 4.74, 4.84, 4.73, 4.81, 4.69, 4.73, 4.7, 4.73, 4.71, 4.71, 4.72, 4.76, 4.65, 4.78, 4.68, 4.76, 4.72, 4.69, 4.67, 4.71]}, {"seed": 1, "kind": "cos", "delta": 0.05, "mu": 1.8, "mean_theta_LR": 3.968167983511282, "std_theta_LR": 0.014269665049404977, "theta_LR_final": 3.9432933394913032, "L_collapsed": false, "R_collapsed": false, "L_tvar": 4.5361707148939064e-05, "R_tvar": 4.7175516606275155e-05, "both_alive": true, "mean_transport_post": 0.012157289420716073, "class": "fusion", "theta_traj": [85.51, 53.99, 41.6, 33.57, 27.8, 23.13, 20.47, 17.37, 15.28, 13.29, 11.72, 10.47, 8.41, 6.96, 6.28, 5.93, 5.08, 4.07, 4.06, 4.04, 4.02, 4.02, 4.02, 4.01, 3.99, 3.99, 3.98, 3.98, 3.99, 3.97, 3.96, 3.97, 3.99, 3.98, 3.97, 4.0, 3.97, 3.96, 3.98, 3.96, 3.97, 3.97, 3.95, 3.94, 3.95, 3.97, 3.97, 3.96, 3.95, 3.95]}, {"seed": 2, "kind": "cos", "delta": 0.05, "mu": 1.8, "mean_theta_LR": 4.363729657983627, "std_theta_LR": 0.034176551216006434, "theta_LR_final": 4.328803980673971, "L_collapsed": false, "R_collapsed": false, "L_tvar": 4.3000790082385144e-05, "R_tvar": 4.3112962169142594e-05, "both_alive": true, "mean_transport_post": 0.012123140654906104, "class": "fusion", "theta_traj": [84.41, 53.2, 41.34, 34.74, 29.0, 24.27, 19.59, 16.33, 14.22, 12.62, 10.99, 9.9, 7.48, 5.9, 5.72, 5.65, 5.3, 4.98, 4.73, 4.42, 4.45, 4.4, 4.39, 4.44, 4.39, 4.41, 4.39, 4.39, 4.38, 4.35, 4.43, 4.36, 4.35, 4.39, 4.33, 4.4, 4.36, 4.37, 4.35, 4.4, 4.34, 4.31, 4.31, 4.37, 4.33, 4.33, 4.35, 4.33, 4.38, 4.34]}, {"seed": 3, "kind": "cos", "delta": 0.05, "mu": 1.8, "mean_theta_LR": 4.5710307780442365, "std_theta_LR": 0.303565955100871, "theta_LR_final": 4.166367092670258, "L_collapsed": false, "R_collapsed": false, "L_tvar": 4.5769417672553554e-05, "R_tvar": 4.482792168304005e-05, "both_alive": true, "mean_transport_post": 0.012140439494830482, "class": "fusion", "theta_traj": [85.07, 53.71, 42.72, 35.4, 28.74, 23.13, 18.74, 15.48, 12.76, 11.18, 10.31, 9.73, 8.72, 7.74, 7.25, 6.92, 6.43, 6.36, 6.27, 6.17, 6.1, 6.0, 5.96, 6.02, 5.81, 5.65, 5.31, 5.07, 4.93, 4.56, 4.58, 4.56, 4.54, 4.61, 4.54, 4.62, 4.54, 4.69, 4.51, 4.61, 4.55, 4.52, 4.6, 4.48, 4.53, 4.31, 4.12, 4.17, 4.17, 4.19]}, {"seed": 4, "kind": "cos", "delta": 0.05, "mu": 1.8, "mean_theta_LR": 4.018704831487386, "std_theta_LR": 0.01631336677491094, "theta_LR_final": 4.00896965313631, "L_collapsed": false, "R_collapsed": false, "L_tvar": 4.2158404446973605e-05, "R_tvar": 4.2942578230012065e-05, "both_alive": true, "mean_transport_post": 0.012218891307551964, "class": "fusion", "theta_traj": [85.23, 54.07, 42.34, 35.25, 29.49, 24.58, 20.81, 17.88, 14.99, 12.17, 10.26, 8.76, 7.81, 6.14, 5.44, 4.93, 4.73, 4.73, 4.59, 4.57, 4.54, 4.51, 4.54, 4.59, 4.28, 4.06, 4.04, 4.03, 4.02, 4.03, 4.03, 4.02, 4.03, 4.03, 4.01, 4.03, 4.02, 4.01, 4.03, 4.01, 4.0, 3.99, 4.0, 4.0, 4.02, 4.02, 4.01, 4.02, 3.99, 4.0]}, {"seed": 5, "kind": "cos", "delta": 0.05, "mu": 1.8, "mean_theta_LR": 3.9875242944670184, "std_theta_LR": 0.011868302285332161, "theta_LR_final": 3.961968195885341, "L_collapsed": false, "R_collapsed": false, "L_tvar": 4.445726125625597e-05, "R_tvar": 4.506484654594651e-05, "both_alive": true, "mean_transport_post": 0.01209184367679468, "class": "fusion", "theta_traj": [86.14, 55.75, 43.91, 36.42, 29.82, 24.64, 20.39, 17.2, 14.39, 11.58, 9.62, 7.66, 6.46, 5.98, 5.64, 5.2, 5.15, 4.45, 4.04, 4.06, 4.02, 4.02, 4.02, 4.01, 4.01, 4.01, 4.0, 3.99, 4.0, 4.0, 4.0, 3.98, 3.98, 3.98, 3.97, 3.98, 3.98, 3.99, 3.96, 3.97, 3.98, 4.0, 3.99, 3.98, 4.0, 3.98, 4.0, 3.99, 3.99, 4.0]}, {"seed": 6, "kind": "cos", "delta": 0.05, "mu": 1.8, "mean_theta_LR": 4.171840552338475, "std_theta_LR": 0.14058676916083457, "theta_LR_final": 4.0766773933606615, "L_collapsed": false, "R_collapsed": false, "L_tvar": 4.639389120681008e-05, "R_tvar": 4.364100523387773e-05, "both_alive": true, "mean_transport_post": 0.0121941458955101, "class": "fusion", "theta_traj": [86.25, 51.23, 38.43, 31.9, 27.35, 22.98, 19.36, 16.9, 15.34, 13.97, 12.74, 11.52, 10.11, 9.18, 8.26, 7.62, 6.26, 5.43, 5.08, 5.04, 4.81, 4.81, 4.5, 4.57, 4.55, 4.47, 4.54, 4.45, 4.34, 4.31, 4.32, 4.3, 4.26, 4.27, 4.15, 4.09, 4.07, 4.09, 4.08, 4.08, 4.08, 4.07, 4.08, 4.09, 4.07, 4.08, 4.07, 4.08, 4.08, 4.08]}, {"seed": 7, "kind": "cos", "delta": 0.05, "mu": 1.8, "mean_theta_LR": 4.010802053387498, "std_theta_LR": 0.015381669641479044, "theta_LR_final": 4.004938511047193, "L_collapsed": false, "R_collapsed": false, "L_tvar": 4.195294472771658e-05, "R_tvar": 4.3078917535206094e-05, "both_alive": true, "mean_transport_post": 0.012104361726671852, "class": "fusion", "theta_traj": [86.14, 53.29, 40.8, 33.47, 27.59, 23.12, 19.8, 16.64, 15.09, 13.1, 11.29, 10.14, 9.56, 8.11, 7.01, 6.45, 5.48, 4.67, 4.08, 4.07, 4.07, 4.05, 4.07, 4.05, 4.04, 4.04, 4.04, 4.02, 4.04, 4.03, 4.02, 4.02, 4.0, 4.01, 3.99, 4.0, 4.0, 4.02, 4.03, 4.0, 4.0, 4.02, 4.02, 4.0, 4.0, 4.01, 4.0, 4.0, 4.0, 3.99]}, {"seed": 8, "kind": "cos", "delta": 0.05, "mu": 1.8, "mean_theta_LR": 3.9363071131308804, "std_theta_LR": 0.018397890778620637, "theta_LR_final": 3.928635641585334, "L_collapsed": false, "R_collapsed": false, "L_tvar": 4.4159201001128985e-05, "R_tvar": 4.68130072202491e-05, "both_alive": true, "mean_transport_post": 0.012254321987369542, "class": "fusion", "theta_traj": [86.0, 53.51, 40.54, 33.46, 27.35, 22.31, 17.75, 13.71, 11.68, 10.42, 9.56, 8.61, 8.01, 7.8, 7.41, 6.68, 6.45, 6.56, 6.18, 5.95, 5.95, 5.31, 4.8, 4.79, 4.63, 3.96, 3.96, 3.95, 3.96, 3.96, 3.95, 3.95, 3.94, 3.95, 3.95, 3.96, 3.96, 3.95, 3.93, 3.92, 3.94, 3.94, 3.93, 3.93, 3.91, 3.93, 3.92, 3.92, 3.92, 3.91]}, {"seed": 9, "kind": "cos", "delta": 0.05, "mu": 1.8, "mean_theta_LR": 3.9281144161784, "std_theta_LR": 0.03553978332942164, "theta_LR_final": 3.9238575104643236, "L_collapsed": false, "R_collapsed": false, "L_tvar": 4.604043148138231e-05, "R_tvar": 4.448857339459335e-05, "both_alive": true, "mean_transport_post": 0.012138064138673585, "class": "fusion", "theta_traj": [85.74, 57.31, 44.07, 36.55, 30.28, 26.26, 23.04, 20.95, 18.18, 16.22, 14.59, 13.67, 12.44, 11.48, 10.64, 10.26, 9.65, 8.64, 7.92, 6.61, 5.93, 5.64, 5.35, 4.65, 4.37, 4.12, 3.94, 3.92, 3.93, 3.94, 3.92, 3.92, 3.93, 3.92, 3.92, 3.92, 3.91, 3.92, 3.9, 3.92, 3.91, 3.91, 3.91, 3.92, 3.9, 3.91, 3.93, 3.93, 3.91, 3.91]}, {"seed": 10, "kind": "cos", "delta": 0.05, "mu": 1.8, "mean_theta_LR": 4.043960155381855, "std_theta_LR": 0.010584359293329479, "theta_LR_final": 4.038548553839503, "L_collapsed": false, "R_collapsed": false, "L_tvar": 4.636631976016073e-05, "R_tvar": 4.570006312718124e-05, "both_alive": true, "mean_transport_post": 0.012158457457942203, "class": "fusion", "theta_traj": [84.66, 52.96, 40.92, 33.69, 27.0, 22.84, 19.5, 16.31, 13.63, 11.88, 10.45, 9.87, 9.56, 8.56, 7.54, 6.47, 5.81, 5.14, 4.54, 4.25, 4.19, 4.07, 4.07, 4.08, 4.06, 4.06, 4.06, 4.07, 4.04, 4.03, 4.04, 4.05, 4.07, 4.06, 4.05, 4.06, 4.06, 4.04, 4.04, 4.06, 4.03, 4.04, 4.03, 4.04, 4.04, 4.03, 4.04, 4.03, 4.04, 4.04]}, {"seed": 11, "kind": "cos", "delta": 0.05, "mu": 1.8, "mean_theta_LR": 4.188978102732072, "std_theta_LR": 0.026640801742627042, "theta_LR_final": 4.156862724172201, "L_collapsed": false, "R_collapsed": false, "L_tvar": 4.2412899823274506e-05, "R_tvar": 4.4423579303293505e-05, "both_alive": true, "mean_transport_post": 0.012185930407853486, "class": "fusion",