{"key": "cos_gp_d0.05_m0.6_s0.016", "records": [{"seed": 0, "kind": "cos", "delta": 0.05, "mu": 0.6, "mean_theta_LR": 70.4866467051663, "std_theta_LR": 0.8401278008840254, "theta_LR_final": 68.88744933603896, "L_collapsed": false, "R_collapsed": false, "L_tvar": 5.894201636875935e-05, "R_tvar": 6.172833587577236e-05, "both_alive": true, "mean_transport_post": 0.0052640033938578315, "class": "sustained", "theta_traj": [88.68, 82.31, 81.46, 80.23, 78.98, 78.1, 77.04, 76.26, 75.55, 75.1, 74.42, 73.99, 73.63, 73.38, 73.14, 73.06, 73.1, 72.84, 72.58, 72.32, 72.19, 72.22, 72.19, 72.28, 72.24, 71.99, 71.88, 71.82, 71.69, 71.39, 71.17, 71.18, 71.15, 70.97, 70.88, 70.88, 70.56, 70.59, 70.41, 70.25, 70.13, 70.02, 69.8, 69.69, 69.82, 69.67, 69.68, 69.38, 69.37, 69.17]}, {"seed": 1, "kind": "cos", "delta": 0.05, "mu": 0.6, "mean_theta_LR": 73.46123852042443, "std_theta_LR": 0.7681552120146888, "theta_LR_final": 72.71762927371525, "L_collapsed": false, "R_collapsed": false, "L_tvar": 6.113844509228052e-05, "R_tvar": 6.502279418563386e-05, "both_alive": true, "mean_transport_post": 0.0053030588544860395, "class": "sustained", "theta_traj": [88.83, 82.36, 82.73, 82.75, 82.17, 82.13, 81.82, 81.32, 80.69, 80.08, 79.6, 79.06, 78.57, 78.37, 77.96, 77.39, 77.19, 76.88, 76.52, 76.13, 75.63, 75.63, 75.48, 75.29, 75.01, 74.91, 75.05, 74.89, 74.65, 74.64, 74.29, 74.12, 73.69, 73.6, 73.56, 73.32, 73.25, 73.04, 73.13, 73.19, 73.14, 73.17, 72.98, 72.92, 72.63, 72.65, 72.7, 72.74, 72.54, 72.47]}, {"seed": 2, "kind": "cos", "delta": 0.05, "mu": 0.6, "mean_theta_LR": 67.93722528744478, "std_theta_LR": 1.4789043535943929, "theta_LR_final": 66.09050260912716, "L_collapsed": false, "R_collapsed": false, "L_tvar": 6.167814680930277e-05, "R_tvar": 6.5042732250772e-05, "both_alive": true, "mean_transport_post": 0.005382734169828945, "class": "sustained", "theta_traj": [87.61, 82.07, 81.36, 80.47, 79.27, 78.63, 77.79, 77.06, 76.74, 76.31, 75.79, 75.31, 74.75, 74.1, 73.74, 73.28, 72.89, 72.92, 72.31, 72.09, 71.8, 71.55, 71.37, 70.94, 70.61, 70.65, 70.36, 70.09, 70.08, 69.76, 69.46, 69.48, 69.15, 68.9, 68.68, 68.37, 67.87, 67.81, 67.54, 67.4, 67.02, 66.75, 66.59, 66.44, 66.36, 66.37, 66.26, 66.33, 66.24, 66.11]}, {"seed": 3, "kind": "cos", "delta": 0.05, "mu": 0.6, "mean_theta_LR": 72.87493416101638, "std_theta_LR": 1.0831317956644455, "theta_LR_final": 71.30192654015852, "L_collapsed": false, "R_collapsed": false, "L_tvar": 6.280015696190052e-05, "R_tvar": 6.102742209886668e-05, "both_alive": true, "mean_transport_post": 0.005329067534077849, "class": "sustained", "theta_traj": [88.3, 82.14, 82.41, 81.9, 81.69, 81.18, 80.64, 80.25, 79.92, 79.67, 79.65, 79.69, 79.36, 78.88, 78.52, 78.51, 78.11, 77.79, 77.45, 77.22, 76.76, 76.56, 76.07, 75.92, 75.76, 75.53, 75.18, 74.79, 74.45, 74.19, 73.95, 73.66, 73.35, 73.0, 73.09, 72.61, 72.59, 72.54, 72.51, 72.51, 72.35, 72.15, 72.2, 71.98, 71.99, 72.02, 72.0, 71.8, 71.62, 71.57]}, {"seed": 4, "kind": "cos", "delta": 0.05, "mu": 0.6, "mean_theta_LR": 75.08658635770716, "std_theta_LR": 0.4732993602830872, "theta_LR_final": 74.12809413954888, "L_collapsed": false, "R_collapsed": false, "L_tvar": 6.702367897696394e-05, "R_tvar": 6.36001448419321e-05, "both_alive": true, "mean_transport_post": 0.005115386030419866, "class": "segregation", "theta_traj": [88.53, 80.96, 80.39, 80.0, 80.03, 79.69, 79.3, 79.03, 78.47, 78.04, 77.94, 77.48, 77.15, 77.04, 77.06, 76.77, 76.38, 75.98, 75.92, 75.57, 75.39, 75.54, 75.6, 75.67, 75.68, 75.8, 75.95, 75.82, 75.78, 75.73, 75.67, 75.41, 75.28, 75.14, 74.98, 75.0, 75.12, 75.19, 75.18, 75.06, 75.0, 74.73, 74.96, 74.81, 74.79, 74.7, 74.46, 74.44, 74.45, 74.35]}, {"seed": 5, "kind": "cos", "delta": 0.05, "mu": 0.6, "mean_theta_LR": 79.3594799167747, "std_theta_LR": 0.48123375318686, "theta_LR_final": 79.01216786847192, "L_collapsed": false, "R_collapsed": false, "L_tvar": 5.979844974974302e-05, "R_tvar": 6.069973738166741e-05, "both_alive": true, "mean_transport_post": 0.0050750719487375135, "class": "segregation", "theta_traj": [89.47, 84.76, 85.16, 84.48, 84.74, 85.17, 84.86, 84.33, 84.08, 83.72, 83.31, 83.27, 83.22, 82.87, 82.49, 82.33, 81.97, 81.78, 81.62, 81.56, 81.32, 81.19, 81.2, 80.78, 80.63, 80.75, 80.45, 80.13, 79.95, 79.69, 79.72, 79.56, 79.57, 79.49, 79.57, 79.45, 79.4, 79.16, 78.88, 78.87, 79.03, 78.94, 78.95, 78.98, 78.9, 78.91, 78.91, 79.13, 79.18, 79.18]}, {"seed": 6, "kind": "cos", "delta": 0.05, "mu": 0.6, "mean_theta_LR": 67.54207732173538, "std_theta_LR": 1.4220840884311903, "theta_LR_final": 64.58349127050485, "L_collapsed": false, "R_collapsed": false, "L_tvar": 6.845657209519279e-05, "R_tvar": 5.6883380926875415e-05, "both_alive": true, "mean_transport_post": 0.0053783460940764645, "class": "sustained", "theta_traj": [89.59, 78.63, 78.26, 78.29, 78.06, 78.22, 77.48, 76.79, 76.34, 75.67, 74.72, 74.37, 74.13, 73.7, 73.25, 72.69, 72.12, 71.55, 70.84, 70.45, 70.07, 69.97, 69.81, 69.67, 69.45, 69.53, 69.33, 69.23, 69.21, 69.01, 69.03, 68.83, 68.77, 68.65, 68.57, 68.41, 68.13, 67.84, 67.61, 67.31, 67.01, 66.75, 66.47, 66.4, 66.3, 66.12, 66.0, 65.65, 65.22, 64.93]}, {"seed": 7, "kind": "cos", "delta": 0.05, "mu": 0.6, "mean_theta_LR": 66.34051803911932, "std_theta_LR": 1.3635923912551846, "theta_LR_final": 64.91141339601123, "L_collapsed": false, "R_collapsed": false, "L_tvar": 6.090208347893308e-05, "R_tvar": 6.313622873687066e-05, "both_alive": true, "mean_transport_post": 0.005515934626500501, "class": "sustained", "theta_traj": [89.5, 79.58, 79.27, 78.81, 78.11, 78.05, 77.64, 76.8, 76.05, 75.54, 74.75, 74.25, 73.86, 73.39, 72.91, 72.4, 72.0, 71.86, 71.17, 70.83, 70.61, 70.21, 69.95, 69.63, 69.52, 69.3, 69.1, 68.76, 68.54, 68.19, 67.84, 67.48, 66.84, 66.5, 66.33, 66.24, 65.89, 65.84, 65.69, 65.56, 65.57, 65.53, 65.58, 65.41, 65.33, 65.12, 65.0, 64.87, 65.02, 64.95]}, {"seed": 8, "kind": "cos", "delta": 0.05, "mu": 0.6, "mean_theta_LR": 70.87609301796921, "std_theta_LR": 0.9883212734613422, "theta_LR_final": 69.64954433870962, "L_collapsed": false, "R_collapsed": false, "L_tvar": 6.742645442268621e-05, "R_tvar": 6.795187693819783e-05, "both_alive": true, "mean_transport_post": 0.005265658986349683, "class": "sustained", "theta_traj": [89.34, 81.74, 82.24, 81.87, 81.42, 81.75, 81.55, 80.7, 79.64, 79.1, 78.39, 78.02, 77.95, 77.45, 77.2, 76.97, 76.65, 76.09, 75.71, 75.17, 74.33, 74.11, 73.93, 73.71, 73.23, 73.12, 72.62, 72.23, 72.16, 72.03, 71.93, 71.65, 71.62, 71.45, 71.28, 70.97, 70.98, 70.77, 70.68, 70.61, 70.63, 70.33, 70.11, 70.0, 69.8, 69.73, 69.6, 69.64, 69.68, 69.62]}, {"seed": 9, "kind": "cos", "delta": 0.05, "mu": 0.6, "mean_theta_LR": 81.25193218899506, "std_theta_LR": 0.44687516919111103, "theta_LR_final": 80.2215712237086, "L_collapsed": false, "R_collapsed": false, "L_tvar": 6.262601558546268e-05, "R_tvar": 6.565379040405906e-05, "both_alive": true, "mean_transport_post": 0.004970028451326224, "class": "segregation", "theta_traj": [89.04, 86.06, 86.52, 86.19, 85.45, 84.76, 84.54, 84.16, 83.76, 83.46, 83.04, 82.61, 82.36, 82.2, 81.92, 81.66, 81.72, 81.59, 81.55, 81.61, 81.57, 81.68, 81.57, 81.64, 81.61, 81.47, 81.47, 81.4, 81.32, 81.41, 81.41, 81.42, 81.66, 81.64, 81.65, 81.53, 81.44, 81.72, 81.74, 81.71, 81.63, 81.49, 81.3, 80.91, 80.84, 80.66, 80.59, 80.54, 80.46, 80.36]}, {"seed": 10, "kind": "cos", "delta": 0.05, "mu": 0.6, "mean_theta_LR": 72.95796383405039, "std_theta_LR": 0.7783329018956107, "theta_LR_final": 72.48801688986951, "L_collapsed": false, "R_collapsed": false, "L_tvar": 6.272321819598603e-05, "R_tvar": 5.901940176418601e-05, "both_alive": true, "mean_transport_post": 0.005225730953287915, "class": "sustained", "theta_traj": [87.96, 81.35, 81.96, 81.84, 80.8, 80.43, 79.81, 79.22, 79.11, 79.19, 78.84, 78.44, 78.14, 77.82, 77.6, 77.28, 77.13, 76.92, 76.52, 76.19, 76.01, 75.65, 75.4, 74.99, 74.88, 74.65, 74.25, 74.23, 74.08, 73.92, 73.89, 73.65, 73.47, 73.5, 73.33, 72.99, 72.67, 72.54, 72.46, 72.31, 72.2, 72.04, 72.06, 72.17, 72.33, 72.37, 72.34, 72.35, 72.44, 72.5]}, {"seed": 11,