{"key": "cos_gp_d0.1_m0.6_s0.016", "records": [{"seed": 0, "kind": "cos", "delta": 0.1, "mu": 0.6, "mean_theta_LR": 78.07165668827047, "std_theta_LR": 0.2746551389619284, "theta_LR_final": 78.23529198864259, "L_collapsed": false, "R_collapsed": false, "L_tvar": 5.945097211013419e-05, "R_tvar": 6.044985029503816e-05, "both_alive": true, "mean_transport_post": 0.004958878747252994, "class": "segregation", "theta_traj": [88.68, 82.4, 81.9, 80.89, 79.82, 79.42, 78.92, 78.59, 78.4, 78.4, 78.1, 78.01, 77.95, 77.66, 77.59, 77.79, 77.95, 77.84, 77.79, 77.8, 77.72, 77.76, 77.7, 77.73, 77.71, 77.72, 77.6, 77.6, 77.64, 77.65, 77.64, 77.89, 78.02, 78.03, 78.06, 78.14, 77.93, 78.07, 78.18, 78.23, 78.29, 78.32, 78.26, 78.13, 78.37, 78.31, 78.4, 78.39, 78.48, 78.32]}, {"seed": 1, "kind": "cos", "delta": 0.1, "mu": 0.6, "mean_theta_LR": 80.2922622484117, "std_theta_LR": 0.5133642378087054, "theta_LR_final": 79.4821280232721, "L_collapsed": false, "R_collapsed": false, "L_tvar": 5.9892833128375806e-05, "R_tvar": 6.075899667111972e-05, "both_alive": true, "mean_transport_post": 0.0049842727054243965, "class": "segregation", "theta_traj": [88.83, 82.44, 83.1, 83.25, 82.74, 82.8, 82.8, 82.6, 82.41, 81.98, 81.8, 81.55, 81.29, 81.35, 81.63, 81.58, 81.39, 81.14, 81.0, 80.9, 80.58, 80.57, 80.57, 80.71, 80.77, 80.91, 81.22, 81.19, 81.04, 81.13, 80.8, 80.77, 80.45, 80.37, 80.3, 80.03, 80.1, 79.98, 80.26, 80.29, 80.37, 80.38, 80.16, 80.13, 79.87, 79.74, 79.76, 79.71, 79.33, 79.35]}, {"seed": 2, "kind": "cos", "delta": 0.1, "mu": 0.6, "mean_theta_LR": 75.04082099879088, "std_theta_LR": 0.5688852878846126, "theta_LR_final": 74.96789683885834, "L_collapsed": false, "R_collapsed": false, "L_tvar": 6.068610035867487e-05, "R_tvar": 6.308671260228779e-05, "both_alive": true, "mean_transport_post": 0.005090354585934269, "class": "segregation", "theta_traj": [87.61, 82.24, 81.87, 81.18, 80.47, 79.95, 79.5, 79.32, 79.24, 78.72, 78.33, 78.04, 77.7, 77.42, 77.16, 76.83, 76.74, 76.74, 76.59, 76.52, 76.26, 76.3, 76.21, 76.05, 75.94, 76.05, 76.04, 75.95, 75.99, 75.88, 75.64, 75.68, 75.39, 75.22, 75.25, 75.06, 74.79, 74.79, 74.74, 74.8, 74.52, 74.41, 74.29, 74.37, 74.35, 74.52, 74.51, 74.7, 74.74, 74.69]}, {"seed": 3, "kind": "cos", "delta": 0.1, "mu": 0.6, "mean_theta_LR": 77.84860174623746, "std_theta_LR": 0.4213538863195792, "theta_LR_final": 77.4308424378086, "L_collapsed": false, "R_collapsed": false, "L_tvar": 6.605525201957969e-05, "R_tvar": 6.002042137958924e-05, "both_alive": true, "mean_transport_post": 0.005069791614232697, "class": "segregation", "theta_traj": [88.3, 82.29, 82.66, 82.33, 82.06, 81.63, 81.37, 81.28, 81.26, 81.7, 81.96, 82.17, 82.08, 81.8, 81.76, 81.73, 81.59, 81.46, 81.04, 80.54, 79.99, 79.6, 79.05, 79.14, 79.02, 79.0, 78.91, 78.71, 78.41, 78.28, 78.13, 78.15, 78.06, 77.76, 77.9, 77.6, 77.59, 77.57, 77.53, 77.64, 77.48, 77.44, 77.49, 77.36, 77.58, 77.71, 77.7, 77.64, 77.72, 77.6]}, {"seed": 4, "kind": "cos", "delta": 0.1, "mu": 0.6, "mean_theta_LR": 80.8938229468378, "std_theta_LR": 0.2148264906973878, "theta_LR_final": 80.5705669517525, "L_collapsed": false, "R_collapsed": false, "L_tvar": 6.553108559401435e-05, "R_tvar": 5.989840487248868e-05, "both_alive": true, "mean_transport_post": 0.004742263322907092, "class": "segregation", "theta_traj": [88.53, 81.12, 80.65, 80.55, 80.58, 80.72, 80.42, 80.34, 80.13, 80.2, 80.3, 80.31, 80.29, 80.4, 80.37, 80.42, 80.61, 80.65, 80.82, 80.71, 80.57, 80.68, 80.61, 80.51, 80.41, 80.67, 80.83, 80.79, 80.74, 80.69, 80.88, 80.66, 80.6, 80.6, 80.71, 80.74, 80.89, 80.9, 81.05, 81.12, 81.17, 81.09, 81.36, 81.24, 81.21, 81.16, 80.9, 80.94, 80.79, 80.73]}, {"seed": 5, "kind": "cos", "delta": 0.1, "mu": 0.6, "mean_theta_LR": 82.33184460346732, "std_theta_LR": 0.44167060300565614, "theta_LR_final": 82.09142401506668, "L_collapsed": false, "R_collapsed": false, "L_tvar": 5.9020919122357956e-05, "R_tvar": 6.173626989842743e-05, "both_alive": true, "mean_transport_post": 0.0049101703381474225, "class": "segregation", "theta_traj": [89.47, 84.98, 85.64, 85.2, 85.38, 85.69, 85.7, 85.72, 85.57, 85.5, 85.17, 84.75, 84.46, 83.92, 83.56, 83.55, 83.51, 83.55, 83.48, 83.36, 83.23, 83.25, 83.48, 83.28, 83.21, 83.28, 83.17, 83.13, 83.1, 82.91, 82.84, 82.59, 82.51, 82.28, 82.38, 82.27, 82.35, 82.23, 82.04, 81.83, 82.0, 82.0, 81.99, 82.02, 82.01, 81.94, 81.82, 82.01, 82.0, 82.1]}, {"seed": 6, "kind": "cos", "delta": 0.1, "mu": 0.6, "mean_theta_LR": 71.85906734779552, "std_theta_LR": 0.37610469508566563, "theta_LR_final": 71.04271361017665, "L_collapsed": false, "R_collapsed": false, "L_tvar": 6.662397611460909e-05, "R_tvar": 5.976312363807146e-05, "both_alive": true, "mean_transport_post": 0.0051945316786755754, "class": "sustained", "theta_traj": [89.6, 78.9, 79.2, 79.85, 79.75, 79.76, 78.99, 78.49, 78.23, 77.89, 77.14, 76.77, 76.51, 76.19, 75.94, 75.41, 75.03, 74.82, 74.3, 73.79, 73.22, 73.2, 73.05, 72.66, 72.42, 72.4, 72.19, 72.07, 72.14, 72.25, 72.25, 72.13, 71.98, 71.87, 72.0, 72.18, 72.26, 72.31, 72.12, 72.03, 71.82, 71.69, 71.43, 71.45, 71.5, 71.48, 71.54, 71.39, 71.26, 71.07]}, {"seed": 7, "kind": "cos", "delta": 0.1, "mu": 0.6, "mean_theta_LR": 72.51814572364117, "std_theta_LR": 0.5195822241343235, "theta_LR_final": 72.75992086114275, "L_collapsed": false, "R_collapsed": false, "L_tvar": 6.16835693490073e-05, "R_tvar": 6.24888436562829e-05, "both_alive": true, "mean_transport_post": 0.005098469591925043, "class": "sustained", "theta_traj": [89.5, 79.49, 79.43, 79.23, 79.01, 79.11, 79.0, 78.56, 78.29, 77.93, 77.42, 76.89, 76.55, 76.25, 75.69, 75.36, 74.87, 74.71, 74.17, 73.73, 73.43, 73.33, 73.25, 73.36, 73.49, 73.25, 73.12, 73.19, 73.29, 73.19, 73.15, 72.98, 72.89, 72.83, 72.65, 72.6, 72.4, 72.28, 71.96, 71.81, 71.71, 71.58, 71.8, 72.03, 72.16, 72.21, 72.34, 72.41, 72.61, 72.69]}, {"seed": 8, "kind": "cos", "delta": 0.1, "mu": 0.6, "mean_theta_LR": 76.80660337803681, "std_theta_LR": 0.8446347603602372, "theta_LR_final": 75.67169995869911, "L_collapsed": false, "R_collapsed": false, "L_tvar": 6.176203556739383e-05, "R_tvar": 6.384884689343223e-05, "both_alive": true, "mean_transport_post": 0.00503239062272182, "class": "segregation", "theta_traj": [89.34, 81.85, 82.44, 82.06, 82.07, 82.61, 82.66, 82.06, 81.42, 80.74, 80.08, 79.77, 79.87, 79.64, 79.75, 79.93, 79.76, 79.42, 79.21, 79.13, 78.8, 78.59, 78.4, 78.14, 77.88, 77.94, 77.9, 77.84, 77.95, 77.82, 77.79, 77.71, 77.72, 77.63, 77.5, 77.14, 76.94, 76.68, 76.65, 76.45, 76.35, 76.45, 76.12, 75.86, 75.82, 75.85, 75.75, 75.83, 75.79, 75.67]}, {"seed": 9, "kind": "cos", "delta": 0.1, "mu": 0.6, "mean_theta_LR": 83.78082824904408, "std_theta_LR": 0.16364909772273842, "theta_LR_final": 83.49385415830673, "L_collapsed": false, "R_collapsed": false, "L_tvar": 6.204127962313405e-05, "R_tvar": 6.141379409773333e-05, "both_alive": true, "mean_transport_post": 0.004752146610513785, "class": "segregation", "theta_traj": [89.04, 86.32, 87.01, 86.72, 86.49, 86.23, 86.1, 85.84, 85.43, 85.39, 85.18, 85.03, 84.74, 84.45, 84.09, 83.89, 84.02, 83.86, 83.68, 83.68, 83.85, 83.9, 83.9, 83.97, 84.06, 83.85, 83.89, 83.77, 83.74, 83.8, 83.81, 83.9, 84.02, 84.07, 84.1, 83.92, 83.78, 83.87, 83.95, 83.86, 83.75, 83.83, 83.75, 83.62, 83.66, 83.58, 83.41, 83.55, 83.58, 83.59]}, {"seed": 10, "kind": "cos", "delta": 0.1, "mu": 0.6, "mean_theta_LR": 80.4441784707205, "std_theta_LR": 0.6023694706811125, "theta_LR_final": 79.87827840001529, "L_collapsed": false, "R_collapsed": false, "L_tvar": 6.148677921692547e-05, "R_tvar": 6.180623174045633e-05, "both_alive": true, "mean_transport_post": 0.004923541904592276, "class": "segregation", "theta_traj": [87.96, 81.76, 82.72, 82.95, 82.69, 83.21, 83.21, 82.92, 82.68, 82.77, 82.53, 82.49, 82.48, 82.35, 82.22, 82.04, 82.08, 82.11, 81.84, 81.73, 81.69, 81.58, 81.45, 81.34, 81.33, 81.31, 81.15, 81.34, 81.44, 81.45, 81.43, 81.21, 81.0, 80.78, 80.46, 80.31, 80.12, 80.03, 80.14, 80.05, 79.99, 79.79, 79.8, 80.02, 80.12, 79.94, 79.87, 79.92, 80.0, 79.98]}, {"seed": 11, "kind": "cos",