{"key": "cos_gp_d0.2_m0.6_s0.016", "records": [{"seed": 0, "kind": "cos", "delta": 0.2, "mu": 0.6, "mean_theta_LR": 97.5727997209372, "std_theta_LR": 0.7978926489193839, "theta_LR_final": 99.14625126509296, "L_collapsed": false, "R_collapsed": false, "L_tvar": 5.98088373252105e-05, "R_tvar": 5.708643597459209e-05, "both_alive": true, "mean_transport_post": 0.0041494588998236, "class": "segregation", "theta_traj": [88.68, 83.08, 84.08, 84.67, 85.55, 86.45, 87.02, 87.2, 87.34, 88.19, 89.2, 90.3, 91.37, 92.03, 92.56, 93.13, 93.69, 94.29, 94.81, 95.22, 95.34, 95.55, 95.69, 95.96, 96.2, 96.44, 96.56, 96.63, 96.62, 96.75, 96.78, 96.92, 97.0, 96.98, 96.97, 97.12, 97.17, 97.38, 97.46, 97.56, 97.79, 97.98, 98.01, 98.12, 98.37, 98.5, 98.61, 98.7, 98.91, 98.97]}, {"seed": 1, "kind": "cos", "delta": 0.2, "mu": 0.6, "mean_theta_LR": 92.95426683805508, "std_theta_LR": 1.0861436030768732, "theta_LR_final": 94.69377460908184, "L_collapsed": false, "R_collapsed": false, "L_tvar": 6.36117599406815e-05, "R_tvar": 6.067414503018439e-05, "both_alive": true, "mean_transport_post": 0.004222322153037219, "class": "segregation", "theta_traj": [88.83, 82.84, 84.95, 85.85, 86.27, 86.44, 86.52, 86.82, 87.22, 87.63, 87.99, 88.36, 88.8, 89.11, 89.3, 89.47, 89.73, 90.0, 90.31, 90.64, 90.66, 90.68, 90.66, 90.92, 91.04, 91.13, 91.43, 91.53, 91.5, 91.62, 91.8, 91.96, 92.11, 92.13, 92.32, 92.32, 92.53, 92.79, 93.27, 93.47, 93.71, 93.8, 93.98, 94.09, 94.07, 94.06, 94.13, 94.07, 94.14, 94.5]}, {"seed": 2, "kind": "cos", "delta": 0.2, "mu": 0.6, "mean_theta_LR": 94.91978107615647, "std_theta_LR": 1.686776868498728, "theta_LR_final": 97.46249799729941, "L_collapsed": false, "R_collapsed": false, "L_tvar": 5.7228544294005234e-05, "R_tvar": 6.351532135772631e-05, "both_alive": true, "mean_transport_post": 0.004030705689412678, "class": "segregation", "theta_traj": [87.61, 82.73, 83.81, 84.61, 85.12, 85.57, 85.7, 85.75, 86.43, 86.75, 87.26, 87.94, 88.42, 89.12, 90.01, 90.68, 91.12, 91.39, 91.63, 91.84, 91.84, 92.02, 91.99, 91.88, 92.17, 92.26, 92.32, 92.36, 92.46, 92.59, 92.9, 93.45, 94.01, 94.24, 94.39, 94.52, 94.52, 94.88, 94.98, 95.33, 95.46, 95.68, 95.95, 96.19, 96.54, 96.82, 97.05, 97.15, 97.29, 97.38]}, {"seed": 3, "kind": "cos", "delta": 0.2, "mu": 0.6, "mean_theta_LR": 95.70291579325759, "std_theta_LR": 0.7465421183537254, "theta_LR_final": 96.42026742197791, "L_collapsed": false, "R_collapsed": false, "L_tvar": 5.8882933692060404e-05, "R_tvar": 6.160229635232605e-05, "both_alive": true, "mean_transport_post": 0.004087252362959181, "class": "segregation", "theta_traj": [88.3, 82.85, 83.58, 83.95, 84.59, 85.84, 87.53, 89.27, 90.22, 90.88, 91.4, 91.75, 91.92, 92.06, 92.19, 92.46, 92.68, 93.03, 93.07, 93.16, 93.22, 93.35, 93.43, 93.53, 93.75, 94.12, 94.51, 94.62, 94.56, 94.72, 94.8, 94.86, 94.99, 95.21, 95.55, 95.74, 95.92, 96.03, 96.18, 96.31, 96.4, 96.45, 96.41, 96.25, 96.4, 96.39, 96.38, 96.3, 96.31, 96.25]}, {"seed": 4, "kind": "cos", "delta": 0.2, "mu": 0.6, "mean_theta_LR": 99.57665918216962, "std_theta_LR": 2.1062341730341165, "theta_LR_final": 102.03788283911763, "L_collapsed": false, "R_collapsed": false, "L_tvar": 6.056494331157145e-05, "R_tvar": 5.884079604531632e-05, "both_alive": true, "mean_transport_post": 0.003948938852025468, "class": "segregation", "theta_traj": [88.53, 81.99, 83.15, 83.73, 84.49, 85.52, 86.05, 86.76, 87.11, 87.75, 88.32, 89.0, 89.61, 90.52, 91.23, 92.02, 92.69, 93.17, 93.67, 93.87, 94.23, 94.69, 95.01, 95.34, 95.61, 96.04, 96.27, 96.35, 96.63, 96.71, 97.1, 97.52, 97.93, 98.25, 98.75, 99.09, 99.44, 99.74, 100.22, 100.53, 100.76, 101.02, 101.42, 101.62, 101.8, 101.91, 101.99, 101.99, 101.99, 102.08]}, {"seed": 5, "kind": "cos", "delta": 0.2, "mu": 0.6, "mean_theta_LR": 102.7593431958091, "std_theta_LR": 1.708601345784907, "theta_LR_final": 104.99875069766424, "L_collapsed": false, "R_collapsed": false, "L_tvar": 5.9711406176796e-05, "R_tvar": 6.100050446054696e-05, "both_alive": true, "mean_transport_post": 0.003982343247613234, "class": "segregation", "theta_traj": [89.47, 85.72, 87.92, 89.0, 90.14, 91.47, 92.5, 93.41, 94.22, 94.74, 94.92, 95.6, 96.41, 96.85, 97.15, 97.6, 97.81, 97.99, 98.28, 98.36, 98.42, 98.62, 98.89, 98.99, 99.25, 99.62, 99.79, 99.99, 100.33, 100.73, 100.99, 101.15, 101.48, 101.77, 102.17, 102.39, 102.87, 103.09, 103.24, 103.34, 103.49, 103.83, 104.01, 104.23, 104.5, 104.68, 104.74, 104.75, 104.85, 104.95]}, {"seed": 6, "kind": "cos", "delta": 0.2, "mu": 0.6, "mean_theta_LR": 93.63058801392562, "std_theta_LR": 1.057237244549283, "theta_LR_final": 94.88616580532734, "L_collapsed": false, "R_collapsed": false, "L_tvar": 6.284836698590559e-05, "R_tvar": 5.7591609910632034e-05, "both_alive": true, "mean_transport_post": 0.0040881933822831, "class": "segregation", "theta_traj": [89.6, 79.7, 81.78, 83.83, 84.76, 86.15, 86.38, 86.67, 86.93, 86.89, 86.82, 87.33, 88.25, 88.93, 89.7, 90.01, 90.26, 90.41, 90.32, 90.17, 90.03, 90.23, 90.33, 90.42, 90.59, 91.05, 91.35, 91.84, 92.18, 92.59, 92.64, 92.84, 93.09, 93.24, 93.51, 93.6, 93.83, 94.0, 93.83, 93.95, 94.07, 94.17, 94.3, 94.44, 94.65, 94.71, 94.78, 94.8, 94.83, 94.86]}, {"seed": 7, "kind": "cos", "delta": 0.2, "mu": 0.6, "mean_theta_LR": 96.37089767616376, "std_theta_LR": 0.6547119894774966, "theta_LR_final": 97.07206269710996, "L_collapsed": false, "R_collapsed": false, "L_tvar": 5.878262384215076e-05, "R_tvar": 6.421942798440111e-05, "both_alive": true, "mean_transport_post": 0.003933837051560129, "class": "segregation", "theta_traj": [89.5, 80.14, 81.47, 83.45, 85.0, 86.48, 87.32, 87.88, 88.7, 89.24, 89.48, 89.74, 90.32, 90.86, 91.66, 92.05, 92.39, 92.75, 92.91, 93.22, 93.58, 93.82, 94.06, 94.38, 94.8, 94.9, 94.95, 95.23, 95.48, 95.71, 95.81, 95.98, 96.2, 96.22, 96.17, 96.27, 96.36, 96.46, 96.42, 96.46, 96.56, 96.53, 96.91, 96.98, 97.06, 97.2, 97.21, 97.19, 97.09, 97.14]}, {"seed": 8, "kind": "cos", "delta": 0.2, "mu": 0.6, "mean_theta_LR": 100.73601564708511, "std_theta_LR": 1.0196280337765606, "theta_LR_final": 102.6332304803717, "L_collapsed": false, "R_collapsed": false, "L_tvar": 5.930682707568976e-05, "R_tvar": 6.5384526038912e-05, "both_alive": true, "mean_transport_post": 0.003961793059520629, "class": "segregation", "theta_traj": [89.34, 82.36, 84.44, 85.6, 86.88, 88.43, 89.45, 90.33, 91.37, 91.92, 92.19, 92.66, 93.26, 93.46, 93.79, 94.15, 94.42, 94.82, 95.44, 96.37, 97.02, 97.69, 98.23, 98.47, 98.78, 99.12, 99.36, 99.41, 99.57, 99.66, 99.65, 99.84, 99.91, 100.04, 100.08, 100.23, 100.33, 100.44, 100.61, 100.83, 100.99, 101.32, 101.33, 101.53, 101.59, 101.83, 102.07, 102.26, 102.33, 102.55]}, {"seed": 9, "kind": "cos", "delta": 0.2, "mu": 0.6, "mean_theta_LR": 99.37441713513645, "std_theta_LR": 0.29020747180793555, "theta_LR_final": 99.87361257225501, "L_collapsed": false, "R_collapsed": false, "L_tvar": 6.357989075002869e-05, "R_tvar": 6.166280069558943e-05, "both_alive": true, "mean_transport_post": 0.004015327495720206, "class": "segregation", "theta_traj": [89.04, 86.95, 89.18, 90.04, 90.35, 90.31, 90.93, 92.01, 92.99, 93.53, 94.24, 94.85, 95.5, 95.75, 96.13, 96.41, 96.72, 96.87, 96.95, 97.53, 97.93, 98.36, 98.43, 98.71, 99.04, 99.14, 99.2, 99.18, 99.16, 99.21, 99.2, 99.28, 99.35, 99.14, 99.03, 98.93, 98.95, 99.15, 99.27, 99.32, 99.31, 99.45, 99.65, 99.65, 99.74, 99.78, 99.68, 99.77, 99.84, 99.84]}, {"seed": 10, "kind": "cos", "delta": 0.2, "mu": 0.6, "mean_theta_LR": 103.33037439442248, "std_theta_LR": 1.0861462042004362, "theta_LR_final": 104.52224188771314, "L_collapsed": false, "R_collapsed": false, "L_tvar": 5.937552446755212e-05, "R_tvar": 6.114801401034211e-05, "both_alive": true, "mean_transport_post": 0.003828788262081459, "class": "segregation",