{"key": "cos_gp_d0.1_m2.5_s0.016", "records": [{"seed": 0, "kind": "cos", "delta": 0.1, "mu": 2.5, "mean_theta_LR": 3.7028212300752092, "std_theta_LR": 0.18482796956837377, "theta_LR_final": 3.3113108248309024, "L_collapsed": false, "R_collapsed": false, "L_tvar": 4.476559406448557e-05, "R_tvar": 4.320388723586044e-05, "both_alive": true, "mean_transport_post": 0.01465700791695504, "class": "fusion", "theta_traj": [83.06, 44.82, 30.25, 22.66, 15.35, 10.7, 7.97, 6.14, 4.95, 4.59, 4.41, 4.31, 4.39, 4.32, 4.07, 4.07, 4.08, 4.09, 4.04, 4.02, 4.09, 3.99, 4.04, 3.98, 4.02, 3.98, 4.03, 3.77, 3.81, 3.78, 3.81, 3.81, 3.78, 3.84, 3.75, 3.74, 3.83, 3.73, 3.77, 3.76, 3.73, 3.75, 3.8, 3.69, 3.61, 3.6, 3.51, 3.31, 3.3, 3.3]}, {"seed": 1, "kind": "cos", "delta": 0.1, "mu": 2.5, "mean_theta_LR": 3.2765653157950267, "std_theta_LR": 0.012029906353070182, "theta_LR_final": 3.2598213074906606, "L_collapsed": false, "R_collapsed": false, "L_tvar": 4.131635272450985e-05, "R_tvar": 4.221389361119247e-05, "both_alive": true, "mean_transport_post": 0.014642731825117522, "class": "fusion", "theta_traj": [83.16, 44.03, 29.6, 22.62, 16.6, 12.73, 10.18, 8.19, 6.83, 5.91, 4.76, 4.42, 3.62, 3.68, 3.58, 3.65, 3.61, 3.57, 3.65, 3.52, 3.3, 3.31, 3.31, 3.31, 3.3, 3.29, 3.29, 3.28, 3.29, 3.28, 3.27, 3.28, 3.29, 3.28, 3.28, 3.3, 3.28, 3.27, 3.28, 3.27, 3.27, 3.28, 3.26, 3.26, 3.26, 3.27, 3.27, 3.27, 3.26, 3.27]}, {"seed": 2, "kind": "cos", "delta": 0.1, "mu": 2.5, "mean_theta_LR": 3.26949333904631, "std_theta_LR": 0.01229338169478329, "theta_LR_final": 3.2471301658324303, "L_collapsed": false, "R_collapsed": false, "L_tvar": 4.16050155642279e-05, "R_tvar": 4.154874256510144e-05, "both_alive": true, "mean_transport_post": 0.014670418311568595, "class": "fusion", "theta_traj": [82.15, 43.32, 29.3, 22.11, 16.52, 12.61, 9.66, 7.63, 6.24, 5.77, 5.15, 3.99, 3.77, 3.8, 3.73, 3.54, 3.61, 3.54, 3.5, 3.31, 3.29, 3.3, 3.28, 3.29, 3.3, 3.3, 3.27, 3.27, 3.27, 3.29, 3.28, 3.27, 3.28, 3.27, 3.25, 3.28, 3.27, 3.28, 3.27, 3.27, 3.27, 3.26, 3.26, 3.26, 3.25, 3.25, 3.25, 3.26, 3.26, 3.26]}, {"seed": 3, "kind": "cos", "delta": 0.1, "mu": 2.5, "mean_theta_LR": 3.2957019244307655, "std_theta_LR": 0.00867467197733375, "theta_LR_final": 3.2911856140962157, "L_collapsed": false, "R_collapsed": false, "L_tvar": 4.31717103256093e-05, "R_tvar": 4.267187360406636e-05, "both_alive": true, "mean_transport_post": 0.014599446406991252, "class": "fusion", "theta_traj": [82.8, 44.43, 31.13, 23.71, 17.48, 13.57, 10.62, 9.32, 7.97, 6.74, 5.81, 5.48, 5.51, 5.07, 5.07, 4.69, 4.65, 4.44, 4.34, 3.9, 3.77, 3.77, 3.81, 3.75, 3.68, 3.31, 3.32, 3.29, 3.29, 3.29, 3.3, 3.28, 3.3, 3.29, 3.3, 3.31, 3.29, 3.3, 3.29, 3.3, 3.29, 3.29, 3.3, 3.3, 3.28, 3.29, 3.28, 3.29, 3.28, 3.29]}], "meta": {"N": 4, "T": 2500, "sigma": 0.016, "done": true}}