{"key": "cos_gp_d0.4_m0.9_s0.016", "records": [{"seed": 0, "kind": "cos", "delta": 0.4, "mu": 0.9, "mean_theta_LR": 106.17121824341382, "std_theta_LR": 0.7784720558017012, "theta_LR_final": 106.84736425704477, "L_collapsed": false, "R_collapsed": false, "L_tvar": 5.653996122520611e-05, "R_tvar": 5.993198143788794e-05, "both_alive": true, "mean_transport_post": 0.0038752679515983005, "class": "segregation", "theta_traj": [87.94, 78.51, 80.31, 81.87, 83.24, 85.57, 87.77, 89.49, 91.19, 92.46, 93.56, 94.52, 95.72, 96.94, 97.96, 98.88, 99.58, 100.18, 100.65, 101.08, 101.67, 102.39, 102.84, 103.19, 103.66, 104.19, 104.48, 104.8, 105.01, 105.24, 105.4, 105.63, 105.83, 106.05, 106.21, 106.33, 106.4, 106.42, 106.53, 106.48, 106.62, 106.7, 106.75, 106.69, 106.85, 106.86, 106.87, 106.96, 107.03, 106.87]}, {"seed": 1, "kind": "cos", "delta": 0.4, "mu": 0.9, "mean_theta_LR": 101.7370780080279, "std_theta_LR": 1.201853050382681, "theta_LR_final": 103.49198346431201, "L_collapsed": false, "R_collapsed": false, "L_tvar": 5.8247019898518265e-05, "R_tvar": 5.898850240114902e-05, "both_alive": true, "mean_transport_post": 0.004024451183063428, "class": "segregation", "theta_traj": [88.08, 77.46, 78.7, 79.63, 80.77, 82.63, 83.75, 84.54, 85.46, 86.62, 87.5, 88.37, 89.31, 90.25, 91.26, 92.05, 92.96, 93.85, 94.69, 95.41, 96.2, 97.06, 97.69, 98.16, 98.44, 98.97, 99.53, 99.87, 100.03, 100.18, 100.57, 100.87, 101.09, 101.12, 101.41, 101.64, 101.81, 101.88, 102.11, 102.19, 102.31, 102.46, 102.64, 102.69, 102.8, 102.88, 102.83, 103.1, 103.31, 103.45]}, {"seed": 2, "kind": "cos", "delta": 0.4, "mu": 0.9, "mean_theta_LR": 101.28561748044159, "std_theta_LR": 1.659354565207444, "theta_LR_final": 103.54404042135435, "L_collapsed": false, "R_collapsed": false, "L_tvar": 6.006461814841451e-05, "R_tvar": 5.764209649095183e-05, "both_alive": true, "mean_transport_post": 0.004107066750029253, "class": "segregation", "theta_traj": [86.89, 77.89, 78.94, 80.35, 81.66, 83.39, 85.02, 86.0, 87.49, 88.8, 89.66, 90.62, 91.82, 92.83, 93.88, 94.72, 95.19, 95.62, 96.14, 96.57, 97.02, 97.58, 97.94, 98.45, 98.56, 98.64, 98.72, 98.82, 98.87, 99.06, 99.24, 99.79, 100.08, 100.31, 100.48, 100.74, 100.78, 101.33, 101.72, 102.03, 102.26, 102.42, 102.61, 102.8, 103.0, 103.13, 103.12, 103.24, 103.38, 103.49]}, {"seed": 3, "kind": "cos", "delta": 0.4, "mu": 0.9, "mean_theta_LR": 105.77084322020413, "std_theta_LR": 0.9437528659735366, "theta_LR_final": 107.33648114016212, "L_collapsed": false, "R_collapsed": false, "L_tvar": 5.902623637124824e-05, "R_tvar": 6.115769326422895e-05, "both_alive": true, "mean_transport_post": 0.003757309977764856, "class": "segregation", "theta_traj": [87.59, 78.04, 78.84, 79.93, 81.36, 83.4, 85.04, 86.37, 87.51, 88.66, 89.94, 91.02, 92.38, 93.82, 94.96, 95.9, 96.67, 97.57, 98.43, 99.44, 100.17, 101.05, 101.89, 102.5, 102.95, 103.44, 104.04, 104.4, 104.6, 104.73, 104.87, 105.07, 105.18, 105.37, 105.59, 105.62, 105.77, 105.83, 105.86, 105.99, 106.04, 106.14, 106.24, 106.32, 106.55, 106.71, 106.87, 107.07, 107.12, 107.24]}, {"seed": 4, "kind": "cos", "delta": 0.4, "mu": 0.9, "mean_theta_LR": 104.39309835001839, "std_theta_LR": 1.9665010677537096, "theta_LR_final": 107.51754825377678, "L_collapsed": false, "R_collapsed": false, "L_tvar": 5.981587738098824e-05, "R_tvar": 5.870870394826799e-05, "both_alive": true, "mean_transport_post": 0.003929438974681971, "class": "segregation", "theta_traj": [87.79, 77.79, 79.14, 80.92, 82.68, 84.9, 86.43, 87.74, 89.23, 90.43, 91.87, 93.05, 94.27, 95.66, 96.63, 97.43, 98.19, 98.69, 99.25, 99.51, 99.6, 99.87, 99.96, 100.12, 100.34, 100.73, 101.12, 101.32, 101.69, 101.91, 102.37, 102.66, 103.09, 103.41, 103.7, 103.98, 104.24, 104.51, 104.85, 105.12, 105.2, 105.34, 105.66, 105.9, 106.09, 106.41, 106.55, 106.89, 107.1, 107.45]}, {"seed": 5, "kind": "cos", "delta": 0.4, "mu": 0.9, "mean_theta_LR": 108.56314047391707, "std_theta_LR": 1.17124077829506, "theta_LR_final": 109.65259097842986, "L_collapsed": false, "R_collapsed": false, "L_tvar": 5.747153179360399e-05, "R_tvar": 6.006266633459789e-05, "both_alive": true, "mean_transport_post": 0.0038272873640357624, "class": "segregation", "theta_traj": [88.73, 81.26, 83.82, 85.54, 87.29, 88.97, 90.21, 91.49, 92.62, 93.75, 94.73, 95.61, 97.44, 98.53, 99.28, 100.16, 101.24, 102.13, 102.8, 103.15, 103.51, 103.79, 104.48, 104.9, 105.35, 105.79, 106.13, 106.47, 106.73, 107.11, 107.41, 107.74, 108.03, 108.17, 108.42, 108.57, 108.8, 109.11, 109.22, 109.3, 109.36, 109.43, 109.44, 109.51, 109.59, 109.58, 109.64, 109.64, 109.68, 109.68]}, {"seed": 6, "kind": "cos", "delta": 0.4, "mu": 0.9, "mean_theta_LR": 99.01710077651366, "std_theta_LR": 1.1533938573575249, "theta_LR_final": 100.53205418579512, "L_collapsed": false, "R_collapsed": false, "L_tvar": 6.323272732618898e-05, "R_tvar": 5.7802824105191545e-05, "both_alive": true, "mean_transport_post": 0.004072243413489526, "class": "segregation", "theta_traj": [88.86, 75.29, 76.06, 77.63, 79.91, 82.57, 84.03, 84.83, 85.69, 86.3, 87.07, 87.99, 88.78, 89.55, 90.29, 90.82, 91.79, 92.62, 93.46, 94.02, 94.38, 94.86, 95.2, 95.61, 95.98, 96.5, 96.83, 97.13, 97.49, 97.85, 98.05, 98.07, 98.21, 98.33, 98.58, 98.72, 99.03, 99.28, 99.36, 99.41, 99.56, 99.65, 99.89, 99.85, 100.11, 100.23, 100.28, 100.39, 100.46, 100.56]}, {"seed": 7, "kind": "cos", "delta": 0.4, "mu": 0.9, "mean_theta_LR": 99.87297866435564, "std_theta_LR": 1.348778265542873, "theta_LR_final": 101.90506144265615, "L_collapsed": false, "R_collapsed": false, "L_tvar": 5.800620858663646e-05, "R_tvar": 6.288253314087875e-05, "both_alive": true, "mean_transport_post": 0.0039893435439267684, "class": "segregation", "theta_traj": [88.76, 76.45, 78.82, 80.5, 81.72, 83.56, 84.77, 86.14, 87.3, 88.27, 89.09, 89.81, 90.55, 91.28, 92.18, 93.0, 93.48, 93.82, 94.29, 94.69, 95.13, 95.62, 96.08, 96.32, 96.59, 96.88, 97.24, 97.59, 97.98, 98.25, 98.69, 98.85, 99.23, 99.35, 99.57, 99.84, 100.08, 100.11, 100.15, 100.28, 100.38, 100.39, 100.68, 100.84, 100.94, 101.22, 101.26, 101.53, 101.6, 101.84]}, {"seed": 8, "kind": "cos", "delta": 0.4, "mu": 0.9, "mean_theta_LR": 104.61044550785269, "std_theta_LR": 1.0988274760368206, "theta_LR_final": 105.90712484049753, "L_collapsed": false, "R_collapsed": false, "L_tvar": 6.253411524063375e-05, "R_tvar": 6.289971107876677e-05, "both_alive": true, "mean_transport_post": 0.0038862722541144093, "class": "segregation", "theta_traj": [88.59, 77.37, 78.54, 79.94, 81.96, 83.64, 85.35, 86.87, 88.6, 89.75, 90.59, 91.55, 92.35, 92.97, 93.62, 94.13, 94.67, 95.2, 95.9, 96.68, 97.43, 98.25, 99.11, 99.94, 100.95, 101.74, 102.15, 102.38, 102.92, 103.38, 103.76, 104.17, 104.37, 104.57, 104.78, 104.76, 104.86, 104.97, 104.98, 104.99, 104.96, 105.18, 105.27, 105.3, 105.39, 105.54, 105.73, 105.7, 105.76, 105.83]}, {"seed": 9, "kind": "cos", "delta": 0.4, "mu": 0.9, "mean_theta_LR": 103.60362402615692, "std_theta_LR": 1.2600916944563743, "theta_LR_final": 105.41600080612416, "L_collapsed": false, "R_collapsed": false, "L_tvar": 6.232224430228182e-05, "R_tvar": 5.8806200104857244e-05, "both_alive": true, "mean_transport_post": 0.003870644088273963, "class": "segregation", "theta_traj": [88.31, 81.5, 82.95, 83.93, 85.58, 87.61, 89.14, 90.32, 91.28, 92.07, 92.79, 93.57, 94.27, 94.87, 95.66, 96.08, 97.01, 97.83, 98.49, 99.36, 99.81, 100.45, 100.92, 101.22, 101.54, 101.63, 101.96, 102.14, 102.26, 102.34, 102.39, 102.28, 102.73, 102.63, 102.68, 102.89, 103.1, 103.23, 103.39, 103.57, 103.86, 104.13, 104.64, 104.8, 105.07, 105.3, 105.39, 105.38, 105.46, 105.47]}, {"seed": 10, "kind": "cos", "delta": 0.4, "mu": 0.9, "mean_theta_LR": 108.34032282453259, "std_theta_LR": 0.5146559621584582, "theta_LR_final": 108.74495864323883, "L_collapsed": false, "R_collapsed": false, "L_tvar": 5.888823172741898e-05, "R_tvar": 6.259165277590985e-05, "both_alive": true, "mean_transport_post": 0.003848370455188006, "class": "segregation",