{"key": "cos_gp_d0.05_m0.4_s0.016", "records": [{"seed": 0, "kind": "cos", "delta": 0.05, "mu": 0.4, "mean_theta_LR": 88.29721060881819, "std_theta_LR": 0.3162225144051887, "theta_LR_final": 88.41830708959881, "L_collapsed": false, "R_collapsed": false, "L_tvar": 5.8985639638900635e-05, "R_tvar": 6.388741377411593e-05, "both_alive": true, "mean_transport_post": 0.0037768404671027715, "class": "segregation", "theta_traj": [89.14, 84.76, 84.82, 84.74, 84.72, 85.19, 85.36, 85.25, 84.87, 84.75, 84.6, 84.83, 85.2, 85.46, 85.79, 85.81, 86.14, 86.27, 86.28, 86.27, 86.37, 86.5, 86.65, 86.87, 87.1, 87.39, 87.48, 87.7, 87.92, 88.11, 88.21, 88.21, 88.17, 88.23, 88.29, 88.36, 88.26, 88.47, 88.43, 88.42, 88.43, 88.5, 88.47, 88.49, 88.67, 88.61, 88.63, 88.55, 88.62, 88.51]}, {"seed": 1, "kind": "cos", "delta": 0.05, "mu": 0.4, "mean_theta_LR": 85.94030820193905, "std_theta_LR": 0.5600786017104411, "theta_LR_final": 86.6406553820669, "L_collapsed": false, "R_collapsed": false, "L_tvar": 6.050378185856217e-05, "R_tvar": 6.397398010033706e-05, "both_alive": true, "mean_transport_post": 0.003909308432108377, "class": "segregation", "theta_traj": [89.29, 83.34, 83.52, 83.89, 84.08, 83.96, 83.98, 83.71, 83.52, 83.28, 82.92, 82.66, 82.23, 82.21, 82.2, 82.29, 82.79, 83.12, 83.48, 83.73, 83.98, 84.3, 84.17, 84.23, 84.24, 84.42, 84.75, 85.06, 85.17, 85.52, 85.52, 85.64, 85.6, 85.75, 85.76, 85.84, 85.8, 85.89, 86.09, 86.28, 86.41, 86.34, 86.26, 86.39, 86.4, 86.47, 86.51, 86.46, 86.37, 86.55]}, {"seed": 2, "kind": "cos", "delta": 0.05, "mu": 0.4, "mean_theta_LR": 86.15363769315366, "std_theta_LR": 0.23906416840061315, "theta_LR_final": 86.37545402048572, "L_collapsed": false, "R_collapsed": false, "L_tvar": 6.626356986746742e-05, "R_tvar": 6.416698925395747e-05, "both_alive": true, "mean_transport_post": 0.003931876384033293, "class": "segregation", "theta_traj": [88.06, 85.1, 85.86, 86.28, 86.56, 86.13, 85.82, 85.82, 86.13, 86.2, 86.47, 86.81, 86.78, 86.62, 86.44, 86.46, 86.53, 86.7, 86.55, 86.46, 86.39, 86.24, 86.31, 86.19, 86.19, 86.21, 85.99, 85.93, 85.84, 85.75, 85.95, 86.09, 86.02, 86.12, 86.25, 86.25, 86.01, 86.01, 85.93, 86.05, 86.08, 86.08, 86.03, 86.25, 86.43, 86.56, 86.58, 86.57, 86.47, 86.37]}, {"seed": 3, "kind": "cos", "delta": 0.05, "mu": 0.4, "mean_theta_LR": 83.84454733584148, "std_theta_LR": 0.21193284169894783, "theta_LR_final": 83.30899176249687, "L_collapsed": false, "R_collapsed": false, "L_tvar": 6.177960121504471e-05, "R_tvar": 6.411904430291484e-05, "both_alive": true, "mean_transport_post": 0.0039939275359590085, "class": "segregation", "theta_traj": [88.74, 84.92, 85.39, 85.98, 86.19, 86.17, 86.01, 86.35, 86.21, 86.48, 86.58, 86.5, 86.15, 85.84, 85.65, 85.41, 85.07, 84.84, 84.53, 84.46, 84.2, 84.08, 83.93, 84.06, 84.04, 83.94, 83.96, 83.76, 83.66, 83.79, 83.77, 83.68, 83.63, 83.62, 83.92, 83.82, 84.11, 84.1, 84.16, 84.26, 84.13, 84.13, 84.04, 83.81, 83.79, 83.81, 83.72, 83.6, 83.7, 83.48]}, {"seed": 4, "kind": "cos", "delta": 0.05, "mu": 0.4, "mean_theta_LR": 87.26004395052313, "std_theta_LR": 0.24959816967243548, "theta_LR_final": 87.24831299544864, "L_collapsed": false, "R_collapsed": false, "L_tvar": 6.488331391791558e-05, "R_tvar": 6.0878365104484686e-05, "both_alive": true, "mean_transport_post": 0.003772423952765805, "class": "segregation", "theta_traj": [88.98, 82.37, 83.2, 84.09, 85.04, 85.99, 86.44, 86.68, 86.67, 86.73, 86.77, 86.84, 87.11, 87.31, 87.65, 87.91, 88.18, 88.19, 88.12, 88.08, 87.93, 88.06, 87.86, 87.75, 87.67, 87.63, 87.59, 87.6, 87.65, 87.57, 87.64, 87.52, 87.4, 87.31, 87.33, 87.27, 87.24, 87.22, 87.28, 87.2, 87.12, 86.8, 86.9, 86.94, 87.03, 87.12, 86.98, 87.08, 87.05, 87.24]}, {"seed": 5, "kind": "cos", "delta": 0.05, "mu": 0.4, "mean_theta_LR": 90.23867999046996, "std_theta_LR": 0.7748424237831959, "theta_LR_final": 89.36355722193237, "L_collapsed": false, "R_collapsed": false, "L_tvar": 5.880560141245513e-05, "R_tvar": 6.538438268631296e-05, "both_alive": true, "mean_transport_post": 0.003776743307915091, "class": "segregation", "theta_traj": [89.93, 85.66, 86.28, 86.33, 86.63, 86.85, 86.82, 87.07, 87.31, 87.39, 87.47, 87.59, 87.79, 87.77, 88.27, 88.73, 89.09, 89.44, 89.71, 89.96, 90.16, 90.44, 91.03, 91.43, 91.8, 91.85, 91.71, 91.65, 91.35, 91.11, 91.08, 90.89, 90.77, 90.54, 90.48, 90.09, 89.97, 89.93, 89.74, 89.5, 89.55, 89.52, 89.51, 89.69, 89.72, 89.72, 89.68, 89.66, 89.58, 89.56]}, {"seed": 6, "kind": "cos", "delta": 0.05, "mu": 0.4, "mean_theta_LR": 89.59327748754687, "std_theta_LR": 0.9729720597769269, "theta_LR_final": 90.71120172246329, "L_collapsed": false, "R_collapsed": false, "L_tvar": 6.239236128759134e-05, "R_tvar": 6.16862030543233e-05, "both_alive": true, "mean_transport_post": 0.003642017601980993, "class": "segregation", "theta_traj": [90.05, 81.13, 82.15, 83.65, 84.92, 86.17, 86.68, 86.88, 86.85, 87.02, 86.94, 87.16, 87.26, 87.48, 87.67, 87.91, 87.79, 87.72, 87.55, 87.48, 87.27, 87.25, 87.27, 87.3, 87.35, 87.49, 87.6, 87.86, 88.23, 88.62, 88.84, 88.85, 88.86, 89.11, 89.05, 89.36, 89.62, 89.77, 89.92, 90.06, 90.26, 90.42, 90.46, 90.63, 90.55, 90.52, 90.64, 90.41, 90.49, 90.58]}, {"seed": 7, "kind": "cos", "delta": 0.05, "mu": 0.4, "mean_theta_LR": 77.28962460293353, "std_theta_LR": 0.29406036885776493, "theta_LR_final": 77.04524533722527, "L_collapsed": false, "R_collapsed": false, "L_tvar": 5.844751040454762e-05, "R_tvar": 6.592610481465485e-05, "both_alive": true, "mean_transport_post": 0.004076927201819807, "class": "segregation", "theta_traj": [89.96, 81.31, 80.57, 80.97, 81.67, 81.9, 81.58, 81.09, 80.97, 80.68, 80.22, 79.9, 79.79, 79.41, 78.77, 78.54, 78.34, 78.74, 78.43, 78.24, 78.25, 78.2, 78.0, 77.95, 77.91, 77.69, 77.66, 77.52, 77.73, 77.66, 77.45, 77.37, 77.28, 77.55, 77.6, 77.62, 77.47, 77.52, 77.49, 77.34, 77.12, 77.13, 77.18, 76.96, 76.93, 76.9, 76.92, 76.82, 76.89, 77.0]}, {"seed": 8, "kind": "cos", "delta": 0.05, "mu": 0.4, "mean_theta_LR": 88.22471870048761, "std_theta_LR": 0.3110483195278472, "theta_LR_final": 88.5876508299823, "L_collapsed": false, "R_collapsed": false, "L_tvar": 6.341336784251739e-05, "R_tvar": 6.639055348006592e-05, "both_alive": true, "mean_transport_post": 0.003807008721409829, "class": "segregation", "theta_traj": [89.8, 83.36, 83.87, 84.47, 84.76, 84.97, 85.39, 85.34, 85.22, 85.19, 85.34, 85.55, 85.96, 86.22, 86.59, 86.9, 86.96, 87.09, 87.31, 87.4, 87.38, 87.37, 87.46, 87.53, 87.56, 87.88, 87.8, 87.69, 88.03, 87.99, 88.1, 87.98, 87.99, 87.97, 87.95, 87.77, 87.97, 88.11, 88.28, 88.34, 88.46, 88.57, 88.59, 88.54, 88.4, 88.47, 88.54, 88.58, 88.7, 88.66]}, {"seed": 9, "kind": "cos", "delta": 0.05, "mu": 0.4, "mean_theta_LR": 100.46469547990905, "std_theta_LR": 0.3783445330498961, "theta_LR_final": 100.87206275787985, "L_collapsed": false, "R_collapsed": false, "L_tvar": 6.251700754477497e-05, "R_tvar": 6.344114847245887e-05, "both_alive": true, "mean_transport_post": 0.0036587674588176577, "class": "segregation", "theta_traj": [89.5, 88.13, 90.03, 91.42, 92.17, 93.27, 94.34, 95.23, 96.14, 96.87, 97.31, 97.88, 98.61, 99.18, 99.68, 100.24, 100.79, 100.85, 100.74, 100.83, 100.92, 100.84, 100.85, 100.73, 100.76, 100.68, 100.84, 100.7, 100.79, 100.72, 100.49, 100.32, 100.31, 100.2, 99.94, 99.79, 99.75, 99.93, 99.95, 100.11, 100.26, 100.41, 100.49, 100.63, 100.67, 100.69, 100.85, 100.94, 101.04, 101.04]}, {"seed": 10, "kind": "cos", "delta": 0.05, "mu": 0.4, "mean_theta_LR": 81.18775854878214, "std_theta_LR": 0.46353888814352284, "theta_LR_final": 79.99545390113705, "L_collapsed": false, "R_collapsed": false, "L_tvar": 6.0643952476268946e-05, "R_tvar": 6.794105591006486e-05, "both_alive": true, "mean_transport_post": 0.003883503343377718, "class": "segregation",