{"key": "cos_gp_d0.2_m1.3_s0.016", "records": [{"seed": 0, "kind": "cos", "delta": 0.2, "mu": 1.3, "mean_theta_LR": 14.25127486868622, "std_theta_LR": 1.4722764001497886, "theta_LR_final": 12.138802422947919, "L_collapsed": false, "R_collapsed": false, "L_tvar": 4.9540710784564287e-05, "R_tvar": 4.976087602238885e-05, "both_alive": true, "mean_transport_post": 0.009973321597416528, "class": "fusion", "theta_traj": [86.87, 65.26, 57.07, 51.08, 46.62, 43.11, 40.19, 37.59, 35.48, 33.18, 31.04, 29.26, 27.67, 25.7, 23.91, 22.94, 22.23, 21.39, 21.03, 20.39, 19.95, 19.26, 18.66, 18.03, 17.35, 17.11, 16.92, 16.53, 16.19, 16.1, 15.89, 15.58, 15.57, 15.0, 14.69, 14.36, 14.06, 14.07, 13.94, 13.67, 13.51, 13.37, 13.18, 13.17, 13.05, 12.89, 12.72, 12.36, 12.42, 12.23]}, {"seed": 1, "kind": "cos", "delta": 0.2, "mu": 1.3, "mean_theta_LR": 16.104222494506836, "std_theta_LR": 1.138170779483755, "theta_LR_final": 14.913866201758033, "L_collapsed": false, "R_collapsed": false, "L_tvar": 4.906690651987402e-05, "R_tvar": 4.854078225314421e-05, "both_alive": true, "mean_transport_post": 0.009920177245041486, "class": "fusion", "theta_traj": [87.01, 64.26, 55.6, 49.39, 44.03, 40.92, 37.24, 34.35, 32.2, 30.28, 28.45, 26.73, 25.01, 23.93, 23.05, 22.41, 22.22, 21.79, 21.5, 21.02, 20.55, 19.79, 19.33, 18.76, 18.52, 18.22, 18.14, 18.06, 17.76, 17.51, 17.25, 17.19, 16.9, 16.51, 16.32, 16.3, 16.07, 16.12, 15.96, 15.71, 15.53, 15.31, 14.94, 15.02, 14.8, 14.81, 14.85, 14.91, 14.92, 14.89]}, {"seed": 2, "kind": "cos", "delta": 0.2, "mu": 1.3, "mean_theta_LR": 14.063461580323992, "std_theta_LR": 0.7616392895670162, "theta_LR_final": 12.848321575693909, "L_collapsed": false, "R_collapsed": false, "L_tvar": 5.394592783642267e-05, "R_tvar": 5.236341138147738e-05, "both_alive": true, "mean_transport_post": 0.010048385817999255, "class": "fusion", "theta_traj": [85.85, 64.31, 56.7, 51.73, 47.48, 43.35, 39.69, 36.34, 33.73, 31.23, 29.32, 27.63, 26.37, 24.85, 23.38, 22.35, 21.18, 20.69, 19.81, 19.22, 18.6, 17.98, 17.6, 17.07, 16.91, 16.2, 15.67, 15.39, 15.31, 15.04, 14.77, 14.37, 14.15, 14.12, 14.06, 14.05, 13.86, 13.65, 13.58, 13.68, 13.62, 13.62, 13.59, 13.52, 13.67, 13.6, 13.48, 13.38, 13.31, 13.15]}, {"seed": 3, "kind": "cos", "delta": 0.2, "mu": 1.3, "mean_theta_LR": 16.853318280364512, "std_theta_LR": 1.2850158635179305, "theta_LR_final": 15.489080677468323, "L_collapsed": false, "R_collapsed": false, "L_tvar": 5.085965906485001e-05, "R_tvar": 5.101975436582335e-05, "both_alive": true, "mean_transport_post": 0.009958991187169652, "class": "fusion", "theta_traj": [86.53, 64.42, 56.72, 51.88, 47.47, 44.71, 41.81, 38.98, 36.67, 34.59, 33.01, 31.69, 29.77, 28.34, 26.82, 26.03, 24.95, 24.5, 23.88, 22.95, 22.05, 21.53, 20.69, 20.0, 19.48, 19.32, 19.19, 18.8, 18.68, 18.43, 18.52, 18.19, 17.91, 17.56, 17.21, 16.94, 16.91, 16.72, 16.04, 16.05, 15.85, 15.84, 15.79, 15.59, 15.6, 15.53, 15.58, 15.45, 15.72, 15.71]}, {"seed": 4, "kind": "cos", "delta": 0.2, "mu": 1.3, "mean_theta_LR": 15.750498719024774, "std_theta_LR": 1.4437719809765293, "theta_LR_final": 12.88942584636332, "L_collapsed": false, "R_collapsed": false, "L_tvar": 4.7486257330928605e-05, "R_tvar": 4.8333819535858474e-05, "both_alive": true, "mean_transport_post": 0.010005644597282422, "class": "fusion", "theta_traj": [86.72, 64.11, 56.41, 51.26, 46.71, 43.49, 40.82, 37.82, 35.37, 33.59, 31.7, 29.72, 28.39, 27.03, 25.63, 24.91, 24.05, 23.33, 22.39, 21.58, 20.87, 20.01, 19.56, 18.84, 18.4, 18.39, 18.24, 18.15, 17.75, 17.47, 17.19, 16.71, 16.76, 16.48, 16.33, 15.91, 15.67, 15.51, 15.38, 15.45, 15.3, 15.0, 15.02, 14.78, 14.78, 14.69, 14.44, 13.96, 13.56, 13.17]}, {"seed": 5, "kind": "cos", "delta": 0.2, "mu": 1.3, "mean_theta_LR": 12.10633393037577, "std_theta_LR": 1.0046884618390481, "theta_LR_final": 10.847951779002592, "L_collapsed": false, "R_collapsed": false, "L_tvar": 4.534529819341231e-05, "R_tvar": 4.6614124253044524e-05, "both_alive": true, "mean_transport_post": 0.009936251359818047, "class": "fusion", "theta_traj": [87.65, 66.96, 59.92, 53.86, 49.35, 45.11, 41.09, 38.11, 35.03, 32.44, 30.08, 27.79, 26.05, 23.72, 22.02, 20.61, 19.63, 18.72, 17.97, 17.05, 16.08, 15.44, 15.01, 15.0, 14.82, 14.42, 14.04, 13.87, 13.64, 13.07, 12.93, 12.93, 12.94, 12.57, 12.34, 12.12, 11.92, 11.59, 11.59, 11.64, 11.46, 11.47, 11.51, 11.17, 11.25, 11.1, 11.15, 11.16, 11.06, 11.01]}, {"seed": 6, "kind": "cos", "delta": 0.2, "mu": 1.3, "mean_theta_LR": 12.210368948683692, "std_theta_LR": 0.9355786172431013, "theta_LR_final": 11.647745144566779, "L_collapsed": false, "R_collapsed": false, "L_tvar": 5.02640139422795e-05, "R_tvar": 4.733661397880187e-05, "both_alive": true, "mean_transport_post": 0.010046728791504343, "class": "fusion", "theta_traj": [87.77, 60.94, 52.17, 47.7, 43.49, 40.27, 36.7, 33.53, 31.08, 28.73, 27.1, 25.56, 24.09, 22.72, 21.49, 20.85, 20.17, 19.49, 18.56, 17.9, 16.89, 16.57, 15.95, 15.8, 15.44, 14.87, 14.6, 14.15, 13.55, 13.16, 12.88, 12.5, 12.54, 12.22, 11.79, 11.63, 11.76, 11.59, 11.65, 11.67, 11.47, 11.64, 11.62, 11.73, 11.6, 11.64, 11.69, 11.61, 11.63, 11.62]}, {"seed": 7, "kind": "cos", "delta": 0.2, "mu": 1.3, "mean_theta_LR": 15.053891614745943, "std_theta_LR": 1.1681021037337185, "theta_LR_final": 12.864484356916556, "L_collapsed": false, "R_collapsed": false, "L_tvar": 5.0464485183731573e-05, "R_tvar": 4.987262724502868e-05, "both_alive": true, "mean_transport_post": 0.009949854710239894, "class": "fusion", "theta_traj": [87.66, 63.34, 55.41, 49.6, 45.37, 42.62, 39.81, 36.76, 34.04, 31.55, 29.37, 27.45, 26.71, 25.46, 23.93, 22.97, 21.93, 21.01, 20.19, 19.61, 19.22, 18.68, 18.29, 17.81, 17.49, 17.17, 16.7, 16.63, 16.42, 16.16, 15.93, 15.93, 15.71, 15.58, 15.48, 15.35, 15.55, 15.43, 15.37, 15.11, 15.08, 15.01, 14.79, 14.43, 13.9, 13.85, 13.51, 13.25, 13.03, 12.82]}, {"seed": 8, "kind": "cos", "delta": 0.2, "mu": 1.3, "mean_theta_LR": 13.184109798894665, "std_theta_LR": 1.1639004537754272, "theta_LR_final": 12.049751118500678, "L_collapsed": false, "R_collapsed": false, "L_tvar": 4.6289244422161625e-05, "R_tvar": 5.024848420001543e-05, "both_alive": true, "mean_transport_post": 0.010057026642064508, "class": "fusion", "theta_traj": [87.51, 64.14, 55.21, 49.25, 44.25, 40.47, 36.88, 33.25, 30.56, 28.05, 25.62, 24.06, 22.7, 21.32, 19.97, 19.05, 18.19, 17.82, 17.44, 17.22, 17.1, 17.02, 16.78, 16.66, 16.47, 16.23, 15.81, 14.99, 14.82, 14.23, 14.01, 13.94, 13.86, 13.72, 13.59, 13.36, 13.16, 12.62, 12.61, 12.61, 12.45, 12.48, 12.26, 12.22, 12.08, 12.12, 12.0, 12.07, 12.0, 12.05]}, {"seed": 9, "kind": "cos", "delta": 0.2, "mu": 1.3, "mean_theta_LR": 19.102023796995763, "std_theta_LR": 1.7193284925686363, "theta_LR_final": 15.877446509750188, "L_collapsed": false, "R_collapsed": false, "L_tvar": 5.371756724192092e-05, "R_tvar": 5.0801756424601535e-05, "both_alive": true, "mean_transport_post": 0.009939219567485755, "class": "fusion", "theta_traj": [87.23, 68.14, 59.48, 53.12, 48.51, 45.04, 41.93, 38.97, 35.75, 33.32, 31.19, 29.79, 28.08, 27.6, 26.58, 25.92, 25.4, 24.82, 24.18, 23.54, 23.16, 22.87, 22.36, 22.07, 21.83, 21.77, 21.46, 20.99, 20.93, 20.8, 20.94, 20.7, 20.73, 20.28, 20.28, 20.18, 19.75, 19.6, 19.09, 18.71, 18.47, 18.05, 18.12, 17.68, 17.42, 17.12, 16.94, 16.92, 16.55, 16.15]}, {"seed": 10, "kind": "cos", "delta": 0.2, "mu": 1.3, "mean_theta_LR": 16.601584303778203, "std_theta_LR": 1.1709779916532128, "theta_LR_final": 15.091561896130813, "L_collapsed": false, "R_collapsed": false, "L_tvar": 5.0227102723417736e-05, "R_tvar": 5.048542205628375e-05, "both_alive": true, "mean_transport_post": 0.009947756169843558, "class": "fusion", "theta_traj": [86.15, 64.6, 57.12, 52.39, 47.51, 44.28, 41.11, 38.31, 35.75, 33.84, 31.63, 29.64, 27.62, 26.45, 25.5, 24.77, 24.1, 23.15, 22.26, 21.78, 20.88, 20.24, 19.52, 19.52, 19.15, 18.93, 18.88, 18.67, 18.31, 17.98, 17.61, 17.51, 17.3, 17.0, 16.91, 16.62, 16.58, 16.36, 16.35, 16.33, 16.15, 15.9, 15.92, 15.61, 15.43, 15.3, 15.29, 15.22, 15.26, 15.28]}, {"seed": 11, "kind": "cos",