{"key": "cos_gp_d0.1_m0.3_s0.016", "records": [{"seed": 0, "kind": "cos", "delta": 0.1, "mu": 0.3, "mean_theta_LR": 99.96400701396655, "std_theta_LR": 1.2914273236513822, "theta_LR_final": 101.58672173809765, "L_collapsed": false, "R_collapsed": false, "L_tvar": 6.004380013542295e-05, "R_tvar": 6.251601364353636e-05, "both_alive": true, "mean_transport_post": 0.0027809776739041534, "class": "segregation", "theta_traj": [89.36, 84.73, 84.51, 85.24, 86.82, 87.85, 88.22, 88.82, 89.34, 89.77, 89.78, 89.99, 90.75, 91.39, 92.07, 92.69, 93.52, 94.13, 94.5, 94.94, 95.38, 95.82, 96.01, 96.41, 96.82, 97.14, 97.42, 97.7, 98.23, 98.65, 98.84, 99.02, 99.19, 99.34, 99.51, 99.72, 99.82, 99.99, 100.31, 100.51, 100.76, 100.9, 100.94, 101.02, 101.3, 101.32, 101.28, 101.33, 101.55, 101.49]}, {"seed": 1, "kind": "cos", "delta": 0.1, "mu": 0.3, "mean_theta_LR": 91.7963361276203, "std_theta_LR": 1.2277846029218331, "theta_LR_final": 93.93528444965557, "L_collapsed": false, "R_collapsed": false, "L_tvar": 5.571316188205228e-05, "R_tvar": 6.213915666505095e-05, "both_alive": true, "mean_transport_post": 0.0028518742415761258, "class": "segregation", "theta_traj": [89.5, 82.69, 81.6, 82.08, 82.58, 82.97, 83.38, 83.61, 83.96, 84.12, 84.23, 84.5, 85.06, 85.44, 85.87, 86.16, 86.58, 86.92, 87.28, 87.56, 87.63, 88.01, 88.1, 88.42, 88.62, 88.92, 89.5, 89.8, 90.03, 90.42, 90.77, 91.01, 90.99, 91.07, 91.44, 91.66, 91.75, 91.87, 92.3, 92.43, 92.48, 92.54, 92.57, 92.7, 92.78, 92.8, 92.84, 93.14, 93.24, 93.58]}, {"seed": 2, "kind": "cos", "delta": 0.1, "mu": 0.3, "mean_theta_LR": 98.45089655365764, "std_theta_LR": 0.49765957960003365, "theta_LR_final": 98.74703403940175, "L_collapsed": false, "R_collapsed": false, "L_tvar": 6.201980338765292e-05, "R_tvar": 6.067970585198504e-05, "both_alive": true, "mean_transport_post": 0.002850837278277989, "class": "segregation", "theta_traj": [88.27, 84.69, 83.42, 84.09, 85.06, 86.32, 87.4, 88.41, 89.71, 90.86, 92.0, 92.85, 93.6, 94.27, 94.74, 95.02, 95.21, 95.47, 95.56, 95.5, 95.39, 95.59, 95.93, 96.18, 96.45, 96.78, 97.11, 97.58, 97.8, 98.09, 98.21, 98.57, 98.68, 98.56, 98.58, 98.59, 98.46, 98.57, 98.45, 98.54, 98.69, 98.75, 98.74, 98.87, 98.93, 98.81, 98.77, 98.84, 98.62, 98.77]}, {"seed": 3, "kind": "cos", "delta": 0.1, "mu": 0.3, "mean_theta_LR": 95.97847504264958, "std_theta_LR": 0.6082666754880861, "theta_LR_final": 96.6489140553737, "L_collapsed": false, "R_collapsed": false, "L_tvar": 6.149869764398938e-05, "R_tvar": 6.529672905530555e-05, "both_alive": true, "mean_transport_post": 0.002848801618810328, "class": "segregation", "theta_traj": [88.96, 84.87, 84.35, 84.78, 85.26, 85.73, 87.02, 88.02, 88.91, 89.64, 90.13, 90.59, 90.9, 90.79, 90.86, 91.37, 91.6, 91.82, 92.16, 92.43, 92.79, 93.17, 93.24, 93.61, 93.84, 94.25, 94.57, 94.81, 94.94, 95.36, 95.74, 95.91, 96.08, 96.12, 96.32, 96.03, 96.02, 96.14, 96.43, 96.34, 96.13, 96.25, 96.21, 96.11, 96.22, 96.36, 96.54, 96.42, 96.67, 96.77]}], "meta": {"N": 4, "T": 2500, "sigma": 0.016, "done": true}}