{"key": "cos_gp_d0.05_m1.3_s0.016", "records": [{"seed": 0, "kind": "cos", "delta": 0.05, "mu": 1.3, "mean_theta_LR": 11.280310802213505, "std_theta_LR": 1.087158601371777, "theta_LR_final": 10.341230149261218, "L_collapsed": false, "R_collapsed": false, "L_tvar": 4.946328354513903e-05, "R_tvar": 5.0029056379922085e-05, "both_alive": true, "mean_transport_post": 0.010090603544154435, "class": "fusion", "theta_traj": [86.87, 64.9, 55.82, 49.77, 44.17, 39.97, 37.44, 34.49, 31.25, 29.11, 27.11, 24.94, 22.37, 20.51, 19.06, 17.83, 17.1, 16.59, 16.2, 15.83, 15.57, 15.25, 14.9, 14.84, 14.42, 14.15, 13.89, 13.54, 12.95, 12.37, 12.17, 11.77, 11.41, 11.23, 10.87, 10.83, 10.85, 10.89, 10.98, 10.81, 10.95, 10.66, 10.57, 10.54, 10.58, 10.61, 10.45, 10.35, 10.36, 10.3]}, {"seed": 1, "kind": "cos", "delta": 0.05, "mu": 1.3, "mean_theta_LR": 11.763676362085224, "std_theta_LR": 0.8962415809572248, "theta_LR_final": 10.949866150323654, "L_collapsed": false, "R_collapsed": false, "L_tvar": 4.76920276520148e-05, "R_tvar": 4.850861677089072e-05, "both_alive": true, "mean_transport_post": 0.010009643080732962, "class": "fusion", "theta_traj": [87.01, 63.47, 54.2, 47.84, 42.37, 38.65, 35.8, 33.22, 30.63, 28.35, 26.37, 24.92, 23.45, 21.93, 20.76, 19.66, 18.77, 18.32, 17.79, 17.36, 16.83, 16.13, 15.67, 15.05, 14.61, 14.09, 13.68, 13.31, 13.01, 12.91, 12.75, 12.52, 12.11, 11.72, 11.62, 11.49, 11.43, 11.43, 11.37, 11.11, 11.31, 11.01, 11.11, 11.2, 11.04, 10.98, 11.08, 11.07, 10.99, 10.88]}, {"seed": 2, "kind": "cos", "delta": 0.05, "mu": 1.3, "mean_theta_LR": 10.237180484741884, "std_theta_LR": 1.3559981866836288, "theta_LR_final": 8.997496913350089, "L_collapsed": false, "R_collapsed": false, "L_tvar": 4.7734977844205145e-05, "R_tvar": 4.849708890294878e-05, "both_alive": true, "mean_transport_post": 0.010084987569577824, "class": "fusion", "theta_traj": [85.85, 63.84, 55.14, 50.1, 45.38, 41.1, 36.75, 33.06, 30.14, 27.24, 25.77, 24.79, 23.13, 22.0, 21.08, 20.34, 19.71, 19.28, 18.74, 18.02, 17.3, 16.86, 15.99, 15.1, 14.03, 13.68, 13.04, 12.66, 12.26, 11.88, 11.39, 11.0, 10.75, 10.78, 10.51, 10.24, 9.87, 9.39, 9.34, 9.27, 9.08, 9.24, 9.02, 9.1, 9.32, 9.16, 9.14, 9.16, 9.15, 9.07]}, {"seed": 3, "kind": "cos", "delta": 0.05, "mu": 1.3, "mean_theta_LR": 9.040951867270625, "std_theta_LR": 1.49114412040444, "theta_LR_final": 7.830439795910319, "L_collapsed": false, "R_collapsed": false, "L_tvar": 5.017836272150678e-05, "R_tvar": 4.848287382109932e-05, "both_alive": true, "mean_transport_post": 0.010137137775818053, "class": "fusion", "theta_traj": [86.52, 62.97, 54.46, 48.88, 43.82, 40.17, 37.19, 34.68, 32.07, 29.77, 27.78, 25.66, 23.89, 22.93, 21.82, 20.91, 20.09, 19.39, 18.24, 17.0, 16.03, 14.89, 13.92, 13.24, 12.92, 12.43, 12.05, 11.47, 11.25, 11.09, 10.68, 10.32, 9.98, 9.67, 9.29, 8.74, 8.48, 8.29, 7.93, 7.89, 7.95, 7.82, 7.87, 7.74, 7.8, 7.71, 7.89, 7.66, 7.86, 7.81]}, {"seed": 4, "kind": "cos", "delta": 0.05, "mu": 1.3, "mean_theta_LR": 7.204890412613, "std_theta_LR": 1.7804095647347944, "theta_LR_final": 5.536833436674529, "L_collapsed": false, "R_collapsed": false, "L_tvar": 4.7804342204430406e-05, "R_tvar": 4.764625970404236e-05, "both_alive": true, "mean_transport_post": 0.010152978344088, "class": "fusion", "theta_traj": [86.72, 63.4, 54.76, 49.04, 44.17, 40.91, 37.26, 33.16, 29.18, 26.18, 24.21, 22.01, 20.59, 19.54, 18.56, 17.95, 17.11, 16.22, 15.68, 14.64, 13.69, 13.39, 12.67, 11.93, 11.47, 10.9, 10.84, 10.38, 10.14, 9.74, 8.94, 8.5, 8.09, 7.53, 6.93, 6.84, 6.69, 6.66, 6.61, 6.41, 6.28, 6.03, 5.77, 5.79, 5.45, 5.52, 5.56, 5.48, 5.49, 5.51]}, {"seed": 5, "kind": "cos", "delta": 0.05, "mu": 1.3, "mean_theta_LR": 8.942632815361522, "std_theta_LR": 1.4310380110510987, "theta_LR_final": 6.2240585742233, "L_collapsed": false, "R_collapsed": false, "L_tvar": 4.538757806959221e-05, "R_tvar": 4.5980616632670066e-05, "both_alive": true, "mean_transport_post": 0.010005654784719362, "class": "fusion", "theta_traj": [87.65, 66.22, 58.31, 52.09, 47.22, 42.87, 38.56, 34.93, 31.95, 29.17, 26.77, 24.84, 22.96, 21.74, 20.16, 18.92, 18.33, 17.46, 16.84, 15.6, 14.44, 14.02, 13.48, 12.91, 12.69, 11.68, 11.15, 11.14, 11.03, 11.06, 10.48, 10.13, 9.72, 9.6, 9.46, 9.2, 8.93, 8.61, 8.82, 8.49, 8.27, 8.12, 8.09, 8.04, 7.94, 7.52, 7.5, 7.39, 6.81, 6.43]}, {"seed": 6, "kind": "cos", "delta": 0.05, "mu": 1.3, "mean_theta_LR": 5.53533925269266, "std_theta_LR": 0.4133300708976624, "theta_LR_final": 5.092642519676606, "L_collapsed": false, "R_collapsed": false, "L_tvar": 5.084035088997623e-05, "R_tvar": 4.628186405378846e-05, "both_alive": true, "mean_transport_post": 0.010144040306950798, "class": "fusion", "theta_traj": [87.76, 60.33, 51.08, 45.49, 40.38, 36.89, 33.27, 29.82, 26.44, 23.83, 21.88, 20.91, 19.71, 18.34, 17.13, 15.8, 14.23, 13.2, 12.24, 11.25, 10.54, 9.51, 8.62, 7.75, 7.28, 6.81, 6.29, 6.19, 6.29, 6.09, 6.05, 5.82, 5.68, 5.57, 5.37, 5.33, 5.33, 5.29, 5.31, 5.32, 5.26, 5.29, 5.31, 5.28, 5.3, 5.25, 5.25, 5.26, 5.14, 5.1]}, {"seed": 7, "kind": "cos", "delta": 0.05, "mu": 1.3, "mean_theta_LR": 6.593366996269173, "std_theta_LR": 0.8790610630154402, "theta_LR_final": 5.023864998141213, "L_collapsed": false, "R_collapsed": false, "L_tvar": 4.4405363160235403e-05, "R_tvar": 4.6338871382510957e-05, "both_alive": true, "mean_transport_post": 0.01005578716663714, "class": "fusion", "theta_traj": [87.66, 62.59, 53.49, 47.79, 42.66, 38.74, 35.29, 31.68, 28.81, 26.09, 24.41, 22.1, 20.88, 19.43, 18.34, 17.69, 16.8, 15.99, 15.21, 14.59, 13.54, 12.53, 11.99, 10.94, 9.95, 8.96, 8.26, 7.99, 7.64, 7.62, 7.17, 7.14, 6.58, 6.41, 6.45, 6.47, 6.4, 6.53, 6.44, 6.43, 6.53, 6.46, 6.42, 6.5, 6.37, 6.36, 5.91, 5.16, 5.01, 5.01]}, {"seed": 8, "kind": "cos", "delta": 0.05, "mu": 1.3, "mean_theta_LR": 6.578085541514527, "std_theta_LR": 0.23809402723627884, "theta_LR_final": 6.1159883774493515, "L_collapsed": false, "R_collapsed": false, "L_tvar": 4.744467690496978e-05, "R_tvar": 4.8796835036161194e-05, "both_alive": true, "mean_transport_post": 0.010168403583480147, "class": "fusion", "theta_traj": [87.51, 63.46, 53.96, 47.54, 42.4, 37.66, 33.74, 30.11, 27.05, 25.12, 22.96, 21.07, 19.17, 17.85, 16.27, 14.62, 12.67, 11.26, 10.12, 9.77, 8.85, 8.25, 7.51, 7.44, 7.34, 7.11, 6.97, 7.04, 6.89, 6.97, 6.68, 6.63, 6.69, 6.67, 6.62, 6.6, 6.57, 6.54, 6.54, 6.47, 6.38, 6.43, 6.32, 6.3, 6.46, 6.32, 6.44, 6.4, 6.53, 6.27]}, {"seed": 9, "kind": "cos", "delta": 0.05, "mu": 1.3, "mean_theta_LR": 13.834358427291837, "std_theta_LR": 1.8295227844925157, "theta_LR_final": 11.243810973603887, "L_collapsed": false, "R_collapsed": false, "L_tvar": 5.285705027582641e-05, "R_tvar": 5.129324916654234e-05, "both_alive": true, "mean_transport_post": 0.010103394027444767, "class": "fusion", "theta_traj": [87.23, 67.29, 57.99, 51.13, 45.78, 42.05, 38.31, 35.26, 32.27, 30.39, 27.99, 26.43, 25.37, 24.43, 23.53, 22.48, 21.51, 20.85, 20.39, 19.88, 19.42, 18.76, 18.3, 17.73, 17.63, 17.14, 16.75, 16.36, 16.15, 16.09, 15.61, 15.45, 15.4, 15.06, 15.03, 14.67, 14.17, 13.83, 13.23, 13.13, 12.76, 12.41, 12.4, 12.16, 12.06, 11.9, 11.76, 11.53, 11.54, 11.42]}, {"seed": 10, "kind": "cos", "delta": 0.05, "mu": 1.3, "mean_theta_LR": 6.599013949549104, "std_theta_LR": 1.747859416756855, "theta_LR_final": 5.078263081762626, "L_collapsed": false, "R_collapsed": false, "L_tvar": 4.5817265220890855e-05, "R_tvar": 4.561478082633592e-05, "both_alive": true, "mean_transport_post": 0.010059959309945719, "class": "fusion", "theta_traj": [86.15, 63.3, 54.27, 48.45, 43.3, 38.13, 34.26, 31.22, 28.0, 24.69, 23.08, 21.07, 19.29, 17.82, 16.83, 16.07, 15.64, 15.22, 14.69, 14.58, 13.78, 13.12, 12.46, 12.34, 11.87, 11.32, 10.79, 10.22, 9.5, 8.22, 7.5, 7.2, 6.92, 6.46, 6.06, 5.98, 5.98, 5.95, 5.98, 5.92, 5.88, 5.96, 5.79, 5.42, 5.09, 5.06, 5.06, 5.06, 5.06, 5.07]}, {"seed": 11, "kind": "cos", "delta": 0.05, "mu": 1.3, "mean_theta_LR": 5.04817747114748, "std_theta_LR": 0.19395925192059732, "theta_LR_final": 4.977493031237324, "L_collapsed": false, "R_collapsed": false,