{"key": "cos_gp_d0.2_m0.4_s0.016", "records": [{"seed": 0, "kind": "cos", "delta": 0.2, "mu": 0.4, "mean_theta_LR": 115.06688172077448, "std_theta_LR": 1.6335284826078893, "theta_LR_final": 117.09174019926638, "L_collapsed": false, "R_collapsed": false, "L_tvar": 6.235038404690558e-05, "R_tvar": 6.192417119608334e-05, "both_alive": true, "mean_transport_post": 0.0028480660262746645, "class": "segregation", "theta_traj": [89.14, 85.22, 86.79, 88.71, 90.79, 92.73, 94.07, 95.86, 97.44, 99.4, 100.49, 101.56, 102.75, 103.8, 104.75, 105.57, 106.5, 107.23, 107.98, 108.4, 109.04, 109.57, 109.89, 110.39, 111.0, 111.45, 111.81, 112.28, 112.69, 113.14, 113.46, 113.81, 114.05, 114.24, 114.58, 115.02, 115.29, 115.52, 115.66, 115.96, 116.09, 116.35, 116.33, 116.39, 116.52, 116.52, 116.63, 116.57, 116.93, 117.06]}, {"seed": 1, "kind": "cos", "delta": 0.2, "mu": 0.4, "mean_theta_LR": 111.42497228442478, "std_theta_LR": 0.939937928834781, "theta_LR_final": 112.80160375568036, "L_collapsed": false, "R_collapsed": false, "L_tvar": 6.476771076457018e-05, "R_tvar": 5.851733993662256e-05, "both_alive": true, "mean_transport_post": 0.0028855354905243037, "class": "segregation", "theta_traj": [89.28, 83.29, 84.86, 86.77, 88.58, 89.6, 90.97, 92.51, 94.37, 95.97, 97.62, 99.05, 100.39, 101.54, 102.9, 103.79, 104.87, 105.65, 106.38, 107.08, 107.43, 107.87, 108.34, 108.83, 108.86, 109.12, 109.64, 110.05, 110.23, 110.3, 110.37, 110.54, 110.66, 110.77, 111.36, 111.55, 111.55, 111.74, 111.89, 111.88, 111.88, 111.96, 111.94, 112.21, 112.25, 112.26, 112.29, 112.39, 112.5, 112.65]}, {"seed": 2, "kind": "cos", "delta": 0.2, "mu": 0.4, "mean_theta_LR": 114.70034274390244, "std_theta_LR": 0.7463023836254905, "theta_LR_final": 115.39774903132302, "L_collapsed": false, "R_collapsed": false, "L_tvar": 6.16812032521596e-05, "R_tvar": 6.137574907771708e-05, "both_alive": true, "mean_transport_post": 0.0031424059264265874, "class": "segregation", "theta_traj": [88.05, 85.41, 87.22, 89.95, 92.06, 93.86, 95.86, 97.88, 99.61, 100.87, 102.45, 103.75, 105.17, 106.1, 107.08, 108.03, 109.09, 109.77, 110.44, 110.85, 111.07, 111.47, 112.1, 112.71, 113.14, 113.47, 113.44, 113.51, 113.53, 113.63, 113.88, 114.05, 114.15, 114.35, 114.5, 114.66, 114.72, 114.65, 114.74, 114.98, 115.24, 115.54, 115.51, 115.55, 115.45, 115.5, 115.57, 115.48, 115.3, 115.31]}, {"seed": 3, "kind": "cos", "delta": 0.2, "mu": 0.4, "mean_theta_LR": 114.26344739484773, "std_theta_LR": 1.8072209287172623, "theta_LR_final": 116.65999875324584, "L_collapsed": false, "R_collapsed": false, "L_tvar": 6.218228057686865e-05, "R_tvar": 6.270396034885462e-05, "both_alive": true, "mean_transport_post": 0.003024851144623363, "class": "segregation", "theta_traj": [88.75, 85.6, 87.2, 89.73, 92.23, 94.3, 96.65, 98.84, 100.67, 102.19, 103.33, 104.55, 105.52, 106.01, 106.46, 107.01, 107.39, 107.82, 108.5, 109.1, 109.5, 109.73, 109.83, 110.2, 110.38, 110.64, 111.14, 111.65, 112.04, 112.38, 112.45, 112.7, 112.76, 113.01, 113.2, 113.39, 113.73, 114.27, 114.87, 115.24, 115.41, 115.7, 115.82, 115.93, 116.06, 116.15, 116.19, 116.31, 116.46, 116.61]}, {"seed": 4, "kind": "cos", "delta": 0.2, "mu": 0.4, "mean_theta_LR": 113.95496195917802, "std_theta_LR": 0.89871337863383, "theta_LR_final": 115.44704471267336, "L_collapsed": false, "R_collapsed": false, "L_tvar": 6.218312288187107e-05, "R_tvar": 5.939047679830161e-05, "both_alive": true, "mean_transport_post": 0.0029514693174181946, "class": "segregation", "theta_traj": [88.98, 83.28, 86.57, 90.25, 93.15, 95.13, 97.03, 99.01, 100.44, 101.93, 103.33, 104.76, 105.98, 107.04, 107.67, 108.66, 109.59, 110.12, 110.85, 111.46, 112.07, 112.65, 113.01, 113.21, 113.31, 113.28, 113.36, 113.21, 113.08, 112.99, 113.0, 112.99, 112.96, 112.89, 113.03, 113.13, 113.39, 113.69, 113.98, 114.28, 114.34, 114.29, 114.42, 114.57, 114.78, 115.05, 115.16, 115.29, 115.42, 115.52]}, {"seed": 5, "kind": "cos", "delta": 0.2, "mu": 0.4, "mean_theta_LR": 116.44374086328003, "std_theta_LR": 1.9413842729145396, "theta_LR_final": 119.16883606324718, "L_collapsed": false, "R_collapsed": false, "L_tvar": 6.093777984305845e-05, "R_tvar": 6.424159490149242e-05, "both_alive": true, "mean_transport_post": 0.0030139990408266917, "class": "segregation", "theta_traj": [89.93, 86.38, 88.88, 91.59, 94.17, 96.93, 99.06, 101.04, 102.26, 103.58, 104.85, 105.93, 106.77, 107.3, 108.01, 108.8, 109.44, 109.9, 110.3, 110.61, 110.98, 111.31, 111.87, 112.17, 112.58, 112.84, 113.1, 113.56, 113.92, 114.3, 114.62, 114.78, 115.07, 115.13, 115.46, 115.67, 115.87, 116.42, 116.68, 117.05, 117.4, 117.72, 117.92, 118.18, 118.49, 118.66, 118.76, 118.83, 118.96, 119.14]}, {"seed": 6, "kind": "cos", "delta": 0.2, "mu": 0.4, "mean_theta_LR": 113.64030240767694, "std_theta_LR": 1.6263267710336353, "theta_LR_final": 115.61170689600476, "L_collapsed": false, "R_collapsed": false, "L_tvar": 6.355390759334493e-05, "R_tvar": 5.8737092133597155e-05, "both_alive": true, "mean_transport_post": 0.002972294242042272, "class": "segregation", "theta_traj": [90.06, 81.94, 84.8, 87.95, 90.96, 93.22, 94.62, 96.2, 97.78, 99.37, 100.52, 101.59, 102.42, 103.23, 104.15, 104.93, 105.51, 106.12, 106.75, 107.08, 107.7, 108.61, 109.15, 109.74, 110.03, 110.43, 110.87, 111.1, 111.47, 111.7, 111.86, 112.19, 112.58, 112.79, 113.07, 113.1, 113.45, 113.66, 113.87, 114.18, 114.44, 114.64, 114.98, 115.27, 115.43, 115.49, 115.57, 115.5, 115.63, 115.58]}, {"seed": 7, "kind": "cos", "delta": 0.2, "mu": 0.4, "mean_theta_LR": 111.16280018501223, "std_theta_LR": 1.5642797829322295, "theta_LR_final": 113.04856175041307, "L_collapsed": false, "R_collapsed": false, "L_tvar": 5.870882488785013e-05, "R_tvar": 6.285654295748493e-05, "both_alive": true, "mean_transport_post": 0.00289570251700454, "class": "segregation", "theta_traj": [89.96, 81.78, 83.36, 86.5, 89.31, 91.22, 93.15, 94.46, 95.74, 97.12, 98.08, 99.08, 100.44, 101.25, 102.35, 103.3, 104.13, 104.79, 105.19, 105.7, 106.08, 106.46, 106.83, 107.09, 107.43, 107.75, 108.14, 108.59, 109.13, 109.47, 109.58, 109.77, 110.18, 110.3, 110.62, 110.86, 111.29, 111.48, 111.66, 111.83, 112.07, 112.17, 112.39, 112.47, 112.55, 112.82, 112.89, 113.0, 112.95, 113.06]}, {"seed": 8, "kind": "cos", "delta": 0.2, "mu": 0.4, "mean_theta_LR": 118.34456567366071, "std_theta_LR": 0.9954039451797737, "theta_LR_final": 119.53108367821024, "L_collapsed": false, "R_collapsed": false, "L_tvar": 6.087586148467482e-05, "R_tvar": 6.20661262458706e-05, "both_alive": true, "mean_transport_post": 0.0028540094727524004, "class": "segregation", "theta_traj": [89.8, 83.66, 85.81, 88.91, 92.24, 95.16, 97.28, 99.09, 100.83, 102.02, 103.54, 105.02, 106.15, 107.28, 108.69, 109.93, 111.05, 111.77, 112.5, 113.27, 113.91, 114.57, 115.13, 115.58, 115.92, 116.26, 116.49, 116.67, 116.85, 116.98, 117.35, 117.67, 117.85, 118.01, 118.15, 118.21, 118.34, 118.38, 118.54, 118.68, 118.84, 119.05, 119.07, 119.13, 119.22, 119.3, 119.51, 119.56, 119.57, 119.58]}, {"seed": 9, "kind": "cos", "delta": 0.2, "mu": 0.4, "mean_theta_LR": 114.47370490433437, "std_theta_LR": 1.5048101610342886, "theta_LR_final": 116.50848409715071, "L_collapsed": false, "R_collapsed": false, "L_tvar": 6.312839539780144e-05, "R_tvar": 6.067176409819624e-05, "both_alive": true, "mean_transport_post": 0.0030703706096261176, "class": "segregation", "theta_traj": [89.5, 88.85, 91.63, 93.81, 95.95, 98.31, 99.94, 101.22, 102.56, 103.34, 103.81, 104.3, 104.8, 105.1, 105.62, 106.11, 106.88, 107.44, 107.77, 108.52, 109.29, 109.69, 110.09, 110.65, 111.03, 111.42, 111.86, 112.13, 112.26, 112.6, 112.89, 113.32, 113.72, 113.88, 113.94, 114.04, 114.27, 114.52, 114.66, 114.97, 115.13, 115.37, 115.69, 115.79, 115.93, 116.04, 116.15, 116.36, 116.51, 116.48]}, {"seed": 10, "kind": "cos", "delta": 0.2, "mu": 0.4, "mean_theta_LR": 116.12919656870986, "std_theta_LR": 1.144872629461572, "theta_LR_final": 117.686996639824, "L_collapsed": false, "R_collapsed": false, "L_tvar": 5.920452607318667e-05, "R_tvar": 5.860503904989121e-05, "both_alive": true,