{"key": "cos_gp_d0.4_m0.6_s0.016", "records": [{"seed": 0, "kind": "cos", "delta": 0.4, "mu": 0.6, "mean_theta_LR": 120.94269762468221, "std_theta_LR": 0.06614071136778475, "theta_LR_final": 121.10301424330095, "L_collapsed": false, "R_collapsed": false, "L_tvar": 5.9902189386674905e-05, "R_tvar": 5.926343883383855e-05, "both_alive": true, "mean_transport_post": 0.0033983892876743656, "class": "segregation", "theta_traj": [88.68, 85.75, 92.22, 97.5, 101.7, 105.6, 108.44, 111.03, 113.3, 114.99, 116.31, 117.32, 117.85, 118.19, 118.49, 118.9, 119.05, 119.49, 119.83, 119.97, 120.13, 120.33, 120.45, 120.58, 120.73, 120.82, 120.83, 120.82, 120.91, 120.94, 120.96, 121.01, 120.97, 121.0, 121.02, 121.0, 120.96, 120.98, 120.98, 120.89, 120.86, 120.88, 120.87, 120.9, 120.96, 120.91, 120.9, 120.93, 121.02, 121.06]}, {"seed": 1, "kind": "cos", "delta": 0.4, "mu": 0.6, "mean_theta_LR": 120.04618560901284, "std_theta_LR": 0.1727800465318382, "theta_LR_final": 120.16196162278237, "L_collapsed": false, "R_collapsed": false, "L_tvar": 5.905658824855873e-05, "R_tvar": 5.975876720566672e-05, "both_alive": true, "mean_transport_post": 0.003381371490062594, "class": "segregation", "theta_traj": [88.82, 84.62, 90.68, 95.83, 100.36, 104.74, 108.06, 110.5, 112.53, 114.04, 115.15, 115.9, 116.51, 117.08, 117.49, 117.82, 118.19, 118.38, 118.63, 118.69, 118.84, 119.02, 119.08, 119.29, 119.37, 119.43, 119.55, 119.74, 119.83, 119.96, 120.05, 120.1, 120.07, 120.07, 120.14, 120.18, 120.14, 120.12, 120.13, 120.15, 120.1, 120.14, 120.18, 120.12, 120.19, 120.12, 120.06, 120.08, 120.11, 120.11]}, {"seed": 2, "kind": "cos", "delta": 0.4, "mu": 0.6, "mean_theta_LR": 120.25736014223448, "std_theta_LR": 0.23312282459895328, "theta_LR_final": 120.4886056420178, "L_collapsed": false, "R_collapsed": false, "L_tvar": 5.922485738480581e-05, "R_tvar": 5.823839498669659e-05, "both_alive": true, "mean_transport_post": 0.003337659119360079, "class": "segregation", "theta_traj": [87.6, 85.19, 90.87, 96.57, 100.89, 104.36, 107.04, 108.79, 110.01, 111.15, 112.68, 114.01, 115.23, 115.67, 116.02, 116.6, 117.12, 117.7, 118.04, 118.3, 118.38, 118.55, 118.89, 119.18, 119.42, 119.67, 119.81, 119.9, 119.94, 119.95, 119.99, 120.09, 120.09, 120.17, 120.21, 120.2, 120.19, 120.37, 120.39, 120.42, 120.46, 120.43, 120.45, 120.46, 120.49, 120.52, 120.5, 120.49, 120.47, 120.46]}, {"seed": 3, "kind": "cos", "delta": 0.4, "mu": 0.6, "mean_theta_LR": 120.29420024763401, "std_theta_LR": 0.1332252121291439, "theta_LR_final": 120.49997611910626, "L_collapsed": false, "R_collapsed": false, "L_tvar": 6.121872864958365e-05, "R_tvar": 6.011849930716403e-05, "both_alive": true, "mean_transport_post": 0.003348874565793243, "class": "segregation", "theta_traj": [88.31, 85.35, 90.82, 96.58, 101.75, 106.18, 109.28, 111.62, 113.33, 114.73, 115.86, 116.64, 117.42, 117.8, 118.19, 118.3, 118.43, 118.69, 118.95, 119.14, 119.3, 119.45, 119.55, 119.71, 119.93, 120.13, 120.23, 120.36, 120.3, 120.28, 120.25, 120.21, 120.17, 120.16, 120.18, 120.09, 120.1, 120.18, 120.18, 120.19, 120.23, 120.3, 120.3, 120.38, 120.41, 120.49, 120.48, 120.5, 120.51, 120.49]}, {"seed": 4, "kind": "cos", "delta": 0.4, "mu": 0.6, "mean_theta_LR": 120.77449534985986, "std_theta_LR": 0.24952612349394043, "theta_LR_final": 121.03293400232262, "L_collapsed": false, "R_collapsed": false, "L_tvar": 5.73604620374569e-05, "R_tvar": 5.895084781292791e-05, "both_alive": true, "mean_transport_post": 0.003358409886678896, "class": "segregation", "theta_traj": [88.53, 85.1, 91.67, 97.51, 102.33, 106.17, 109.59, 112.44, 113.78, 115.03, 115.96, 116.81, 117.49, 118.21, 118.66, 118.93, 119.25, 119.29, 119.45, 119.62, 119.68, 119.82, 119.87, 120.04, 120.14, 120.25, 120.3, 120.46, 120.54, 120.53, 120.61, 120.58, 120.55, 120.51, 120.57, 120.62, 120.7, 120.89, 120.99, 121.02, 121.09, 121.07, 121.07, 121.04, 120.91, 120.91, 120.91, 120.96, 121.0, 121.06]}, {"seed": 5, "kind": "cos", "delta": 0.4, "mu": 0.6, "mean_theta_LR": 120.60225531280379, "std_theta_LR": 0.20034869525328694, "theta_LR_final": 120.80836488238303, "L_collapsed": false, "R_collapsed": false, "L_tvar": 5.735667115880296e-05, "R_tvar": 5.931824686139354e-05, "both_alive": true, "mean_transport_post": 0.0034611990333055904, "class": "segregation", "theta_traj": [89.47, 88.13, 94.71, 99.02, 102.91, 106.56, 109.43, 111.95, 113.46, 114.76, 115.79, 116.92, 117.83, 118.35, 118.73, 119.11, 119.31, 119.58, 119.69, 119.6, 119.7, 119.75, 119.99, 120.13, 120.15, 120.18, 120.16, 120.25, 120.41, 120.49, 120.49, 120.45, 120.5, 120.55, 120.53, 120.54, 120.61, 120.52, 120.5, 120.56, 120.64, 120.72, 120.76, 120.8, 120.86, 120.83, 120.83, 120.84, 120.87, 120.88]}, {"seed": 6, "kind": "cos", "delta": 0.4, "mu": 0.6, "mean_theta_LR": 119.177259106086, "std_theta_LR": 0.2850414265611418, "theta_LR_final": 119.39141759989104, "L_collapsed": false, "R_collapsed": false, "L_tvar": 6.458672835500357e-05, "R_tvar": 5.529013334566447e-05, "both_alive": true, "mean_transport_post": 0.003325222309013995, "class": "segregation", "theta_traj": [89.61, 82.95, 88.75, 94.05, 98.79, 102.51, 105.12, 107.05, 108.96, 110.64, 112.05, 113.32, 113.96, 114.34, 115.24, 115.81, 116.15, 116.4, 116.91, 117.46, 117.67, 117.94, 118.28, 118.47, 118.48, 118.56, 118.64, 118.71, 118.76, 118.81, 118.91, 118.92, 118.96, 118.97, 119.06, 119.23, 119.37, 119.37, 119.32, 119.31, 119.36, 119.32, 119.36, 119.46, 119.44, 119.48, 119.43, 119.47, 119.43, 119.42]}, {"seed": 7, "kind": "cos", "delta": 0.4, "mu": 0.6, "mean_theta_LR": 119.64290583268078, "std_theta_LR": 0.08384544407847422, "theta_LR_final": 119.6964972907359, "L_collapsed": false, "R_collapsed": false, "L_tvar": 5.954160085139689e-05, "R_tvar": 6.288149649167717e-05, "both_alive": true, "mean_transport_post": 0.003263762216114073, "class": "segregation", "theta_traj": [89.51, 83.24, 90.78, 97.2, 101.88, 105.78, 109.31, 112.19, 114.01, 115.32, 116.17, 116.96, 117.51, 117.86, 118.16, 118.31, 118.52, 118.75, 119.07, 119.2, 119.31, 119.34, 119.44, 119.47, 119.56, 119.48, 119.47, 119.52, 119.6, 119.67, 119.65, 119.51, 119.54, 119.55, 119.61, 119.62, 119.66, 119.69, 119.61, 119.67, 119.69, 119.64, 119.75, 119.72, 119.76, 119.75, 119.75, 119.73, 119.67, 119.7]}, {"seed": 8, "kind": "cos", "delta": 0.4, "mu": 0.6, "mean_theta_LR": 120.11870786813037, "std_theta_LR": 0.17132293057498446, "theta_LR_final": 120.20355821283883, "L_collapsed": false, "R_collapsed": false, "L_tvar": 6.320501280565011e-05, "R_tvar": 5.879854684904582e-05, "both_alive": true, "mean_transport_post": 0.0035349091990108596, "class": "segregation", "theta_traj": [89.34, 84.38, 90.11, 95.7, 101.13, 105.52, 108.52, 111.26, 113.46, 114.85, 116.0, 116.76, 117.52, 118.22, 118.72, 119.0, 119.26, 119.44, 119.4, 119.29, 119.26, 119.2, 119.41, 119.52, 119.69, 119.74, 119.79, 119.79, 119.85, 119.89, 119.91, 120.01, 120.06, 120.19, 120.14, 120.13, 120.15, 120.16, 120.13, 120.17, 120.22, 120.31, 120.28, 120.28, 120.33, 120.24, 120.33, 120.26, 120.23, 120.25]}, {"seed": 9, "kind": "cos", "delta": 0.4, "mu": 0.6, "mean_theta_LR": 120.36358981016097, "std_theta_LR": 0.07172816925989181, "theta_LR_final": 120.58278030652896, "L_collapsed": false, "R_collapsed": false, "L_tvar": 6.0358650558455766e-05, "R_tvar": 5.911525680488678e-05, "both_alive": true, "mean_transport_post": 0.0033551556655829423, "class": "segregation", "theta_traj": [89.04, 89.11, 95.0, 99.02, 103.1, 106.38, 109.06, 111.63, 113.88, 115.1, 116.0, 116.59, 117.04, 117.43, 117.86, 118.16, 118.66, 118.77, 118.89, 119.11, 119.35, 119.67, 119.96, 120.12, 120.18, 120.29, 120.39, 120.38, 120.39, 120.4, 120.38, 120.35, 120.45, 120.39, 120.31, 120.34, 120.33, 120.35, 120.31, 120.26, 120.35, 120.33, 120.33, 120.3, 120.3, 120.31, 120.34, 120.39, 120.49, 120.6]}, {"seed": 10, "kind": "cos", "delta": 0.4, "mu": 0.6, "mean_theta_LR": 120.51008170814569, "std_theta_LR": 0.07745793594878239, "theta_LR_final": 120.65703076448936, "L_collapsed": false, "R_collapsed": false, "L_tvar": 5.784346355324931e-05,