{"key": "cos_gp_d0.4_m1.8_s0.016", "records": [{"seed": 0, "kind": "cos", "delta": 0.4, "mu": 1.8, "mean_theta_LR": 11.377963359881806, "std_theta_LR": 0.2527668777801894, "theta_LR_final": 11.19122360876853, "L_collapsed": false, "R_collapsed": false, "L_tvar": 4.642778395027483e-05, "R_tvar": 4.512674952007648e-05, "both_alive": true, "mean_transport_post": 0.011974643612129231, "class": "fusion", "theta_traj": [85.38, 56.78, 46.39, 40.81, 35.82, 31.86, 28.09, 25.38, 23.69, 22.17, 20.91, 19.61, 18.77, 17.71, 17.14, 16.46, 15.7, 15.23, 14.62, 13.87, 13.42, 13.44, 13.24, 12.9, 12.44, 12.17, 11.86, 11.84, 11.74, 11.61, 11.55, 11.53, 11.51, 11.39, 11.19, 11.32, 11.33, 11.28, 11.19, 11.34, 11.34, 11.26, 11.15, 11.32, 11.24, 11.06, 11.2, 11.21, 11.17, 11.05]}, {"seed": 1, "kind": "cos", "delta": 0.4, "mu": 1.8, "mean_theta_LR": 9.876297861123627, "std_theta_LR": 0.4524445953885689, "theta_LR_final": 9.638866066590447, "L_collapsed": false, "R_collapsed": false, "L_tvar": 4.6035890735250684e-05, "R_tvar": 4.6684845347970236e-05, "both_alive": true, "mean_transport_post": 0.011976457920136388, "class": "fusion", "theta_traj": [85.49, 55.77, 44.65, 37.91, 32.59, 27.93, 24.85, 22.32, 19.84, 18.38, 17.69, 17.27, 16.77, 16.48, 16.06, 15.45, 15.08, 14.59, 13.84, 13.22, 12.82, 12.42, 12.04, 11.9, 11.79, 11.23, 11.0, 10.95, 10.49, 10.35, 10.11, 9.92, 9.73, 9.62, 9.73, 9.68, 9.69, 9.55, 9.67, 9.6, 9.63, 9.71, 9.65, 9.61, 9.57, 9.62, 9.61, 9.59, 9.69, 9.63]}, {"seed": 2, "kind": "cos", "delta": 0.4, "mu": 1.8, "mean_theta_LR": 10.221017996879308, "std_theta_LR": 0.847442722149065, "theta_LR_final": 9.56591625384367, "L_collapsed": false, "R_collapsed": false, "L_tvar": 4.5007429460295184e-05, "R_tvar": 4.4125805006566854e-05, "both_alive": true, "mean_transport_post": 0.011980608986563055, "class": "fusion", "theta_traj": [84.39, 55.76, 45.88, 40.02, 35.37, 31.43, 27.4, 24.24, 22.17, 20.28, 18.64, 17.73, 16.92, 15.75, 14.96, 14.67, 14.14, 13.7, 13.14, 13.02, 12.58, 12.46, 12.38, 12.32, 12.01, 12.19, 12.04, 11.86, 11.61, 11.34, 11.06, 10.75, 10.47, 10.25, 10.02, 9.94, 9.84, 9.97, 9.73, 9.67, 9.63, 9.56, 9.53, 9.62, 9.59, 9.63, 9.55, 9.59, 9.59, 9.51]}, {"seed": 3, "kind": "cos", "delta": 0.4, "mu": 1.8, "mean_theta_LR": 12.275465823275182, "std_theta_LR": 1.0086511258972553, "theta_LR_final": 11.57980623510866, "L_collapsed": false, "R_collapsed": false, "L_tvar": 4.646321229550735e-05, "R_tvar": 4.602896286053915e-05, "both_alive": true, "mean_transport_post": 0.011940021001020396, "class": "fusion", "theta_traj": [85.08, 57.03, 47.81, 42.32, 37.6, 33.97, 30.49, 28.1, 25.92, 24.49, 23.47, 22.26, 21.21, 19.97, 18.47, 17.94, 17.9, 17.71, 17.25, 16.44, 15.82, 15.65, 15.54, 15.3, 14.97, 14.86, 14.56, 14.06, 13.68, 13.08, 13.2, 12.89, 12.81, 12.75, 12.6, 12.5, 12.28, 11.8, 11.56, 11.52, 11.52, 11.49, 11.4, 11.36, 11.36, 11.27, 11.42, 11.38, 11.52, 11.44]}, {"seed": 4, "kind": "cos", "delta": 0.4, "mu": 1.8, "mean_theta_LR": 8.779205360554611, "std_theta_LR": 0.35846948765034925, "theta_LR_final": 8.462569538116647, "L_collapsed": false, "R_collapsed": false, "L_tvar": 4.4266285249981214e-05, "R_tvar": 4.437789075952684e-05, "both_alive": true, "mean_transport_post": 0.012119418395967982, "class": "fusion", "theta_traj": [85.23, 56.05, 45.91, 39.77, 34.87, 30.31, 26.65, 23.96, 21.85, 19.86, 18.51, 17.36, 16.66, 15.47, 14.29, 13.77, 12.73, 11.85, 11.16, 10.47, 10.14, 9.74, 9.69, 9.66, 9.44, 9.47, 9.53, 9.38, 9.25, 9.08, 9.19, 9.09, 9.17, 9.0, 8.91, 8.85, 8.61, 8.64, 8.54, 8.67, 8.6, 8.45, 8.41, 8.47, 8.49, 8.46, 8.43, 8.43, 8.44, 8.38]}, {"seed": 5, "kind": "cos", "delta": 0.4, "mu": 1.8, "mean_theta_LR": 9.954387533488953, "std_theta_LR": 0.05536176494089215, "theta_LR_final": 9.882131687946188, "L_collapsed": false, "R_collapsed": false, "L_tvar": 4.442886154613838e-05, "R_tvar": 4.504811232600536e-05, "both_alive": true, "mean_transport_post": 0.011992849893568181, "class": "fusion", "theta_traj": [86.13, 58.49, 49.25, 42.78, 37.07, 32.67, 28.42, 25.45, 22.87, 20.85, 19.01, 17.47, 15.93, 14.95, 14.05, 13.15, 12.48, 11.9, 11.29, 10.63, 10.45, 10.32, 10.06, 9.99, 10.03, 9.94, 10.07, 9.93, 9.93, 9.98, 10.03, 9.91, 9.91, 10.01, 9.94, 9.93, 9.87, 9.94, 10.0, 9.88, 9.97, 9.88, 9.94, 9.95, 10.0, 9.96, 9.99, 9.91, 9.97, 10.0]}, {"seed": 6, "kind": "cos", "delta": 0.4, "mu": 1.8, "mean_theta_LR": 9.789615970744078, "std_theta_LR": 0.8212609570961495, "theta_LR_final": 8.896218445159716, "L_collapsed": false, "R_collapsed": false, "L_tvar": 4.737628103316139e-05, "R_tvar": 4.3617515698271405e-05, "both_alive": true, "mean_transport_post": 0.011998036120319496, "class": "fusion", "theta_traj": [86.27, 53.17, 43.21, 38.57, 34.25, 31.05, 28.23, 25.87, 24.07, 22.32, 20.82, 19.51, 18.04, 17.1, 16.59, 16.11, 15.37, 15.03, 14.46, 13.93, 13.36, 13.01, 12.46, 12.01, 11.74, 11.3, 11.17, 10.95, 10.72, 10.71, 10.62, 10.42, 10.52, 10.44, 10.52, 10.25, 10.11, 9.77, 9.46, 9.42, 9.06, 8.79, 8.95, 8.97, 8.86, 9.01, 8.93, 8.89, 9.0, 8.93]}, {"seed": 7, "kind": "cos", "delta": 0.4, "mu": 1.8, "mean_theta_LR": 10.702666279914315, "std_theta_LR": 0.3655653383323813, "theta_LR_final": 10.431358243496197, "L_collapsed": false, "R_collapsed": false, "L_tvar": 4.3210106987103795e-05, "R_tvar": 4.463227505610626e-05, "both_alive": true, "mean_transport_post": 0.011990135488821461, "class": "fusion", "theta_traj": [86.14, 55.73, 46.24, 40.6, 35.99, 32.21, 28.75, 25.85, 23.77, 21.15, 18.75, 17.17, 16.38, 15.87, 15.18, 14.52, 14.01, 13.69, 13.59, 13.47, 12.96, 12.49, 12.46, 11.94, 11.88, 11.59, 11.28, 11.16, 11.2, 10.99, 11.14, 11.04, 10.94, 11.04, 10.97, 10.95, 10.83, 10.72, 10.34, 10.37, 10.39, 10.39, 10.35, 10.44, 10.19, 10.43, 10.39, 10.36, 10.28, 10.43]}, {"seed": 8, "kind": "cos", "delta": 0.4, "mu": 1.8, "mean_theta_LR": 12.162152624405913, "std_theta_LR": 0.2549013620257851, "theta_LR_final": 12.011543581182893, "L_collapsed": false, "R_collapsed": false, "L_tvar": 4.504700049835489e-05, "R_tvar": 4.784524637128004e-05, "both_alive": true, "mean_transport_post": 0.012012126490953668, "class": "fusion", "theta_traj": [86.0, 56.16, 45.48, 39.38, 35.14, 31.11, 27.87, 25.21, 22.65, 20.8, 19.51, 18.1, 16.99, 15.85, 14.95, 14.67, 14.18, 13.81, 13.76, 13.22, 13.21, 13.32, 13.13, 13.08, 13.05, 13.18, 12.85, 12.55, 12.48, 12.37, 12.18, 12.1, 12.14, 12.14, 12.14, 12.06, 12.08, 12.02, 12.09, 12.08, 11.96, 12.0, 12.06, 12.06, 11.98, 11.99, 11.92, 11.95, 12.11, 12.08]}, {"seed": 9, "kind": "cos", "delta": 0.4, "mu": 1.8, "mean_theta_LR": 13.240358971595416, "std_theta_LR": 1.2868884446996347, "theta_LR_final": 10.818686994394351, "L_collapsed": false, "R_collapsed": false, "L_tvar": 4.819918323995213e-05, "R_tvar": 4.705270419607559e-05, "both_alive": true, "mean_transport_post": 0.01193862089778046, "class": "fusion", "theta_traj": [85.74, 59.93, 49.77, 42.87, 37.86, 34.73, 32.23, 30.16, 28.55, 26.76, 25.69, 24.61, 23.63, 22.96, 22.25, 21.4, 20.52, 19.97, 19.6, 18.84, 18.24, 17.88, 17.53, 16.8, 16.13, 15.74, 15.41, 15.17, 14.98, 14.76, 14.47, 14.06, 14.11, 13.89, 13.92, 13.6, 13.42, 13.09, 12.88, 12.78, 12.57, 12.68, 12.46, 12.24, 12.41, 12.41, 12.09, 11.81, 11.12, 10.92]}, {"seed": 10, "kind": "cos", "delta": 0.4, "mu": 1.8, "mean_theta_LR": 12.114575596956056, "std_theta_LR": 1.302250452557892, "theta_LR_final": 10.731002058549963, "L_collapsed": false, "R_collapsed": false, "L_tvar": 4.914664540259265e-05, "R_tvar": 4.73241907159738e-05, "both_alive": true, "mean_transport_post": 0.012041978989566951, "class": "fusion", "theta_traj": [84.66, 57.13, 47.45, 41.58, 36.73, 33.55, 31.44, 28.69, 26.46, 24.63, 22.97, 22.06, 20.92, 20.4, 19.74, 18.76, 17.96, 17.66, 17.12, 16.53, 16.01, 15.69, 15.47, 15.19, 15.09, 14.71, 14.09, 14.12, 13.9, 13.68, 13.55, 13.39, 13.24, 12.98, 12.7, 12.55, 12.2, 11.91, 11.84, 11.14, 11.07, 10.82, 10.85, 10.7, 10.8, 10.77, 10.89, 10.75, 10.87, 10.81]}, {"seed": 11, "kind": "cos", "delta": 0.4, "mu": 1.8, "mean_theta_LR": 8.45157348688512, "std_theta_LR": 0.16903765467534068,