{"key": "cos_gp_d0.1_m1.3_s0.016", "records": [{"seed": 0, "kind": "cos", "delta": 0.1, "mu": 1.3, "mean_theta_LR": 10.967797964934588, "std_theta_LR": 1.0850756475714152, "theta_LR_final": 10.161367375915646, "L_collapsed": false, "R_collapsed": false, "L_tvar": 4.890018133689923e-05, "R_tvar": 4.8025150394230566e-05, "both_alive": true, "mean_transport_post": 0.010081070367002648, "class": "fusion", "theta_traj": [86.87, 64.85, 55.71, 49.56, 44.25, 40.44, 37.66, 35.11, 32.93, 30.49, 28.08, 26.13, 23.68, 21.53, 19.4, 17.96, 16.76, 15.95, 15.66, 15.42, 14.75, 14.28, 13.87, 13.68, 13.61, 13.6, 13.35, 13.16, 12.79, 12.19, 11.83, 11.4, 11.52, 11.43, 11.08, 10.74, 10.49, 10.24, 10.37, 10.16, 10.19, 10.03, 10.22, 10.18, 10.24, 10.24, 10.04, 10.17, 10.26, 10.19]}, {"seed": 1, "kind": "cos", "delta": 0.1, "mu": 1.3, "mean_theta_LR": 9.734945597897402, "std_theta_LR": 0.9755324998171575, "theta_LR_final": 8.29897681187484, "L_collapsed": false, "R_collapsed": false, "L_tvar": 4.960321980444402e-05, "R_tvar": 4.9403839629285675e-05, "both_alive": true, "mean_transport_post": 0.010015238931910099, "class": "fusion", "theta_traj": [87.01, 63.62, 54.66, 48.45, 42.48, 38.18, 35.04, 31.97, 29.77, 27.97, 25.85, 24.43, 22.9, 21.86, 20.93, 20.12, 19.31, 18.43, 17.62, 16.62, 15.41, 14.17, 13.6, 12.94, 12.58, 12.3, 11.8, 11.33, 11.13, 10.62, 10.34, 10.15, 9.94, 9.98, 9.88, 9.78, 9.79, 9.77, 9.65, 9.46, 9.48, 9.24, 9.23, 9.3, 8.91, 8.65, 8.68, 8.59, 8.48, 8.32]}, {"seed": 2, "kind": "cos", "delta": 0.1, "mu": 1.3, "mean_theta_LR": 9.277185721075632, "std_theta_LR": 0.797877573104259, "theta_LR_final": 7.895559657819873, "L_collapsed": false, "R_collapsed": false, "L_tvar": 5.0245412993868424e-05, "R_tvar": 4.9823744939131574e-05, "both_alive": true, "mean_transport_post": 0.010088827470652957, "class": "fusion", "theta_traj": [85.85, 63.94, 55.63, 50.47, 45.77, 42.11, 37.98, 34.4, 31.54, 28.9, 26.58, 25.19, 23.17, 21.71, 20.15, 19.2, 18.17, 17.1, 16.11, 15.28, 14.59, 13.54, 12.93, 12.51, 11.8, 11.28, 10.58, 10.27, 10.35, 9.91, 9.87, 9.66, 9.67, 9.58, 9.54, 9.43, 9.35, 9.38, 9.36, 9.35, 9.2, 9.24, 9.06, 8.94, 8.84, 8.62, 8.03, 7.97, 7.93, 7.88]}, {"seed": 3, "kind": "cos", "delta": 0.1, "mu": 1.3, "mean_theta_LR": 13.367159404792657, "std_theta_LR": 0.8377753394672828, "theta_LR_final": 12.425993700803197, "L_collapsed": false, "R_collapsed": false, "L_tvar": 5.093997217895815e-05, "R_tvar": 5.148802356282543e-05, "both_alive": true, "mean_transport_post": 0.010086920693695618, "class": "fusion", "theta_traj": [86.53, 63.35, 55.0, 49.78, 44.78, 41.24, 38.35, 35.66, 33.58, 31.33, 29.12, 27.02, 24.93, 23.3, 21.79, 20.82, 19.41, 18.44, 17.52, 16.7, 16.32, 15.8, 15.37, 15.09, 15.09, 14.83, 14.81, 14.59, 14.48, 14.38, 14.32, 14.22, 13.93, 13.85, 13.69, 13.44, 13.47, 13.47, 13.07, 13.16, 13.13, 12.84, 12.68, 12.59, 12.46, 12.32, 12.34, 12.18, 12.45, 12.47]}, {"seed": 4, "kind": "cos", "delta": 0.1, "mu": 1.3, "mean_theta_LR": 10.278280973788194, "std_theta_LR": 3.0092950230653575, "theta_LR_final": 5.601445766714134, "L_collapsed": false, "R_collapsed": false, "L_tvar": 4.677540520569908e-05, "R_tvar": 4.64321382686518e-05, "both_alive": true, "mean_transport_post": 0.010157459476778881, "class": "fusion", "theta_traj": [86.72, 63.52, 55.07, 49.32, 43.98, 40.71, 37.31, 33.5, 30.12, 27.5, 25.7, 23.98, 22.97, 21.78, 20.84, 20.53, 19.94, 18.86, 18.36, 17.73, 17.08, 16.59, 15.8, 15.48, 15.18, 14.65, 14.33, 13.97, 13.71, 13.62, 13.28, 13.19, 13.0, 12.65, 12.32, 11.93, 11.66, 11.15, 10.38, 9.73, 9.35, 8.46, 7.9, 7.4, 7.1, 6.7, 6.43, 6.23, 5.91, 5.59]}, {"seed": 5, "kind": "cos", "delta": 0.1, "mu": 1.3, "mean_theta_LR": 11.461009586775154, "std_theta_LR": 0.8799607367563319, "theta_LR_final": 9.48001019969237, "L_collapsed": false, "R_collapsed": false, "L_tvar": 4.665004948184071e-05, "R_tvar": 4.80441230191263e-05, "both_alive": true, "mean_transport_post": 0.00997910080201771, "class": "fusion", "theta_traj": [87.65, 66.25, 58.57, 52.23, 47.68, 43.37, 38.9, 35.35, 32.05, 29.08, 26.5, 24.81, 23.35, 22.17, 20.62, 19.36, 18.44, 17.04, 16.2, 15.24, 14.58, 13.83, 13.47, 13.22, 13.06, 13.08, 12.78, 12.74, 12.44, 12.57, 12.17, 12.05, 11.93, 11.48, 11.43, 11.51, 11.41, 11.38, 11.7, 11.5, 11.59, 11.55, 11.4, 10.95, 10.73, 10.32, 10.48, 10.4, 10.06, 9.68]}, {"seed": 6, "kind": "cos", "delta": 0.1, "mu": 1.3, "mean_theta_LR": 7.710917826347726, "std_theta_LR": 1.1759065948763114, "theta_LR_final": 6.535300070060446, "L_collapsed": false, "R_collapsed": false, "L_tvar": 4.975727890118874e-05, "R_tvar": 4.473897187586431e-05, "both_alive": true, "mean_transport_post": 0.010085468375470983, "class": "fusion", "theta_traj": [87.77, 60.34, 51.34, 46.03, 41.53, 38.45, 34.62, 31.26, 28.17, 25.68, 24.0, 22.67, 21.81, 20.79, 19.75, 18.65, 17.78, 16.71, 15.39, 14.87, 14.34, 13.3, 12.07, 11.51, 11.15, 10.66, 10.39, 10.17, 9.57, 9.43, 8.57, 8.1, 7.86, 7.55, 7.24, 7.09, 7.09, 7.07, 7.18, 7.02, 7.16, 7.1, 7.14, 7.08, 7.03, 7.13, 7.0, 6.87, 6.49, 6.5]}, {"seed": 7, "kind": "cos", "delta": 0.1, "mu": 1.3, "mean_theta_LR": 10.06999532506714, "std_theta_LR": 2.0391543333646514, "theta_LR_final": 5.671908111633381, "L_collapsed": false, "R_collapsed": false, "L_tvar": 4.655528070247944e-05, "R_tvar": 4.883855964152306e-05, "both_alive": true, "mean_transport_post": 0.010083544311830964, "class": "fusion", "theta_traj": [87.66, 62.69, 54.11, 48.6, 43.95, 40.41, 36.88, 32.66, 30.01, 27.32, 25.31, 23.0, 21.7, 20.66, 19.27, 18.33, 17.41, 16.97, 16.22, 15.62, 15.14, 14.81, 14.32, 14.05, 13.6, 13.31, 12.89, 12.27, 11.93, 11.52, 11.35, 11.5, 11.22, 11.25, 11.05, 10.73, 10.99, 10.89, 10.82, 10.69, 10.56, 10.19, 9.82, 9.46, 8.81, 7.97, 7.17, 6.66, 6.15, 5.71]}, {"seed": 8, "kind": "cos", "delta": 0.1, "mu": 1.3, "mean_theta_LR": 6.839470349674693, "std_theta_LR": 0.1085795976849725, "theta_LR_final": 6.73034326155803, "L_collapsed": false, "R_collapsed": false, "L_tvar": 4.734793356961243e-05, "R_tvar": 4.877753128126984e-05, "both_alive": true, "mean_transport_post": 0.010162861948637206, "class": "fusion", "theta_traj": [87.51, 63.52, 54.18, 48.02, 42.76, 38.14, 34.31, 30.54, 27.38, 25.43, 23.01, 20.69, 18.98, 17.9, 16.68, 15.63, 14.96, 14.17, 13.39, 11.57, 10.0, 9.58, 8.73, 8.13, 7.82, 7.31, 7.13, 7.05, 6.82, 6.78, 6.91, 6.8, 6.87, 6.88, 6.83, 6.8, 6.73, 6.88, 6.83, 6.8, 6.79, 6.86, 6.82, 6.82, 6.76, 6.76, 6.75, 6.75, 6.81, 6.83]}, {"seed": 9, "kind": "cos", "delta": 0.1, "mu": 1.3, "mean_theta_LR": 13.50668673157349, "std_theta_LR": 2.360096644809904, "theta_LR_final": 9.715708290527592, "L_collapsed": false, "R_collapsed": false, "L_tvar": 5.098299411471321e-05, "R_tvar": 5.048293651901472e-05, "both_alive": true, "mean_transport_post": 0.010092909954570978, "class": "fusion", "theta_traj": [87.23, 67.47, 58.09, 51.16, 46.0, 42.13, 38.88, 36.08, 33.32, 30.97, 29.14, 27.29, 26.0, 24.75, 23.92, 23.07, 22.2, 21.49, 20.92, 20.16, 19.84, 19.41, 18.62, 18.11, 17.74, 17.12, 16.87, 16.49, 16.43, 16.36, 16.22, 15.8, 15.61, 15.26, 15.05, 14.57, 14.21, 13.69, 13.35, 13.02, 12.33, 11.5, 11.34, 10.92, 11.02, 11.04, 10.85, 10.68, 10.58, 10.05]}, {"seed": 10, "kind": "cos", "delta": 0.1, "mu": 1.3, "mean_theta_LR": 7.831168618239221, "std_theta_LR": 1.3529178853338828, "theta_LR_final": 6.029735869725928, "L_collapsed": false, "R_collapsed": false, "L_tvar": 4.634178357427844e-05, "R_tvar": 4.651727232147025e-05, "both_alive": true, "mean_transport_post": 0.0100755042117009, "class": "fusion", "theta_traj": [86.15, 63.64, 55.04, 49.65, 44.7, 39.93, 36.25, 33.22, 29.84, 27.01, 24.63, 22.99, 21.43, 19.95, 17.87, 16.83, 16.01, 15.66, 15.07, 14.95, 14.26, 13.6, 12.91, 12.41, 11.78, 11.45, 11.17, 10.37, 9.27, 8.86, 8.85, 8.46, 8.23, 8.23, 7.93, 7.7, 7.71, 7.58, 7.58, 7.4, 7.48, 7.16, 7.17, 6.95, 6.81, 6.66, 6.56, 6.26, 6.17, 6.1]}, {"seed": 11, "kind": "cos", "delta": 0.1, "mu": 1.3, "mean_theta_LR": 6.786768762110557, "std_theta_LR": 0.7414264739591369, "theta_LR_final": 5.35105779552768, "L_collapsed": false,