{"key": "diff_gp_d0.1_m1.3_s0.016", "records": [{"seed": 0, "kind": "diff", "delta": 0.1, "mu": 1.3, "mean_theta_LR": 5.354795454777917, "std_theta_LR": 0.02444922736223625, "theta_LR_final": 5.32833074667302, "L_collapsed": false, "R_collapsed": false, "L_tvar": 4.946611097442002e-05, "R_tvar": 4.7522008129717816e-05, "both_alive": true, "mean_transport_post": 0.010196789573160848, "class": "fusion", "theta_traj": [81.62, 6.42, 5.7, 5.81, 5.86, 5.79, 5.77, 5.73, 5.67, 5.65, 5.6, 5.61, 5.59, 5.56, 5.55, 5.53, 5.49, 5.49, 5.46, 5.46, 5.45, 5.42, 5.44, 5.42, 5.42, 5.42, 5.41, 5.39, 5.39, 5.36, 5.39, 5.38, 5.37, 5.37, 5.37, 5.34, 5.34, 5.33, 5.34, 5.35, 5.33, 5.36, 5.34, 5.35, 5.34, 5.34, 5.32, 5.34, 5.31, 5.32]}, {"seed": 1, "kind": "diff", "delta": 0.1, "mu": 1.3, "mean_theta_LR": 5.274040562105802, "std_theta_LR": 0.02510788785020377, "theta_LR_final": 5.2407151962982965, "L_collapsed": false, "R_collapsed": false, "L_tvar": 4.9844207933736756e-05, "R_tvar": 5.1405570001942144e-05, "both_alive": true, "mean_transport_post": 0.01020750995450546, "class": "fusion", "theta_traj": [81.84, 6.56, 5.62, 5.73, 5.75, 5.71, 5.69, 5.63, 5.61, 5.57, 5.57, 5.5, 5.51, 5.46, 5.48, 5.43, 5.4, 5.4, 5.39, 5.36, 5.34, 5.34, 5.33, 5.34, 5.32, 5.31, 5.3, 5.3, 5.3, 5.29, 5.28, 5.29, 5.31, 5.3, 5.29, 5.31, 5.27, 5.27, 5.27, 5.26, 5.26, 5.26, 5.24, 5.24, 5.23, 5.26, 5.26, 5.25, 5.24, 5.26]}, {"seed": 2, "kind": "diff", "delta": 0.1, "mu": 1.3, "mean_theta_LR": 5.2268048528824504, "std_theta_LR": 0.024693791440334723, "theta_LR_final": 5.187195345888439, "L_collapsed": false, "R_collapsed": false, "L_tvar": 4.586564613761623e-05, "R_tvar": 4.580946471842763e-05, "both_alive": true, "mean_transport_post": 0.010172535635055789, "class": "fusion", "theta_traj": [80.59, 6.05, 5.54, 5.64, 5.7, 5.64, 5.61, 5.57, 5.54, 5.52, 5.49, 5.47, 5.44, 5.41, 5.39, 5.37, 5.37, 5.32, 5.35, 5.33, 5.3, 5.3, 5.27, 5.28, 5.28, 5.29, 5.25, 5.25, 5.25, 5.27, 5.24, 5.24, 5.24, 5.24, 5.19, 5.22, 5.21, 5.23, 5.23, 5.22, 5.21, 5.21, 5.21, 5.22, 5.2, 5.2, 5.2, 5.21, 5.2, 5.19]}, {"seed": 3, "kind": "diff", "delta": 0.1, "mu": 1.3, "mean_theta_LR": 5.312012607008892, "std_theta_LR": 0.014256998189764714, "theta_LR_final": 5.297321934973676, "L_collapsed": false, "R_collapsed": false, "L_tvar": 5.1174270469496905e-05, "R_tvar": 4.878976909984137e-05, "both_alive": true, "mean_transport_post": 0.010201675504065038, "class": "fusion", "theta_traj": [81.21, 6.32, 5.62, 5.69, 5.73, 5.71, 5.64, 5.63, 5.6, 5.54, 5.54, 5.5, 5.48, 5.48, 5.44, 5.43, 5.41, 5.42, 5.4, 5.36, 5.37, 5.37, 5.35, 5.32, 5.32, 5.34, 5.35, 5.31, 5.31, 5.31, 5.33, 5.3, 5.32, 5.31, 5.32, 5.33, 5.3, 5.32, 5.3, 5.31, 5.31, 5.31, 5.32, 5.3, 5.3, 5.3, 5.28, 5.3, 5.29, 5.29]}, {"seed": 4, "kind": "diff", "delta": 0.1, "mu": 1.3, "mean_theta_LR": 5.351271691347079, "std_theta_LR": 0.014306006872192637, "theta_LR_final": 5.350701865717454, "L_collapsed": false, "R_collapsed": false, "L_tvar": 4.776235597603611e-05, "R_tvar": 4.8102414791764495e-05, "both_alive": true, "mean_transport_post": 0.010228854007079152, "class": "fusion", "theta_traj": [81.46, 6.12, 5.76, 5.79, 5.77, 5.76, 5.73, 5.67, 5.65, 5.61, 5.6, 5.57, 5.55, 5.52, 5.5, 5.48, 5.46, 5.47, 5.44, 5.41, 5.4, 5.39, 5.43, 5.41, 5.37, 5.39, 5.37, 5.35, 5.36, 5.36, 5.36, 5.35, 5.35, 5.35, 5.34, 5.37, 5.35, 5.35, 5.36, 5.34, 5.33, 5.33, 5.34, 5.35, 5.36, 5.37, 5.35, 5.36, 5.32, 5.34]}, {"seed": 5, "kind": "diff", "delta": 0.1, "mu": 1.3, "mean_theta_LR": 5.25625146372897, "std_theta_LR": 0.013582914286415905, "theta_LR_final": 5.23102889909803, "L_collapsed": false, "R_collapsed": false, "L_tvar": 4.718907125497024e-05, "R_tvar": 4.8050112681746864e-05, "both_alive": true, "mean_transport_post": 0.010062065567073307, "class": "fusion", "theta_traj": [82.43, 6.35, 5.63, 5.73, 5.77, 5.74, 5.67, 5.63, 5.6, 5.58, 5.54, 5.51, 5.49, 5.46, 5.44, 5.41, 5.38, 5.36, 5.34, 5.35, 5.32, 5.31, 5.32, 5.31, 5.3, 5.29, 5.27, 5.27, 5.27, 5.26, 5.27, 5.25, 5.25, 5.24, 5.23, 5.24, 5.25, 5.27, 5.24, 5.25, 5.26, 5.27, 5.26, 5.26, 5.28, 5.25, 5.26, 5.25, 5.25, 5.25]}, {"seed": 6, "kind": "diff", "delta": 0.1, "mu": 1.3, "mean_theta_LR": 5.373705769872859, "std_theta_LR": 0.025471768464795166, "theta_LR_final": 5.355192018943859, "L_collapsed": false, "R_collapsed": false, "L_tvar": 5.115884280292422e-05, "R_tvar": 4.738833109886861e-05, "both_alive": true, "mean_transport_post": 0.010233596912689973, "class": "fusion", "theta_traj": [82.47, 6.87, 5.7, 5.82, 5.86, 5.85, 5.78, 5.74, 5.71, 5.65, 5.63, 5.62, 5.58, 5.55, 5.54, 5.53, 5.5, 5.5, 5.49, 5.49, 5.46, 5.46, 5.45, 5.43, 5.43, 5.43, 5.42, 5.42, 5.4, 5.41, 5.39, 5.4, 5.4, 5.39, 5.38, 5.38, 5.36, 5.38, 5.37, 5.36, 5.36, 5.34, 5.36, 5.38, 5.34, 5.37, 5.35, 5.35, 5.36, 5.36]}, {"seed": 7, "kind": "diff", "delta": 0.1, "mu": 1.3, "mean_theta_LR": 5.308128484447847, "std_theta_LR": 0.01611070080799821, "theta_LR_final": 5.299924199468364, "L_collapsed": false, "R_collapsed": false, "L_tvar": 4.478271339279028e-05, "R_tvar": 4.742000936742079e-05, "both_alive": true, "mean_transport_post": 0.010180156119488151, "class": "fusion", "theta_traj": [82.49, 6.53, 5.61, 5.7, 5.77, 5.73, 5.66, 5.64, 5.58, 5.54, 5.52, 5.52, 5.48, 5.48, 5.47, 5.46, 5.43, 5.4, 5.39, 5.38, 5.37, 5.35, 5.38, 5.35, 5.32, 5.33, 5.33, 5.32, 5.33, 5.33, 5.32, 5.32, 5.3, 5.31, 5.3, 5.31, 5.31, 5.32, 5.33, 5.29, 5.29, 5.31, 5.31, 5.3, 5.29, 5.3, 5.29, 5.3, 5.29, 5.29]}, {"seed": 8, "kind": "diff", "delta": 0.1, "mu": 1.3, "mean_theta_LR": 5.234933644458065, "std_theta_LR": 0.02324161132497334, "theta_LR_final": 5.209913781772717, "L_collapsed": false, "R_collapsed": false, "L_tvar": 4.696383742734913e-05, "R_tvar": 4.7881160151382876e-05, "both_alive": true, "mean_transport_post": 0.010248388529750407, "class": "fusion", "theta_traj": [82.2, 6.17, 5.57, 5.64, 5.69, 5.68, 5.6, 5.56, 5.54, 5.49, 5.46, 5.43, 5.43, 5.41, 5.37, 5.37, 5.37, 5.35, 5.34, 5.3, 5.33, 5.31, 5.32, 5.29, 5.28, 5.28, 5.26, 5.26, 5.26, 5.26, 5.25, 5.24, 5.23, 5.24, 5.25, 5.26, 5.25, 5.24, 5.23, 5.22, 5.23, 5.24, 5.24, 5.25, 5.21, 5.23, 5.22, 5.21, 5.2, 5.2]}, {"seed": 9, "kind": "diff", "delta": 0.1, "mu": 1.3, "mean_theta_LR": 5.222330135487613, "std_theta_LR": 0.01229237570349688, "theta_LR_final": 5.215640013291531, "L_collapsed": false, "R_collapsed": false, "L_tvar": 5.0954913767037487e-05, "R_tvar": 4.8610583090124474e-05, "both_alive": true, "mean_transport_post": 0.010153624573601411, "class": "fusion", "theta_traj": [81.99, 6.35, 5.56, 5.62, 5.67, 5.65, 5.59, 5.55, 5.49, 5.48, 5.44, 5.4, 5.4, 5.41, 5.35, 5.34, 5.33, 5.33, 5.29, 5.31, 5.3, 5.29, 5.26, 5.26, 5.25, 5.24, 5.25, 5.23, 5.23, 5.24, 5.22, 5.21, 5.23, 5.23, 5.23, 5.23, 5.21, 5.22, 5.19, 5.21, 5.21, 5.22, 5.21, 5.21, 5.2, 5.2, 5.22, 5.22, 5.21, 5.21]}, {"seed": 10, "kind": "diff", "delta": 0.1, "mu": 1.3, "mean_theta_LR": 5.372392556489031, "std_theta_LR": 0.012686468826088482, "theta_LR_final": 5.3680891845043055, "L_collapsed": false, "R_collapsed": false, "L_tvar": 4.7582571150342e-05, "R_tvar": 4.720170819575488e-05, "both_alive": true, "mean_transport_post": 0.010080678602853832, "class": "fusion", "theta_traj": [81.06, 6.23, 5.76, 5.77, 5.83, 5.79, 5.75, 5.69, 5.67, 5.63, 5.64, 5.61, 5.58, 5.54, 5.54, 5.5, 5.49, 5.48, 5.49, 5.47, 5.46, 5.42, 5.42, 5.42, 5.4, 5.4, 5.4, 5.4, 5.37, 5.36, 5.36, 5.38, 5.39, 5.39, 5.37, 5.39, 5.38, 5.38, 5.36, 5.39, 5.37, 5.37, 5.36, 5.37, 5.37, 5.36, 5.37, 5.36, 5.36, 5.36]}, {"seed": 11, "kind": "diff", "delta": 0.1, "mu": 1.3, "mean_theta_LR": 5.2721949146636495, "std_theta_LR": 0.017669373437037988, "theta_LR_final": 5.263038283626001, "L_collapsed": false, "R_collapsed": false, "L_tvar": 4.4796311260564106e-05, "R_tvar": 4.7446098319696785e-05, "both_alive": true, "mean_transport_post": 0.010193646314658918, "class": "fusion",