{"key": "diff_d0.1_m0.3_s0.016", "records": [{"seed": 0, "kind": "diff", "delta": 0.1, "mu": 0.3, "mean_theta_LR": 15.484361084529478, "std_theta_LR": 0.10970140815557133, "theta_LR_final": 15.412006579495076, "L_collapsed": false, "R_collapsed": false, "L_tvar": 5.583655650788694e-05, "R_tvar": 5.800654866519582e-05, "both_alive": true, "mean_transport_post": 0.004400203463393885, "class": "fusion", "theta_traj": [88.2, 51.39, 37.26, 31.06, 25.39, 22.75, 20.7, 19.44, 18.21, 17.69, 16.94, 16.93, 16.81, 16.65, 16.63, 16.51, 16.36, 16.13, 16.03, 16.07, 16.14, 16.14, 16.14, 16.04, 15.87, 15.69, 15.72, 15.71, 15.7, 15.59, 15.6, 15.47, 15.45, 15.42, 15.49, 15.5, 15.46, 15.45, 15.39, 15.42, 15.39, 15.52, 15.48, 15.47, 15.42, 15.41, 15.33, 15.35, 15.33, 15.43]}, {"seed": 1, "kind": "diff", "delta": 0.1, "mu": 0.3, "mean_theta_LR": 14.7278078566645, "std_theta_LR": 0.15065709398256616, "theta_LR_final": 14.797807303010904, "L_collapsed": false, "R_collapsed": false, "L_tvar": 5.7293267064968e-05, "R_tvar": 5.9307244628651286e-05, "both_alive": true, "mean_transport_post": 0.0044311717877500096, "class": "fusion", "theta_traj": [88.36, 49.75, 34.27, 28.47, 23.52, 20.94, 18.63, 17.01, 16.39, 16.24, 15.86, 15.62, 15.64, 15.53, 15.55, 15.44, 15.42, 15.31, 15.26, 15.17, 15.14, 15.15, 15.21, 15.22, 15.19, 15.11, 15.07, 14.96, 14.92, 14.85, 14.86, 14.67, 14.68, 14.63, 14.62, 14.64, 14.59, 14.59, 14.59, 14.58, 14.58, 14.6, 14.63, 14.69, 14.65, 14.65, 14.7, 14.83, 14.81, 14.84]}, {"seed": 2, "kind": "diff", "delta": 0.1, "mu": 0.3, "mean_theta_LR": 14.35164308197931, "std_theta_LR": 0.05810341939817395, "theta_LR_final": 14.248018624915334, "L_collapsed": false, "R_collapsed": false, "L_tvar": 5.482289801171974e-05, "R_tvar": 5.505398729327368e-05, "both_alive": true, "mean_transport_post": 0.004411832825835477, "class": "fusion", "theta_traj": [87.1, 50.74, 34.61, 27.62, 23.8, 21.14, 19.34, 17.91, 17.25, 16.64, 16.28, 15.93, 15.64, 15.24, 15.18, 15.31, 15.22, 15.05, 14.87, 14.86, 14.85, 14.78, 14.63, 14.57, 14.48, 14.47, 14.34, 14.35, 14.38, 14.39, 14.35, 14.32, 14.31, 14.35, 14.29, 14.35, 14.34, 14.46, 14.44, 14.4, 14.39, 14.44, 14.34, 14.38, 14.34, 14.34, 14.27, 14.28, 14.25, 14.25]}, {"seed": 3, "kind": "diff", "delta": 0.1, "mu": 0.3, "mean_theta_LR": 14.894290981036022, "std_theta_LR": 0.09611114118160907, "theta_LR_final": 14.916744600771995, "L_collapsed": false, "R_collapsed": false, "L_tvar": 5.675547377940305e-05, "R_tvar": 5.72892563383442e-05, "both_alive": true, "mean_transport_post": 0.004435904010301874, "class": "fusion", "theta_traj": [87.78, 50.68, 34.86, 27.76, 22.74, 19.5, 17.74, 17.0, 16.7, 16.41, 16.08, 15.75, 15.7, 15.58, 15.54, 15.47, 15.46, 15.54, 15.46, 15.25, 15.15, 15.03, 14.92, 14.88, 14.85, 14.99, 14.98, 15.03, 15.03, 15.03, 15.03, 14.92, 14.88, 14.9, 14.86, 14.81, 14.72, 14.75, 14.74, 14.79, 14.81, 14.84, 14.92, 14.82, 14.86, 14.93, 15.02, 14.97, 14.86, 14.87]}], "meta": {"N": 4, "T": 2500, "sigma": 0.016, "done": true}}