{"key": "diff_gp_d0.1_m1.8_s0.016", "records": [{"seed": 0, "kind": "diff", "delta": 0.1, "mu": 1.8, "mean_theta_LR": 4.225121270659452, "std_theta_LR": 0.017959874147032276, "theta_LR_final": 4.206220276318133, "L_collapsed": false, "R_collapsed": false, "L_tvar": 4.4275441677058593e-05, "R_tvar": 4.22036660655877e-05, "both_alive": true, "mean_transport_post": 0.012167027905721441, "class": "fusion", "theta_traj": [77.98, 4.43, 4.45, 4.52, 4.57, 4.51, 4.51, 4.49, 4.45, 4.45, 4.39, 4.4, 4.38, 4.36, 4.35, 4.34, 4.32, 4.32, 4.29, 4.29, 4.28, 4.28, 4.29, 4.26, 4.28, 4.27, 4.26, 4.24, 4.26, 4.24, 4.26, 4.25, 4.25, 4.24, 4.23, 4.21, 4.21, 4.21, 4.21, 4.21, 4.21, 4.24, 4.21, 4.22, 4.21, 4.21, 4.2, 4.22, 4.19, 4.2]}, {"seed": 1, "kind": "diff", "delta": 0.1, "mu": 1.8, "mean_theta_LR": 4.15954087157805, "std_theta_LR": 0.01714648238890884, "theta_LR_final": 4.139271152306521, "L_collapsed": false, "R_collapsed": false, "L_tvar": 4.504152204904819e-05, "R_tvar": 4.6021979237545576e-05, "both_alive": true, "mean_transport_post": 0.012180065664288958, "class": "fusion", "theta_traj": [78.21, 4.34, 4.37, 4.47, 4.49, 4.47, 4.44, 4.41, 4.39, 4.37, 4.37, 4.33, 4.34, 4.3, 4.29, 4.27, 4.25, 4.26, 4.25, 4.24, 4.21, 4.21, 4.21, 4.22, 4.2, 4.2, 4.19, 4.18, 4.18, 4.16, 4.16, 4.16, 4.18, 4.17, 4.17, 4.18, 4.16, 4.15, 4.17, 4.15, 4.16, 4.16, 4.13, 4.13, 4.13, 4.15, 4.15, 4.15, 4.14, 4.15]}, {"seed": 2, "kind": "diff", "delta": 0.1, "mu": 1.8, "mean_theta_LR": 4.141130351081126, "std_theta_LR": 0.017013268949268755, "theta_LR_final": 4.112319405082013, "L_collapsed": false, "R_collapsed": false, "L_tvar": 4.357344117918867e-05, "R_tvar": 4.440896307825446e-05, "both_alive": true, "mean_transport_post": 0.012216804837359405, "class": "fusion", "theta_traj": [76.99, 4.39, 4.35, 4.42, 4.47, 4.44, 4.41, 4.38, 4.36, 4.33, 4.31, 4.3, 4.29, 4.26, 4.26, 4.24, 4.23, 4.2, 4.22, 4.2, 4.19, 4.2, 4.17, 4.17, 4.18, 4.19, 4.16, 4.14, 4.15, 4.16, 4.15, 4.14, 4.15, 4.15, 4.11, 4.15, 4.14, 4.15, 4.14, 4.13, 4.13, 4.13, 4.13, 4.13, 4.12, 4.12, 4.12, 4.13, 4.12, 4.12]}, {"seed": 3, "kind": "diff", "delta": 0.1, "mu": 1.8, "mean_theta_LR": 4.191878302953389, "std_theta_LR": 0.01134441870397258, "theta_LR_final": 4.18264561118568, "L_collapsed": false, "R_collapsed": false, "L_tvar": 4.646301710848465e-05, "R_tvar": 4.544058524851467e-05, "both_alive": true, "mean_transport_post": 0.012213517466744971, "class": "fusion", "theta_traj": [77.58, 4.4, 4.37, 4.46, 4.49, 4.48, 4.43, 4.41, 4.39, 4.35, 4.37, 4.35, 4.33, 4.31, 4.28, 4.28, 4.28, 4.27, 4.26, 4.23, 4.24, 4.23, 4.22, 4.2, 4.2, 4.21, 4.22, 4.19, 4.2, 4.19, 4.19, 4.18, 4.2, 4.19, 4.2, 4.21, 4.18, 4.2, 4.18, 4.19, 4.19, 4.19, 4.2, 4.19, 4.18, 4.18, 4.17, 4.18, 4.17, 4.18]}, {"seed": 4, "kind": "diff", "delta": 0.1, "mu": 1.8, "mean_theta_LR": 4.231867687328053, "std_theta_LR": 0.013421659209142232, "theta_LR_final": 4.227143726722903, "L_collapsed": false, "R_collapsed": false, "L_tvar": 4.6519194464907616e-05, "R_tvar": 4.677438775399258e-05, "both_alive": true, "mean_transport_post": 0.012311758135286748, "class": "fusion", "theta_traj": [77.82, 4.47, 4.45, 4.52, 4.52, 4.52, 4.48, 4.45, 4.44, 4.4, 4.39, 4.38, 4.36, 4.35, 4.34, 4.32, 4.3, 4.31, 4.29, 4.27, 4.27, 4.26, 4.28, 4.27, 4.25, 4.27, 4.26, 4.24, 4.24, 4.24, 4.24, 4.22, 4.23, 4.24, 4.22, 4.24, 4.24, 4.23, 4.25, 4.23, 4.22, 4.21, 4.22, 4.23, 4.24, 4.24, 4.22, 4.23, 4.2, 4.22]}, {"seed": 5, "kind": "diff", "delta": 0.1, "mu": 1.8, "mean_theta_LR": 4.1686352082746705, "std_theta_LR": 0.01408966132810091, "theta_LR_final": 4.146543382362057, "L_collapsed": false, "R_collapsed": false, "L_tvar": 4.356262966278283e-05, "R_tvar": 4.484357445707021e-05, "both_alive": true, "mean_transport_post": 0.012174350548393336, "class": "fusion", "theta_traj": [78.78, 4.42, 4.39, 4.47, 4.5, 4.48, 4.44, 4.42, 4.4, 4.39, 4.35, 4.32, 4.32, 4.3, 4.29, 4.29, 4.28, 4.26, 4.24, 4.26, 4.21, 4.2, 4.21, 4.21, 4.21, 4.2, 4.19, 4.19, 4.19, 4.19, 4.19, 4.18, 4.17, 4.16, 4.15, 4.15, 4.16, 4.18, 4.15, 4.15, 4.17, 4.18, 4.16, 4.16, 4.18, 4.15, 4.17, 4.16, 4.16, 4.17]}, {"seed": 6, "kind": "diff", "delta": 0.1, "mu": 1.8, "mean_theta_LR": 4.25399392037369, "std_theta_LR": 0.016654422002021493, "theta_LR_final": 4.243920544762958, "L_collapsed": false, "R_collapsed": false, "L_tvar": 4.752808733632374e-05, "R_tvar": 4.4211037402333984e-05, "both_alive": true, "mean_transport_post": 0.012181202216829709, "class": "fusion", "theta_traj": [78.79, 4.47, 4.45, 4.55, 4.58, 4.59, 4.53, 4.49, 4.48, 4.45, 4.42, 4.43, 4.41, 4.36, 4.36, 4.35, 4.33, 4.34, 4.34, 4.32, 4.31, 4.3, 4.3, 4.28, 4.28, 4.29, 4.28, 4.29, 4.27, 4.28, 4.27, 4.27, 4.27, 4.26, 4.26, 4.26, 4.25, 4.27, 4.26, 4.25, 4.24, 4.22, 4.24, 4.26, 4.24, 4.25, 4.24, 4.24, 4.25, 4.25]}, {"seed": 7, "kind": "diff", "delta": 0.1, "mu": 1.8, "mean_theta_LR": 4.204400075343032, "std_theta_LR": 0.010361972219503694, "theta_LR_final": 4.200708156334787, "L_collapsed": false, "R_collapsed": false, "L_tvar": 4.5427316732080454e-05, "R_tvar": 4.6739674473039716e-05, "both_alive": true, "mean_transport_post": 0.012216191587763388, "class": "fusion", "theta_traj": [78.85, 4.38, 4.37, 4.46, 4.5, 4.49, 4.44, 4.42, 4.39, 4.38, 4.35, 4.35, 4.31, 4.31, 4.32, 4.3, 4.29, 4.26, 4.26, 4.25, 4.26, 4.24, 4.26, 4.24, 4.22, 4.22, 4.22, 4.21, 4.21, 4.2, 4.21, 4.21, 4.19, 4.21, 4.19, 4.2, 4.21, 4.21, 4.22, 4.19, 4.2, 4.22, 4.22, 4.21, 4.2, 4.21, 4.2, 4.2, 4.19, 4.19]}, {"seed": 8, "kind": "diff", "delta": 0.1, "mu": 1.8, "mean_theta_LR": 4.1331698769258445, "std_theta_LR": 0.016397305883018496, "theta_LR_final": 4.1226019104010705, "L_collapsed": false, "R_collapsed": false, "L_tvar": 4.382172839365607e-05, "R_tvar": 4.5885380983999826e-05, "both_alive": true, "mean_transport_post": 0.012227435235740948, "class": "fusion", "theta_traj": [78.53, 4.32, 4.33, 4.39, 4.44, 4.45, 4.39, 4.37, 4.34, 4.32, 4.3, 4.28, 4.28, 4.26, 4.23, 4.24, 4.23, 4.21, 4.2, 4.18, 4.2, 4.18, 4.19, 4.17, 4.16, 4.16, 4.15, 4.15, 4.15, 4.16, 4.15, 4.14, 4.13, 4.14, 4.15, 4.15, 4.15, 4.14, 4.13, 4.13, 4.13, 4.13, 4.13, 4.14, 4.11, 4.13, 4.12, 4.12, 4.12, 4.11]}, {"seed": 9, "kind": "diff", "delta": 0.1, "mu": 1.8, "mean_theta_LR": 4.124755747306028, "std_theta_LR": 0.01117119259014048, "theta_LR_final": 4.116957934389159, "L_collapsed": false, "R_collapsed": false, "L_tvar": 4.758858002070731e-05, "R_tvar": 4.565999395929493e-05, "both_alive": true, "mean_transport_post": 0.01220954223226343, "class": "fusion", "theta_traj": [78.34, 4.31, 4.32, 4.4, 4.42, 4.41, 4.39, 4.36, 4.33, 4.3, 4.28, 4.26, 4.25, 4.24, 4.22, 4.21, 4.2, 4.21, 4.18, 4.2, 4.18, 4.17, 4.16, 4.16, 4.15, 4.14, 4.15, 4.14, 4.13, 4.15, 4.13, 4.12, 4.13, 4.13, 4.13, 4.12, 4.12, 4.12, 4.11, 4.12, 4.12, 4.12, 4.12, 4.12, 4.1, 4.11, 4.12, 4.12, 4.11, 4.11]}, {"seed": 10, "kind": "diff", "delta": 0.1, "mu": 1.8, "mean_theta_LR": 4.244624697841671, "std_theta_LR": 0.01129492332938773, "theta_LR_final": 4.239207068101199, "L_collapsed": false, "R_collapsed": false, "L_tvar": 4.381381702439576e-05, "R_tvar": 4.3847851641064096e-05, "both_alive": true, "mean_transport_post": 0.01213517474960189, "class": "fusion", "theta_traj": [77.48, 4.45, 4.46, 4.5, 4.55, 4.53, 4.49, 4.46, 4.43, 4.42, 4.41, 4.39, 4.38, 4.36, 4.35, 4.33, 4.32, 4.31, 4.32, 4.3, 4.3, 4.28, 4.28, 4.28, 4.26, 4.26, 4.27, 4.27, 4.25, 4.24, 4.23, 4.25, 4.26, 4.26, 4.25, 4.26, 4.26, 4.25, 4.24, 4.25, 4.23, 4.23, 4.23, 4.24, 4.24, 4.24, 4.24, 4.23, 4.23, 4.23]}, {"seed": 11, "kind": "diff", "delta": 0.1, "mu": 1.8, "mean_theta_LR": 4.170286442293302, "std_theta_LR": 0.010600719709453674, "theta_LR_final": 4.17036796350412, "L_collapsed": false, "R_collapsed": false, "L_tvar": 4.3385500567683934e-05, "R_tvar": 4.4937735517992513e-05, "both_alive": true, "mean_transport_post": 0.012200826551127277, "class": "fusion",