{"key": "diff_gp_d0.1_m0.4_s0.016", "records": [{"seed": 0, "kind": "diff", "delta": 0.1, "mu": 0.4, "mean_theta_LR": 12.387099679087514, "std_theta_LR": 0.07544920576899997, "theta_LR_final": 12.303322538666754, "L_collapsed": false, "R_collapsed": false, "L_tvar": 5.589410142906062e-05, "R_tvar": 5.7755721514451726e-05, "both_alive": true, "mean_transport_post": 0.005234836390211874, "class": "fusion", "theta_traj": [87.58, 44.05, 28.5, 21.47, 17.77, 16.04, 14.63, 13.53, 13.25, 13.07, 13.02, 13.04, 12.94, 12.89, 12.88, 12.85, 12.81, 12.68, 12.65, 12.66, 12.6, 12.58, 12.57, 12.52, 12.5, 12.52, 12.52, 12.51, 12.55, 12.47, 12.52, 12.43, 12.38, 12.38, 12.41, 12.38, 12.35, 12.31, 12.32, 12.36, 12.32, 12.4, 12.34, 12.33, 12.31, 12.35, 12.33, 12.33, 12.32, 12.28]}, {"seed": 1, "kind": "diff", "delta": 0.1, "mu": 0.4, "mean_theta_LR": 11.9544955396585, "std_theta_LR": 0.09193901557558071, "theta_LR_final": 11.81411460061592, "L_collapsed": false, "R_collapsed": false, "L_tvar": 5.412066443715327e-05, "R_tvar": 5.5903193865124146e-05, "both_alive": true, "mean_transport_post": 0.005231699712051185, "class": "fusion", "theta_traj": [87.75, 41.81, 26.63, 20.97, 16.78, 14.76, 13.87, 13.46, 13.16, 12.74, 12.64, 12.66, 12.49, 12.45, 12.49, 12.4, 12.34, 12.31, 12.3, 12.29, 12.26, 12.29, 12.27, 12.21, 12.17, 12.11, 12.11, 12.08, 12.13, 12.06, 12.0, 11.99, 12.04, 12.0, 12.04, 12.0, 11.95, 11.9, 11.93, 11.92, 11.94, 11.94, 11.88, 11.87, 11.83, 11.87, 11.91, 11.87, 11.8, 11.82]}, {"seed": 2, "kind": "diff", "delta": 0.1, "mu": 0.4, "mean_theta_LR": 11.901638857226834, "std_theta_LR": 0.08838359933019832, "theta_LR_final": 11.839113090179387, "L_collapsed": false, "R_collapsed": false, "L_tvar": 5.734894336331289e-05, "R_tvar": 5.4211818302681285e-05, "both_alive": true, "mean_transport_post": 0.005247698623961832, "class": "fusion", "theta_traj": [86.5, 43.63, 28.11, 21.67, 16.53, 14.69, 13.76, 13.47, 13.2, 12.96, 12.76, 12.61, 12.56, 12.48, 12.49, 12.39, 12.3, 12.25, 12.22, 12.16, 12.09, 12.1, 12.06, 11.99, 12.02, 12.04, 12.05, 12.03, 12.03, 12.02, 11.96, 11.97, 11.92, 11.91, 11.85, 11.96, 11.91, 12.03, 11.9, 11.89, 11.77, 11.81, 11.8, 11.84, 11.79, 11.79, 11.8, 11.83, 11.83, 11.79]}, {"seed": 3, "kind": "diff", "delta": 0.1, "mu": 0.4, "mean_theta_LR": 12.06412486950983, "std_theta_LR": 0.06615117849741362, "theta_LR_final": 12.000424003424815, "L_collapsed": false, "R_collapsed": false, "L_tvar": 5.767187819227061e-05, "R_tvar": 5.625659744167954e-05, "both_alive": true, "mean_transport_post": 0.005248899523887293, "class": "fusion", "theta_traj": [87.17, 42.62, 27.41, 21.74, 17.54, 15.49, 14.35, 13.93, 13.42, 13.05, 13.07, 12.81, 12.66, 12.53, 12.43, 12.44, 12.37, 12.41, 12.4, 12.36, 12.37, 12.38, 12.33, 12.38, 12.31, 12.29, 12.18, 12.14, 12.09, 12.05, 12.06, 12.02, 12.03, 12.01, 12.02, 12.05, 12.03, 12.12, 12.13, 12.16, 12.12, 12.14, 12.16, 12.02, 12.01, 12.0, 11.97, 11.97, 11.97, 11.99]}, {"seed": 4, "kind": "diff", "delta": 0.1, "mu": 0.4, "mean_theta_LR": 12.189234078887608, "std_theta_LR": 0.07963232045609704, "theta_LR_final": 12.09183587301452, "L_collapsed": false, "R_collapsed": false, "L_tvar": 5.728380057110854e-05, "R_tvar": 5.543030058656732e-05, "both_alive": true, "mean_transport_post": 0.005234206811977515, "class": "fusion", "theta_traj": [87.42, 44.57, 29.29, 22.23, 18.24, 15.42, 14.03, 13.64, 13.31, 13.16, 13.14, 12.8, 12.8, 12.66, 12.64, 12.62, 12.52, 12.48, 12.38, 12.33, 12.29, 12.27, 12.32, 12.33, 12.3, 12.37, 12.37, 12.32, 12.28, 12.24, 12.26, 12.23, 12.24, 12.21, 12.19, 12.21, 12.17, 12.23, 12.23, 12.14, 12.12, 12.07, 12.09, 12.07, 12.14, 12.15, 12.15, 12.17, 12.14, 12.1]}, {"seed": 5, "kind": "diff", "delta": 0.1, "mu": 0.4, "mean_theta_LR": 11.740029071200663, "std_theta_LR": 0.06432985070493069, "theta_LR_final": 11.63762657539431, "L_collapsed": false, "R_collapsed": false, "L_tvar": 5.4993468393667595e-05, "R_tvar": 5.730394566926079e-05, "both_alive": true, "mean_transport_post": 0.005219876928474579, "class": "fusion", "theta_traj": [88.38, 43.54, 28.92, 22.3, 17.6, 15.21, 13.88, 13.11, 12.85, 12.77, 12.57, 12.48, 12.33, 12.24, 12.14, 12.14, 12.12, 12.11, 12.09, 12.13, 12.03, 12.01, 11.96, 11.91, 11.92, 11.86, 11.86, 11.84, 11.78, 11.79, 11.8, 11.8, 11.81, 11.75, 11.67, 11.73, 11.74, 11.77, 11.76, 11.75, 11.78, 11.75, 11.69, 11.68, 11.7, 11.67, 11.66, 11.67, 11.64, 11.66]}, {"seed": 6, "kind": "diff", "delta": 0.1, "mu": 0.4, "mean_theta_LR": 12.02279798450156, "std_theta_LR": 0.07651464148266696, "theta_LR_final": 11.888561779407292, "L_collapsed": false, "R_collapsed": false, "L_tvar": 6.095450253114e-05, "R_tvar": 5.105262187629683e-05, "both_alive": true, "mean_transport_post": 0.005234538989255138, "class": "fusion", "theta_traj": [88.48, 40.69, 25.82, 20.05, 16.02, 14.55, 13.93, 13.71, 13.37, 13.19, 13.01, 13.03, 12.87, 12.84, 12.71, 12.56, 12.48, 12.35, 12.3, 12.35, 12.3, 12.28, 12.21, 12.18, 12.2, 12.18, 12.13, 12.15, 12.11, 12.11, 12.09, 12.11, 12.08, 12.07, 12.04, 12.03, 12.02, 12.0, 12.0, 11.99, 11.94, 11.96, 11.97, 12.0, 11.95, 12.0, 11.99, 11.93, 11.9, 11.9]}, {"seed": 7, "kind": "diff", "delta": 0.1, "mu": 0.4, "mean_theta_LR": 12.001833796402792, "std_theta_LR": 0.10686023209473666, "theta_LR_final": 11.969085116280088, "L_collapsed": false, "R_collapsed": false, "L_tvar": 5.326097111192536e-05, "R_tvar": 5.398486695435275e-05, "both_alive": true, "mean_transport_post": 0.005204657976451085, "class": "fusion", "theta_traj": [88.43, 41.13, 25.64, 20.64, 17.2, 15.51, 14.24, 13.59, 13.36, 13.36, 12.86, 12.75, 12.77, 12.71, 12.68, 12.48, 12.4, 12.41, 12.39, 12.32, 12.27, 12.2, 12.3, 12.2, 12.23, 12.28, 12.31, 12.21, 12.11, 12.1, 12.04, 12.0, 11.97, 11.99, 11.98, 11.96, 11.98, 11.98, 11.99, 11.96, 11.93, 11.97, 12.05, 11.94, 11.88, 11.9, 11.88, 11.93, 11.92, 11.93]}, {"seed": 8, "kind": "diff", "delta": 0.1, "mu": 0.4, "mean_theta_LR": 11.824078832937852, "std_theta_LR": 0.07498778737302879, "theta_LR_final": 11.785439286276539, "L_collapsed": false, "R_collapsed": false, "L_tvar": 5.444942886259197e-05, "R_tvar": 5.748297891921324e-05, "both_alive": true, "mean_transport_post": 0.005232401821316656, "class": "fusion", "theta_traj": [88.22, 42.46, 26.52, 19.83, 16.5, 14.85, 13.69, 12.86, 12.8, 12.6, 12.51, 12.38, 12.42, 12.46, 12.31, 12.24, 12.28, 12.16, 12.17, 12.1, 12.13, 11.97, 12.0, 11.95, 11.95, 11.94, 11.95, 11.93, 11.91, 11.91, 11.88, 11.84, 11.86, 11.97, 11.84, 11.81, 11.8, 11.79, 11.8, 11.78, 11.77, 11.78, 11.81, 11.77, 11.74, 11.75, 11.77, 11.76, 11.75, 11.76]}, {"seed": 9, "kind": "diff", "delta": 0.1, "mu": 0.4, "mean_theta_LR": 11.816557900042874, "std_theta_LR": 0.05513232281433946, "theta_LR_final": 11.878380127005894, "L_collapsed": false, "R_collapsed": false, "L_tvar": 5.9461537088068476e-05, "R_tvar": 5.5864720625299524e-05, "both_alive": true, "mean_transport_post": 0.005239486875469766, "class": "fusion", "theta_traj": [87.94, 44.98, 28.43, 21.53, 18.1, 16.16, 14.47, 13.38, 13.09, 12.88, 12.78, 12.56, 12.49, 12.54, 12.34, 12.26, 12.15, 12.2, 12.04, 12.1, 12.06, 12.12, 12.1, 11.99, 11.96, 11.99, 11.93, 11.86, 11.87, 11.82, 11.82, 11.82, 11.82, 11.82, 11.81, 11.94, 11.81, 11.79, 11.74, 11.74, 11.73, 11.82, 11.78, 11.77, 11.73, 11.77, 11.8, 11.8, 11.76, 11.86]}, {"seed": 10, "kind": "diff", "delta": 0.1, "mu": 0.4, "mean_theta_LR": 12.282651776672823, "std_theta_LR": 0.04529510344388527, "theta_LR_final": 12.19895391925256, "L_collapsed": false, "R_collapsed": false, "L_tvar": 5.6408160460515635e-05, "R_tvar": 5.667391764039049e-05, "both_alive": true, "mean_transport_post": 0.005217945382782155, "class": "fusion", "theta_traj": [86.9, 42.52, 26.24, 20.43, 17.02, 15.25, 14.4, 14.14, 13.2, 13.17, 13.13, 12.96, 12.87, 12.78, 12.65, 12.59, 12.55, 12.52, 12.55, 12.51, 12.47, 12.42, 12.46, 12.46, 12.39, 12.37, 12.35, 12.35, 12.3, 12.3, 12.28, 12.31, 12.36, 12.33, 12.3, 12.33, 12.3, 12.3, 12.26, 12.28, 12.27, 12.27, 12.26, 12.25, 12.25, 12.25, 12.27, 12.22, 12.19, 12.19]}, {"seed": 11, "kind": "diff",