{"key": "diff_gp_d0.1_m0.9_s0.016", "records": [{"seed": 0, "kind": "diff", "delta": 0.1, "mu": 0.9, "mean_theta_LR": 6.965190126198778, "std_theta_LR": 0.04777280351526977, "theta_LR_final": 6.927581254103335, "L_collapsed": false, "R_collapsed": false, "L_tvar": 5.351876763413673e-05, "R_tvar": 5.160612879655582e-05, "both_alive": true, "mean_transport_post": 0.008334297125499445, "class": "fusion", "theta_traj": [84.37, 14.76, 9.39, 7.99, 7.68, 7.59, 7.53, 7.47, 7.39, 7.35, 7.3, 7.27, 7.25, 7.22, 7.18, 7.17, 7.13, 7.13, 7.1, 7.11, 7.08, 7.08, 7.1, 7.07, 7.08, 7.09, 7.08, 7.03, 7.02, 7.0, 7.02, 7.02, 6.99, 6.99, 6.98, 6.95, 6.95, 6.95, 6.94, 6.93, 6.92, 6.96, 6.93, 6.94, 6.92, 6.92, 6.91, 6.93, 6.91, 6.91]}, {"seed": 1, "kind": "diff", "delta": 0.1, "mu": 0.9, "mean_theta_LR": 6.823051144803955, "std_theta_LR": 0.03337271499962432, "theta_LR_final": 6.786604139428546, "L_collapsed": false, "R_collapsed": false, "L_tvar": 5.0617418012216516e-05, "R_tvar": 5.1843620174920375e-05, "both_alive": true, "mean_transport_post": 0.008305379682945918, "class": "fusion", "theta_traj": [84.57, 15.7, 8.45, 7.62, 7.52, 7.45, 7.41, 7.35, 7.28, 7.26, 7.22, 7.19, 7.17, 7.13, 7.11, 7.08, 7.03, 7.02, 7.04, 6.99, 6.97, 6.96, 6.96, 6.95, 6.93, 6.88, 6.87, 6.86, 6.87, 6.84, 6.84, 6.85, 6.88, 6.85, 6.83, 6.85, 6.81, 6.8, 6.81, 6.81, 6.8, 6.82, 6.79, 6.79, 6.78, 6.79, 6.8, 6.8, 6.78, 6.8]}, {"seed": 2, "kind": "diff", "delta": 0.1, "mu": 0.9, "mean_theta_LR": 6.748414011047651, "std_theta_LR": 0.03920485247525737, "theta_LR_final": 6.710513563412478, "L_collapsed": false, "R_collapsed": false, "L_tvar": 4.887606950026772e-05, "R_tvar": 5.035920967791675e-05, "both_alive": true, "mean_transport_post": 0.008295704672907947, "class": "fusion", "theta_traj": [83.31, 14.55, 8.38, 7.51, 7.46, 7.38, 7.33, 7.27, 7.19, 7.18, 7.14, 7.13, 7.1, 7.07, 7.06, 7.04, 7.01, 6.91, 6.91, 6.89, 6.86, 6.86, 6.82, 6.82, 6.84, 6.86, 6.8, 6.81, 6.79, 6.81, 6.77, 6.76, 6.74, 6.75, 6.7, 6.75, 6.74, 6.76, 6.75, 6.73, 6.73, 6.72, 6.71, 6.72, 6.7, 6.7, 6.72, 6.73, 6.71, 6.72]}, {"seed": 3, "kind": "diff", "delta": 0.1, "mu": 0.9, "mean_theta_LR": 6.887577349852811, "std_theta_LR": 0.02613535813909708, "theta_LR_final": 6.862025937634395, "L_collapsed": false, "R_collapsed": false, "L_tvar": 5.1241286134102434e-05, "R_tvar": 5.113005646286923e-05, "both_alive": true, "mean_transport_post": 0.00835103418626608, "class": "fusion", "theta_traj": [83.96, 16.13, 9.67, 7.79, 7.51, 7.47, 7.39, 7.38, 7.32, 7.29, 7.29, 7.19, 7.15, 7.13, 7.09, 7.05, 7.02, 7.02, 7.04, 6.97, 6.98, 6.97, 6.95, 6.92, 6.89, 6.93, 6.93, 6.91, 6.9, 6.9, 6.91, 6.89, 6.92, 6.91, 6.9, 6.92, 6.88, 6.9, 6.88, 6.89, 6.88, 6.9, 6.9, 6.85, 6.84, 6.85, 6.83, 6.86, 6.85, 6.86]}, {"seed": 4, "kind": "diff", "delta": 0.1, "mu": 0.9, "mean_theta_LR": 6.9332510882915654, "std_theta_LR": 0.02287865265887476, "theta_LR_final": 6.90251437105958, "L_collapsed": false, "R_collapsed": false, "L_tvar": 5.105248686665984e-05, "R_tvar": 5.0694528553431464e-05, "both_alive": true, "mean_transport_post": 0.008364134834001705, "class": "fusion", "theta_traj": [84.21, 14.23, 9.14, 7.8, 7.62, 7.55, 7.53, 7.51, 7.39, 7.35, 7.3, 7.26, 7.2, 7.2, 7.16, 7.12, 7.1, 7.1, 7.05, 7.03, 7.02, 7.02, 7.05, 7.01, 6.96, 6.99, 6.96, 6.96, 6.95, 6.96, 6.95, 6.95, 6.93, 6.95, 6.94, 6.96, 6.95, 6.93, 6.95, 6.92, 6.91, 6.91, 6.92, 6.92, 6.93, 6.94, 6.91, 6.92, 6.88, 6.89]}, {"seed": 5, "kind": "diff", "delta": 0.1, "mu": 0.9, "mean_theta_LR": 6.770206526994674, "std_theta_LR": 0.02101821823033386, "theta_LR_final": 6.732378011280931, "L_collapsed": false, "R_collapsed": false, "L_tvar": 4.8161015319707656e-05, "R_tvar": 4.9352515249220864e-05, "both_alive": true, "mean_transport_post": 0.008231986420472981, "class": "fusion", "theta_traj": [85.17, 15.0, 8.95, 7.75, 7.54, 7.49, 7.4, 7.3, 7.22, 7.19, 7.14, 7.1, 7.11, 7.07, 7.05, 7.03, 6.97, 6.93, 6.9, 6.93, 6.86, 6.86, 6.86, 6.85, 6.86, 6.84, 6.81, 6.81, 6.79, 6.79, 6.79, 6.77, 6.77, 6.75, 6.75, 6.77, 6.77, 6.77, 6.75, 6.75, 6.77, 6.78, 6.75, 6.75, 6.78, 6.75, 6.76, 6.77, 6.76, 6.76]}, {"seed": 6, "kind": "diff", "delta": 0.1, "mu": 0.9, "mean_theta_LR": 6.930592535215279, "std_theta_LR": 0.044055071844699915, "theta_LR_final": 6.886026668506655, "L_collapsed": false, "R_collapsed": false, "L_tvar": 5.3277053874768116e-05, "R_tvar": 4.8056742996075786e-05, "both_alive": true, "mean_transport_post": 0.008311461880947951, "class": "fusion", "theta_traj": [85.24, 14.07, 9.22, 7.77, 7.66, 7.64, 7.56, 7.49, 7.42, 7.36, 7.34, 7.32, 7.26, 7.22, 7.2, 7.18, 7.13, 7.13, 7.11, 7.07, 7.04, 7.03, 7.03, 7.0, 7.0, 7.02, 7.01, 7.03, 6.98, 6.99, 6.96, 6.97, 6.97, 6.93, 6.95, 6.93, 6.94, 6.92, 6.93, 6.92, 6.91, 6.88, 6.89, 6.91, 6.87, 6.89, 6.88, 6.88, 6.9, 6.89]}, {"seed": 7, "kind": "diff", "delta": 0.1, "mu": 0.9, "mean_theta_LR": 6.860892641021463, "std_theta_LR": 0.02318200771250197, "theta_LR_final": 6.853372007723187, "L_collapsed": false, "R_collapsed": false, "L_tvar": 5.107914949244529e-05, "R_tvar": 5.222704923883568e-05, "both_alive": true, "mean_transport_post": 0.00826348720767388, "class": "fusion", "theta_traj": [85.23, 15.01, 8.77, 7.64, 7.52, 7.47, 7.38, 7.34, 7.31, 7.23, 7.22, 7.2, 7.13, 7.13, 7.11, 7.09, 7.05, 7.01, 6.99, 6.96, 6.96, 6.94, 6.97, 6.94, 6.91, 6.93, 6.92, 6.88, 6.9, 6.87, 6.87, 6.87, 6.84, 6.86, 6.84, 6.85, 6.86, 6.87, 6.88, 6.84, 6.84, 6.87, 6.87, 6.85, 6.84, 6.85, 6.84, 6.85, 6.84, 6.83]}, {"seed": 8, "kind": "diff", "delta": 0.1, "mu": 0.9, "mean_theta_LR": 6.765392803404201, "std_theta_LR": 0.03322880207121635, "theta_LR_final": 6.732371007612401, "L_collapsed": false, "R_collapsed": false, "L_tvar": 4.90939563358647e-05, "R_tvar": 5.120282315888015e-05, "both_alive": true, "mean_transport_post": 0.008316135745435103, "class": "fusion", "theta_traj": [84.98, 12.64, 7.76, 7.39, 7.41, 7.39, 7.28, 7.22, 7.13, 7.12, 7.1, 7.05, 7.03, 7.01, 6.97, 6.97, 6.96, 6.92, 6.91, 6.87, 6.9, 6.88, 6.88, 6.85, 6.84, 6.84, 6.83, 6.82, 6.81, 6.79, 6.78, 6.77, 6.77, 6.77, 6.76, 6.77, 6.77, 6.76, 6.76, 6.75, 6.76, 6.76, 6.76, 6.77, 6.74, 6.76, 6.75, 6.73, 6.72, 6.73]}, {"seed": 9, "kind": "diff", "delta": 0.1, "mu": 0.9, "mean_theta_LR": 6.77020891807048, "std_theta_LR": 0.020591663138754806, "theta_LR_final": 6.753560109071511, "L_collapsed": false, "R_collapsed": false, "L_tvar": 5.207151944518796e-05, "R_tvar": 5.122194507088916e-05, "both_alive": true, "mean_transport_post": 0.008287787374424722, "class": "fusion", "theta_traj": [84.73, 15.79, 8.59, 7.49, 7.4, 7.39, 7.29, 7.23, 7.17, 7.12, 7.07, 7.02, 7.01, 7.0, 6.95, 6.95, 6.92, 6.92, 6.87, 6.89, 6.86, 6.84, 6.82, 6.81, 6.82, 6.8, 6.86, 6.78, 6.77, 6.79, 6.78, 6.77, 6.78, 6.77, 6.78, 6.78, 6.75, 6.77, 6.74, 6.77, 6.75, 6.76, 6.76, 6.75, 6.74, 6.75, 6.76, 6.76, 6.75, 6.75]}, {"seed": 10, "kind": "diff", "delta": 0.1, "mu": 0.9, "mean_theta_LR": 6.963472093786017, "std_theta_LR": 0.029370220153811, "theta_LR_final": 6.945262798729184, "L_collapsed": false, "R_collapsed": false, "L_tvar": 4.916657652787329e-05, "R_tvar": 4.850834568786541e-05, "both_alive": true, "mean_transport_post": 0.008216206922411425, "class": "fusion", "theta_traj": [83.76, 13.75, 8.58, 7.92, 7.84, 7.62, 7.51, 7.42, 7.4, 7.34, 7.32, 7.29, 7.27, 7.22, 7.2, 7.19, 7.17, 7.16, 7.13, 7.1, 7.1, 7.07, 7.06, 7.05, 7.03, 7.01, 7.02, 7.01, 6.98, 6.97, 6.97, 6.98, 7.01, 7.01, 6.99, 6.99, 6.98, 6.97, 6.93, 6.95, 6.94, 6.94, 6.93, 6.93, 6.94, 6.94, 6.95, 6.93, 6.93, 6.94]}, {"seed": 11, "kind": "diff", "delta": 0.1, "mu": 0.9, "mean_theta_LR": 6.819787693265239, "std_theta_LR": 0.01974287963286396, "theta_LR_final": 6.806899528889846, "L_collapsed": false, "R_collapsed": false, "L_tvar": 4.616165340582559e-05, "R_tvar": 4.9047656607588254e-05, "both_alive": true, "mean_transport_post": 0.008315475313697408, "class": "fusion",