{"key": "diff_gp_d0.1_m0.6_s0.016", "records": [{"seed": 0, "kind": "diff", "delta": 0.1, "mu": 0.6, "mean_theta_LR": 9.270097952996519, "std_theta_LR": 0.0478978403805929, "theta_LR_final": 9.233359498913488, "L_collapsed": false, "R_collapsed": false, "L_tvar": 5.3702780124706874e-05, "R_tvar": 5.377970676175858e-05, "both_alive": true, "mean_transport_post": 0.006626507218341653, "class": "fusion", "theta_traj": [86.33, 28.54, 15.36, 12.21, 11.04, 10.63, 10.58, 10.51, 10.08, 9.97, 9.78, 9.75, 9.74, 9.69, 9.61, 9.6, 9.63, 9.55, 9.46, 9.49, 9.43, 9.41, 9.43, 9.38, 9.36, 9.37, 9.35, 9.35, 9.33, 9.29, 9.31, 9.32, 9.3, 9.3, 9.33, 9.28, 9.26, 9.22, 9.25, 9.26, 9.24, 9.27, 9.24, 9.26, 9.23, 9.22, 9.19, 9.21, 9.19, 9.2]}, {"seed": 1, "kind": "diff", "delta": 0.1, "mu": 0.6, "mean_theta_LR": 8.998875558884823, "std_theta_LR": 0.054325558191937844, "theta_LR_final": 8.939289888250972, "L_collapsed": false, "R_collapsed": false, "L_tvar": 5.096164114488083e-05, "R_tvar": 5.49519931897026e-05, "both_alive": true, "mean_transport_post": 0.0065636227668237485, "class": "fusion", "theta_traj": [86.51, 29.02, 14.87, 11.57, 10.35, 10.14, 9.83, 9.82, 9.74, 9.62, 9.59, 9.59, 9.51, 9.41, 9.44, 9.37, 9.35, 9.37, 9.34, 9.25, 9.2, 9.18, 9.15, 9.15, 9.14, 9.11, 9.09, 9.08, 9.1, 9.05, 9.03, 9.01, 9.07, 9.03, 9.0, 9.04, 8.99, 8.97, 8.98, 8.97, 8.96, 8.97, 8.95, 8.95, 8.93, 8.96, 8.96, 8.95, 8.93, 8.95]}, {"seed": 2, "kind": "diff", "delta": 0.1, "mu": 0.6, "mean_theta_LR": 8.903974488737752, "std_theta_LR": 0.057244762008712494, "theta_LR_final": 8.815094778509074, "L_collapsed": false, "R_collapsed": false, "L_tvar": 5.2350435709798155e-05, "R_tvar": 5.416455634361796e-05, "both_alive": true, "mean_transport_post": 0.0066293865230713615, "class": "fusion", "theta_traj": [85.25, 29.24, 14.91, 11.1, 10.05, 9.83, 9.72, 9.61, 9.59, 9.53, 9.48, 9.51, 9.39, 9.33, 9.31, 9.31, 9.3, 9.24, 9.24, 9.16, 9.11, 9.06, 8.99, 9.01, 9.02, 9.04, 8.98, 8.97, 8.96, 8.98, 8.93, 8.94, 8.93, 8.95, 8.91, 8.94, 8.95, 8.94, 8.89, 8.85, 8.82, 8.85, 8.84, 8.88, 8.83, 8.85, 8.85, 8.86, 8.84, 8.82]}, {"seed": 3, "kind": "diff", "delta": 0.1, "mu": 0.6, "mean_theta_LR": 9.087003353294104, "std_theta_LR": 0.034467873392254426, "theta_LR_final": 9.05755949095062, "L_collapsed": false, "R_collapsed": false, "L_tvar": 5.330186804356379e-05, "R_tvar": 5.1522941025198234e-05, "both_alive": true, "mean_transport_post": 0.006588764866831842, "class": "fusion", "theta_traj": [85.91, 29.09, 15.52, 12.43, 11.18, 10.91, 10.49, 10.3, 10.03, 10.05, 9.91, 9.81, 9.67, 9.48, 9.43, 9.37, 9.3, 9.3, 9.31, 9.28, 9.24, 9.23, 9.17, 9.16, 9.13, 9.15, 9.17, 9.14, 9.12, 9.11, 9.11, 9.1, 9.1, 9.09, 9.1, 9.11, 9.07, 9.12, 9.08, 9.08, 9.07, 9.09, 9.11, 9.05, 9.04, 9.04, 9.02, 9.04, 9.04, 9.05]}, {"seed": 4, "kind": "diff", "delta": 0.1, "mu": 0.6, "mean_theta_LR": 9.150110919682364, "std_theta_LR": 0.03963721498458641, "theta_LR_final": 9.109343065949131, "L_collapsed": false, "R_collapsed": false, "L_tvar": 5.251112684792545e-05, "R_tvar": 5.2002858804561904e-05, "both_alive": true, "mean_transport_post": 0.006598145918760598, "class": "fusion", "theta_traj": [86.17, 29.59, 15.5, 11.95, 10.63, 10.14, 9.98, 9.95, 9.77, 9.69, 9.65, 9.54, 9.5, 9.5, 9.46, 9.42, 9.38, 9.37, 9.34, 9.3, 9.3, 9.28, 9.3, 9.26, 9.21, 9.25, 9.21, 9.18, 9.19, 9.16, 9.17, 9.17, 9.21, 9.2, 9.14, 9.17, 9.19, 9.16, 9.16, 9.12, 9.11, 9.11, 9.15, 9.14, 9.12, 9.12, 9.1, 9.12, 9.09, 9.09]}, {"seed": 5, "kind": "diff", "delta": 0.1, "mu": 0.6, "mean_theta_LR": 8.92285265337721, "std_theta_LR": 0.049230333266712334, "theta_LR_final": 8.85497938971078, "L_collapsed": false, "R_collapsed": false, "L_tvar": 4.988357213231198e-05, "R_tvar": 5.1761060782240475e-05, "both_alive": true, "mean_transport_post": 0.006571411833490091, "class": "fusion", "theta_traj": [87.13, 29.91, 14.97, 11.9, 10.83, 10.55, 10.21, 9.79, 9.64, 9.55, 9.48, 9.4, 9.35, 9.29, 9.25, 9.24, 9.2, 9.14, 9.1, 9.12, 9.08, 9.04, 9.07, 9.02, 9.04, 9.0, 8.99, 8.99, 8.99, 9.0, 9.01, 9.0, 8.97, 8.96, 8.9, 8.91, 8.91, 8.89, 8.89, 8.88, 8.9, 8.91, 8.87, 8.88, 8.91, 8.87, 8.87, 8.89, 8.87, 8.89]}, {"seed": 6, "kind": "diff", "delta": 0.1, "mu": 0.6, "mean_theta_LR": 9.118688440997298, "std_theta_LR": 0.05412945550479278, "theta_LR_final": 9.089310966297612, "L_collapsed": false, "R_collapsed": false, "L_tvar": 5.91693989126747e-05, "R_tvar": 5.341450906665729e-05, "both_alive": true, "mean_transport_post": 0.006613894604844638, "class": "fusion", "theta_traj": [87.22, 27.22, 14.27, 11.72, 10.34, 10.27, 10.14, 9.93, 9.8, 9.75, 9.64, 9.59, 9.55, 9.51, 9.53, 9.47, 9.45, 9.43, 9.42, 9.36, 9.32, 9.3, 9.32, 9.24, 9.23, 9.23, 9.26, 9.23, 9.15, 9.16, 9.15, 9.18, 9.17, 9.12, 9.12, 9.11, 9.09, 9.1, 9.12, 9.09, 9.09, 9.05, 9.06, 9.1, 9.06, 9.09, 9.08, 9.08, 9.09, 9.09]}, {"seed": 7, "kind": "diff", "delta": 0.1, "mu": 0.6, "mean_theta_LR": 9.078987044133228, "std_theta_LR": 0.029736380176471115, "theta_LR_final": 9.045869966236525, "L_collapsed": false, "R_collapsed": false, "L_tvar": 5.176490517435719e-05, "R_tvar": 5.401691893965816e-05, "both_alive": true, "mean_transport_post": 0.00656739787332477, "class": "fusion", "theta_traj": [87.18, 28.94, 15.52, 12.37, 10.73, 10.0, 9.83, 9.78, 9.71, 9.56, 9.51, 9.49, 9.49, 9.46, 9.38, 9.31, 9.26, 9.26, 9.21, 9.19, 9.2, 9.18, 9.25, 9.22, 9.15, 9.14, 9.14, 9.1, 9.13, 9.11, 9.1, 9.1, 9.07, 9.09, 9.07, 9.05, 9.06, 9.07, 9.07, 9.05, 9.04, 9.08, 9.1, 9.12, 9.05, 9.06, 9.06, 9.08, 9.05, 9.04]}, {"seed": 8, "kind": "diff", "delta": 0.1, "mu": 0.6, "mean_theta_LR": 8.923749776792787, "std_theta_LR": 0.050121106846992974, "theta_LR_final": 8.872829656798599, "L_collapsed": false, "R_collapsed": false, "L_tvar": 5.4000756459498256e-05, "R_tvar": 5.696392521056218e-05, "both_alive": true, "mean_transport_post": 0.00664408059547699, "class": "fusion", "theta_traj": [86.96, 28.78, 14.79, 11.02, 10.28, 9.95, 9.67, 9.61, 9.6, 9.48, 9.38, 9.33, 9.29, 9.32, 9.22, 9.2, 9.17, 9.15, 9.13, 9.1, 9.13, 9.07, 9.07, 9.02, 9.0, 9.01, 8.98, 9.01, 9.0, 8.99, 8.98, 8.95, 8.96, 8.94, 8.92, 8.92, 8.92, 8.9, 8.91, 8.89, 8.88, 8.9, 8.91, 8.92, 8.9, 8.9, 8.89, 8.87, 8.88, 8.87]}, {"seed": 9, "kind": "diff", "delta": 0.1, "mu": 0.6, "mean_theta_LR": 8.928524139527338, "std_theta_LR": 0.02813918632834764, "theta_LR_final": 8.890635734665505, "L_collapsed": false, "R_collapsed": false, "L_tvar": 5.3913302887744505e-05, "R_tvar": 5.29621814877409e-05, "both_alive": true, "mean_transport_post": 0.006587899779831047, "class": "fusion", "theta_traj": [86.69, 31.36, 16.11, 11.76, 10.91, 10.05, 9.72, 9.62, 9.57, 9.53, 9.49, 9.42, 9.27, 9.25, 9.18, 9.14, 9.1, 9.14, 9.08, 9.11, 9.07, 9.07, 9.04, 9.03, 8.99, 8.98, 8.97, 8.96, 8.93, 8.96, 8.96, 8.95, 8.96, 8.95, 8.96, 8.93, 8.89, 8.91, 8.87, 8.9, 8.93, 8.94, 8.89, 8.91, 8.9, 8.91, 8.92, 8.91, 8.88, 8.89]}, {"seed": 10, "kind": "diff", "delta": 0.1, "mu": 0.6, "mean_theta_LR": 9.245892898434606, "std_theta_LR": 0.03680377244682889, "theta_LR_final": 9.238420468702774, "L_collapsed": false, "R_collapsed": false, "L_tvar": 5.2903900674672036e-05, "R_tvar": 5.388544659504788e-05, "both_alive": true, "mean_transport_post": 0.0065711229498142355, "class": "fusion", "theta_traj": [85.68, 27.67, 14.1, 11.64, 10.39, 10.15, 10.09, 10.0, 9.85, 9.75, 9.72, 9.69, 9.67, 9.58, 9.57, 9.55, 9.53, 9.48, 9.48, 9.45, 9.43, 9.38, 9.39, 9.36, 9.34, 9.34, 9.32, 9.31, 9.27, 9.25, 9.24, 9.27, 9.29, 9.3, 9.28, 9.26, 9.24, 9.24, 9.22, 9.24, 9.22, 9.22, 9.21, 9.22, 9.21, 9.21, 9.22, 9.21, 9.2, 9.22]}, {"seed": 11, "kind": "diff", "delta": 0.1, "mu": 0.6, "mean_theta_LR": 8.999314546639148, "std_theta_LR": 0.02739060172913142, "theta_LR_final": 8.980858719782692, "L_collapsed": false, "R_collapsed": false, "L_tvar": 5.088522761932529e-05, "R_tvar": 5.285861053725086e-05, "both_alive": true, "mean_transport_post": 0.006609395278525428, "class": "fusion",