{"key": "egate_gp_d0.1_m0.9_s0.016", "records": [{"seed": 0, "kind": "egate", "delta": 0.1, "mu": 0.9, "mean_theta_LR": 28.059885360102555, "std_theta_LR": 0.3750089555495682, "theta_LR_final": 27.58554766484931, "L_collapsed": false, "R_collapsed": false, "L_tvar": 5.9265791673523343e-05, "R_tvar": 6.14525474571501e-05, "both_alive": true, "mean_transport_post": 0.0022383446747133006, "class": "sustained", "theta_traj": [89.26, 71.81, 62.28, 57.6, 53.63, 50.85, 47.72, 45.54, 43.54, 41.62, 40.11, 38.75, 37.42, 36.3, 35.24, 34.29, 33.47, 32.53, 31.89, 31.48, 30.79, 30.43, 29.98, 29.73, 29.35, 29.13, 28.81, 28.61, 28.56, 28.41, 28.39, 28.3, 28.37, 28.28, 28.27, 28.04, 27.87, 27.78, 27.7, 27.81, 27.75, 27.7, 27.71, 27.72, 27.74, 27.76, 27.79, 27.95, 27.85, 27.71]}, {"seed": 1, "kind": "egate", "delta": 0.1, "mu": 0.9, "mean_theta_LR": 26.456193413300106, "std_theta_LR": 0.7246495310212508, "theta_LR_final": 25.77667113837511, "L_collapsed": false, "R_collapsed": false, "L_tvar": 5.9218316450542814e-05, "R_tvar": 6.128274164177047e-05, "both_alive": true, "mean_transport_post": 0.0021145132551327896, "class": "sustained", "theta_traj": [89.41, 70.21, 59.23, 51.85, 47.36, 43.94, 41.26, 39.32, 37.31, 35.74, 34.42, 33.21, 31.84, 30.73, 29.87, 29.58, 29.35, 29.25, 28.9, 28.45, 27.94, 27.64, 27.55, 27.3, 27.31, 27.13, 27.17, 27.29, 27.47, 27.35, 27.12, 27.25, 27.33, 27.28, 27.09, 26.94, 26.96, 26.6, 26.19, 25.76, 25.67, 25.81, 25.67, 25.74, 25.75, 25.69, 25.66, 25.72, 25.66, 25.69]}, {"seed": 2, "kind": "egate", "delta": 0.1, "mu": 0.9, "mean_theta_LR": 27.653990472183377, "std_theta_LR": 0.3197266916526635, "theta_LR_final": 27.36732798334465, "L_collapsed": false, "R_collapsed": false, "L_tvar": 6.41201238476382e-05, "R_tvar": 6.0628915263944126e-05, "both_alive": true, "mean_transport_post": 0.0020568097639277103, "class": "sustained", "theta_traj": [88.17, 71.53, 61.07, 54.24, 49.9, 46.32, 43.24, 41.06, 39.44, 38.14, 36.95, 35.86, 34.84, 33.61, 32.58, 31.7, 31.1, 30.45, 30.13, 29.87, 29.55, 29.01, 28.6, 28.33, 28.14, 28.02, 28.06, 28.23, 28.11, 27.89, 28.07, 28.0, 27.92, 27.88, 27.83, 27.79, 27.65, 27.75, 27.59, 27.36, 27.22, 27.24, 27.22, 27.31, 27.25, 27.36, 27.44, 27.44, 27.41, 27.4]}, {"seed": 3, "kind": "egate", "delta": 0.1, "mu": 0.9, "mean_theta_LR": 26.005244344692745, "std_theta_LR": 0.4670717958662813, "theta_LR_final": 25.50376208573372, "L_collapsed": false, "R_collapsed": false, "L_tvar": 6.21307786101723e-05, "R_tvar": 6.393604752296452e-05, "both_alive": true, "mean_transport_post": 0.0021246088743084, "class": "sustained", "theta_traj": [88.86, 72.19, 62.12, 55.43, 50.75, 46.94, 43.44, 41.18, 39.18, 37.33, 35.72, 34.5, 33.03, 31.84, 30.78, 30.05, 29.51, 28.98, 28.85, 28.64, 28.43, 28.24, 27.76, 27.29, 26.98, 26.98, 26.93, 26.81, 26.7, 26.65, 26.69, 26.52, 26.39, 26.03, 25.69, 25.73, 25.76, 25.63, 25.58, 25.65, 25.69, 25.67, 25.66, 25.66, 25.86, 25.86, 25.76, 25.74, 25.6, 25.6]}, {"seed": 4, "kind": "egate", "delta": 0.1, "mu": 0.9, "mean_theta_LR": 26.186966241491223, "std_theta_LR": 0.4785449437729389, "theta_LR_final": 25.83331443273542, "L_collapsed": false, "R_collapsed": false, "L_tvar": 6.262664221777002e-05, "R_tvar": 6.080069618257206e-05, "both_alive": true, "mean_transport_post": 0.0021377074765197416, "class": "sustained", "theta_traj": [89.11, 69.18, 58.78, 53.16, 48.41, 45.56, 43.03, 40.81, 38.95, 37.26, 35.4, 33.87, 32.78, 32.03, 30.91, 30.17, 29.57, 29.14, 28.62, 27.94, 27.54, 27.4, 27.38, 27.32, 27.2, 27.12, 27.01, 26.89, 26.91, 26.84, 26.87, 26.81, 26.69, 26.4, 26.22, 26.06, 25.88, 25.89, 25.81, 25.67, 25.72, 25.63, 25.74, 25.77, 25.89, 25.99, 25.92, 25.94, 25.85, 25.82]}, {"seed": 5, "kind": "egate", "delta": 0.1, "mu": 0.9, "mean_theta_LR": 26.16003176403952, "std_theta_LR": 0.9166557934363321, "theta_LR_final": 25.571180112376627, "L_collapsed": false, "R_collapsed": false, "L_tvar": 5.825372514498207e-05, "R_tvar": 6.123800713972428e-05, "both_alive": true, "mean_transport_post": 0.0021274071982128316, "class": "sustained", "theta_traj": [90.06, 72.47, 63.18, 57.46, 52.87, 49.1, 46.17, 43.93, 41.54, 39.9, 38.1, 36.64, 35.55, 34.2, 33.35, 32.55, 31.69, 31.06, 30.01, 29.68, 29.41, 29.09, 28.87, 28.59, 28.56, 28.56, 28.42, 28.15, 27.66, 27.2, 26.68, 26.37, 26.2, 25.97, 25.78, 25.66, 25.52, 25.56, 25.5, 25.6, 25.46, 25.54, 25.51, 25.63, 25.73, 25.91, 25.89, 25.75, 25.61, 25.51]}, {"seed": 6, "kind": "egate", "delta": 0.1, "mu": 0.9, "mean_theta_LR": 28.42323744507963, "std_theta_LR": 1.1490602620252344, "theta_LR_final": 26.64568295038292, "L_collapsed": false, "R_collapsed": false, "L_tvar": 6.718380695695492e-05, "R_tvar": 5.81814745871387e-05, "both_alive": true, "mean_transport_post": 0.00211200476865854, "class": "sustained", "theta_traj": [90.17, 66.69, 55.57, 49.89, 46.23, 43.53, 41.43, 39.6, 38.49, 37.28, 35.81, 34.8, 33.6, 32.79, 32.47, 31.94, 31.61, 31.52, 31.19, 30.95, 30.66, 30.56, 30.41, 30.13, 30.05, 29.96, 30.13, 30.05, 29.78, 29.66, 29.57, 29.46, 29.62, 29.48, 29.29, 29.14, 28.85, 28.35, 28.22, 28.0, 27.68, 27.41, 27.27, 27.35, 27.3, 27.29, 27.3, 27.11, 26.83, 26.74]}, {"seed": 7, "kind": "egate", "delta": 0.1, "mu": 0.9, "mean_theta_LR": 27.89473619040013, "std_theta_LR": 0.5772455842917285, "theta_LR_final": 27.142104869560978, "L_collapsed": false, "R_collapsed": false, "L_tvar": 5.831042977557065e-05, "R_tvar": 6.24901331497392e-05, "both_alive": true, "mean_transport_post": 0.002064600143310248, "class": "sustained", "theta_traj": [90.1, 68.2, 57.02, 52.14, 47.56, 44.2, 41.06, 39.07, 37.31, 35.47, 33.77, 32.64, 31.77, 30.9, 30.42, 30.05, 29.64, 29.36, 29.2, 28.99, 28.93, 28.56, 28.55, 28.49, 28.74, 28.82, 28.87, 28.99, 28.87, 28.71, 28.54, 28.19, 28.22, 28.25, 28.11, 28.09, 27.91, 27.62, 27.42, 27.31, 27.4, 27.36, 27.39, 27.45, 27.41, 27.43, 27.62, 27.57, 27.29, 27.23]}, {"seed": 8, "kind": "egate", "delta": 0.1, "mu": 0.9, "mean_theta_LR": 26.254619057924252, "std_theta_LR": 0.518200892705338, "theta_LR_final": 25.52971122445067, "L_collapsed": false, "R_collapsed": false, "L_tvar": 6.444736988508011e-05, "R_tvar": 6.494466470666362e-05, "both_alive": true, "mean_transport_post": 0.002122815617289622, "class": "sustained", "theta_traj": [89.93, 70.93, 61.69, 56.49, 53.15, 49.77, 47.27, 44.54, 42.43, 40.37, 38.13, 36.47, 35.31, 34.27, 33.29, 32.86, 32.24, 31.99, 31.25, 30.83, 30.29, 29.43, 28.92, 28.49, 28.05, 27.75, 27.19, 26.99, 26.75, 26.73, 26.75, 26.75, 26.67, 26.61, 26.58, 26.39, 26.2, 26.09, 26.02, 25.98, 25.93, 26.05, 25.94, 25.91, 25.73, 25.7, 25.74, 25.72, 25.68, 25.55]}, {"seed": 9, "kind": "egate", "delta": 0.1, "mu": 0.9, "mean_theta_LR": 26.61433136582374, "std_theta_LR": 0.4922978956516318, "theta_LR_final": 26.668325587681675, "L_collapsed": false, "R_collapsed": false, "L_tvar": 6.186711102320835e-05, "R_tvar": 5.885546413902802e-05, "both_alive": true, "mean_transport_post": 0.002076235376952354, "class": "sustained", "theta_traj": [89.63, 74.0, 62.32, 55.55, 50.75, 47.33, 44.61, 42.24, 40.56, 39.04, 37.51, 36.2, 35.05, 34.0, 33.1, 32.09, 31.23, 30.69, 30.03, 29.49, 29.28, 29.16, 28.7, 28.63, 28.14, 27.93, 27.66, 27.44, 27.27, 27.25, 27.25, 27.03, 26.9, 26.65, 26.46, 26.38, 26.31, 26.25, 26.23, 26.22, 26.16, 26.17, 26.19, 26.21, 26.24, 26.16, 26.26, 26.38, 26.39, 26.52]}, {"seed": 10, "kind": "egate", "delta": 0.1, "mu": 0.9, "mean_theta_LR": 27.18348425884965, "std_theta_LR": 0.44117387613410486, "theta_LR_final": 26.946467430823034, "L_collapsed": false, "R_collapsed": false, "L_tvar": 6.126212568798774e-05, "R_tvar": 6.49705984735158e-05, "both_alive": true, "mean_transport_post": 0.0021821738551879312, "class": "sustained",