{"key": "egate_gp_d0.2_m1.8_s0.016", "records": [{"seed": 0, "kind": "egate", "delta": 0.2, "mu": 1.8, "mean_theta_LR": 24.31593898922135, "std_theta_LR": 0.13894552173958608, "theta_LR_final": 24.170908517166342, "L_collapsed": false, "R_collapsed": false, "L_tvar": 5.6649815070502315e-05, "R_tvar": 5.680166511412164e-05, "both_alive": true, "mean_transport_post": 0.003569932660071287, "class": "sustained", "theta_traj": [88.53, 61.42, 52.13, 47.98, 44.45, 40.85, 37.72, 35.55, 33.64, 31.69, 29.58, 28.62, 28.07, 27.1, 26.42, 26.04, 26.05, 25.83, 25.5, 25.12, 24.9, 24.79, 24.7, 24.72, 24.77, 24.68, 24.64, 24.57, 24.45, 24.44, 24.46, 24.41, 24.37, 24.35, 24.35, 24.28, 24.28, 24.25, 24.19, 24.18, 24.17, 24.25, 24.24, 24.23, 24.2, 24.19, 24.16, 24.23, 24.24, 24.2]}, {"seed": 1, "kind": "egate", "delta": 0.2, "mu": 1.8, "mean_theta_LR": 23.671874711381427, "std_theta_LR": 0.09766453614170391, "theta_LR_final": 23.461079976183473, "L_collapsed": false, "R_collapsed": false, "L_tvar": 5.5232335178627585e-05, "R_tvar": 5.787036850596725e-05, "both_alive": true, "mean_transport_post": 0.0034124780308811844, "class": "sustained", "theta_traj": [88.7, 59.11, 47.4, 42.83, 39.18, 36.66, 34.08, 31.8, 29.94, 28.07, 27.32, 26.8, 26.38, 26.03, 25.77, 25.33, 24.94, 24.66, 24.52, 24.43, 24.31, 24.21, 24.03, 23.97, 23.94, 23.93, 23.88, 23.81, 23.73, 23.69, 23.63, 23.68, 23.75, 23.71, 23.76, 23.74, 23.67, 23.64, 23.65, 23.65, 23.63, 23.67, 23.72, 23.65, 23.59, 23.6, 23.58, 23.54, 23.55, 23.54]}, {"seed": 2, "kind": "egate", "delta": 0.2, "mu": 1.8, "mean_theta_LR": 24.26913876465769, "std_theta_LR": 0.3238565490298286, "theta_LR_final": 24.022580381870057, "L_collapsed": false, "R_collapsed": false, "L_tvar": 6.272786379866511e-05, "R_tvar": 6.151685451908334e-05, "both_alive": true, "mean_transport_post": 0.003486691817744626, "class": "sustained", "theta_traj": [87.45, 61.16, 50.7, 46.3, 42.8, 39.67, 36.83, 34.33, 32.43, 30.73, 29.86, 29.07, 28.54, 28.36, 27.94, 27.57, 26.93, 26.24, 26.17, 25.96, 25.54, 25.41, 25.38, 25.35, 25.23, 25.14, 24.97, 24.87, 24.75, 24.58, 24.46, 24.47, 24.5, 24.43, 24.24, 24.17, 24.16, 24.18, 24.11, 24.1, 24.05, 24.01, 24.03, 24.05, 23.99, 23.99, 24.0, 23.98, 24.03, 23.98]}, {"seed": 3, "kind": "egate", "delta": 0.2, "mu": 1.8, "mean_theta_LR": 24.52535079583943, "std_theta_LR": 0.045383788246824916, "theta_LR_final": 24.539704734441212, "L_collapsed": false, "R_collapsed": false, "L_tvar": 5.9812328900049146e-05, "R_tvar": 5.672162167085357e-05, "both_alive": true, "mean_transport_post": 0.003509941548576144, "class": "sustained", "theta_traj": [88.15, 61.76, 51.57, 45.98, 41.81, 38.76, 36.34, 34.1, 32.12, 30.74, 29.44, 28.22, 27.46, 26.96, 26.71, 26.35, 25.97, 25.75, 25.64, 25.37, 25.25, 25.1, 24.85, 24.76, 24.75, 24.68, 24.57, 24.54, 24.55, 24.56, 24.54, 24.41, 24.45, 24.5, 24.52, 24.52, 24.58, 24.58, 24.52, 24.53, 24.53, 24.51, 24.52, 24.45, 24.5, 24.49, 24.52, 24.5, 24.54, 24.56]}, {"seed": 4, "kind": "egate", "delta": 0.2, "mu": 1.8, "mean_theta_LR": 25.87377121719864, "std_theta_LR": 0.3195186079124103, "theta_LR_final": 25.654681172212708, "L_collapsed": false, "R_collapsed": false, "L_tvar": 5.767758463000557e-05, "R_tvar": 5.834673593498272e-05, "both_alive": true, "mean_transport_post": 0.0035310356987459457, "class": "sustained", "theta_traj": [88.4, 60.16, 51.21, 47.48, 43.97, 40.43, 37.47, 34.78, 32.74, 31.16, 30.28, 29.85, 29.03, 28.62, 27.92, 27.62, 27.41, 27.24, 26.88, 26.8, 26.81, 26.85, 26.73, 26.77, 26.63, 26.7, 26.69, 26.57, 26.46, 26.27, 26.02, 25.75, 25.72, 25.73, 25.74, 25.75, 25.66, 25.69, 25.8, 25.74, 25.74, 25.75, 25.75, 25.73, 25.77, 25.76, 25.69, 25.66, 25.66, 25.66]}, {"seed": 5, "kind": "egate", "delta": 0.2, "mu": 1.8, "mean_theta_LR": 24.859474486227196, "std_theta_LR": 0.09483592391133229, "theta_LR_final": 24.511320584212843, "L_collapsed": false, "R_collapsed": false, "L_tvar": 5.6219567611085614e-05, "R_tvar": 5.9400216967201686e-05, "both_alive": true, "mean_transport_post": 0.0035020735553256584, "class": "sustained", "theta_traj": [89.35, 62.4, 52.74, 47.65, 43.7, 40.46, 37.24, 35.07, 33.41, 32.02, 30.42, 29.28, 28.58, 27.85, 27.54, 27.08, 26.88, 26.72, 26.52, 26.18, 25.79, 25.6, 25.54, 25.19, 25.04, 24.95, 24.84, 24.83, 24.88, 24.85, 24.82, 24.94, 24.93, 24.89, 24.92, 24.94, 25.0, 25.03, 25.02, 24.93, 24.87, 24.86, 24.76, 24.79, 24.84, 24.81, 24.82, 24.84, 24.71, 24.67]}, {"seed": 6, "kind": "egate", "delta": 0.2, "mu": 1.8, "mean_theta_LR": 23.848648068650288, "std_theta_LR": 0.17386438100503157, "theta_LR_final": 23.622607818844187, "L_collapsed": false, "R_collapsed": false, "L_tvar": 6.253096883482047e-05, "R_tvar": 5.6574239810669055e-05, "both_alive": true, "mean_transport_post": 0.003446914202681897, "class": "sustained", "theta_traj": [89.44, 56.78, 45.79, 41.98, 38.88, 35.97, 33.71, 32.21, 31.31, 30.6, 29.89, 29.45, 28.52, 27.88, 27.4, 27.0, 26.77, 26.37, 26.06, 25.81, 25.56, 25.19, 24.91, 24.72, 24.58, 24.38, 24.35, 24.15, 24.05, 23.91, 23.91, 23.88, 23.88, 23.84, 23.84, 23.84, 23.84, 23.8, 23.84, 23.79, 23.79, 23.73, 23.77, 23.74, 23.73, 23.76, 23.63, 23.66, 23.68, 23.7]}, {"seed": 7, "kind": "egate", "delta": 0.2, "mu": 1.8, "mean_theta_LR": 24.207827217151507, "std_theta_LR": 0.15241625900818306, "theta_LR_final": 24.10368574820769, "L_collapsed": false, "R_collapsed": false, "L_tvar": 5.5013088538458544e-05, "R_tvar": 5.788290351760877e-05, "both_alive": true, "mean_transport_post": 0.003403914038142467, "class": "sustained", "theta_traj": [89.39, 58.94, 48.88, 43.9, 40.3, 37.37, 34.11, 31.45, 30.13, 29.13, 28.09, 27.42, 27.05, 26.71, 26.5, 26.12, 25.66, 25.62, 25.44, 25.19, 25.16, 25.18, 25.04, 24.95, 24.89, 24.62, 24.51, 24.47, 24.47, 24.37, 24.34, 24.23, 24.27, 24.25, 24.24, 24.27, 24.24, 24.17, 24.08, 24.08, 24.07, 24.09, 24.14, 24.12, 24.06, 24.07, 24.05, 24.07, 24.1, 24.09]}, {"seed": 8, "kind": "egate", "delta": 0.2, "mu": 1.8, "mean_theta_LR": 23.70971535801505, "std_theta_LR": 0.07103781778801165, "theta_LR_final": 23.628047040943272, "L_collapsed": false, "R_collapsed": false, "L_tvar": 6.152587306832657e-05, "R_tvar": 6.0583036590133314e-05, "both_alive": true, "mean_transport_post": 0.003442191904778697, "class": "sustained", "theta_traj": [89.21, 59.26, 49.19, 44.94, 40.88, 37.4, 34.58, 31.76, 29.94, 28.78, 27.64, 26.79, 25.95, 25.25, 25.05, 24.89, 24.61, 24.44, 24.21, 24.24, 24.2, 24.12, 24.07, 24.0, 23.95, 23.84, 23.85, 23.75, 23.74, 23.77, 23.78, 23.77, 23.77, 23.77, 23.75, 23.76, 23.76, 23.72, 23.68, 23.65, 23.59, 23.63, 23.63, 23.66, 23.63, 23.65, 23.68, 23.69, 23.67, 23.64]}, {"seed": 9, "kind": "egate", "delta": 0.2, "mu": 1.8, "mean_theta_LR": 23.957220984422005, "std_theta_LR": 0.1207224751754265, "theta_LR_final": 23.83878157643767, "L_collapsed": false, "R_collapsed": false, "L_tvar": 6.085084456912241e-05, "R_tvar": 5.873292728358998e-05, "both_alive": true, "mean_transport_post": 0.0034787022687345413, "class": "sustained", "theta_traj": [88.92, 62.7, 52.11, 47.19, 42.91, 38.84, 35.69, 33.41, 31.2, 29.71, 28.8, 28.14, 27.48, 26.53, 26.0, 25.44, 25.21, 25.06, 24.94, 24.92, 24.74, 24.62, 24.46, 24.37, 24.31, 24.17, 24.14, 24.16, 24.22, 24.2, 24.1, 24.01, 24.01, 23.98, 23.89, 23.91, 23.85, 23.88, 23.83, 23.83, 23.86, 23.87, 23.87, 23.89, 23.86, 23.93, 23.9, 23.92, 23.87, 23.89]}, {"seed": 10, "kind": "egate", "delta": 0.2, "mu": 1.8, "mean_theta_LR": 25.542627746928737, "std_theta_LR": 0.09363081408284957, "theta_LR_final": 25.482608862103927, "L_collapsed": false, "R_collapsed": false, "L_tvar": 6.017645868674801e-05, "R_tvar": 6.310337580388452e-05, "both_alive": true, "mean_transport_post": 0.0034926556784635955, "class": "sustained",