{"key": "egate_gp_d0.1_m0.3_s0.016", "records": [{"seed": 0, "kind": "egate", "delta": 0.1, "mu": 0.3, "mean_theta_LR": 92.89787890033924, "std_theta_LR": 1.8173538039137265, "theta_LR_final": 94.9150698378795, "L_collapsed": false, "R_collapsed": false, "L_tvar": 5.892839868777176e-05, "R_tvar": 5.978884276996927e-05, "both_alive": true, "mean_transport_post": 0.0010329882347065358, "class": "segregation", "theta_traj": [89.73, 83.47, 78.79, 74.62, 70.93, 69.01, 68.04, 67.77, 68.81, 70.46, 72.48, 74.6, 76.39, 78.02, 79.22, 80.44, 81.54, 82.41, 83.33, 84.13, 84.83, 85.96, 87.05, 88.03, 88.61, 89.12, 89.41, 89.83, 89.99, 90.49, 91.15, 91.49, 91.71, 91.89, 92.41, 92.9, 93.06, 93.45, 93.88, 94.31, 94.41, 94.67, 94.67, 94.51, 94.44, 94.37, 94.3, 94.45, 94.49, 94.65]}, {"seed": 1, "kind": "egate", "delta": 0.1, "mu": 0.3, "mean_theta_LR": 86.7201772934046, "std_theta_LR": 0.8140516784767745, "theta_LR_final": 87.95428810613531, "L_collapsed": false, "R_collapsed": false, "L_tvar": 5.875508118007408e-05, "R_tvar": 6.228785342229202e-05, "both_alive": true, "mean_transport_post": 0.0010382688387476427, "class": "segregation", "theta_traj": [89.88, 81.37, 74.43, 69.49, 66.84, 65.38, 64.58, 64.36, 64.94, 66.03, 67.18, 68.24, 69.86, 71.15, 72.98, 74.65, 76.04, 77.28, 78.61, 79.84, 80.77, 81.52, 82.3, 83.21, 83.72, 84.19, 84.81, 85.39, 85.71, 86.03, 86.51, 86.93, 87.05, 86.96, 86.91, 86.85, 86.78, 86.75, 86.7, 86.63, 86.6, 86.5, 86.79, 87.15, 87.2, 87.31, 87.56, 87.7, 87.74, 87.95]}, {"seed": 2, "kind": "egate", "delta": 0.1, "mu": 0.3, "mean_theta_LR": 85.03577120778573, "std_theta_LR": 1.301071600934163, "theta_LR_final": 85.47545925585639, "L_collapsed": false, "R_collapsed": false, "L_tvar": 6.303624555240229e-05, "R_tvar": 6.002707718772454e-05, "both_alive": true, "mean_transport_post": 0.0010907332327035689, "class": "segregation", "theta_traj": [88.63, 83.24, 76.56, 72.34, 69.57, 68.49, 67.38, 66.5, 66.77, 67.24, 68.42, 69.13, 69.81, 70.54, 70.96, 71.88, 72.85, 73.8, 74.99, 76.3, 77.27, 78.27, 78.98, 79.78, 80.54, 81.2, 81.9, 82.58, 83.08, 83.59, 84.03, 84.48, 84.83, 85.13, 85.51, 85.78, 85.69, 85.89, 86.02, 86.18, 86.2, 86.18, 85.9, 85.97, 85.98, 85.83, 85.47, 85.44, 85.45, 85.63]}, {"seed": 3, "kind": "egate", "delta": 0.1, "mu": 0.3, "mean_theta_LR": 89.54525826160798, "std_theta_LR": 0.41399531600706424, "theta_LR_final": 88.50285141306597, "L_collapsed": false, "R_collapsed": false, "L_tvar": 6.0690818074785136e-05, "R_tvar": 6.021724650571767e-05, "both_alive": true, "mean_transport_post": 0.0010420568651344948, "class": "segregation", "theta_traj": [89.32, 84.85, 80.41, 76.71, 73.62, 72.23, 71.23, 70.22, 69.64, 69.53, 70.02, 70.75, 71.87, 73.55, 75.6, 77.61, 79.04, 80.43, 81.65, 82.9, 83.95, 84.91, 85.68, 86.62, 87.28, 88.2, 88.88, 89.37, 89.64, 89.89, 89.7, 89.73, 89.57, 89.58, 89.59, 89.64, 89.77, 89.67, 89.87, 89.92, 89.92, 89.93, 89.91, 89.87, 89.72, 89.66, 89.46, 89.17, 88.93, 88.68]}], "meta": {"N": 4, "T": 2500, "sigma": 0.016, "done": true}}