{"key": "egate_gp_d0.4_m0.6_s0.016", "records": [{"seed": 0, "kind": "egate", "delta": 0.4, "mu": 0.6, "mean_theta_LR": 101.68393383475096, "std_theta_LR": 3.004128071262957, "theta_LR_final": 106.67739226415978, "L_collapsed": false, "R_collapsed": false, "L_tvar": 6.162264492918281e-05, "R_tvar": 5.913577441306027e-05, "both_alive": true, "mean_transport_post": 0.0020962307968791366, "class": "segregation", "theta_traj": [89.49, 78.73, 77.81, 82.52, 90.26, 98.41, 102.13, 102.9, 102.1, 101.46, 101.88, 102.14, 101.36, 99.45, 96.31, 94.25, 94.1, 96.8, 101.27, 104.57, 106.03, 105.11, 102.66, 101.05, 101.39, 101.88, 101.43, 101.54, 102.01, 102.86, 103.94, 104.6, 104.86, 103.84, 100.17, 98.08, 96.49, 97.55, 99.26, 99.83, 98.79, 98.29, 98.57, 99.18, 100.74, 102.7, 104.04, 105.65, 106.78, 107.22]}, {"seed": 1, "kind": "egate", "delta": 0.4, "mu": 0.6, "mean_theta_LR": 101.86843364939071, "std_theta_LR": 2.12948764689535, "theta_LR_final": 103.96232785716202, "L_collapsed": false, "R_collapsed": false, "L_tvar": 5.7383877318692855e-05, "R_tvar": 5.9463813075465554e-05, "both_alive": true, "mean_transport_post": 0.002043883109335849, "class": "segregation", "theta_traj": [89.63, 75.03, 74.01, 83.12, 93.95, 100.98, 103.99, 104.66, 104.11, 102.46, 101.34, 100.37, 98.76, 98.75, 98.76, 98.35, 97.63, 97.83, 98.84, 99.32, 100.36, 101.54, 101.93, 101.71, 102.46, 103.29, 104.02, 104.73, 105.18, 104.8, 103.14, 100.95, 100.29, 101.12, 103.06, 103.93, 102.04, 99.57, 98.81, 99.06, 99.75, 99.62, 98.53, 98.59, 100.1, 102.23, 103.77, 103.64, 103.18, 103.06]}, {"seed": 2, "kind": "egate", "delta": 0.4, "mu": 0.6, "mean_theta_LR": 99.77628517774066, "std_theta_LR": 3.391824771694513, "theta_LR_final": 102.17600073706558, "L_collapsed": false, "R_collapsed": false, "L_tvar": 6.230216615530062e-05, "R_tvar": 5.9207111580963975e-05, "both_alive": true, "mean_transport_post": 0.0020501495862890883, "class": "segregation", "theta_traj": [88.39, 77.37, 75.74, 82.44, 89.7, 96.81, 100.68, 101.89, 101.38, 101.15, 100.97, 101.9, 102.89, 103.22, 102.1, 100.95, 100.36, 100.23, 99.29, 97.72, 97.18, 97.03, 96.38, 96.81, 98.14, 98.62, 97.87, 97.2, 97.3, 99.17, 101.86, 103.77, 104.67, 104.49, 102.98, 102.1, 101.4, 100.6, 98.48, 96.13, 94.87, 94.2, 94.16, 94.22, 96.88, 100.19, 102.49, 102.93, 103.27, 103.23]}, {"seed": 3, "kind": "egate", "delta": 0.4, "mu": 0.6, "mean_theta_LR": 100.43302696570161, "std_theta_LR": 1.7200711845030725, "theta_LR_final": 99.35354339913353, "L_collapsed": false, "R_collapsed": false, "L_tvar": 6.208774083439649e-05, "R_tvar": 6.092849137078156e-05, "both_alive": true, "mean_transport_post": 0.0021143084142879643, "class": "segregation", "theta_traj": [89.1, 79.94, 77.99, 83.11, 89.71, 95.46, 99.96, 102.06, 103.79, 104.49, 102.96, 101.21, 99.37, 96.89, 95.01, 92.91, 91.93, 93.14, 95.07, 98.92, 102.65, 104.19, 104.58, 105.2, 105.2, 104.45, 102.86, 100.67, 100.04, 99.48, 99.7, 100.25, 100.33, 99.81, 98.84, 98.24, 97.38, 97.49, 98.62, 99.94, 101.61, 102.78, 103.03, 102.53, 102.3, 101.97, 101.55, 100.45, 99.73, 98.99]}, {"seed": 4, "kind": "egate", "delta": 0.4, "mu": 0.6, "mean_theta_LR": 101.09353528245086, "std_theta_LR": 0.9504715757392875, "theta_LR_final": 103.48237808287583, "L_collapsed": false, "R_collapsed": false, "L_tvar": 6.042749210415934e-05, "R_tvar": 5.931106283489877e-05, "both_alive": true, "mean_transport_post": 0.002100076413289642, "class": "segregation", "theta_traj": [89.34, 76.56, 78.56, 86.36, 93.36, 98.14, 100.7, 102.06, 102.75, 103.21, 103.28, 102.32, 101.37, 100.32, 99.79, 99.76, 100.85, 100.88, 100.09, 98.47, 97.09, 96.34, 96.9, 98.94, 100.91, 100.95, 101.4, 102.1, 102.96, 102.27, 101.02, 101.04, 100.75, 99.8, 99.73, 100.65, 101.13, 101.27, 101.59, 101.76, 101.67, 102.06, 100.68, 99.58, 99.22, 99.84, 100.91, 100.84, 101.05, 102.08]}, {"seed": 5, "kind": "egate", "delta": 0.4, "mu": 0.6, "mean_theta_LR": 101.61678004053839, "std_theta_LR": 2.311470676753605, "theta_LR_final": 103.67569692848106, "L_collapsed": false, "R_collapsed": false, "L_tvar": 5.826994459781096e-05, "R_tvar": 6.030459230541475e-05, "both_alive": true, "mean_transport_post": 0.002071907114216687, "class": "segregation", "theta_traj": [90.29, 78.63, 77.73, 81.23, 87.0, 93.79, 98.57, 101.54, 103.48, 104.85, 104.99, 103.32, 101.36, 99.67, 98.95, 97.64, 96.98, 97.82, 98.84, 99.98, 100.74, 100.73, 100.55, 100.34, 99.85, 100.2, 102.07, 103.7, 104.76, 105.6, 105.4, 104.18, 103.27, 102.94, 102.98, 103.53, 102.84, 101.13, 98.05, 96.94, 98.42, 100.34, 100.5, 100.22, 99.7, 99.34, 99.65, 99.93, 100.67, 102.88]}, {"seed": 6, "kind": "egate", "delta": 0.4, "mu": 0.6, "mean_theta_LR": 99.51042992449469, "std_theta_LR": 2.9966632301013414, "theta_LR_final": 102.74168483513742, "L_collapsed": false, "R_collapsed": false, "L_tvar": 6.514556589255984e-05, "R_tvar": 5.6328868047840524e-05, "both_alive": true, "mean_transport_post": 0.002075100345585057, "class": "segregation", "theta_traj": [90.42, 75.94, 79.16, 86.99, 94.61, 99.56, 101.09, 100.17, 99.92, 100.19, 100.56, 101.77, 102.3, 102.98, 102.54, 101.27, 100.68, 101.12, 100.9, 98.73, 98.2, 98.59, 98.93, 98.98, 98.73, 98.07, 97.09, 96.55, 97.77, 99.76, 101.49, 102.86, 102.8, 102.26, 102.56, 102.76, 102.63, 100.88, 100.15, 100.24, 100.91, 101.51, 100.72, 97.93, 94.73, 93.31, 93.0, 95.4, 98.8, 101.57]}, {"seed": 7, "kind": "egate", "delta": 0.4, "mu": 0.6, "mean_theta_LR": 100.91434661223062, "std_theta_LR": 4.508228582317059, "theta_LR_final": 105.34993170240868, "L_collapsed": false, "R_collapsed": false, "L_tvar": 5.872989055253331e-05, "R_tvar": 6.187193963924214e-05, "both_alive": true, "mean_transport_post": 0.002091103645406572, "class": "segregation", "theta_traj": [90.33, 75.89, 77.33, 84.03, 92.08, 97.55, 100.13, 102.16, 103.54, 104.3, 104.44, 104.11, 103.81, 103.52, 103.09, 103.67, 103.83, 103.45, 102.73, 101.11, 100.02, 99.43, 99.46, 98.44, 96.94, 95.22, 93.34, 92.99, 94.79, 98.59, 101.79, 103.45, 104.71, 105.77, 106.7, 106.78, 105.66, 103.77, 102.01, 99.61, 96.98, 95.63, 95.55, 97.04, 98.6, 100.48, 102.49, 104.96, 106.33, 106.16]}, {"seed": 8, "kind": "egate", "delta": 0.4, "mu": 0.6, "mean_theta_LR": 100.20958782850789, "std_theta_LR": 2.1089002367535645, "theta_LR_final": 98.8594870743968, "L_collapsed": false, "R_collapsed": false, "L_tvar": 6.318792028864179e-05, "R_tvar": 6.352721960661721e-05, "both_alive": true, "mean_transport_post": 0.0021715619320272963, "class": "segregation", "theta_traj": [90.16, 76.67, 74.58, 80.22, 88.69, 96.11, 101.96, 105.3, 107.06, 107.13, 106.18, 104.52, 102.86, 101.89, 101.94, 101.89, 100.85, 98.78, 97.5, 96.81, 95.84, 94.51, 94.25, 95.08, 97.66, 100.36, 101.93, 102.68, 103.74, 104.64, 103.88, 100.95, 99.04, 98.33, 97.86, 98.0, 98.49, 99.39, 100.56, 101.3, 101.49, 101.55, 101.1, 100.57, 100.3, 99.48, 98.0, 97.03, 97.34, 97.76]}, {"seed": 9, "kind": "egate", "delta": 0.4, "mu": 0.6, "mean_theta_LR": 101.24227647940094, "std_theta_LR": 1.567686152387276, "theta_LR_final": 102.07101783173694, "L_collapsed": false, "R_collapsed": false, "L_tvar": 6.008914779748603e-05, "R_tvar": 6.187919569513212e-05, "both_alive": true, "mean_transport_post": 0.0020844597819155734, "class": "segregation", "theta_traj": [89.86, 80.78, 78.31, 83.21, 91.25, 96.59, 99.63, 101.71, 102.5, 102.72, 101.74, 101.91, 102.41, 102.27, 101.89, 101.35, 101.72, 101.57, 100.06, 97.94, 97.72, 97.87, 98.49, 98.66, 97.78, 97.94, 99.26, 100.11, 100.57, 100.68, 101.03, 100.47, 100.62, 101.24, 101.57, 101.01, 100.19, 99.98, 99.55, 98.83, 99.79, 101.79, 103.64, 104.29, 104.25, 103.5, 102.12, 102.05, 102.43, 102.57]}, {"seed": 10, "kind": "egate", "delta": 0.4, "mu": 0.6, "mean_theta_LR": 98.25228640031015, "std_theta_LR": 1.5379342199994321, "theta_LR_final": 97.33469787474313, "L_collapsed": false, "R_collapsed": false, "L_tvar": 6.04672467426096e-05, "R_tvar": 6.177171529573862e-05, "both_alive": true, "mean_transport_post": 0.0021278558014316004, "class": "segregation",