{"key": "egate_gp_d0.2_m1.3_s0.016", "records": [{"seed": 0, "kind": "egate", "delta": 0.2, "mu": 1.3, "mean_theta_LR": 30.60574213920297, "std_theta_LR": 0.5398615825490348, "theta_LR_final": 29.790366508137737, "L_collapsed": false, "R_collapsed": false, "L_tvar": 5.808587453642353e-05, "R_tvar": 5.5965541288843504e-05, "both_alive": true, "mean_transport_post": 0.0032765393969668515, "class": "sustained", "theta_traj": [88.93, 66.63, 57.07, 54.14, 50.82, 48.66, 46.54, 44.8, 42.98, 41.19, 39.74, 38.66, 37.49, 36.56, 35.46, 34.56, 33.95, 33.5, 33.05, 32.72, 32.47, 32.44, 32.32, 32.13, 31.92, 31.76, 31.64, 31.4, 31.24, 31.09, 31.08, 31.01, 30.93, 30.82, 30.83, 30.84, 30.8, 30.65, 30.54, 30.48, 30.41, 30.4, 30.22, 30.14, 30.13, 30.02, 29.93, 29.87, 29.85, 29.75]}, {"seed": 1, "kind": "egate", "delta": 0.2, "mu": 1.3, "mean_theta_LR": 28.206602569005412, "std_theta_LR": 0.3091229143087138, "theta_LR_final": 27.869982524933874, "L_collapsed": false, "R_collapsed": false, "L_tvar": 6.284079819640414e-05, "R_tvar": 5.974649297394492e-05, "both_alive": true, "mean_transport_post": 0.0032135089336253696, "class": "sustained", "theta_traj": [89.1, 64.26, 53.38, 48.89, 45.62, 42.8, 40.76, 39.43, 37.21, 35.22, 33.42, 32.5, 31.83, 31.04, 30.59, 30.14, 29.77, 29.52, 29.3, 29.23, 29.02, 28.84, 28.85, 28.73, 28.65, 28.62, 28.67, 28.7, 28.62, 28.59, 28.6, 28.66, 28.52, 28.4, 28.27, 28.23, 28.21, 28.03, 27.99, 27.9, 27.89, 27.91, 27.91, 27.87, 27.85, 27.94, 27.94, 28.09, 28.01, 28.0]}, {"seed": 2, "kind": "egate", "delta": 0.2, "mu": 1.3, "mean_theta_LR": 28.27495019413936, "std_theta_LR": 0.16612055018447858, "theta_LR_final": 28.079153067507782, "L_collapsed": false, "R_collapsed": false, "L_tvar": 5.8950733979231685e-05, "R_tvar": 5.89874157238512e-05, "both_alive": true, "mean_transport_post": 0.003215971173142928, "class": "sustained", "theta_traj": [87.85, 66.08, 56.21, 51.45, 48.7, 46.27, 44.53, 42.76, 40.8, 38.69, 37.1, 35.6, 34.37, 32.88, 31.78, 31.24, 30.44, 30.07, 29.88, 29.83, 29.61, 29.5, 29.3, 29.1, 28.98, 28.88, 28.67, 28.57, 28.48, 28.37, 28.32, 28.24, 28.26, 28.22, 28.16, 28.16, 28.14, 28.21, 28.14, 28.16, 28.1, 28.15, 28.16, 28.21, 28.25, 28.25, 28.23, 28.24, 28.23, 28.25]}, {"seed": 3, "kind": "egate", "delta": 0.2, "mu": 1.3, "mean_theta_LR": 29.16192884075032, "std_theta_LR": 0.2654466379429822, "theta_LR_final": 29.0850956737224, "L_collapsed": false, "R_collapsed": false, "L_tvar": 6.003154193754935e-05, "R_tvar": 5.975548655877864e-05, "both_alive": true, "mean_transport_post": 0.0032366182272518572, "class": "sustained", "theta_traj": [88.55, 66.97, 57.06, 52.26, 48.94, 46.43, 43.5, 41.34, 39.65, 38.0, 37.05, 36.04, 34.62, 33.63, 32.77, 32.32, 31.85, 31.34, 31.17, 30.8, 30.47, 30.19, 29.96, 29.92, 29.9, 29.92, 29.92, 29.74, 29.57, 29.42, 29.24, 29.07, 29.05, 29.07, 29.03, 29.0, 29.06, 29.05, 29.06, 29.04, 29.07, 29.03, 29.08, 28.97, 28.97, 28.99, 28.96, 28.98, 29.01, 29.08]}, {"seed": 4, "kind": "egate", "delta": 0.2, "mu": 1.3, "mean_theta_LR": 31.021011945356822, "std_theta_LR": 0.283608164585957, "theta_LR_final": 30.582330274084136, "L_collapsed": false, "R_collapsed": false, "L_tvar": 5.734562860951837e-05, "R_tvar": 5.921445167897285e-05, "both_alive": true, "mean_transport_post": 0.0032114387041583562, "class": "sustained", "theta_traj": [88.79, 64.76, 56.37, 53.32, 50.8, 48.63, 46.8, 44.78, 43.12, 41.37, 39.96, 39.03, 38.16, 37.15, 36.07, 35.34, 34.51, 33.61, 33.07, 32.74, 32.44, 32.34, 32.2, 32.14, 32.1, 32.07, 31.79, 31.51, 31.33, 31.21, 31.11, 31.07, 31.07, 30.97, 30.95, 30.95, 30.91, 30.91, 30.9, 30.8, 30.88, 30.83, 30.93, 30.89, 31.02, 31.01, 30.92, 30.88, 30.7, 30.67]}, {"seed": 5, "kind": "egate", "delta": 0.2, "mu": 1.3, "mean_theta_LR": 31.22754265846985, "std_theta_LR": 0.38186625987036343, "theta_LR_final": 30.55374718593521, "L_collapsed": false, "R_collapsed": false, "L_tvar": 5.8819453927048016e-05, "R_tvar": 6.195055068401156e-05, "both_alive": true, "mean_transport_post": 0.0032813648879135475, "class": "sustained", "theta_traj": [89.74, 67.5, 58.61, 54.43, 51.85, 49.42, 46.85, 45.2, 44.12, 42.6, 40.95, 39.88, 39.02, 37.84, 37.21, 36.5, 36.02, 35.39, 34.69, 34.09, 33.73, 33.25, 33.09, 32.8, 32.71, 32.52, 32.27, 31.95, 31.67, 31.33, 31.18, 31.12, 31.15, 31.02, 31.03, 31.07, 31.08, 31.13, 31.11, 31.12, 31.07, 31.1, 30.98, 31.13, 31.33, 31.31, 31.2, 31.06, 30.82, 30.82]}, {"seed": 6, "kind": "egate", "delta": 0.2, "mu": 1.3, "mean_theta_LR": 30.394958263594145, "std_theta_LR": 0.6830412484884117, "theta_LR_final": 29.727806407201573, "L_collapsed": false, "R_collapsed": false, "L_tvar": 6.471232197238251e-05, "R_tvar": 5.6946519102784744e-05, "both_alive": true, "mean_transport_post": 0.003215477124388192, "class": "sustained", "theta_traj": [89.85, 61.88, 51.88, 47.55, 44.73, 42.91, 41.6, 40.24, 39.14, 38.21, 37.54, 37.15, 36.5, 35.8, 35.07, 34.21, 33.61, 33.28, 33.26, 33.1, 32.89, 32.78, 32.55, 32.34, 32.08, 31.95, 31.89, 31.66, 31.46, 31.26, 31.07, 30.85, 30.77, 30.64, 30.38, 30.18, 30.11, 30.02, 30.06, 30.01, 29.95, 29.95, 29.91, 29.88, 29.8, 29.83, 29.76, 29.78, 29.78, 29.78]}, {"seed": 7, "kind": "egate", "delta": 0.2, "mu": 1.3, "mean_theta_LR": 29.536040931451538, "std_theta_LR": 0.2611863209950541, "theta_LR_final": 29.216011167198197, "L_collapsed": false, "R_collapsed": false, "L_tvar": 5.913590674536023e-05, "R_tvar": 6.290921931511078e-05, "both_alive": true, "mean_transport_post": 0.003149557906713669, "class": "sustained", "theta_traj": [89.79, 63.76, 54.58, 51.42, 48.46, 45.07, 41.93, 39.66, 37.92, 36.51, 35.39, 34.28, 33.37, 32.64, 32.19, 31.58, 31.2, 30.9, 30.5, 30.17, 30.0, 29.93, 29.99, 29.86, 29.81, 29.76, 29.81, 29.88, 29.85, 29.82, 29.76, 29.81, 29.74, 29.78, 29.76, 29.74, 29.67, 29.65, 29.64, 29.6, 29.44, 29.27, 29.25, 29.24, 29.16, 29.2, 29.2, 29.26, 29.2, 29.19]}, {"seed": 8, "kind": "egate", "delta": 0.2, "mu": 1.3, "mean_theta_LR": 29.169674964246322, "std_theta_LR": 0.1617032781052468, "theta_LR_final": 28.835259996120783, "L_collapsed": false, "R_collapsed": false, "L_tvar": 5.879869460987192e-05, "R_tvar": 6.0982436956451626e-05, "both_alive": true, "mean_transport_post": 0.003234763338811276, "class": "sustained", "theta_traj": [89.61, 64.88, 55.24, 50.89, 48.78, 46.27, 43.71, 41.78, 40.21, 38.7, 37.71, 36.76, 35.76, 34.95, 34.14, 33.32, 32.65, 32.07, 31.6, 31.11, 30.68, 30.41, 30.07, 29.77, 29.75, 29.66, 29.54, 29.32, 29.23, 29.22, 29.2, 29.14, 29.14, 29.26, 29.33, 29.21, 29.15, 29.14, 29.17, 29.18, 29.04, 29.06, 29.16, 29.24, 29.12, 29.17, 29.09, 29.01, 28.96, 28.87]}, {"seed": 9, "kind": "egate", "delta": 0.2, "mu": 1.3, "mean_theta_LR": 30.261410912317565, "std_theta_LR": 0.6935747213487664, "theta_LR_final": 29.57445336159268, "L_collapsed": false, "R_collapsed": false, "L_tvar": 5.8202442694970914e-05, "R_tvar": 5.7446857139688374e-05, "both_alive": true, "mean_transport_post": 0.0032297467795442173, "class": "sustained", "theta_traj": [89.31, 68.25, 57.96, 52.33, 49.03, 46.43, 44.59, 42.25, 40.34, 38.91, 37.54, 36.57, 35.85, 35.23, 34.75, 34.48, 34.13, 33.76, 33.22, 33.13, 32.98, 32.9, 32.59, 32.24, 32.22, 31.95, 31.75, 31.47, 31.26, 31.02, 30.84, 30.76, 30.72, 30.53, 30.45, 30.38, 30.14, 30.01, 29.85, 29.76, 29.77, 29.78, 29.72, 29.67, 29.64, 29.62, 29.58, 29.61, 29.61, 29.64]}, {"seed": 10, "kind": "egate", "delta": 0.2, "mu": 1.3, "mean_theta_LR": 31.265087913668278, "std_theta_LR": 0.25971404911052537, "theta_LR_final": 30.797089907314877, "L_collapsed": false, "R_collapsed": false, "L_tvar": 5.9908875474742685e-05, "R_tvar": 6.116260205818812e-05, "both_alive": true, "mean_transport_post": 0.0032733649551841258, "class": "sustained",