{"key": "egate_gp_d0.05_m0.6_s0.016", "records": [{"seed": 0, "kind": "egate", "delta": 0.05, "mu": 0.6, "mean_theta_LR": 29.589259596267556, "std_theta_LR": 1.0993592257180196, "theta_LR_final": 27.91491196639946, "L_collapsed": false, "R_collapsed": false, "L_tvar": 5.977669431468785e-05, "R_tvar": 6.125123712740206e-05, "both_alive": true, "mean_transport_post": 0.0015612440364747612, "class": "sustained", "theta_traj": [89.5, 77.11, 69.02, 63.95, 58.65, 54.71, 50.85, 48.15, 45.48, 43.21, 41.21, 39.36, 37.93, 37.03, 36.29, 35.83, 35.07, 34.43, 34.01, 33.88, 33.68, 33.61, 33.29, 32.95, 32.56, 32.12, 31.23, 30.78, 30.56, 30.53, 30.75, 30.84, 30.86, 30.6, 30.39, 30.16, 29.75, 29.28, 29.05, 29.07, 29.05, 28.9, 28.7, 28.49, 28.71, 28.76, 28.58, 28.28, 28.04, 27.9]}, {"seed": 1, "kind": "egate", "delta": 0.05, "mu": 0.6, "mean_theta_LR": 26.613719557122074, "std_theta_LR": 0.42939048601301566, "theta_LR_final": 25.694060330729656, "L_collapsed": false, "R_collapsed": false, "L_tvar": 5.648238514857251e-05, "R_tvar": 5.8478326698101885e-05, "both_alive": true, "mean_transport_post": 0.0014489417497968982, "class": "sustained", "theta_traj": [89.65, 75.39, 65.56, 59.09, 53.96, 49.72, 46.46, 43.4, 41.28, 39.31, 37.49, 35.97, 34.51, 33.97, 33.3, 32.31, 31.36, 30.74, 30.16, 29.64, 29.31, 29.23, 28.96, 28.55, 27.99, 27.57, 27.33, 27.1, 27.14, 27.05, 26.86, 26.86, 26.8, 26.63, 26.73, 27.04, 27.0, 26.83, 26.67, 26.42, 26.31, 26.28, 26.29, 26.42, 26.37, 26.4, 26.2, 26.14, 25.98, 25.74]}, {"seed": 2, "kind": "egate", "delta": 0.05, "mu": 0.6, "mean_theta_LR": 26.938612723009875, "std_theta_LR": 1.7493150586784658, "theta_LR_final": 24.65347691620192, "L_collapsed": false, "R_collapsed": false, "L_tvar": 5.720753263926108e-05, "R_tvar": 5.66945713770108e-05, "both_alive": true, "mean_transport_post": 0.0014041222983114466, "class": "sustained", "theta_traj": [88.4, 77.07, 68.25, 62.08, 56.99, 52.57, 49.31, 46.98, 44.68, 42.67, 41.25, 40.05, 38.73, 37.51, 36.61, 36.28, 35.91, 35.48, 34.91, 34.78, 34.32, 33.57, 32.92, 32.39, 31.85, 31.32, 30.83, 30.14, 29.48, 28.82, 28.07, 27.46, 27.15, 26.9, 27.11, 27.2, 27.33, 27.13, 26.83, 26.49, 26.13, 25.89, 25.57, 25.29, 25.31, 25.35, 25.32, 25.26, 24.94, 24.68]}, {"seed": 3, "kind": "egate", "delta": 0.05, "mu": 0.6, "mean_theta_LR": 25.77415977889166, "std_theta_LR": 0.6832898682759246, "theta_LR_final": 24.840268415058585, "L_collapsed": false, "R_collapsed": false, "L_tvar": 5.9692526807311035e-05, "R_tvar": 5.797107904130697e-05, "both_alive": true, "mean_transport_post": 0.0014331978240016007, "class": "sustained", "theta_traj": [89.09, 77.75, 69.72, 63.57, 58.71, 54.56, 52.13, 50.06, 48.0, 46.02, 44.43, 42.91, 41.28, 39.72, 37.78, 36.0, 34.84, 33.87, 33.26, 32.55, 31.78, 30.86, 29.89, 28.88, 28.02, 27.31, 26.95, 26.76, 26.45, 26.19, 26.12, 26.02, 26.0, 25.92, 26.01, 26.26, 26.36, 26.48, 26.35, 25.68, 25.42, 25.13, 25.06, 24.81, 24.86, 24.97, 24.98, 25.11, 25.22, 24.96]}, {"seed": 4, "kind": "egate", "delta": 0.05, "mu": 0.6, "mean_theta_LR": 27.009418491641018, "std_theta_LR": 0.5152138768964235, "theta_LR_final": 26.620526374686985, "L_collapsed": false, "R_collapsed": false, "L_tvar": 6.0487754372894e-05, "R_tvar": 6.008150903425647e-05, "both_alive": true, "mean_transport_post": 0.001442910133952098, "class": "sustained", "theta_traj": [89.34, 74.08, 64.35, 58.14, 52.78, 47.79, 44.0, 41.0, 39.29, 37.49, 35.85, 34.33, 33.05, 32.17, 31.46, 30.7, 30.13, 29.77, 29.75, 29.56, 29.35, 29.17, 28.99, 28.67, 28.42, 28.3, 28.08, 28.12, 27.94, 27.56, 27.29, 26.94, 26.77, 26.61, 26.51, 26.57, 26.72, 27.09, 27.2, 27.2, 27.1, 26.82, 26.8, 26.58, 26.59, 26.63, 26.58, 26.67, 26.68, 26.62]}, {"seed": 5, "kind": "egate", "delta": 0.05, "mu": 0.6, "mean_theta_LR": 26.901017221152397, "std_theta_LR": 1.0187416201193396, "theta_LR_final": 25.603310563104525, "L_collapsed": false, "R_collapsed": false, "L_tvar": 5.948678467250534e-05, "R_tvar": 6.599968691490159e-05, "both_alive": true, "mean_transport_post": 0.0014356935511570467, "class": "sustained", "theta_traj": [90.29, 77.68, 69.98, 64.33, 59.23, 54.21, 50.35, 47.44, 44.8, 42.53, 40.28, 38.24, 36.05, 34.14, 32.94, 32.06, 31.26, 30.45, 29.81, 29.68, 29.24, 29.1, 28.9, 28.59, 28.62, 28.64, 28.48, 28.47, 28.41, 28.51, 28.4, 27.95, 27.59, 27.34, 27.06, 26.92, 26.71, 26.66, 26.51, 26.45, 26.33, 26.39, 26.32, 26.16, 26.04, 25.94, 25.66, 25.66, 25.71, 25.62]}, {"seed": 6, "kind": "egate", "delta": 0.05, "mu": 0.6, "mean_theta_LR": 27.951174098155896, "std_theta_LR": 0.28510421510429174, "theta_LR_final": 27.641731103147578, "L_collapsed": false, "R_collapsed": false, "L_tvar": 6.445198058738978e-05, "R_tvar": 5.766919002970559e-05, "both_alive": true, "mean_transport_post": 0.0014337566223263298, "class": "sustained", "theta_traj": [90.41, 71.86, 62.26, 56.95, 53.38, 50.63, 48.27, 46.03, 43.91, 42.05, 40.21, 38.44, 37.07, 36.16, 35.43, 34.17, 33.01, 31.56, 30.96, 30.31, 29.58, 29.23, 28.9, 28.76, 28.6, 28.7, 28.68, 28.49, 28.31, 28.07, 27.96, 27.84, 27.9, 27.96, 28.05, 28.06, 28.01, 28.14, 27.93, 27.63, 27.61, 27.78, 27.81, 27.72, 27.66, 27.82, 27.67, 27.78, 27.78, 27.75]}, {"seed": 7, "kind": "egate", "delta": 0.05, "mu": 0.6, "mean_theta_LR": 29.157683160547524, "std_theta_LR": 1.8004369351088794, "theta_LR_final": 26.922305054932405, "L_collapsed": false, "R_collapsed": false, "L_tvar": 6.089543977882032e-05, "R_tvar": 6.196378400627708e-05, "both_alive": true, "mean_transport_post": 0.0014331000185949575, "class": "sustained", "theta_traj": [90.33, 73.29, 64.36, 58.9, 54.84, 51.46, 48.5, 46.09, 44.39, 42.75, 41.39, 39.97, 39.0, 38.11, 36.99, 36.14, 35.54, 35.19, 34.78, 34.21, 33.94, 33.48, 33.35, 32.79, 32.68, 32.67, 32.39, 32.13, 31.97, 31.85, 31.41, 30.94, 30.32, 29.81, 29.27, 28.88, 28.71, 28.57, 28.5, 28.16, 27.9, 27.76, 27.9, 27.8, 27.77, 27.64, 27.5, 27.38, 27.16, 26.94]}, {"seed": 8, "kind": "egate", "delta": 0.05, "mu": 0.6, "mean_theta_LR": 26.752884563357174, "std_theta_LR": 1.6391164262001705, "theta_LR_final": 25.78635756675866, "L_collapsed": false, "R_collapsed": false, "L_tvar": 6.411251448383429e-05, "R_tvar": 6.633907225217185e-05, "both_alive": true, "mean_transport_post": 0.0014634051953874288, "class": "sustained", "theta_traj": [90.16, 76.76, 69.22, 63.74, 60.31, 56.76, 53.16, 49.76, 46.84, 44.14, 41.4, 39.12, 37.66, 36.45, 35.29, 33.93, 33.26, 32.71, 32.0, 31.53, 31.23, 31.01, 30.52, 30.11, 29.86, 29.86, 29.69, 29.52, 29.47, 29.11, 28.57, 28.19, 27.99, 27.44, 26.97, 26.74, 26.27, 25.93, 25.68, 25.49, 25.37, 25.43, 25.26, 25.19, 25.17, 25.19, 25.3, 25.42, 25.48, 25.68]}, {"seed": 9, "kind": "egate", "delta": 0.05, "mu": 0.6, "mean_theta_LR": 28.512966132752066, "std_theta_LR": 1.4759150043731157, "theta_LR_final": 27.291558303586, "L_collapsed": false, "R_collapsed": false, "L_tvar": 6.310054529148966e-05, "R_tvar": 5.9590589094195764e-05, "both_alive": true, "mean_transport_post": 0.001442077625799678, "class": "sustained", "theta_traj": [89.86, 79.52, 70.28, 63.14, 57.83, 54.36, 51.68, 50.05, 48.33, 46.04, 43.82, 41.79, 40.64, 39.5, 38.34, 37.36, 36.64, 35.93, 35.09, 34.36, 33.82, 33.36, 32.73, 32.41, 32.12, 31.73, 31.52, 31.3, 30.72, 30.29, 29.94, 29.6, 29.37, 28.99, 28.81, 28.67, 28.32, 28.08, 27.82, 27.72, 27.36, 27.21, 27.09, 27.06, 27.03, 27.0, 27.15, 27.3, 27.21, 27.33]}, {"seed": 10, "kind": "egate", "delta": 0.05, "mu": 0.6, "mean_theta_LR": 29.076290409809463, "std_theta_LR": 1.2110322975333694, "theta_LR_final": 27.35712209272465, "L_collapsed": false, "R_collapsed": false, "L_tvar": 6.0696527861839576e-05, "R_tvar": 6.243669730765627e-05, "both_alive": true, "mean_transport_post": 0.001499869951675548, "class": "sustained",