{"key": "egate_gp_d0.1_m0.6_s0.016", "records": [{"seed": 0, "kind": "egate", "delta": 0.1, "mu": 0.6, "mean_theta_LR": 45.90243803411382, "std_theta_LR": 0.7058214725561538, "theta_LR_final": 44.72365750388102, "L_collapsed": false, "R_collapsed": false, "L_tvar": 6.0468897233103946e-05, "R_tvar": 6.1766860174e-05, "both_alive": true, "mean_transport_post": 0.0018815485384903313, "class": "sustained", "theta_traj": [89.49, 77.16, 69.65, 65.79, 61.54, 58.46, 55.98, 54.31, 53.3, 52.59, 52.02, 51.34, 50.83, 50.37, 50.15, 50.02, 49.58, 49.27, 48.81, 48.4, 48.18, 48.04, 47.79, 47.64, 47.43, 47.44, 47.17, 47.2, 46.82, 46.4, 46.17, 45.97, 45.77, 45.89, 46.05, 46.14, 46.23, 46.11, 46.01, 46.1, 46.04, 46.02, 45.77, 45.42, 45.25, 45.13, 44.95, 44.87, 44.84, 44.77]}, {"seed": 1, "kind": "egate", "delta": 0.1, "mu": 0.6, "mean_theta_LR": 38.63939221164457, "std_theta_LR": 0.5624422204153918, "theta_LR_final": 38.12508652213258, "L_collapsed": false, "R_collapsed": false, "L_tvar": 6.047278643125421e-05, "R_tvar": 5.7667483108243225e-05, "both_alive": true, "mean_transport_post": 0.0018175006459696039, "class": "sustained", "theta_traj": [89.65, 75.05, 65.2, 59.23, 55.56, 52.61, 50.47, 48.92, 47.43, 46.08, 45.09, 44.13, 43.42, 42.51, 41.74, 41.16, 40.73, 40.27, 39.93, 39.46, 39.12, 39.11, 39.14, 39.05, 39.06, 39.15, 39.2, 39.19, 39.27, 39.32, 39.3, 39.29, 39.23, 39.1, 39.24, 39.12, 38.91, 38.78, 38.66, 38.43, 38.31, 37.86, 37.82, 37.92, 37.93, 38.05, 37.98, 38.1, 38.1, 38.14]}, {"seed": 2, "kind": "egate", "delta": 0.1, "mu": 0.6, "mean_theta_LR": 37.847461058041795, "std_theta_LR": 1.1694173767565266, "theta_LR_final": 36.271705387320736, "L_collapsed": false, "R_collapsed": false, "L_tvar": 5.730113612222333e-05, "R_tvar": 6.250000543821404e-05, "both_alive": true, "mean_transport_post": 0.0018158059708795985, "class": "sustained", "theta_traj": [88.4, 76.9, 68.09, 62.85, 58.51, 56.26, 55.19, 54.32, 53.7, 52.45, 51.06, 49.89, 48.66, 47.66, 46.26, 45.22, 44.18, 43.25, 42.51, 41.96, 41.46, 41.04, 40.73, 40.43, 40.39, 40.33, 40.35, 40.09, 39.98, 39.57, 39.09, 38.58, 38.0, 37.62, 37.36, 37.23, 37.15, 37.26, 37.17, 37.15, 37.12, 37.1, 37.12, 37.05, 37.11, 37.19, 37.28, 37.24, 37.02, 36.55]}, {"seed": 3, "kind": "egate", "delta": 0.1, "mu": 0.6, "mean_theta_LR": 40.09213382707282, "std_theta_LR": 1.3548605312387745, "theta_LR_final": 38.199419146423075, "L_collapsed": false, "R_collapsed": false, "L_tvar": 6.14767173667208e-05, "R_tvar": 5.913810842423557e-05, "both_alive": true, "mean_transport_post": 0.0018637495224544537, "class": "sustained", "theta_traj": [89.09, 77.92, 70.17, 64.84, 60.72, 57.2, 54.91, 53.21, 51.99, 51.05, 50.76, 50.11, 49.42, 48.91, 48.4, 47.94, 47.21, 46.83, 46.69, 46.42, 46.24, 46.07, 45.57, 44.99, 44.38, 43.93, 43.29, 42.69, 41.85, 41.34, 40.81, 40.23, 40.02, 40.07, 40.22, 40.01, 40.09, 40.14, 40.11, 40.07, 39.74, 39.56, 39.42, 39.19, 38.96, 38.81, 38.6, 38.64, 38.51, 38.37]}, {"seed": 4, "kind": "egate", "delta": 0.1, "mu": 0.6, "mean_theta_LR": 37.91007618611234, "std_theta_LR": 0.29785938819275687, "theta_LR_final": 38.151616935188535, "L_collapsed": false, "R_collapsed": false, "L_tvar": 5.8201861675155565e-05, "R_tvar": 5.76083785342861e-05, "both_alive": true, "mean_transport_post": 0.0018608292564295057, "class": "sustained", "theta_traj": [89.34, 74.14, 65.38, 60.55, 57.25, 54.84, 53.21, 51.2, 49.55, 48.05, 46.59, 44.95, 43.99, 43.6, 43.19, 42.46, 41.83, 40.87, 40.29, 39.87, 39.3, 39.0, 38.72, 38.59, 38.34, 38.34, 38.24, 38.17, 38.08, 37.96, 37.91, 37.76, 37.62, 37.44, 37.31, 37.37, 37.48, 37.64, 37.82, 37.75, 37.89, 37.91, 38.11, 38.05, 38.11, 38.24, 38.17, 38.29, 38.2, 38.2]}, {"seed": 5, "kind": "egate", "delta": 0.1, "mu": 0.6, "mean_theta_LR": 37.757104613220505, "std_theta_LR": 1.6070007500559587, "theta_LR_final": 35.5435919362695, "L_collapsed": false, "R_collapsed": false, "L_tvar": 6.183779367176416e-05, "R_tvar": 6.61862911227585e-05, "both_alive": true, "mean_transport_post": 0.0018616354786577293, "class": "sustained", "theta_traj": [90.29, 77.63, 70.33, 65.03, 61.33, 58.37, 56.26, 54.64, 53.34, 52.4, 51.27, 50.42, 49.6, 48.6, 47.57, 46.76, 46.09, 45.29, 44.4, 43.68, 43.18, 42.92, 42.82, 42.37, 41.74, 41.24, 40.71, 40.37, 39.84, 39.58, 39.41, 38.97, 38.74, 38.44, 38.41, 38.25, 38.22, 37.86, 37.58, 37.07, 36.83, 36.59, 36.34, 36.26, 36.39, 36.27, 36.11, 35.9, 35.65, 35.54]}, {"seed": 6, "kind": "egate", "delta": 0.1, "mu": 0.6, "mean_theta_LR": 37.89669682367427, "std_theta_LR": 0.6639863212032517, "theta_LR_final": 37.17385915313574, "L_collapsed": false, "R_collapsed": false, "L_tvar": 6.342291647406419e-05, "R_tvar": 5.6486075038840295e-05, "both_alive": true, "mean_transport_post": 0.0018290687018271841, "class": "sustained", "theta_traj": [90.41, 72.0, 63.14, 58.56, 56.26, 54.55, 53.23, 51.95, 50.82, 49.8, 48.68, 47.46, 46.32, 45.42, 44.51, 43.59, 42.99, 42.25, 41.87, 41.57, 41.22, 41.04, 40.63, 40.18, 39.71, 39.5, 39.34, 39.26, 38.82, 38.46, 38.27, 38.41, 38.44, 37.97, 37.79, 37.83, 37.67, 37.59, 37.59, 37.58, 37.52, 37.52, 37.61, 37.58, 37.37, 37.43, 37.32, 37.18, 37.05, 37.1]}, {"seed": 7, "kind": "egate", "delta": 0.1, "mu": 0.6, "mean_theta_LR": 37.99553006898137, "std_theta_LR": 0.7017484161355888, "theta_LR_final": 36.93246566792914, "L_collapsed": false, "R_collapsed": false, "L_tvar": 6.14413304527308e-05, "R_tvar": 6.326092783162063e-05, "both_alive": true, "mean_transport_post": 0.0017838241424781743, "class": "sustained", "theta_traj": [90.33, 73.32, 64.67, 59.54, 56.46, 54.45, 52.22, 50.77, 49.53, 48.35, 47.39, 46.17, 45.46, 44.7, 43.99, 43.05, 41.92, 41.43, 40.93, 40.38, 40.19, 40.1, 40.14, 39.97, 39.51, 39.22, 39.25, 39.15, 39.14, 38.99, 38.73, 38.58, 38.53, 38.46, 38.19, 37.97, 37.86, 37.65, 37.67, 37.65, 37.61, 37.56, 37.6, 37.54, 37.49, 37.46, 37.42, 37.24, 36.96, 36.96]}, {"seed": 8, "kind": "egate", "delta": 0.1, "mu": 0.6, "mean_theta_LR": 38.60538657988165, "std_theta_LR": 1.9837155476556991, "theta_LR_final": 36.06009165676469, "L_collapsed": false, "R_collapsed": false, "L_tvar": 6.259064130137294e-05, "R_tvar": 6.356805135646068e-05, "both_alive": true, "mean_transport_post": 0.001872595412587977, "class": "sustained", "theta_traj": [90.16, 76.47, 68.92, 63.93, 60.61, 57.87, 55.93, 54.31, 53.11, 52.14, 50.89, 49.47, 48.49, 47.39, 46.32, 45.41, 44.73, 44.11, 43.64, 43.22, 42.85, 42.64, 42.56, 42.29, 42.3, 42.31, 42.21, 41.83, 41.42, 40.88, 40.53, 40.26, 39.97, 39.62, 39.32, 38.93, 38.59, 38.49, 38.37, 38.15, 37.81, 37.5, 37.06, 36.75, 36.6, 36.45, 36.31, 36.17, 36.08, 36.03]}, {"seed": 9, "kind": "egate", "delta": 0.1, "mu": 0.6, "mean_theta_LR": 37.57080488285971, "std_theta_LR": 1.0531512881021383, "theta_LR_final": 36.713925930153565, "L_collapsed": false, "R_collapsed": false, "L_tvar": 5.806014826232382e-05, "R_tvar": 5.8585522146266656e-05, "both_alive": true, "mean_transport_post": 0.0018173540158795262, "class": "sustained", "theta_traj": [89.86, 79.67, 70.81, 64.33, 59.9, 57.49, 55.51, 53.27, 51.27, 49.34, 47.96, 47.36, 46.95, 46.17, 45.45, 44.61, 43.78, 43.01, 42.23, 41.97, 41.49, 41.15, 40.59, 40.38, 40.07, 39.87, 39.75, 39.59, 39.36, 39.18, 38.82, 38.32, 37.87, 37.48, 37.23, 37.07, 36.95, 36.86, 36.85, 36.9, 37.06, 37.08, 37.0, 36.86, 36.78, 36.69, 36.68, 36.74, 36.84, 36.73]}, {"seed": 10, "kind": "egate", "delta": 0.1, "mu": 0.6, "mean_theta_LR": 42.64262610711468, "std_theta_LR": 0.1518939649187782, "theta_LR_final": 42.49373517643602, "L_collapsed": false, "R_collapsed": false, "L_tvar": 6.163381728861967e-05, "R_tvar": 6.0833929318892604e-05, "both_alive": true, "mean_transport_post": 0.0018478677134668917, "class": "sustained",