{"key": "egate_gp_d0.05_m1.3_s0.016", "records": [{"seed": 0, "kind": "egate", "delta": 0.05, "mu": 1.3, "mean_theta_LR": 18.345468579870946, "std_theta_LR": 0.2660249374186503, "theta_LR_final": 18.13463257543721, "L_collapsed": false, "R_collapsed": false, "L_tvar": 5.801783679496228e-05, "R_tvar": 5.899610452487469e-05, "both_alive": true, "mean_transport_post": 0.0018873611452949269, "class": "fusion", "theta_traj": [88.94, 66.08, 53.7, 48.27, 43.77, 40.11, 37.78, 35.68, 33.44, 31.89, 29.52, 27.69, 26.42, 25.18, 24.29, 23.41, 22.76, 21.35, 20.62, 20.44, 20.13, 19.74, 19.62, 19.3, 19.02, 18.95, 18.89, 18.8, 18.79, 18.64, 18.77, 18.65, 18.43, 18.14, 18.19, 18.14, 18.15, 18.2, 18.25, 18.2, 18.16, 18.31, 18.24, 18.12, 18.14, 18.1, 18.16, 18.18, 18.18, 18.17]}, {"seed": 1, "kind": "egate", "delta": 0.05, "mu": 1.3, "mean_theta_LR": 18.86133177718249, "std_theta_LR": 0.15199330578335107, "theta_LR_final": 18.7519727086539, "L_collapsed": false, "R_collapsed": false, "L_tvar": 5.9113558038421693e-05, "R_tvar": 5.7852133441974485e-05, "both_alive": true, "mean_transport_post": 0.001850374164913997, "class": "fusion", "theta_traj": [89.1, 64.42, 51.8, 45.29, 40.98, 36.94, 33.93, 31.56, 29.12, 27.4, 25.66, 24.27, 23.76, 23.02, 22.58, 21.84, 21.51, 21.46, 20.98, 20.33, 19.79, 19.39, 19.34, 19.38, 19.2, 18.92, 18.91, 18.93, 18.9, 18.94, 18.8, 18.9, 18.83, 18.72, 18.71, 18.8, 18.72, 18.71, 18.75, 18.68, 18.78, 18.76, 18.71, 18.77, 18.84, 19.0, 19.12, 19.3, 19.13, 18.9]}, {"seed": 2, "kind": "egate", "delta": 0.05, "mu": 1.3, "mean_theta_LR": 18.039271879342547, "std_theta_LR": 0.5404743652088346, "theta_LR_final": 17.531298663622618, "L_collapsed": false, "R_collapsed": false, "L_tvar": 6.017157428471268e-05, "R_tvar": 6.091620914300049e-05, "both_alive": true, "mean_transport_post": 0.001783963918973498, "class": "fusion", "theta_traj": [87.85, 66.12, 53.41, 45.87, 40.8, 37.01, 33.95, 31.73, 30.31, 28.1, 26.71, 25.67, 24.87, 24.29, 23.75, 23.17, 22.82, 22.56, 22.33, 21.82, 21.49, 21.11, 20.82, 20.22, 19.74, 19.55, 19.5, 19.06, 18.78, 18.57, 18.05, 17.81, 17.9, 17.83, 17.84, 17.84, 17.92, 17.96, 18.15, 18.18, 18.22, 17.93, 17.57, 17.51, 17.54, 17.63, 17.64, 17.7, 17.62, 17.53]}, {"seed": 3, "kind": "egate", "delta": 0.05, "mu": 1.3, "mean_theta_LR": 18.28890353955457, "std_theta_LR": 0.0667771633017411, "theta_LR_final": 18.294112326489405, "L_collapsed": false, "R_collapsed": false, "L_tvar": 6.228775121332224e-05, "R_tvar": 6.342903035687917e-05, "both_alive": true, "mean_transport_post": 0.0018472604210994221, "class": "fusion", "theta_traj": [88.54, 65.95, 53.81, 46.29, 41.1, 37.75, 34.73, 31.88, 29.85, 28.01, 26.11, 24.51, 23.28, 22.5, 21.89, 21.3, 20.83, 20.98, 20.85, 20.57, 20.31, 19.88, 19.32, 18.74, 18.51, 18.47, 18.45, 18.39, 18.3, 18.33, 18.27, 18.3, 18.25, 18.22, 18.21, 18.32, 18.19, 18.26, 18.2, 18.23, 18.24, 18.35, 18.31, 18.27, 18.27, 18.28, 18.23, 18.28, 18.36, 18.35]}, {"seed": 4, "kind": "egate", "delta": 0.05, "mu": 1.3, "mean_theta_LR": 18.566116784042904, "std_theta_LR": 0.33719418888033625, "theta_LR_final": 18.129002763234563, "L_collapsed": false, "R_collapsed": false, "L_tvar": 6.249274511576626e-05, "R_tvar": 6.006040430960202e-05, "both_alive": true, "mean_transport_post": 0.001860771495257172, "class": "fusion", "theta_traj": [88.8, 64.1, 52.54, 46.38, 41.9, 37.84, 34.39, 30.83, 28.52, 26.52, 25.26, 24.4, 23.92, 23.23, 22.17, 21.24, 20.79, 20.59, 20.25, 19.77, 19.62, 19.47, 19.42, 19.47, 19.33, 19.09, 19.06, 18.98, 19.02, 19.02, 19.18, 19.13, 18.99, 18.56, 18.37, 18.41, 18.34, 18.37, 18.46, 18.51, 18.38, 18.25, 18.3, 18.36, 18.53, 18.44, 18.36, 18.22, 18.14, 18.1]}, {"seed": 5, "kind": "egate", "delta": 0.05, "mu": 1.3, "mean_theta_LR": 18.960562396246935, "std_theta_LR": 0.5909659931131102, "theta_LR_final": 18.458351026996908, "L_collapsed": false, "R_collapsed": false, "L_tvar": 6.17387174680955e-05, "R_tvar": 6.608586684033417e-05, "both_alive": true, "mean_transport_post": 0.0018294954956045082, "class": "fusion", "theta_traj": [89.75, 66.8, 55.03, 47.81, 42.67, 38.62, 35.56, 33.04, 30.73, 29.66, 28.37, 27.62, 26.6, 25.68, 25.14, 24.18, 23.5, 22.69, 21.93, 21.62, 21.24, 21.11, 21.16, 21.08, 21.15, 20.61, 20.47, 20.08, 19.75, 19.59, 19.6, 19.24, 19.03, 18.87, 18.77, 18.8, 18.77, 18.66, 18.57, 18.67, 18.57, 18.56, 18.55, 18.5, 18.61, 18.52, 18.6, 18.62, 18.48, 18.47]}, {"seed": 6, "kind": "egate", "delta": 0.05, "mu": 1.3, "mean_theta_LR": 19.368111610671345, "std_theta_LR": 0.6146446402685495, "theta_LR_final": 18.510198440179668, "L_collapsed": false, "R_collapsed": false, "L_tvar": 6.398370224143431e-05, "R_tvar": 5.737624154964368e-05, "both_alive": true, "mean_transport_post": 0.0018493664746427642, "class": "fusion", "theta_traj": [89.85, 61.12, 48.2, 42.4, 39.19, 36.81, 34.3, 31.72, 28.86, 26.6, 24.96, 24.34, 23.62, 22.91, 22.08, 21.65, 21.35, 21.29, 21.18, 21.04, 20.99, 20.94, 20.65, 20.81, 20.68, 20.59, 20.46, 20.25, 20.13, 20.03, 19.9, 20.0, 19.89, 19.72, 19.46, 19.33, 19.36, 19.26, 19.33, 19.35, 19.42, 19.12, 18.93, 18.87, 18.82, 18.76, 18.6, 18.47, 18.44, 18.52]}, {"seed": 7, "kind": "egate", "delta": 0.05, "mu": 1.3, "mean_theta_LR": 18.797806958975816, "std_theta_LR": 0.31174812399134166, "theta_LR_final": 18.6490358313591, "L_collapsed": false, "R_collapsed": false, "L_tvar": 6.339725592385758e-05, "R_tvar": 6.047921203043084e-05, "both_alive": true, "mean_transport_post": 0.0018365190245359262, "class": "fusion", "theta_traj": [89.79, 62.97, 50.8, 45.1, 40.92, 37.93, 34.78, 32.32, 30.0, 28.3, 27.09, 26.33, 25.62, 24.69, 23.63, 22.84, 22.23, 21.58, 21.42, 21.04, 20.61, 20.33, 20.08, 19.96, 19.79, 19.49, 19.49, 19.19, 19.12, 19.06, 19.31, 19.23, 19.08, 18.96, 18.72, 18.59, 18.57, 18.5, 18.58, 18.5, 18.53, 18.59, 18.65, 18.64, 18.63, 18.64, 18.58, 18.62, 18.5, 18.52]}, {"seed": 8, "kind": "egate", "delta": 0.05, "mu": 1.3, "mean_theta_LR": 18.205326865724942, "std_theta_LR": 0.2441710285812101, "theta_LR_final": 17.966235813886378, "L_collapsed": false, "R_collapsed": false, "L_tvar": 6.313758804690807e-05, "R_tvar": 6.185080789850229e-05, "both_alive": true, "mean_transport_post": 0.001804221476285244, "class": "fusion", "theta_traj": [89.61, 64.88, 53.15, 47.08, 42.74, 38.38, 35.22, 31.74, 29.07, 27.61, 26.16, 24.66, 23.26, 22.48, 21.68, 21.01, 20.68, 20.44, 20.13, 20.04, 19.8, 19.5, 19.22, 18.91, 18.78, 18.76, 18.6, 18.6, 18.47, 18.48, 18.47, 18.34, 18.49, 18.38, 18.3, 18.22, 18.25, 18.15, 18.13, 18.09, 18.01, 17.95, 18.02, 17.97, 18.02, 17.99, 18.0, 17.89, 17.98, 17.9]}, {"seed": 9, "kind": "egate", "delta": 0.05, "mu": 1.3, "mean_theta_LR": 17.438041519227312, "std_theta_LR": 0.3042871249686396, "theta_LR_final": 17.10829334257825, "L_collapsed": false, "R_collapsed": false, "L_tvar": 5.944751539569841e-05, "R_tvar": 5.735160207200703e-05, "both_alive": true, "mean_transport_post": 0.0017745406205491865, "class": "fusion", "theta_traj": [89.31, 67.14, 54.31, 47.46, 42.01, 38.02, 34.72, 32.62, 30.46, 28.44, 26.9, 25.8, 24.82, 23.89, 22.98, 22.33, 21.93, 21.29, 20.44, 19.97, 19.44, 18.92, 18.52, 18.2, 18.0, 17.95, 17.91, 17.86, 18.02, 18.04, 17.69, 17.68, 17.58, 17.59, 17.62, 17.58, 17.38, 17.29, 17.22, 17.22, 17.24, 17.19, 17.18, 17.26, 17.23, 17.1, 17.19, 17.17, 17.07, 17.06]}, {"seed": 10, "kind": "egate", "delta": 0.05, "mu": 1.3, "mean_theta_LR": 20.667041354348555, "std_theta_LR": 0.455148481659617, "theta_LR_final": 20.335784185321433, "L_collapsed": false, "R_collapsed": false, "L_tvar": 6.309237355130626e-05, "R_tvar": 6.274961914100012e-05, "both_alive": true, "mean_transport_post": 0.0019490961706886555, "class": "sustained", "theta_traj": [88.25, 64.35, 52.41, 46.01, 40.62, 37.16, 34.4, 32.67, 31.39, 30.07, 28.94, 27.98, 26.93, 26.21, 25.5, 24.91, 24.28, 24.1, 24.0, 23.55, 23.03, 22.49, 22.46, 22.34, 22.17, 22.03, 21.86, 21.69, 21.37, 21.08, 20.6, 20.72, 20.63, 20.5, 20.35, 20.34, 20.45, 20.4, 20.38, 20.46, 20.38, 20.41, 20.48, 20.53, 20.57, 20.54, 20.58, 20.5, 20.4, 20.28]}, {"seed": 11,