{"key": "egate_gp_d0.1_m1.3_s0.016", "records": [{"seed": 0, "kind": "egate", "delta": 0.1, "mu": 1.3, "mean_theta_LR": 23.152759079669217, "std_theta_LR": 0.5416701897643637, "theta_LR_final": 22.452720339340836, "L_collapsed": false, "R_collapsed": false, "L_tvar": 5.7402352356452864e-05, "R_tvar": 5.7679191959375764e-05, "both_alive": true, "mean_transport_post": 0.002406508385596367, "class": "sustained", "theta_traj": [88.94, 66.04, 54.09, 49.16, 45.34, 42.16, 40.15, 37.82, 35.98, 34.21, 32.41, 31.14, 30.24, 29.91, 29.06, 28.0, 27.56, 26.91, 26.39, 25.75, 25.33, 25.0, 25.2, 24.9, 24.87, 24.63, 24.42, 24.28, 23.82, 23.53, 23.34, 23.25, 23.2, 23.14, 23.11, 22.97, 23.02, 22.92, 22.99, 23.11, 23.02, 23.33, 23.19, 23.01, 22.9, 22.61, 22.5, 22.48, 22.44, 22.45]}, {"seed": 1, "kind": "egate", "delta": 0.1, "mu": 1.3, "mean_theta_LR": 21.211258519486805, "std_theta_LR": 0.12707172707322154, "theta_LR_final": 21.06543173915868, "L_collapsed": false, "R_collapsed": false, "L_tvar": 5.794419785705794e-05, "R_tvar": 5.777606937860418e-05, "both_alive": true, "mean_transport_post": 0.002273327736794819, "class": "sustained", "theta_traj": [89.1, 64.24, 51.75, 45.42, 40.8, 36.56, 33.92, 31.94, 30.22, 29.06, 27.66, 26.87, 25.95, 24.89, 24.21, 23.71, 23.24, 22.91, 22.49, 22.2, 21.7, 21.67, 21.67, 21.61, 21.39, 21.36, 21.46, 21.49, 21.48, 21.29, 21.28, 21.27, 21.25, 21.21, 21.17, 21.19, 21.28, 21.25, 21.2, 21.14, 21.13, 21.1, 21.12, 21.1, 21.02, 21.12, 21.09, 21.16, 21.1, 21.11]}, {"seed": 2, "kind": "egate", "delta": 0.1, "mu": 1.3, "mean_theta_LR": 21.902492404717684, "std_theta_LR": 0.38706670211886063, "theta_LR_final": 21.451405731947798, "L_collapsed": false, "R_collapsed": false, "L_tvar": 6.407411245889488e-05, "R_tvar": 6.208113909536879e-05, "both_alive": true, "mean_transport_post": 0.002276597102846836, "class": "sustained", "theta_traj": [87.85, 65.9, 53.5, 46.77, 42.66, 38.95, 35.81, 33.38, 31.59, 29.78, 28.66, 27.41, 26.42, 25.71, 25.32, 24.71, 24.56, 24.28, 24.13, 23.9, 24.01, 23.69, 23.3, 23.07, 22.97, 22.82, 22.45, 22.22, 22.38, 22.46, 22.39, 22.26, 22.25, 22.22, 22.08, 22.12, 22.05, 21.88, 21.7, 21.52, 21.48, 21.52, 21.49, 21.51, 21.59, 21.59, 21.52, 21.57, 21.55, 21.51]}, {"seed": 3, "kind": "egate", "delta": 0.1, "mu": 1.3, "mean_theta_LR": 21.007237976044834, "std_theta_LR": 0.20796580753326888, "theta_LR_final": 21.023345453539026, "L_collapsed": false, "R_collapsed": false, "L_tvar": 6.227454490231594e-05, "R_tvar": 5.893057205399159e-05, "both_alive": true, "mean_transport_post": 0.0023002432248323008, "class": "sustained", "theta_traj": [88.54, 66.13, 54.21, 47.5, 42.43, 38.7, 36.1, 34.08, 31.93, 30.24, 29.01, 28.09, 26.77, 25.97, 24.95, 23.82, 22.72, 22.41, 22.08, 22.0, 22.01, 21.96, 21.65, 21.72, 21.49, 21.53, 21.3, 21.13, 21.07, 21.05, 21.05, 21.02, 21.02, 20.96, 21.1, 21.28, 21.31, 21.26, 21.23, 21.1, 20.93, 20.73, 20.71, 20.66, 20.73, 20.73, 20.73, 20.85, 20.92, 20.99]}, {"seed": 4, "kind": "egate", "delta": 0.1, "mu": 1.3, "mean_theta_LR": 21.819743455184234, "std_theta_LR": 0.16281593187953416, "theta_LR_final": 21.676122214430375, "L_collapsed": false, "R_collapsed": false, "L_tvar": 5.988418476804806e-05, "R_tvar": 5.9604141417529936e-05, "both_alive": true, "mean_transport_post": 0.00232815494420788, "class": "sustained", "theta_traj": [88.8, 64.22, 53.37, 48.11, 43.92, 40.59, 37.33, 34.54, 32.56, 30.8, 29.51, 28.26, 27.08, 26.34, 25.62, 25.25, 24.61, 23.82, 23.43, 23.11, 22.87, 22.74, 22.6, 22.61, 22.35, 22.31, 21.99, 21.91, 21.78, 21.67, 21.72, 21.78, 21.86, 21.85, 21.92, 21.93, 21.9, 21.93, 22.01, 21.98, 21.86, 21.94, 21.94, 21.9, 21.75, 21.57, 21.54, 21.55, 21.58, 21.55]}, {"seed": 5, "kind": "egate", "delta": 0.1, "mu": 1.3, "mean_theta_LR": 21.33354415601157, "std_theta_LR": 0.2651085174797268, "theta_LR_final": 21.030643101629238, "L_collapsed": false, "R_collapsed": false, "L_tvar": 6.0858802281250635e-05, "R_tvar": 6.198456496895149e-05, "both_alive": true, "mean_transport_post": 0.0023174374221983382, "class": "sustained", "theta_traj": [89.75, 66.9, 55.64, 49.63, 45.4, 42.02, 38.94, 36.62, 34.19, 32.24, 30.44, 28.76, 27.82, 26.97, 26.4, 25.61, 25.05, 24.4, 23.82, 23.49, 23.1, 22.73, 22.6, 22.11, 21.95, 21.74, 21.54, 21.49, 21.54, 21.48, 21.46, 21.42, 21.5, 21.51, 21.47, 21.52, 21.61, 21.66, 21.69, 21.55, 21.4, 21.17, 20.96, 20.94, 20.96, 20.95, 20.98, 21.02, 21.05, 21.04]}, {"seed": 6, "kind": "egate", "delta": 0.1, "mu": 1.3, "mean_theta_LR": 21.985175461430558, "std_theta_LR": 0.3600085779592656, "theta_LR_final": 21.251931321831815, "L_collapsed": false, "R_collapsed": false, "L_tvar": 6.481463402173123e-05, "R_tvar": 5.714074095217855e-05, "both_alive": true, "mean_transport_post": 0.0022840742692762004, "class": "sustained", "theta_traj": [89.85, 61.12, 49.07, 43.79, 40.44, 37.38, 35.1, 32.79, 30.83, 29.25, 27.96, 27.51, 26.72, 26.04, 25.18, 24.71, 24.49, 24.36, 23.87, 23.85, 23.63, 23.48, 23.44, 23.32, 23.06, 22.86, 22.81, 22.61, 22.36, 22.21, 22.19, 22.2, 22.22, 22.17, 22.1, 22.07, 22.1, 21.93, 21.89, 21.83, 21.79, 21.71, 21.74, 21.69, 21.65, 21.76, 21.69, 21.68, 21.55, 21.42]}, {"seed": 7, "kind": "egate", "delta": 0.1, "mu": 1.3, "mean_theta_LR": 21.373621094122083, "std_theta_LR": 0.08105649491620434, "theta_LR_final": 21.45417375079708, "L_collapsed": false, "R_collapsed": false, "L_tvar": 5.969020225963827e-05, "R_tvar": 6.18038424522549e-05, "both_alive": true, "mean_transport_post": 0.0022662558249708473, "class": "sustained", "theta_traj": [89.79, 63.17, 51.5, 46.41, 42.32, 39.34, 36.11, 33.29, 31.67, 30.11, 29.09, 27.98, 26.9, 25.94, 25.18, 24.42, 23.65, 23.47, 23.19, 22.68, 22.39, 22.14, 21.93, 21.69, 21.62, 21.54, 21.56, 21.58, 21.54, 21.39, 21.32, 21.35, 21.28, 21.38, 21.28, 21.28, 21.33, 21.3, 21.34, 21.28, 21.31, 21.4, 21.4, 21.43, 21.34, 21.41, 21.4, 21.4, 21.29, 21.35]}, {"seed": 8, "kind": "egate", "delta": 0.1, "mu": 1.3, "mean_theta_LR": 21.173760783936544, "std_theta_LR": 0.15062556934873117, "theta_LR_final": 21.103541384200227, "L_collapsed": false, "R_collapsed": false, "L_tvar": 6.42694781302663e-05, "R_tvar": 6.197906539535677e-05, "both_alive": true, "mean_transport_post": 0.0023053263387153348, "class": "sustained", "theta_traj": [89.61, 64.77, 53.33, 47.52, 43.45, 39.55, 36.25, 33.41, 30.98, 29.63, 28.44, 27.52, 26.61, 25.78, 24.64, 23.9, 23.38, 23.02, 22.38, 21.91, 21.84, 21.84, 21.65, 21.64, 21.62, 21.61, 21.56, 21.34, 21.34, 21.27, 21.26, 21.23, 21.3, 21.08, 21.14, 21.24, 21.15, 20.98, 20.96, 20.99, 20.99, 21.05, 21.1, 21.1, 21.07, 21.12, 21.15, 21.1, 21.19, 21.17]}, {"seed": 9, "kind": "egate", "delta": 0.1, "mu": 1.3, "mean_theta_LR": 21.033830143680913, "std_theta_LR": 0.1529730403648281, "theta_LR_final": 21.053811337928863, "L_collapsed": false, "R_collapsed": false, "L_tvar": 5.767445258547422e-05, "R_tvar": 5.665907434712656e-05, "both_alive": true, "mean_transport_post": 0.002254786516000556, "class": "sustained", "theta_traj": [89.31, 67.33, 54.81, 48.22, 42.76, 38.93, 35.91, 33.26, 30.89, 29.36, 28.05, 26.84, 25.74, 24.82, 23.93, 23.61, 23.43, 23.33, 22.84, 22.46, 22.44, 22.28, 22.03, 21.74, 21.5, 21.27, 21.25, 21.25, 21.34, 21.29, 21.15, 21.16, 21.21, 21.09, 21.01, 21.02, 20.97, 20.94, 20.9, 20.87, 20.86, 20.88, 20.85, 20.81, 20.86, 20.95, 20.95, 20.96, 21.0, 21.12]}, {"seed": 10, "kind": "egate", "delta": 0.1, "mu": 1.3, "mean_theta_LR": 23.28192338761371, "std_theta_LR": 0.4562670681887576, "theta_LR_final": 22.664108498139953, "L_collapsed": false, "R_collapsed": false, "L_tvar": 6.0217434817366306e-05, "R_tvar": 6.317908473250211e-05, "both_alive": true, "mean_transport_post": 0.0024017034972347575, "class": "sustained",