{"key": "egate_gp_d0.05_m0.4_s0.016", "records": [{"seed": 0, "kind": "egate", "delta": 0.05, "mu": 0.4, "mean_theta_LR": 45.64297649247353, "std_theta_LR": 1.3103197511774178, "theta_LR_final": 43.67804673994252, "L_collapsed": false, "R_collapsed": false, "L_tvar": 6.0362657587928814e-05, "R_tvar": 6.253586379813387e-05, "both_alive": true, "mean_transport_post": 0.001327393394417807, "class": "sustained", "theta_traj": [89.65, 81.23, 74.98, 70.79, 65.87, 61.46, 57.91, 55.21, 52.76, 50.83, 49.76, 49.53, 49.3, 49.21, 49.41, 49.73, 49.65, 49.56, 49.38, 49.35, 49.14, 49.03, 48.53, 47.88, 47.57, 47.57, 47.43, 47.55, 47.57, 47.3, 47.17, 46.98, 46.67, 46.34, 46.19, 46.16, 45.82, 45.57, 45.29, 45.23, 45.15, 44.97, 44.87, 44.58, 44.29, 44.03, 43.95, 43.89, 44.0, 43.82]}, {"seed": 1, "kind": "egate", "delta": 0.05, "mu": 0.4, "mean_theta_LR": 34.634088182397946, "std_theta_LR": 0.6871596462896108, "theta_LR_final": 33.56654150218751, "L_collapsed": false, "R_collapsed": false, "L_tvar": 5.810486512814832e-05, "R_tvar": 5.8997564973538755e-05, "both_alive": true, "mean_transport_post": 0.0012270694069886835, "class": "sustained", "theta_traj": [89.8, 79.45, 71.53, 66.0, 61.49, 58.45, 55.43, 52.97, 50.81, 48.68, 47.27, 46.27, 45.42, 44.39, 43.32, 42.99, 42.24, 41.34, 40.52, 39.29, 38.22, 37.9, 37.6, 37.14, 36.71, 36.3, 36.05, 35.74, 35.55, 35.38, 35.09, 34.87, 34.8, 34.66, 34.74, 34.73, 34.67, 34.68, 34.74, 34.76, 34.58, 34.34, 34.2, 34.23, 34.1, 33.92, 33.79, 33.76, 33.61, 33.66]}, {"seed": 2, "kind": "egate", "delta": 0.05, "mu": 0.4, "mean_theta_LR": 37.46840751471875, "std_theta_LR": 1.0886440145859613, "theta_LR_final": 36.071612992296, "L_collapsed": false, "R_collapsed": false, "L_tvar": 5.938995318333952e-05, "R_tvar": 5.7958385301350704e-05, "both_alive": true, "mean_transport_post": 0.0011995248873663442, "class": "sustained", "theta_traj": [88.56, 81.24, 73.79, 68.53, 64.09, 60.68, 57.42, 54.95, 52.7, 51.08, 49.81, 48.52, 46.87, 45.26, 43.64, 42.81, 42.0, 41.37, 40.68, 39.85, 39.2, 39.02, 38.75, 38.6, 38.45, 38.3, 38.23, 38.2, 38.52, 38.78, 38.8, 38.84, 39.11, 39.08, 38.8, 38.4, 37.73, 37.3, 37.02, 36.62, 36.42, 36.41, 36.41, 36.45, 36.49, 36.47, 36.47, 36.32, 36.16, 36.13]}, {"seed": 3, "kind": "egate", "delta": 0.05, "mu": 0.4, "mean_theta_LR": 36.61016397801851, "std_theta_LR": 1.402580206111865, "theta_LR_final": 35.06412048800299, "L_collapsed": false, "R_collapsed": false, "L_tvar": 6.041694943045951e-05, "R_tvar": 6.0235365964702006e-05, "both_alive": true, "mean_transport_post": 0.0012256802851204828, "class": "sustained", "theta_traj": [89.25, 82.24, 76.09, 70.88, 66.32, 62.25, 59.39, 56.65, 53.88, 51.51, 49.69, 48.4, 47.4, 46.74, 45.93, 45.53, 44.98, 44.11, 43.62, 43.07, 42.49, 41.96, 41.09, 40.52, 40.1, 39.9, 39.66, 39.14, 38.65, 38.12, 37.69, 37.18, 36.93, 36.82, 36.87, 36.66, 36.74, 36.63, 36.48, 36.4, 36.23, 35.98, 35.8, 35.39, 35.2, 35.1, 34.97, 34.91, 34.91, 34.91]}, {"seed": 4, "kind": "egate", "delta": 0.05, "mu": 0.4, "mean_theta_LR": 36.26695408107794, "std_theta_LR": 0.6964654827875633, "theta_LR_final": 36.02541191601972, "L_collapsed": false, "R_collapsed": false, "L_tvar": 5.7997284385937244e-05, "R_tvar": 6.062275789612179e-05, "both_alive": true, "mean_transport_post": 0.0012054738234919208, "class": "sustained", "theta_traj": [89.5, 77.95, 70.11, 65.28, 61.93, 58.36, 55.56, 53.13, 50.87, 48.56, 46.67, 45.15, 44.08, 43.05, 42.25, 41.59, 41.03, 40.87, 40.68, 40.39, 39.94, 39.53, 38.96, 38.82, 38.57, 38.31, 37.79, 37.56, 37.51, 37.12, 36.67, 36.39, 36.19, 35.86, 35.49, 35.38, 35.4, 35.72, 36.04, 35.98, 36.03, 35.92, 35.97, 36.03, 36.17, 36.25, 36.11, 36.03, 35.86, 35.97]}, {"seed": 5, "kind": "egate", "delta": 0.05, "mu": 0.4, "mean_theta_LR": 38.01274260992042, "std_theta_LR": 1.2425024104599227, "theta_LR_final": 35.92338238253972, "L_collapsed": false, "R_collapsed": false, "L_tvar": 5.871153273076487e-05, "R_tvar": 5.844519004051976e-05, "both_alive": true, "mean_transport_post": 0.0011666135411803715, "class": "sustained", "theta_traj": [90.44, 81.62, 76.2, 71.28, 66.74, 61.92, 57.2, 54.76, 52.56, 51.09, 49.51, 48.3, 47.26, 46.18, 45.52, 44.88, 44.07, 43.72, 43.59, 43.36, 42.83, 42.56, 42.2, 41.57, 40.91, 40.12, 39.66, 39.49, 39.38, 39.24, 39.26, 39.0, 38.81, 38.63, 38.75, 38.65, 38.64, 38.39, 38.34, 38.19, 37.98, 37.92, 37.53, 37.1, 36.83, 36.5, 36.21, 36.03, 35.84, 35.86]}, {"seed": 6, "kind": "egate", "delta": 0.05, "mu": 0.4, "mean_theta_LR": 38.58172015453674, "std_theta_LR": 1.7174819232117455, "theta_LR_final": 35.58858358982577, "L_collapsed": false, "R_collapsed": false, "L_tvar": 6.288367512039103e-05, "R_tvar": 5.8818873990828716e-05, "both_alive": true, "mean_transport_post": 0.0012178057434930236, "class": "sustained", "theta_traj": [90.57, 76.51, 69.53, 65.65, 62.83, 60.3, 58.67, 57.26, 55.91, 54.55, 53.1, 51.9, 50.82, 50.18, 49.35, 48.34, 47.22, 46.15, 45.37, 44.5, 43.5, 43.0, 42.2, 41.73, 41.63, 41.51, 41.33, 41.27, 41.03, 40.97, 40.7, 40.4, 39.96, 39.2, 38.88, 38.64, 38.51, 38.25, 38.08, 37.85, 37.71, 37.59, 37.35, 37.35, 37.08, 37.0, 36.84, 36.81, 36.43, 36.01]}, {"seed": 7, "kind": "egate", "delta": 0.05, "mu": 0.4, "mean_theta_LR": 39.4110259090994, "std_theta_LR": 0.5881968639492834, "theta_LR_final": 39.32728771599533, "L_collapsed": false, "R_collapsed": false, "L_tvar": 6.159300494070524e-05, "R_tvar": 6.240443862510724e-05, "both_alive": true, "mean_transport_post": 0.0012129797497686277, "class": "sustained", "theta_traj": [90.48, 77.57, 70.85, 66.2, 62.88, 60.3, 57.9, 55.89, 54.19, 52.56, 51.55, 50.6, 49.94, 48.88, 47.45, 46.12, 44.68, 43.5, 42.41, 41.48, 41.11, 40.53, 39.95, 39.65, 39.38, 39.03, 38.8, 38.67, 38.69, 38.65, 38.63, 38.79, 38.81, 38.93, 38.97, 39.1, 39.27, 39.41, 39.75, 39.94, 39.98, 39.99, 40.2, 40.26, 40.13, 40.13, 40.05, 40.01, 39.58, 39.45]}, {"seed": 8, "kind": "egate", "delta": 0.05, "mu": 0.4, "mean_theta_LR": 39.667321065535546, "std_theta_LR": 1.58153734973543, "theta_LR_final": 37.09538800298706, "L_collapsed": false, "R_collapsed": false, "L_tvar": 6.221840854422596e-05, "R_tvar": 6.093861166866709e-05, "both_alive": true, "mean_transport_post": 0.0012733509262847391, "class": "sustained", "theta_traj": [90.32, 81.06, 75.72, 71.34, 68.28, 65.29, 62.35, 59.39, 56.61, 54.06, 52.12, 51.22, 50.2, 49.39, 48.68, 48.02, 47.47, 46.72, 45.83, 45.25, 45.13, 44.83, 44.28, 43.96, 43.78, 43.19, 42.72, 41.97, 41.42, 40.95, 40.74, 40.85, 40.88, 40.73, 40.33, 39.94, 39.87, 39.63, 39.48, 39.4, 39.22, 39.04, 38.76, 38.64, 38.49, 38.05, 37.86, 37.55, 37.24, 37.09]}, {"seed": 9, "kind": "egate", "delta": 0.05, "mu": 0.4, "mean_theta_LR": 41.56680273048046, "std_theta_LR": 1.355685748433311, "theta_LR_final": 39.392211731926025, "L_collapsed": false, "R_collapsed": false, "L_tvar": 6.623161778990355e-05, "R_tvar": 6.125936560826383e-05, "both_alive": true, "mean_transport_post": 0.0012217251675489809, "class": "sustained", "theta_traj": [90.01, 84.04, 76.97, 70.69, 65.61, 62.87, 60.92, 59.38, 57.54, 55.99, 54.11, 52.62, 51.71, 50.76, 49.75, 48.59, 47.88, 47.43, 46.95, 46.57, 46.05, 45.7, 45.5, 45.51, 45.24, 45.02, 44.49, 44.0, 43.33, 42.84, 42.64, 42.38, 42.23, 41.98, 41.93, 41.77, 41.46, 41.29, 41.14, 40.94, 40.78, 40.86, 40.69, 40.62, 40.59, 40.48, 40.41, 40.15, 39.85, 39.63]}, {"seed": 10, "kind": "egate", "delta": 0.05, "mu": 0.4, "mean_theta_LR": 41.33201503559594, "std_theta_LR": 0.2503816343210598, "theta_LR_final": 41.19831149355877, "L_collapsed": false, "R_collapsed": false, "L_tvar": 6.421566209710911e-05, "R_tvar": 6.11564537251208e-05, "both_alive": true, "mean_transport_post": 0.0012799329138279245, "class": "sustained",