{"key": "egate_d0.1_m0.3_s0.016", "records": [{"seed": 0, "kind": "egate", "delta": 0.1, "mu": 0.3, "mean_theta_LR": 15.831232762592439, "std_theta_LR": 0.11824156711101683, "theta_LR_final": 15.678835496952226, "L_collapsed": false, "R_collapsed": false, "L_tvar": 6.168750109673642e-05, "R_tvar": 6.200604332299961e-05, "both_alive": true, "mean_transport_post": 0.0004961701841598575, "class": "fusion", "theta_traj": [88.2, 51.53, 37.6, 30.95, 25.21, 22.25, 20.38, 19.13, 18.19, 17.75, 17.61, 17.65, 17.12, 16.88, 16.79, 16.71, 16.65, 16.59, 16.47, 16.43, 16.44, 16.44, 16.28, 16.23, 16.14, 16.04, 16.02, 16.03, 16.03, 15.96, 15.94, 15.92, 15.86, 15.89, 15.91, 15.87, 15.87, 15.81, 15.79, 15.71, 15.65, 15.69, 15.7, 15.71, 15.75, 15.78, 15.73, 15.72, 15.71, 15.71]}, {"seed": 1, "kind": "egate", "delta": 0.1, "mu": 0.3, "mean_theta_LR": 15.059408325806922, "std_theta_LR": 0.10398574721308464, "theta_LR_final": 15.188900560851, "L_collapsed": false, "R_collapsed": false, "L_tvar": 5.904507772846703e-05, "R_tvar": 6.252233601753023e-05, "both_alive": true, "mean_transport_post": 0.00046339923518504, "class": "fusion", "theta_traj": [88.36, 50.01, 34.85, 28.43, 23.29, 20.71, 18.48, 16.76, 16.62, 16.36, 16.04, 15.85, 15.88, 15.79, 15.84, 15.78, 15.83, 15.75, 15.66, 15.64, 15.49, 15.48, 15.58, 15.64, 15.5, 15.33, 15.26, 15.22, 15.2, 15.09, 15.06, 15.06, 15.15, 15.1, 15.08, 15.07, 15.03, 15.01, 14.92, 14.96, 14.97, 15.03, 14.93, 14.99, 14.87, 14.97, 15.01, 15.1, 15.06, 15.15]}, {"seed": 2, "kind": "egate", "delta": 0.1, "mu": 0.3, "mean_theta_LR": 14.844915417904126, "std_theta_LR": 0.09502749621270798, "theta_LR_final": 14.613353362182922, "L_collapsed": false, "R_collapsed": false, "L_tvar": 5.745499925366239e-05, "R_tvar": 5.8039265599979345e-05, "both_alive": true, "mean_transport_post": 0.0004387032179924437, "class": "fusion", "theta_traj": [87.11, 50.88, 35.09, 27.72, 24.36, 20.86, 18.94, 17.46, 16.92, 16.44, 16.22, 16.0, 15.77, 15.67, 15.64, 15.6, 15.6, 15.57, 15.51, 15.3, 15.23, 15.18, 15.02, 14.94, 14.98, 14.95, 14.95, 14.93, 14.94, 14.92, 14.9, 14.83, 14.89, 14.99, 14.91, 14.79, 14.76, 14.77, 14.85, 14.84, 14.85, 14.86, 14.88, 14.87, 14.8, 14.83, 14.8, 14.74, 14.65, 14.63]}, {"seed": 3, "kind": "egate", "delta": 0.1, "mu": 0.3, "mean_theta_LR": 15.29033828765324, "std_theta_LR": 0.1103156153343029, "theta_LR_final": 15.305883795928123, "L_collapsed": false, "R_collapsed": false, "L_tvar": 6.038614883038249e-05, "R_tvar": 6.043017691947399e-05, "both_alive": true, "mean_transport_post": 0.0004706392233626471, "class": "fusion", "theta_traj": [87.78, 50.88, 35.16, 27.73, 22.93, 20.05, 18.52, 17.85, 17.36, 16.96, 16.43, 15.98, 15.91, 15.81, 15.92, 15.76, 15.75, 15.64, 15.6, 15.5, 15.59, 15.46, 15.4, 15.39, 15.31, 15.39, 15.41, 15.42, 15.36, 15.4, 15.44, 15.45, 15.41, 15.42, 15.4, 15.33, 15.24, 15.29, 15.23, 15.26, 15.2, 15.19, 15.24, 15.12, 15.11, 15.16, 15.11, 15.17, 15.24, 15.28]}], "meta": {"N": 4, "T": 2500, "sigma": 0.016, "done": true}}