{"key": "egate_gp_d0.05_m1.8_s0.016", "records": [{"seed": 0, "kind": "egate", "delta": 0.05, "mu": 1.8, "mean_theta_LR": 16.130318586928844, "std_theta_LR": 0.20853198158219993, "theta_LR_final": 15.896690389559728, "L_collapsed": false, "R_collapsed": false, "L_tvar": 5.699316685278484e-05, "R_tvar": 5.688180094150395e-05, "both_alive": true, "mean_transport_post": 0.002079007673350391, "class": "fusion", "theta_traj": [88.53, 60.55, 48.69, 43.26, 38.06, 33.96, 30.86, 27.77, 25.34, 23.3, 21.87, 20.56, 19.67, 18.87, 18.41, 17.84, 17.42, 17.29, 17.0, 16.99, 16.96, 16.94, 16.92, 16.78, 16.76, 16.55, 16.54, 16.42, 16.27, 16.3, 16.33, 16.4, 16.4, 16.37, 16.22, 16.12, 16.06, 16.0, 15.97, 15.99, 15.95, 16.06, 16.06, 15.97, 15.94, 15.94, 15.92, 15.91, 15.9, 15.91]}, {"seed": 1, "kind": "egate", "delta": 0.05, "mu": 1.8, "mean_theta_LR": 15.945448948997386, "std_theta_LR": 0.16600623504165518, "theta_LR_final": 15.62939126201393, "L_collapsed": false, "R_collapsed": false, "L_tvar": 5.8486826786913105e-05, "R_tvar": 6.261784820058543e-05, "both_alive": true, "mean_transport_post": 0.0020150596800065186, "class": "fusion", "theta_traj": [88.7, 58.76, 45.72, 39.9, 35.56, 31.84, 28.79, 26.58, 23.64, 22.09, 20.72, 19.73, 19.04, 18.93, 18.58, 18.22, 17.68, 17.17, 17.07, 16.92, 16.72, 16.43, 16.36, 16.33, 16.29, 16.19, 16.14, 16.13, 16.15, 16.07, 16.04, 16.13, 16.14, 16.09, 16.01, 16.04, 16.01, 15.97, 15.97, 15.96, 15.93, 15.93, 15.86, 15.79, 15.72, 15.88, 15.76, 15.72, 15.64, 15.63]}, {"seed": 2, "kind": "egate", "delta": 0.05, "mu": 1.8, "mean_theta_LR": 16.19352995750722, "std_theta_LR": 0.1878024270420201, "theta_LR_final": 15.916448250128683, "L_collapsed": false, "R_collapsed": false, "L_tvar": 6.30347808062937e-05, "R_tvar": 6.0001105940451694e-05, "both_alive": true, "mean_transport_post": 0.0020134153932617775, "class": "fusion", "theta_traj": [87.45, 60.97, 49.13, 42.69, 37.3, 33.46, 30.48, 28.13, 26.56, 24.83, 23.1, 21.64, 20.94, 20.36, 19.95, 19.25, 18.71, 18.07, 17.56, 17.36, 17.16, 16.9, 16.67, 16.66, 16.68, 16.67, 16.51, 16.45, 16.48, 16.49, 16.47, 16.3, 16.27, 16.24, 16.17, 16.27, 16.15, 16.2, 16.17, 16.14, 16.04, 16.11, 16.05, 16.1, 16.06, 16.02, 16.01, 15.96, 16.0, 15.87]}, {"seed": 3, "kind": "egate", "delta": 0.05, "mu": 1.8, "mean_theta_LR": 15.891153635613462, "std_theta_LR": 0.1686454947349369, "theta_LR_final": 15.861448490848623, "L_collapsed": false, "R_collapsed": false, "L_tvar": 5.907048872011868e-05, "R_tvar": 5.91727865661822e-05, "both_alive": true, "mean_transport_post": 0.002003052023936248, "class": "fusion", "theta_traj": [88.14, 60.11, 47.42, 40.56, 35.88, 32.44, 29.01, 26.78, 24.42, 22.1, 20.54, 19.73, 19.31, 18.98, 18.39, 18.03, 17.69, 17.46, 17.37, 17.12, 17.12, 16.99, 16.78, 16.78, 16.64, 16.44, 16.27, 16.31, 16.21, 16.01, 15.84, 15.82, 15.78, 15.77, 15.75, 15.77, 15.77, 15.81, 15.8, 15.8, 15.79, 15.82, 15.89, 15.85, 15.9, 15.88, 15.8, 15.77, 15.83, 15.85]}, {"seed": 4, "kind": "egate", "delta": 0.05, "mu": 1.8, "mean_theta_LR": 16.667853477696667, "std_theta_LR": 0.20729525249906164, "theta_LR_final": 16.59490817300792, "L_collapsed": false, "R_collapsed": false, "L_tvar": 5.799048343764704e-05, "R_tvar": 5.578134514000711e-05, "both_alive": true, "mean_transport_post": 0.0020248587702289184, "class": "fusion", "theta_traj": [88.4, 59.4, 48.24, 41.99, 36.68, 32.52, 29.36, 26.72, 24.61, 23.13, 21.99, 21.32, 20.88, 20.17, 19.76, 19.38, 18.75, 18.54, 18.07, 17.92, 17.52, 17.39, 17.16, 17.06, 16.99, 17.08, 17.01, 17.02, 17.03, 16.91, 16.94, 16.81, 16.84, 16.79, 16.64, 16.67, 16.61, 16.48, 16.62, 16.62, 16.43, 16.4, 16.43, 16.49, 16.63, 16.58, 16.49, 16.51, 16.48, 16.5]}, {"seed": 5, "kind": "egate", "delta": 0.05, "mu": 1.8, "mean_theta_LR": 15.960811308273987, "std_theta_LR": 0.2513148270354196, "theta_LR_final": 15.452847589273535, "L_collapsed": false, "R_collapsed": false, "L_tvar": 5.76353658969249e-05, "R_tvar": 6.0734750337399925e-05, "both_alive": true, "mean_transport_post": 0.001959503054915367, "class": "fusion", "theta_traj": [89.35, 61.39, 48.46, 41.43, 36.63, 31.89, 27.71, 24.66, 22.58, 21.51, 20.46, 19.67, 19.26, 18.54, 18.14, 17.39, 17.13, 16.67, 16.45, 16.49, 16.34, 16.19, 16.12, 16.18, 16.18, 16.22, 16.26, 16.27, 16.22, 16.23, 16.09, 16.08, 16.04, 16.01, 16.09, 16.1, 16.1, 16.12, 16.02, 15.98, 15.96, 15.94, 15.9, 16.02, 16.04, 15.77, 15.68, 15.38, 15.42, 15.42]}, {"seed": 6, "kind": "egate", "delta": 0.05, "mu": 1.8, "mean_theta_LR": 15.94162209634176, "std_theta_LR": 0.4043613747128082, "theta_LR_final": 15.55652924926862, "L_collapsed": false, "R_collapsed": false, "L_tvar": 6.233135658458468e-05, "R_tvar": 5.6228362851597616e-05, "both_alive": true, "mean_transport_post": 0.001994660500609334, "class": "fusion", "theta_traj": [89.44, 55.8, 43.53, 38.9, 34.17, 30.81, 27.98, 26.35, 25.27, 24.22, 23.52, 22.83, 22.03, 21.37, 20.58, 20.15, 19.36, 18.22, 17.64, 17.44, 17.04, 16.64, 16.6, 16.71, 16.77, 16.83, 16.56, 16.63, 16.39, 16.35, 16.28, 16.31, 16.3, 16.24, 16.22, 16.12, 15.98, 15.93, 15.73, 15.63, 15.59, 15.63, 15.51, 15.51, 15.48, 15.56, 15.56, 15.58, 15.56, 15.56]}, {"seed": 7, "kind": "egate", "delta": 0.05, "mu": 1.8, "mean_theta_LR": 15.753568419771321, "std_theta_LR": 0.10088903097121409, "theta_LR_final": 15.623199113904942, "L_collapsed": false, "R_collapsed": false, "L_tvar": 5.7469752676367964e-05, "R_tvar": 5.951662740135402e-05, "both_alive": true, "mean_transport_post": 0.0019804176182447158, "class": "fusion", "theta_traj": [89.39, 57.71, 45.26, 39.98, 36.04, 32.71, 29.41, 26.23, 23.95, 22.43, 21.36, 20.72, 20.13, 19.35, 18.63, 18.15, 17.46, 17.04, 16.74, 16.3, 15.93, 15.8, 15.91, 15.84, 15.86, 15.87, 15.93, 15.85, 15.99, 15.92, 15.77, 15.71, 15.65, 15.69, 15.65, 15.74, 15.75, 15.71, 15.78, 15.76, 15.75, 15.85, 15.8, 15.79, 15.65, 15.8, 15.68, 15.73, 15.58, 15.61]}, {"seed": 8, "kind": "egate", "delta": 0.05, "mu": 1.8, "mean_theta_LR": 15.804449188791823, "std_theta_LR": 0.328860866147595, "theta_LR_final": 15.433642293436966, "L_collapsed": false, "R_collapsed": false, "L_tvar": 6.0045310247657024e-05, "R_tvar": 6.003157975088559e-05, "both_alive": true, "mean_transport_post": 0.0019853041839804826, "class": "fusion", "theta_traj": [89.22, 58.62, 45.32, 38.94, 34.49, 30.22, 27.05, 24.5, 22.56, 21.16, 19.88, 18.82, 18.53, 18.22, 17.98, 17.52, 17.41, 17.15, 16.98, 16.91, 16.96, 16.67, 16.51, 16.38, 16.38, 16.36, 16.33, 16.29, 16.25, 16.18, 16.18, 16.1, 16.22, 16.16, 15.96, 15.85, 15.71, 15.62, 15.61, 15.6, 15.55, 15.52, 15.56, 15.6, 15.59, 15.53, 15.48, 15.46, 15.46, 15.41]}, {"seed": 9, "kind": "egate", "delta": 0.05, "mu": 1.8, "mean_theta_LR": 15.693870642232291, "std_theta_LR": 0.19728598800048494, "theta_LR_final": 15.42011297912356, "L_collapsed": false, "R_collapsed": false, "L_tvar": 5.8106679313194545e-05, "R_tvar": 5.883849624590485e-05, "both_alive": true, "mean_transport_post": 0.0019781424649177384, "class": "fusion", "theta_traj": [88.92, 62.18, 48.51, 42.54, 38.03, 33.69, 30.35, 27.93, 25.94, 24.35, 22.84, 21.75, 20.66, 19.69, 18.68, 17.79, 17.32, 17.0, 16.64, 16.62, 16.4, 16.42, 16.28, 16.14, 16.17, 16.07, 16.02, 16.01, 15.97, 15.99, 15.88, 15.98, 15.75, 15.8, 15.76, 15.68, 15.64, 15.62, 15.65, 15.63, 15.58, 15.55, 15.51, 15.43, 15.45, 15.48, 15.53, 15.53, 15.48, 15.51]}, {"seed": 10, "kind": "egate", "delta": 0.05, "mu": 1.8, "mean_theta_LR": 17.297754055676663, "std_theta_LR": 0.0889661072770299, "theta_LR_final": 17.268544462906924, "L_collapsed": false, "R_collapsed": false, "L_tvar": 6.0843803683773815e-05, "R_tvar": 6.503719199231648e-05, "both_alive": true, "mean_transport_post": 0.0021023352777041725, "class": "fusion",