{"key": "egate_gp_d0.2_m0.6_s0.016", "records": [{"seed": 0, "kind": "egate", "delta": 0.2, "mu": 0.6, "mean_theta_LR": 101.86413529951989, "std_theta_LR": 1.2029855081242504, "theta_LR_final": 103.22552466424612, "L_collapsed": false, "R_collapsed": false, "L_tvar": 6.109326813498402e-05, "R_tvar": 5.940163905034305e-05, "both_alive": true, "mean_transport_post": 0.0014826924147534346, "class": "segregation", "theta_traj": [89.49, 77.39, 71.54, 69.76, 69.38, 70.63, 73.34, 76.64, 79.68, 81.9, 84.15, 86.45, 88.98, 91.06, 92.42, 93.78, 95.11, 96.1, 96.9, 97.35, 97.95, 98.51, 98.81, 99.17, 99.37, 99.48, 99.45, 99.58, 99.73, 100.25, 100.75, 101.1, 101.37, 101.8, 102.01, 102.06, 102.19, 102.17, 102.1, 102.21, 102.36, 102.52, 102.63, 102.81, 102.94, 102.94, 102.98, 103.17, 103.2, 103.16]}, {"seed": 1, "kind": "egate", "delta": 0.2, "mu": 0.6, "mean_theta_LR": 95.46129125159203, "std_theta_LR": 2.124926092193813, "theta_LR_final": 98.95039945067545, "L_collapsed": false, "R_collapsed": false, "L_tvar": 5.967840632117167e-05, "R_tvar": 5.937137571060743e-05, "both_alive": true, "mean_transport_post": 0.0015245282711791655, "class": "segregation", "theta_traj": [89.64, 74.71, 66.07, 63.59, 63.99, 66.11, 68.16, 70.67, 73.37, 76.12, 78.52, 80.6, 82.75, 84.38, 85.95, 86.97, 87.78, 88.41, 88.95, 89.57, 89.99, 90.35, 90.64, 90.98, 91.15, 91.52, 92.04, 92.49, 92.58, 92.8, 93.13, 93.52, 93.87, 94.28, 94.72, 95.08, 95.35, 95.56, 95.77, 96.05, 96.31, 96.37, 96.65, 97.07, 97.34, 97.57, 97.93, 98.33, 98.54, 98.83]}, {"seed": 2, "kind": "egate", "delta": 0.2, "mu": 0.6, "mean_theta_LR": 93.9192489653181, "std_theta_LR": 1.3667340724903185, "theta_LR_final": 95.83425897332896, "L_collapsed": false, "R_collapsed": false, "L_tvar": 5.602726859921829e-05, "R_tvar": 5.814185635888244e-05, "both_alive": true, "mean_transport_post": 0.0015447582620764376, "class": "segregation", "theta_traj": [88.4, 76.81, 68.98, 66.79, 67.34, 69.49, 71.91, 74.07, 75.67, 76.72, 77.92, 79.01, 80.26, 81.25, 82.08, 82.77, 83.66, 84.17, 84.69, 85.62, 86.52, 87.46, 88.36, 89.16, 89.95, 90.72, 91.47, 91.81, 92.23, 92.41, 92.6, 92.89, 93.04, 93.21, 93.35, 93.56, 93.79, 93.97, 94.13, 94.22, 94.34, 94.81, 94.85, 95.08, 95.22, 95.4, 95.49, 95.65, 95.71, 95.82]}, {"seed": 3, "kind": "egate", "delta": 0.2, "mu": 0.6, "mean_theta_LR": 102.62161158999207, "std_theta_LR": 1.0013431843353375, "theta_LR_final": 103.70770361904714, "L_collapsed": false, "R_collapsed": false, "L_tvar": 6.007278396390521e-05, "R_tvar": 6.156014339248498e-05, "both_alive": true, "mean_transport_post": 0.0013990960021263241, "class": "segregation", "theta_traj": [89.1, 78.43, 72.04, 69.63, 69.08, 70.23, 71.75, 73.56, 75.17, 76.95, 78.17, 79.96, 81.95, 84.05, 86.04, 87.82, 89.67, 91.39, 93.01, 94.48, 95.61, 96.48, 97.26, 98.11, 99.01, 99.8, 100.61, 101.14, 101.49, 101.68, 101.8, 101.98, 102.05, 102.23, 102.22, 102.23, 102.31, 102.46, 102.86, 103.05, 103.32, 103.51, 103.55, 103.5, 103.58, 103.74, 103.68, 103.7, 103.68, 103.68]}, {"seed": 4, "kind": "egate", "delta": 0.2, "mu": 0.6, "mean_theta_LR": 96.98301119419833, "std_theta_LR": 2.493662950303432, "theta_LR_final": 100.38455471082845, "L_collapsed": false, "R_collapsed": false, "L_tvar": 6.193758888926897e-05, "R_tvar": 6.150531608614355e-05, "both_alive": true, "mean_transport_post": 0.001586617540017808, "class": "segregation", "theta_traj": [89.34, 74.55, 68.68, 67.76, 69.07, 70.78, 73.2, 75.77, 78.64, 81.56, 84.36, 86.6, 88.5, 90.22, 91.27, 91.92, 92.48, 92.72, 92.83, 92.93, 93.02, 93.15, 93.25, 93.25, 93.24, 93.08, 92.93, 92.98, 93.16, 93.46, 94.13, 94.65, 94.91, 95.37, 96.0, 96.48, 97.03, 97.66, 98.29, 98.57, 98.7, 98.78, 98.82, 99.03, 99.21, 99.39, 99.5, 99.67, 99.8, 100.16]}, {"seed": 5, "kind": "egate", "delta": 0.2, "mu": 0.6, "mean_theta_LR": 100.76219172263312, "std_theta_LR": 2.512746902888286, "theta_LR_final": 103.68109592671124, "L_collapsed": false, "R_collapsed": false, "L_tvar": 6.202434633654993e-05, "R_tvar": 6.388336863826904e-05, "both_alive": true, "mean_transport_post": 0.0014432013313267623, "class": "segregation", "theta_traj": [90.29, 77.72, 72.01, 68.82, 68.49, 69.38, 70.5, 72.57, 74.81, 76.93, 79.05, 80.76, 82.66, 84.46, 85.87, 87.3, 88.02, 88.73, 89.45, 90.05, 90.9, 91.55, 92.44, 93.19, 94.15, 94.96, 95.65, 96.31, 96.89, 97.61, 98.41, 98.97, 99.55, 100.09, 100.39, 100.81, 101.32, 101.71, 101.85, 101.92, 102.02, 102.21, 102.55, 102.82, 103.04, 103.11, 103.17, 103.28, 103.38, 103.56]}, {"seed": 6, "kind": "egate", "delta": 0.2, "mu": 0.6, "mean_theta_LR": 93.23699859013196, "std_theta_LR": 1.9725019644446395, "theta_LR_final": 89.76572725978204, "L_collapsed": false, "R_collapsed": false, "L_tvar": 6.614271351483233e-05, "R_tvar": 6.1238147589196e-05, "both_alive": true, "mean_transport_post": 0.0016559026448695257, "class": "segregation", "theta_traj": [90.41, 72.8, 67.71, 67.56, 69.15, 70.49, 72.31, 74.16, 75.69, 76.73, 77.27, 77.87, 78.62, 79.87, 81.39, 82.81, 84.31, 85.72, 87.24, 88.4, 89.58, 90.73, 91.7, 92.47, 93.27, 93.88, 94.37, 94.81, 95.15, 95.21, 95.27, 95.23, 95.22, 95.11, 94.99, 94.76, 94.63, 94.55, 94.12, 93.63, 93.16, 92.62, 92.03, 91.67, 91.07, 90.81, 90.42, 90.01, 89.92, 89.88]}, {"seed": 7, "kind": "egate", "delta": 0.2, "mu": 0.6, "mean_theta_LR": 98.23234820739603, "std_theta_LR": 1.033174572258391, "theta_LR_final": 99.33144095559113, "L_collapsed": false, "R_collapsed": false, "L_tvar": 6.211918210116148e-05, "R_tvar": 6.1029769778357025e-05, "both_alive": true, "mean_transport_post": 0.0014769888703135147, "class": "segregation", "theta_traj": [90.33, 73.79, 67.18, 65.14, 65.4, 67.03, 69.25, 71.67, 73.94, 76.34, 78.66, 80.45, 82.09, 83.54, 84.87, 86.15, 87.56, 88.78, 89.76, 90.49, 91.65, 92.79, 93.62, 94.35, 94.98, 95.48, 95.9, 96.35, 96.73, 97.01, 97.38, 97.68, 97.93, 98.2, 98.4, 98.44, 98.59, 98.72, 98.71, 98.79, 98.74, 98.63, 98.57, 98.66, 98.84, 99.1, 99.26, 99.41, 99.4, 99.38]}, {"seed": 8, "kind": "egate", "delta": 0.2, "mu": 0.6, "mean_theta_LR": 99.29578626719059, "std_theta_LR": 1.4937289888544707, "theta_LR_final": 100.06981873764556, "L_collapsed": false, "R_collapsed": false, "L_tvar": 6.502172620660971e-05, "R_tvar": 6.697990233694236e-05, "both_alive": true, "mean_transport_post": 0.001514388293994633, "class": "segregation", "theta_traj": [90.16, 76.19, 69.13, 66.68, 66.23, 66.74, 68.0, 69.32, 70.89, 73.13, 75.54, 77.49, 79.4, 81.23, 82.93, 84.69, 86.27, 87.8, 89.09, 90.26, 91.42, 92.35, 93.22, 93.93, 94.39, 94.96, 95.67, 96.17, 96.86, 97.66, 98.32, 98.98, 99.42, 99.62, 99.86, 100.11, 100.13, 100.07, 100.01, 100.13, 100.13, 100.26, 100.38, 100.4, 100.26, 100.2, 100.21, 100.18, 100.21, 100.13]}, {"seed": 9, "kind": "egate", "delta": 0.2, "mu": 0.6, "mean_theta_LR": 97.49312198779931, "std_theta_LR": 1.5626760164209608, "theta_LR_final": 98.39860440764897, "L_collapsed": false, "R_collapsed": false, "L_tvar": 6.090878583188247e-05, "R_tvar": 5.8671792979348954e-05, "both_alive": true, "mean_transport_post": 0.001522813908439973, "class": "segregation", "theta_traj": [89.86, 80.03, 72.56, 69.65, 70.1, 71.34, 72.72, 74.0, 75.62, 77.03, 78.98, 81.12, 82.38, 83.53, 84.51, 85.4, 86.11, 86.88, 87.55, 88.33, 89.12, 90.13, 90.98, 91.79, 92.62, 93.36, 94.01, 94.58, 95.21, 95.89, 96.53, 96.83, 97.08, 97.03, 96.94, 97.21, 97.47, 97.76, 98.13, 98.43, 98.61, 98.82, 98.9, 98.95, 98.95, 99.05, 98.97, 98.87, 98.87, 98.72]}, {"seed": 10, "kind": "egate", "delta": 0.2, "mu": 0.6, "mean_theta_LR": 99.97583245640102, "std_theta_LR": 0.4589856846971442, "theta_LR_final": 99.19362762992678, "L_collapsed": false, "R_collapsed": false, "L_tvar": 6.48167670766895e-05, "R_tvar": 6.479270556374901e-05, "both_alive": true, "mean_transport_post": 0.0015479596840964254, "class": "segregation",