{"key": "egate_gp_d0.4_m0.4_s0.016", "records": [{"seed": 0, "kind": "egate", "delta": 0.4, "mu": 0.4, "mean_theta_LR": 93.42947765538545, "std_theta_LR": 2.742007289331358, "theta_LR_final": 89.49206846468435, "L_collapsed": false, "R_collapsed": false, "L_tvar": 5.962366268231426e-05, "R_tvar": 6.189738796892127e-05, "both_alive": true, "mean_transport_post": 0.0016209692451005443, "class": "segregation", "theta_traj": [89.65, 82.09, 81.26, 85.42, 92.44, 96.32, 95.7, 93.27, 89.52, 87.69, 90.41, 94.94, 97.37, 97.77, 96.15, 91.56, 88.11, 89.04, 93.11, 96.95, 97.9, 96.15, 92.9, 89.88, 88.53, 90.94, 94.04, 95.55, 95.43, 95.94, 93.47, 89.73, 88.86, 92.09, 95.72, 96.48, 95.47, 94.36, 93.43, 91.59, 90.01, 90.36, 93.3, 95.82, 96.45, 96.84, 97.03, 94.98, 90.55, 87.69]}, {"seed": 1, "kind": "egate", "delta": 0.4, "mu": 0.4, "mean_theta_LR": 94.83595032454141, "std_theta_LR": 5.087414342614792, "theta_LR_final": 94.50147424369226, "L_collapsed": false, "R_collapsed": false, "L_tvar": 6.012608448212875e-05, "R_tvar": 6.488070031190906e-05, "both_alive": true, "mean_transport_post": 0.0016128589979235272, "class": "segregation", "theta_traj": [89.79, 78.51, 77.48, 86.12, 95.56, 100.27, 100.98, 98.41, 90.34, 84.78, 86.01, 92.43, 97.99, 98.23, 97.51, 96.0, 93.89, 92.64, 92.43, 93.99, 94.94, 93.64, 91.58, 90.72, 92.44, 95.18, 97.49, 98.52, 98.41, 96.29, 92.56, 87.64, 85.51, 89.36, 96.31, 101.7, 102.62, 100.14, 95.97, 90.84, 87.41, 87.6, 91.78, 97.59, 102.64, 102.82, 97.21, 92.03, 90.53, 92.69]}, {"seed": 2, "kind": "egate", "delta": 0.4, "mu": 0.4, "mean_theta_LR": 94.06921442198048, "std_theta_LR": 2.596882321615471, "theta_LR_final": 88.72683462890153, "L_collapsed": false, "R_collapsed": false, "L_tvar": 5.9032907710287394e-05, "R_tvar": 5.5723469899705696e-05, "both_alive": true, "mean_transport_post": 0.0015649134356106472, "class": "segregation", "theta_traj": [88.55, 80.63, 78.04, 84.65, 92.34, 97.17, 96.61, 93.89, 92.35, 91.64, 93.13, 94.8, 96.29, 94.74, 93.06, 92.19, 90.74, 89.21, 89.62, 94.47, 97.41, 97.15, 96.27, 96.63, 95.09, 92.42, 89.83, 90.46, 94.34, 96.72, 97.73, 97.9, 96.17, 92.2, 91.07, 92.39, 94.27, 95.79, 96.76, 96.26, 94.02, 91.38, 91.22, 93.97, 97.02, 97.14, 96.09, 95.25, 93.01, 90.37]}, {"seed": 3, "kind": "egate", "delta": 0.4, "mu": 0.4, "mean_theta_LR": 95.3165310166849, "std_theta_LR": 2.5589960061296364, "theta_LR_final": 99.84144764073734, "L_collapsed": false, "R_collapsed": false, "L_tvar": 6.439882740572154e-05, "R_tvar": 6.282487143952732e-05, "both_alive": true, "mean_transport_post": 0.0015986235515268103, "class": "segregation", "theta_traj": [89.26, 83.63, 81.48, 84.38, 89.62, 94.44, 98.28, 97.51, 92.58, 89.2, 88.67, 90.22, 92.71, 96.94, 98.02, 94.38, 92.13, 93.22, 94.33, 93.42, 93.87, 95.22, 95.42, 93.66, 92.6, 93.36, 94.98, 96.22, 96.23, 96.64, 96.4, 95.22, 93.28, 93.21, 93.9, 94.47, 94.01, 93.97, 96.37, 98.24, 98.59, 96.66, 93.86, 92.11, 91.26, 90.6, 92.91, 97.0, 100.21, 100.62]}, {"seed": 4, "kind": "egate", "delta": 0.4, "mu": 0.4, "mean_theta_LR": 95.25719081627375, "std_theta_LR": 3.047956374193626, "theta_LR_final": 91.0721947879714, "L_collapsed": false, "R_collapsed": false, "L_tvar": 6.136671845107452e-05, "R_tvar": 5.954393758614296e-05, "both_alive": true, "mean_transport_post": 0.0015628806034129442, "class": "segregation", "theta_traj": [89.5, 79.85, 82.58, 90.12, 95.72, 97.0, 95.82, 94.96, 91.21, 89.0, 90.57, 94.91, 97.01, 97.16, 97.52, 96.62, 92.07, 90.44, 92.75, 96.4, 98.23, 98.15, 97.16, 96.22, 93.99, 93.71, 94.1, 95.31, 96.53, 97.21, 96.41, 94.05, 93.31, 95.1, 98.38, 98.53, 97.64, 96.22, 95.28, 92.18, 90.32, 91.67, 95.99, 99.8, 100.85, 99.52, 96.73, 94.19, 90.58, 89.11]}, {"seed": 5, "kind": "egate", "delta": 0.4, "mu": 0.4, "mean_theta_LR": 95.23769363161718, "std_theta_LR": 2.6000468351415096, "theta_LR_final": 89.71974865220864, "L_collapsed": false, "R_collapsed": false, "L_tvar": 5.8306203692933154e-05, "R_tvar": 6.120672446460325e-05, "both_alive": true, "mean_transport_post": 0.0015771250936578607, "class": "segregation", "theta_traj": [90.44, 82.14, 81.13, 83.04, 88.97, 94.73, 98.11, 97.37, 94.15, 92.8, 93.61, 93.43, 91.19, 90.69, 93.32, 97.16, 99.51, 101.68, 101.27, 96.57, 89.8, 86.2, 88.1, 91.8, 95.44, 98.69, 100.28, 99.41, 97.13, 93.44, 90.62, 91.27, 93.22, 95.91, 96.19, 95.25, 95.05, 95.74, 95.97, 94.23, 92.62, 92.97, 94.44, 96.32, 97.98, 97.97, 97.66, 96.72, 94.35, 91.22]}, {"seed": 6, "kind": "egate", "delta": 0.4, "mu": 0.4, "mean_theta_LR": 95.08818057160192, "std_theta_LR": 3.355194838457952, "theta_LR_final": 93.43571904278211, "L_collapsed": false, "R_collapsed": false, "L_tvar": 6.278368263837053e-05, "R_tvar": 5.4853338025747534e-05, "both_alive": true, "mean_transport_post": 0.001587672671731275, "class": "segregation", "theta_traj": [90.58, 79.9, 83.77, 90.34, 94.26, 93.35, 93.35, 94.87, 96.09, 95.72, 93.43, 91.56, 91.21, 91.53, 93.17, 94.64, 96.88, 97.74, 97.15, 95.49, 93.05, 90.67, 90.97, 93.45, 97.28, 98.96, 98.77, 97.75, 95.12, 90.44, 88.67, 91.28, 95.65, 98.06, 99.86, 99.34, 97.09, 94.21, 92.03, 91.63, 92.13, 92.6, 95.43, 99.5, 101.06, 97.81, 94.25, 92.33, 92.64, 92.81]}, {"seed": 7, "kind": "egate", "delta": 0.4, "mu": 0.4, "mean_theta_LR": 95.10270847777836, "std_theta_LR": 3.6451316519906185, "theta_LR_final": 94.86514547524001, "L_collapsed": false, "R_collapsed": false, "L_tvar": 5.737826412521516e-05, "R_tvar": 5.96538440804262e-05, "both_alive": true, "mean_transport_post": 0.0015828457416539846, "class": "segregation", "theta_traj": [90.49, 79.3, 80.59, 87.27, 94.02, 98.6, 99.46, 97.07, 92.96, 90.36, 89.59, 90.76, 93.99, 97.42, 97.52, 93.72, 90.59, 91.71, 94.86, 97.34, 98.35, 97.63, 96.56, 94.2, 91.14, 89.63, 92.42, 97.3, 100.54, 100.11, 97.2, 94.2, 90.03, 88.51, 90.5, 96.21, 101.33, 101.75, 98.11, 94.37, 92.79, 92.41, 91.85, 92.58, 95.41, 98.6, 98.2, 94.79, 92.8, 93.72]}, {"seed": 8, "kind": "egate", "delta": 0.4, "mu": 0.4, "mean_theta_LR": 95.00189980395663, "std_theta_LR": 2.2743756789477643, "theta_LR_final": 91.4892860900463, "L_collapsed": false, "R_collapsed": false, "L_tvar": 6.636775017456931e-05, "R_tvar": 6.295102129799718e-05, "both_alive": true, "mean_transport_post": 0.0016229337745493906, "class": "segregation", "theta_traj": [90.32, 80.04, 77.01, 81.63, 90.35, 99.43, 104.88, 104.9, 101.17, 95.79, 89.9, 84.44, 82.27, 87.02, 95.51, 102.13, 103.72, 102.56, 99.38, 93.33, 87.79, 86.16, 89.28, 93.58, 95.92, 97.34, 97.43, 97.08, 95.37, 93.92, 93.84, 94.38, 93.25, 91.15, 91.78, 95.64, 97.74, 97.29, 97.41, 96.03, 93.28, 91.05, 91.2, 94.01, 96.65, 97.47, 97.59, 97.4, 95.87, 93.19]}, {"seed": 9, "kind": "egate", "delta": 0.4, "mu": 0.4, "mean_theta_LR": 94.74649008679738, "std_theta_LR": 6.107933405739369, "theta_LR_final": 92.51211124548517, "L_collapsed": false, "R_collapsed": false, "L_tvar": 5.9351400322486655e-05, "R_tvar": 6.355444279272505e-05, "both_alive": true, "mean_transport_post": 0.0016009542202230708, "class": "segregation", "theta_traj": [90.01, 84.53, 81.06, 84.17, 91.39, 96.2, 97.63, 97.59, 96.37, 95.67, 94.04, 92.19, 90.68, 89.95, 91.76, 95.07, 98.6, 100.06, 98.07, 94.49, 91.16, 89.26, 89.15, 90.82, 95.34, 100.05, 101.77, 99.96, 95.76, 90.28, 88.07, 89.0, 91.02, 95.42, 101.05, 103.62, 100.9, 95.29, 89.8, 87.41, 87.37, 90.42, 96.69, 103.56, 105.45, 101.71, 94.94, 88.33, 85.98, 87.71]}, {"seed": 10, "kind": "egate", "delta": 0.4, "mu": 0.4, "mean_theta_LR": 94.36348060808162, "std_theta_LR": 2.612359130591507, "theta_LR_final": 92.23154423001998, "L_collapsed": false, "R_collapsed": false, "L_tvar": 6.110641565197884e-05, "R_tvar": 5.9229847487165066e-05, "both_alive": true, "mean_transport_post": 0.0016308982606888084, "class": "segregation",