{"key": "egate_gp_d0.1_m2.5_s0.016", "records": [{"seed": 0, "kind": "egate", "delta": 0.1, "mu": 2.5, "mean_theta_LR": 16.7319090234781, "std_theta_LR": 0.09520798895233219, "theta_LR_final": 16.462274193809872, "L_collapsed": false, "R_collapsed": false, "L_tvar": 5.653099871352261e-05, "R_tvar": 5.6959920710501595e-05, "both_alive": true, "mean_transport_post": 0.002774550332222799, "class": "fusion", "theta_traj": [87.95, 55.01, 43.21, 37.75, 32.61, 28.68, 25.78, 23.29, 21.36, 19.58, 18.84, 18.66, 18.35, 18.01, 17.69, 17.5, 17.24, 16.88, 16.87, 16.88, 16.91, 16.9, 16.9, 16.85, 16.89, 16.81, 16.84, 16.85, 16.8, 16.79, 16.86, 16.84, 16.82, 16.8, 16.78, 16.72, 16.74, 16.68, 16.69, 16.7, 16.67, 16.73, 16.7, 16.7, 16.71, 16.71, 16.71, 16.7, 16.56, 16.45]}, {"seed": 1, "kind": "egate", "delta": 0.1, "mu": 2.5, "mean_theta_LR": 16.158422655955953, "std_theta_LR": 0.0661945577369285, "theta_LR_final": 16.06863642146368, "L_collapsed": false, "R_collapsed": false, "L_tvar": 5.920040111868211e-05, "R_tvar": 6.096592061105798e-05, "both_alive": true, "mean_transport_post": 0.002666195237549506, "class": "fusion", "theta_traj": [88.14, 54.14, 41.6, 36.82, 33.15, 29.85, 26.57, 23.15, 20.86, 19.83, 19.25, 18.79, 18.37, 17.97, 17.37, 16.73, 16.4, 16.38, 16.36, 16.37, 16.29, 16.28, 16.28, 16.28, 16.24, 16.2, 16.21, 16.23, 16.26, 16.18, 16.16, 16.18, 16.23, 16.2, 16.2, 16.24, 16.2, 16.18, 16.2, 16.21, 16.17, 16.14, 16.09, 16.07, 16.02, 16.1, 16.07, 16.08, 16.05, 16.09]}, {"seed": 2, "kind": "egate", "delta": 0.1, "mu": 2.5, "mean_theta_LR": 15.956559205100783, "std_theta_LR": 0.08189103270888834, "theta_LR_final": 15.832056651144471, "L_collapsed": false, "R_collapsed": false, "L_tvar": 5.680283496421818e-05, "R_tvar": 5.82617435079663e-05, "both_alive": true, "mean_transport_post": 0.0025481818534917526, "class": "fusion", "theta_traj": [86.89, 56.29, 44.87, 39.17, 34.22, 31.29, 28.75, 26.4, 24.4, 22.65, 21.46, 20.69, 19.76, 18.99, 18.75, 18.44, 17.85, 17.34, 17.26, 17.06, 16.81, 16.47, 16.24, 16.19, 16.15, 16.16, 16.12, 16.06, 16.04, 16.07, 16.02, 16.01, 16.02, 16.05, 15.94, 15.95, 15.89, 15.9, 15.91, 15.91, 15.89, 15.92, 15.89, 15.92, 15.86, 15.89, 15.88, 15.89, 15.87, 15.86]}, {"seed": 3, "kind": "egate", "delta": 0.1, "mu": 2.5, "mean_theta_LR": 16.90613961075243, "std_theta_LR": 0.04648342783699851, "theta_LR_final": 16.88519149247217, "L_collapsed": false, "R_collapsed": false, "L_tvar": 6.225383447652918e-05, "R_tvar": 5.926942571355617e-05, "both_alive": true, "mean_transport_post": 0.002681726853339585, "class": "fusion", "theta_traj": [87.57, 54.8, 41.92, 36.41, 32.11, 28.19, 25.87, 23.91, 21.75, 20.48, 19.39, 18.96, 18.47, 18.29, 18.02, 17.92, 17.72, 17.51, 17.5, 17.34, 17.26, 17.16, 16.95, 16.96, 17.01, 16.98, 17.02, 16.98, 16.94, 16.95, 16.94, 16.9, 16.93, 16.86, 16.89, 16.9, 16.87, 16.9, 16.87, 16.94, 16.91, 16.92, 16.96, 16.83, 16.86, 16.86, 16.83, 16.85, 16.85, 16.91]}], "meta": {"N": 4, "T": 2500, "sigma": 0.016, "done": true}}