{"key": "egate_gp_d0.4_m1.3_s0.016", "records": [{"seed": 0, "kind": "egate", "delta": 0.4, "mu": 1.3, "mean_theta_LR": 105.15839128371218, "std_theta_LR": 0.4780251425969115, "theta_LR_final": 105.49652851547732, "L_collapsed": false, "R_collapsed": false, "L_tvar": 5.966755791753448e-05, "R_tvar": 5.964406251924622e-05, "both_alive": true, "mean_transport_post": 0.002309271504551899, "class": "segregation", "theta_traj": [88.93, 68.88, 67.31, 70.53, 74.87, 79.15, 82.93, 86.35, 89.9, 92.57, 94.48, 96.09, 97.66, 98.76, 99.65, 100.49, 101.15, 101.7, 102.02, 102.28, 102.45, 102.65, 102.83, 102.98, 103.31, 103.71, 103.98, 104.24, 104.43, 104.66, 104.92, 105.01, 105.08, 105.18, 105.25, 105.33, 105.34, 105.38, 105.37, 105.4, 105.41, 105.46, 105.49, 105.53, 105.5, 105.44, 105.47, 105.57, 105.55, 105.48]}, {"seed": 1, "kind": "egate", "delta": 0.4, "mu": 1.3, "mean_theta_LR": 103.44701017316427, "std_theta_LR": 1.2079165144520856, "theta_LR_final": 104.99337390047134, "L_collapsed": false, "R_collapsed": false, "L_tvar": 5.868181728224142e-05, "R_tvar": 6.110149520587954e-05, "both_alive": true, "mean_transport_post": 0.002291233513861323, "class": "segregation", "theta_traj": [89.09, 66.18, 63.62, 67.4, 71.26, 75.49, 79.16, 82.78, 86.15, 89.26, 91.23, 92.72, 94.02, 94.93, 95.83, 96.45, 97.19, 97.67, 98.03, 98.54, 98.94, 99.24, 99.56, 100.12, 100.45, 100.84, 101.1, 101.5, 101.65, 101.85, 102.13, 102.46, 102.75, 103.04, 103.29, 103.41, 103.49, 103.66, 103.89, 104.02, 104.15, 104.24, 104.3, 104.5, 104.55, 104.66, 104.66, 104.65, 104.77, 104.91]}, {"seed": 2, "kind": "egate", "delta": 0.4, "mu": 1.3, "mean_theta_LR": 100.92756290412761, "std_theta_LR": 0.594932945557769, "theta_LR_final": 101.48467913483407, "L_collapsed": false, "R_collapsed": false, "L_tvar": 5.927718396774956e-05, "R_tvar": 6.256627548792133e-05, "both_alive": true, "mean_transport_post": 0.0024384502966892443, "class": "segregation", "theta_traj": [87.84, 67.84, 64.41, 68.12, 71.87, 75.27, 78.31, 80.65, 83.32, 85.57, 87.28, 88.77, 90.17, 91.27, 92.36, 93.46, 94.44, 95.27, 95.87, 96.39, 96.98, 97.57, 97.91, 98.41, 98.85, 99.22, 99.55, 99.85, 100.02, 100.23, 100.37, 100.55, 100.77, 101.03, 101.12, 101.21, 101.13, 101.13, 101.15, 101.25, 101.28, 101.32, 101.28, 101.33, 101.31, 101.41, 101.36, 101.44, 101.39, 101.51]}, {"seed": 3, "kind": "egate", "delta": 0.4, "mu": 1.3, "mean_theta_LR": 105.83817374284341, "std_theta_LR": 0.5432499084849106, "theta_LR_final": 106.29556826782246, "L_collapsed": false, "R_collapsed": false, "L_tvar": 5.9450294481602896e-05, "R_tvar": 5.861779141225351e-05, "both_alive": true, "mean_transport_post": 0.0022078448587679288, "class": "segregation", "theta_traj": [88.55, 69.86, 67.34, 69.45, 72.86, 76.99, 81.17, 84.43, 87.18, 89.59, 91.6, 93.4, 94.94, 96.25, 97.57, 98.78, 99.79, 100.72, 101.51, 102.27, 102.95, 103.42, 103.68, 104.01, 104.26, 104.47, 104.65, 104.83, 104.97, 105.14, 105.27, 105.42, 105.65, 105.84, 105.97, 106.06, 106.08, 106.09, 106.15, 106.15, 106.2, 106.24, 106.26, 106.24, 106.25, 106.23, 106.21, 106.25, 106.26, 106.28]}, {"seed": 4, "kind": "egate", "delta": 0.4, "mu": 1.3, "mean_theta_LR": 105.34456934333676, "std_theta_LR": 0.4870748810113177, "theta_LR_final": 105.8799109012568, "L_collapsed": false, "R_collapsed": false, "L_tvar": 6.293937388588772e-05, "R_tvar": 6.320196045779677e-05, "both_alive": true, "mean_transport_post": 0.0023389120775964083, "class": "segregation", "theta_traj": [88.79, 67.6, 67.43, 71.93, 76.1, 79.57, 82.57, 85.66, 88.95, 91.6, 93.56, 95.46, 97.02, 98.39, 99.35, 100.46, 101.33, 101.95, 102.46, 102.64, 102.76, 103.11, 103.36, 103.73, 104.02, 104.23, 104.33, 104.51, 104.72, 104.77, 104.92, 105.05, 105.1, 105.18, 105.24, 105.23, 105.29, 105.39, 105.48, 105.64, 105.77, 105.76, 105.8, 105.79, 105.76, 105.76, 105.79, 105.8, 105.87, 105.87]}, {"seed": 5, "kind": "egate", "delta": 0.4, "mu": 1.3, "mean_theta_LR": 105.69974710862266, "std_theta_LR": 0.3739883484209911, "theta_LR_final": 105.96974454975368, "L_collapsed": false, "R_collapsed": false, "L_tvar": 6.098918750164269e-05, "R_tvar": 6.357864716906299e-05, "both_alive": true, "mean_transport_post": 0.0022520756901026014, "class": "segregation", "theta_traj": [89.74, 69.43, 67.43, 70.13, 73.82, 77.47, 80.84, 84.29, 87.25, 89.77, 91.98, 94.24, 96.14, 97.54, 98.68, 99.84, 100.94, 101.71, 102.3, 102.63, 103.02, 103.29, 103.63, 103.85, 104.12, 104.42, 104.72, 104.92, 105.15, 105.41, 105.6, 105.77, 105.9, 105.94, 105.87, 105.84, 105.87, 105.9, 105.9, 105.89, 105.88, 105.89, 105.78, 105.82, 105.86, 105.86, 105.88, 105.89, 105.91, 105.97]}, {"seed": 6, "kind": "egate", "delta": 0.4, "mu": 1.3, "mean_theta_LR": 104.11807018162756, "std_theta_LR": 0.6663088221990937, "theta_LR_final": 104.76575330661254, "L_collapsed": false, "R_collapsed": false, "L_tvar": 6.499410211774683e-05, "R_tvar": 6.1025181145159303e-05, "both_alive": true, "mean_transport_post": 0.0022867772166322506, "class": "segregation", "theta_traj": [89.86, 65.72, 66.52, 71.28, 75.15, 78.57, 81.26, 83.49, 85.81, 87.57, 88.96, 90.4, 91.75, 93.07, 94.58, 95.65, 96.71, 97.77, 98.88, 99.51, 100.24, 100.9, 101.44, 101.74, 102.01, 102.32, 102.62, 102.93, 103.12, 103.32, 103.53, 103.79, 103.96, 104.05, 104.14, 104.14, 104.24, 104.35, 104.46, 104.49, 104.53, 104.51, 104.58, 104.57, 104.59, 104.68, 104.73, 104.74, 104.78, 104.75]}, {"seed": 7, "kind": "egate", "delta": 0.4, "mu": 1.3, "mean_theta_LR": 102.31789494333071, "std_theta_LR": 0.7279361442032629, "theta_LR_final": 103.15013100351749, "L_collapsed": false, "R_collapsed": false, "L_tvar": 5.9492401418788386e-05, "R_tvar": 6.1001086920455196e-05, "both_alive": true, "mean_transport_post": 0.0023228169451862484, "class": "segregation", "theta_traj": [89.79, 66.69, 64.8, 67.87, 71.23, 75.22, 78.78, 82.21, 84.77, 86.81, 88.7, 90.31, 91.94, 93.57, 94.89, 96.11, 97.06, 97.67, 98.41, 99.04, 99.53, 99.99, 100.21, 100.45, 100.64, 100.83, 101.04, 101.21, 101.36, 101.4, 101.53, 101.63, 101.79, 101.84, 101.97, 102.13, 102.31, 102.47, 102.58, 102.64, 102.74, 102.85, 102.99, 102.99, 103.07, 103.07, 103.08, 103.12, 103.1, 103.19]}, {"seed": 8, "kind": "egate", "delta": 0.4, "mu": 1.3, "mean_theta_LR": 103.94809028196575, "std_theta_LR": 0.4896237661872587, "theta_LR_final": 104.45334428044477, "L_collapsed": false, "R_collapsed": false, "L_tvar": 5.9757321356112663e-05, "R_tvar": 6.019525327016724e-05, "both_alive": true, "mean_transport_post": 0.002299462548657227, "class": "segregation", "theta_traj": [89.61, 66.58, 64.14, 66.63, 69.98, 73.7, 77.26, 80.44, 83.63, 86.22, 88.5, 90.61, 92.35, 94.01, 95.37, 96.54, 97.46, 98.02, 98.68, 99.4, 100.19, 101.04, 101.49, 101.89, 102.19, 102.55, 102.86, 103.08, 103.3, 103.5, 103.62, 103.67, 103.72, 103.75, 103.89, 104.01, 104.04, 104.04, 104.08, 104.14, 104.1, 104.22, 104.25, 104.3, 104.37, 104.43, 104.5, 104.53, 104.5, 104.48]}, {"seed": 9, "kind": "egate", "delta": 0.4, "mu": 1.3, "mean_theta_LR": 104.17772561225449, "std_theta_LR": 0.7320704932792047, "theta_LR_final": 105.21505376891159, "L_collapsed": false, "R_collapsed": false, "L_tvar": 6.268197623804063e-05, "R_tvar": 6.073477911960471e-05, "both_alive": true, "mean_transport_post": 0.002311580669940169, "class": "segregation", "theta_traj": [89.32, 70.8, 68.22, 71.19, 75.45, 79.06, 81.92, 84.64, 87.56, 90.0, 91.82, 93.2, 94.29, 95.33, 96.25, 97.08, 98.14, 99.0, 99.7, 100.24, 100.59, 101.09, 101.7, 102.07, 102.32, 102.51, 102.73, 102.97, 103.07, 103.22, 103.45, 103.64, 103.94, 104.08, 104.14, 104.25, 104.26, 104.3, 104.31, 104.36, 104.38, 104.44, 104.52, 104.64, 104.8, 104.9, 104.99, 105.08, 105.16, 105.14]}, {"seed": 10, "kind": "egate", "delta": 0.4, "mu": 1.3, "mean_theta_LR": 105.33030617545298, "std_theta_LR": 0.3564266947127775, "theta_LR_final": 105.75577442815354, "L_collapsed": false, "R_collapsed": false, "L_tvar": 5.958897554334125e-05, "R_tvar": 6.220202087825587e-05, "both_alive": true, "mean_transport_post": 0.002267395938284704, "class": "segregation",