{"key": "egate_gp_d0.2_m0.3_s0.016", "records": [{"seed": 0, "kind": "egate", "delta": 0.2, "mu": 0.3, "mean_theta_LR": 94.07371578843558, "std_theta_LR": 5.334961709448475, "theta_LR_final": 95.15396049892591, "L_collapsed": false, "R_collapsed": false, "L_tvar": 5.88022379023822e-05, "R_tvar": 5.9609940823339785e-05, "both_alive": true, "mean_transport_post": 0.0012331890126559021, "class": "segregation", "theta_traj": [89.73, 83.55, 79.76, 77.61, 77.86, 80.5, 85.51, 90.97, 95.78, 99.05, 99.71, 98.57, 96.69, 95.03, 93.14, 91.64, 90.54, 90.59, 91.06, 92.06, 93.39, 94.86, 95.82, 96.33, 96.82, 96.92, 97.18, 96.76, 95.65, 93.79, 91.82, 89.64, 87.52, 85.55, 84.56, 85.07, 86.6, 88.85, 90.77, 92.83, 94.74, 96.43, 97.94, 99.42, 100.54, 101.28, 101.31, 100.71, 99.48, 97.3]}, {"seed": 1, "kind": "egate", "delta": 0.2, "mu": 0.3, "mean_theta_LR": 93.2044360620606, "std_theta_LR": 2.2021513156049575, "theta_LR_final": 93.17234625020656, "L_collapsed": false, "R_collapsed": false, "L_tvar": 5.7910647943000604e-05, "R_tvar": 6.056996217673717e-05, "both_alive": true, "mean_transport_post": 0.001210144153111151, "class": "segregation", "theta_traj": [89.87, 80.75, 74.43, 72.29, 74.13, 78.05, 82.61, 87.1, 91.0, 93.86, 96.0, 97.73, 98.62, 99.1, 99.67, 99.89, 100.25, 99.56, 98.28, 96.27, 94.75, 93.71, 93.12, 92.87, 92.64, 92.18, 91.57, 91.03, 90.49, 89.89, 89.49, 90.04, 91.06, 91.73, 92.63, 93.77, 95.23, 96.21, 96.55, 96.5, 96.39, 95.95, 95.25, 94.73, 94.56, 93.93, 93.0, 92.6, 92.45, 92.76]}, {"seed": 2, "kind": "egate", "delta": 0.2, "mu": 0.3, "mean_theta_LR": 93.74485410675618, "std_theta_LR": 4.405520949265896, "theta_LR_final": 90.69340221171237, "L_collapsed": false, "R_collapsed": false, "L_tvar": 6.15828625309693e-05, "R_tvar": 5.708689516855034e-05, "both_alive": true, "mean_transport_post": 0.0012148979902782747, "class": "segregation", "theta_traj": [88.63, 82.86, 76.67, 75.82, 77.54, 80.39, 83.87, 86.32, 88.2, 90.02, 91.85, 93.37, 94.72, 94.86, 94.44, 93.77, 93.89, 94.17, 93.72, 93.21, 93.27, 93.9, 94.09, 94.13, 93.96, 93.55, 92.82, 92.19, 91.31, 90.16, 88.88, 87.92, 87.45, 87.56, 88.29, 89.43, 91.13, 92.86, 94.56, 96.32, 97.61, 98.82, 99.66, 100.43, 100.85, 100.35, 99.21, 97.14, 94.43, 92.02]}, {"seed": 3, "kind": "egate", "delta": 0.2, "mu": 0.3, "mean_theta_LR": 94.14395029320653, "std_theta_LR": 3.554469951780565, "theta_LR_final": 93.04089335417954, "L_collapsed": false, "R_collapsed": false, "L_tvar": 6.108897069708109e-05, "R_tvar": 6.0719369224002134e-05, "both_alive": true, "mean_transport_post": 0.0012411604138604002, "class": "segregation", "theta_traj": [89.33, 85.09, 81.09, 78.92, 78.45, 79.48, 82.19, 85.13, 88.43, 91.76, 94.79, 96.96, 98.42, 97.96, 96.2, 94.13, 92.72, 92.32, 92.53, 93.41, 94.91, 96.46, 96.63, 95.33, 93.46, 91.96, 90.5, 89.2, 87.93, 88.06, 89.0, 90.07, 91.19, 92.28, 93.5, 94.65, 95.43, 96.17, 97.03, 97.71, 97.96, 98.3, 99.06, 99.1, 98.64, 97.41, 96.02, 94.71, 93.99, 93.46]}], "meta": {"N": 4, "T": 2500, "sigma": 0.016, "done": true}}