{"key": "egate_gp_d0.1_m1.8_s0.016", "records": [{"seed": 0, "kind": "egate", "delta": 0.1, "mu": 1.8, "mean_theta_LR": 19.08232600850997, "std_theta_LR": 0.18441172364805705, "theta_LR_final": 18.87270667668379, "L_collapsed": false, "R_collapsed": false, "L_tvar": 5.714202257513945e-05, "R_tvar": 5.7444563497775026e-05, "both_alive": true, "mean_transport_post": 0.0026146039196970673, "class": "fusion", "theta_traj": [88.53, 60.55, 49.28, 44.11, 39.57, 35.73, 32.84, 29.93, 27.71, 25.63, 23.83, 22.97, 21.74, 21.1, 20.42, 19.93, 19.68, 19.61, 19.5, 19.47, 19.48, 19.46, 19.52, 19.42, 19.39, 19.27, 19.3, 19.31, 19.27, 19.27, 19.24, 19.29, 19.29, 19.32, 19.32, 19.25, 19.08, 18.94, 18.89, 18.86, 18.86, 18.98, 18.88, 18.92, 18.91, 18.9, 18.91, 18.95, 18.97, 18.93]}, {"seed": 1, "kind": "egate", "delta": 0.1, "mu": 1.8, "mean_theta_LR": 18.588521389195012, "std_theta_LR": 0.3527428015856509, "theta_LR_final": 18.181351271916945, "L_collapsed": false, "R_collapsed": false, "L_tvar": 5.7003781305907656e-05, "R_tvar": 5.8633420335135865e-05, "both_alive": true, "mean_transport_post": 0.0024554268723364614, "class": "fusion", "theta_traj": [88.7, 58.68, 45.67, 40.3, 36.06, 32.92, 30.35, 28.3, 26.13, 24.5, 22.69, 21.71, 21.21, 20.83, 20.62, 20.07, 19.69, 19.46, 19.5, 19.4, 19.22, 19.1, 19.18, 19.15, 19.25, 19.22, 19.25, 19.3, 19.11, 18.96, 18.95, 18.91, 19.01, 18.66, 18.5, 18.48, 18.47, 18.52, 18.53, 18.41, 18.36, 18.31, 18.33, 18.35, 18.38, 18.32, 18.27, 18.22, 18.16, 18.19]}, {"seed": 2, "kind": "egate", "delta": 0.1, "mu": 1.8, "mean_theta_LR": 18.544227482916202, "std_theta_LR": 0.10939317362372553, "theta_LR_final": 18.637094997022263, "L_collapsed": false, "R_collapsed": false, "L_tvar": 6.41552689350217e-05, "R_tvar": 6.40924397299437e-05, "both_alive": true, "mean_transport_post": 0.0024528251835474564, "class": "fusion", "theta_traj": [87.45, 60.92, 49.32, 44.15, 39.73, 36.16, 33.06, 30.63, 29.52, 27.84, 26.44, 24.8, 23.43, 22.37, 21.8, 21.42, 21.13, 20.94, 20.63, 20.56, 19.93, 19.79, 19.59, 19.28, 18.96, 18.86, 18.66, 18.61, 18.61, 18.58, 18.63, 18.56, 18.61, 18.59, 18.51, 18.48, 18.44, 18.49, 18.47, 18.43, 18.39, 18.4, 18.39, 18.39, 18.4, 18.55, 18.6, 18.71, 18.7, 18.64]}, {"seed": 3, "kind": "egate", "delta": 0.1, "mu": 1.8, "mean_theta_LR": 19.023850533033198, "std_theta_LR": 0.1549480270524611, "theta_LR_final": 19.02650355744399, "L_collapsed": false, "R_collapsed": false, "L_tvar": 6.061446697142589e-05, "R_tvar": 5.999254849910142e-05, "both_alive": true, "mean_transport_post": 0.0024985402490913093, "class": "fusion", "theta_traj": [88.14, 60.54, 48.28, 42.08, 37.34, 34.31, 31.21, 28.8, 26.47, 24.59, 22.77, 21.74, 21.29, 21.15, 20.83, 20.61, 20.39, 20.42, 20.3, 20.11, 20.03, 19.7, 19.37, 19.26, 19.23, 19.3, 19.36, 19.35, 19.36, 19.31, 19.14, 19.02, 18.99, 18.94, 18.96, 18.93, 18.96, 18.93, 18.89, 18.91, 18.91, 18.94, 18.93, 18.87, 18.96, 18.92, 18.92, 18.92, 18.96, 19.06]}, {"seed": 4, "kind": "egate", "delta": 0.1, "mu": 1.8, "mean_theta_LR": 19.37819510229381, "std_theta_LR": 0.07854452356322672, "theta_LR_final": 19.315721236666953, "L_collapsed": false, "R_collapsed": false, "L_tvar": 5.944702380224816e-05, "R_tvar": 5.692211088107576e-05, "both_alive": true, "mean_transport_post": 0.002506465674799733, "class": "fusion", "theta_traj": [88.4, 59.47, 48.75, 43.31, 38.94, 34.77, 31.94, 29.76, 27.8, 25.88, 25.0, 24.44, 24.07, 23.63, 22.87, 22.36, 21.7, 21.04, 20.46, 20.08, 19.77, 19.71, 19.58, 19.54, 19.5, 19.66, 19.49, 19.41, 19.38, 19.31, 19.35, 19.35, 19.47, 19.5, 19.48, 19.51, 19.4, 19.37, 19.42, 19.39, 19.32, 19.29, 19.29, 19.26, 19.45, 19.41, 19.31, 19.32, 19.26, 19.28]}, {"seed": 5, "kind": "egate", "delta": 0.1, "mu": 1.8, "mean_theta_LR": 18.76057961193081, "std_theta_LR": 0.21968715752913034, "theta_LR_final": 18.459794866337333, "L_collapsed": false, "R_collapsed": false, "L_tvar": 5.837606348465439e-05, "R_tvar": 5.882946915570898e-05, "both_alive": true, "mean_transport_post": 0.002462449127283634, "class": "fusion", "theta_traj": [89.35, 61.72, 49.76, 43.24, 39.21, 34.86, 31.31, 28.45, 25.62, 24.19, 23.17, 22.33, 21.96, 21.62, 21.39, 21.0, 20.42, 19.98, 19.68, 19.38, 19.21, 19.23, 19.24, 19.21, 19.32, 19.13, 19.16, 18.95, 18.87, 18.91, 18.85, 18.91, 18.92, 18.87, 18.83, 18.81, 18.86, 18.96, 18.88, 18.89, 18.82, 18.82, 18.71, 18.6, 18.44, 18.41, 18.4, 18.41, 18.44, 18.45]}, {"seed": 6, "kind": "egate", "delta": 0.1, "mu": 1.8, "mean_theta_LR": 18.34377987578525, "std_theta_LR": 0.2294199034959282, "theta_LR_final": 18.05373641457568, "L_collapsed": false, "R_collapsed": false, "L_tvar": 6.234359689808868e-05, "R_tvar": 5.5455743093884464e-05, "both_alive": true, "mean_transport_post": 0.0024307234027817286, "class": "fusion", "theta_traj": [89.44, 55.99, 43.43, 39.17, 35.22, 31.62, 29.14, 27.13, 25.85, 24.83, 23.96, 23.25, 22.44, 21.89, 21.17, 20.58, 20.06, 19.61, 19.44, 19.22, 18.88, 18.88, 18.76, 18.87, 18.77, 18.83, 18.78, 18.85, 18.65, 18.59, 18.53, 18.57, 18.45, 18.3, 18.36, 18.37, 18.29, 18.22, 18.28, 18.28, 18.18, 18.18, 18.14, 18.24, 18.23, 18.22, 18.16, 18.04, 18.08, 18.07]}, {"seed": 7, "kind": "egate", "delta": 0.1, "mu": 1.8, "mean_theta_LR": 18.204266209237666, "std_theta_LR": 0.048972082640210426, "theta_LR_final": 18.21352090713968, "L_collapsed": false, "R_collapsed": false, "L_tvar": 5.817625870111658e-05, "R_tvar": 6.136258788680724e-05, "both_alive": true, "mean_transport_post": 0.002421290764885069, "class": "fusion", "theta_traj": [89.39, 58.01, 45.94, 41.08, 37.47, 34.31, 31.26, 28.25, 26.32, 25.19, 24.08, 23.11, 22.41, 21.87, 21.24, 20.96, 20.63, 20.27, 19.99, 19.78, 19.44, 18.94, 18.5, 18.24, 18.17, 18.27, 18.24, 18.13, 18.15, 18.14, 18.17, 18.16, 18.15, 18.16, 18.17, 18.19, 18.28, 18.24, 18.26, 18.21, 18.21, 18.27, 18.27, 18.3, 18.21, 18.26, 18.16, 18.2, 18.17, 18.18]}, {"seed": 8, "kind": "egate", "delta": 0.1, "mu": 1.8, "mean_theta_LR": 18.382991288522952, "std_theta_LR": 0.1795145516221542, "theta_LR_final": 18.16452741756817, "L_collapsed": false, "R_collapsed": false, "L_tvar": 5.950426078799246e-05, "R_tvar": 5.835944081928185e-05, "both_alive": true, "mean_transport_post": 0.002446106285789321, "class": "fusion", "theta_traj": [89.22, 58.66, 45.72, 39.56, 35.27, 31.48, 28.71, 26.02, 24.06, 22.57, 20.9, 20.4, 20.01, 19.63, 19.38, 19.0, 18.95, 18.79, 18.73, 18.69, 18.76, 18.63, 18.66, 18.59, 18.6, 18.63, 18.71, 18.68, 18.69, 18.56, 18.47, 18.52, 18.48, 18.46, 18.44, 18.42, 18.49, 18.42, 18.47, 18.36, 18.19, 18.19, 18.21, 18.21, 18.2, 18.2, 18.23, 18.19, 18.19, 18.19]}, {"seed": 9, "kind": "egate", "delta": 0.1, "mu": 1.8, "mean_theta_LR": 18.142895498875784, "std_theta_LR": 0.0563888334478044, "theta_LR_final": 18.077817655981118, "L_collapsed": false, "R_collapsed": false, "L_tvar": 6.0507069994457396e-05, "R_tvar": 6.13853793054723e-05, "both_alive": true, "mean_transport_post": 0.0024473000929173716, "class": "fusion", "theta_traj": [88.92, 62.14, 49.15, 43.4, 38.82, 34.6, 31.08, 28.98, 27.22, 26.12, 24.84, 23.69, 22.52, 21.52, 20.41, 19.42, 19.09, 18.98, 18.63, 18.64, 18.54, 18.46, 18.41, 18.34, 18.33, 18.32, 18.23, 18.23, 18.24, 18.11, 18.21, 18.09, 18.1, 18.14, 18.08, 18.12, 18.1, 18.08, 18.1, 18.07, 18.08, 18.14, 18.14, 18.13, 18.07, 18.18, 18.2, 18.21, 18.14, 18.18]}, {"seed": 10, "kind": "egate", "delta": 0.1, "mu": 1.8, "mean_theta_LR": 18.882249041496284, "std_theta_LR": 0.11148237470648065, "theta_LR_final": 18.794302580712614, "L_collapsed": false, "R_collapsed": false, "L_tvar": 5.981777808143428e-05, "R_tvar": 6.477001864837153e-05, "both_alive": true, "mean_transport_post": 0.0025364363143877988, "class": "fusion", "theta_traj": [87.86, 60.04, 47.57, 40.67, 35.8, 32.56, 30.07, 28.27, 26.53, 25.02, 24.14, 23.08, 22.23, 21.66, 21.23, 20.96, 20.79, 20.48, 20.29, 20.15, 19.84, 19.55, 19.48, 19.23, 19.19, 19.13, 19.17, 19.16, 18.9, 18.94, 18.91, 18.97, 18.95, 18.92, 18.86, 18.86, 18.85, 18.89, 18.8, 18.8, 18.8, 18.74, 18.77, 18.77, 18.8, 18.89, 18.9, 18.85, 18.8, 18.83]}, {"seed": 11,