{"key": "egate_gp_d0.4_m0.9_s0.016", "records": [{"seed": 0, "kind": "egate", "delta": 0.4, "mu": 0.9, "mean_theta_LR": 110.93731198840261, "std_theta_LR": 0.13585053227566474, "theta_LR_final": 111.08142851708284, "L_collapsed": false, "R_collapsed": false, "L_tvar": 6.197263244848133e-05, "R_tvar": 6.0490549713688284e-05, "both_alive": true, "mean_transport_post": 0.002171873507822318, "class": "segregation", "theta_traj": [89.25, 74.2, 73.13, 78.41, 85.81, 92.36, 97.56, 101.77, 104.51, 106.17, 107.22, 108.2, 108.91, 109.51, 110.05, 110.3, 110.38, 110.41, 110.41, 110.52, 110.52, 110.64, 110.73, 110.64, 110.83, 110.93, 110.94, 110.96, 111.18, 111.16, 111.17, 111.08, 110.89, 110.84, 110.79, 110.77, 110.78, 110.76, 110.78, 110.72, 110.73, 110.86, 110.91, 110.91, 110.95, 111.01, 111.04, 111.06, 111.06, 111.04]}, {"seed": 1, "kind": "egate", "delta": 0.4, "mu": 0.9, "mean_theta_LR": 110.41287023864561, "std_theta_LR": 0.13822333432966943, "theta_LR_final": 110.57185885737539, "L_collapsed": false, "R_collapsed": false, "L_tvar": 5.7584417881788895e-05, "R_tvar": 5.7503170755067646e-05, "both_alive": true, "mean_transport_post": 0.0020876987072507335, "class": "segregation", "theta_traj": [89.4, 70.58, 69.48, 76.73, 86.0, 93.07, 98.42, 102.74, 104.6, 106.04, 106.95, 107.65, 108.21, 108.68, 108.96, 109.18, 109.27, 109.35, 109.52, 109.6, 109.61, 109.74, 109.89, 110.04, 110.21, 110.35, 110.37, 110.33, 110.18, 110.14, 110.17, 110.24, 110.3, 110.27, 110.34, 110.31, 110.41, 110.53, 110.52, 110.47, 110.42, 110.51, 110.56, 110.57, 110.55, 110.59, 110.55, 110.51, 110.51, 110.56]}, {"seed": 2, "kind": "egate", "delta": 0.4, "mu": 0.9, "mean_theta_LR": 110.12924479818118, "std_theta_LR": 0.27762389951484134, "theta_LR_final": 110.21455103566257, "L_collapsed": false, "R_collapsed": false, "L_tvar": 5.7121446105680666e-05, "R_tvar": 6.113736051337646e-05, "both_alive": true, "mean_transport_post": 0.002140924905426416, "class": "segregation", "theta_traj": [88.16, 72.78, 71.01, 77.45, 84.33, 90.39, 95.28, 98.44, 101.35, 103.39, 104.47, 105.69, 106.58, 107.25, 107.67, 107.97, 108.42, 108.79, 109.25, 109.4, 109.36, 109.53, 109.68, 109.76, 109.85, 109.76, 109.64, 109.76, 109.82, 109.83, 109.79, 109.76, 109.78, 109.86, 109.88, 110.12, 110.26, 110.3, 110.26, 110.31, 110.35, 110.36, 110.35, 110.42, 110.46, 110.45, 110.41, 110.41, 110.36, 110.29]}, {"seed": 3, "kind": "egate", "delta": 0.4, "mu": 0.9, "mean_theta_LR": 109.9583926775932, "std_theta_LR": 0.370741878393919, "theta_LR_final": 110.61202550974488, "L_collapsed": false, "R_collapsed": false, "L_tvar": 6.331670175078677e-05, "R_tvar": 6.029489425478291e-05, "both_alive": true, "mean_transport_post": 0.0021787010234142618, "class": "segregation", "theta_traj": [88.87, 74.94, 73.0, 78.49, 85.98, 93.68, 99.91, 103.45, 105.28, 106.7, 107.83, 108.78, 108.98, 108.89, 108.87, 108.92, 108.86, 108.72, 108.83, 108.99, 109.09, 109.03, 108.76, 108.56, 108.72, 108.84, 109.01, 109.3, 109.64, 109.71, 109.72, 109.67, 109.86, 110.1, 110.22, 110.16, 110.08, 110.12, 110.15, 110.11, 110.09, 110.05, 110.02, 109.96, 110.0, 110.06, 110.11, 110.25, 110.41, 110.54]}, {"seed": 4, "kind": "egate", "delta": 0.4, "mu": 0.9, "mean_theta_LR": 110.18908804998397, "std_theta_LR": 0.34210762851651355, "theta_LR_final": 110.43520700653022, "L_collapsed": false, "R_collapsed": false, "L_tvar": 6.370301842719415e-05, "R_tvar": 6.370329573395508e-05, "both_alive": true, "mean_transport_post": 0.0021781178900149613, "class": "segregation", "theta_traj": [89.11, 72.3, 73.45, 80.2, 87.81, 94.97, 99.42, 102.59, 104.4, 105.41, 106.21, 107.1, 107.61, 107.96, 107.82, 107.65, 107.21, 107.06, 107.44, 107.94, 108.62, 108.93, 109.16, 109.19, 109.21, 109.18, 109.25, 109.57, 109.72, 109.86, 110.03, 110.27, 110.36, 110.34, 110.43, 110.31, 110.33, 110.4, 110.33, 110.33, 110.22, 110.21, 110.28, 110.32, 110.39, 110.38, 110.44, 110.45, 110.4, 110.5]}, {"seed": 5, "kind": "egate", "delta": 0.4, "mu": 0.9, "mean_theta_LR": 110.0498834876181, "std_theta_LR": 0.4164284546574886, "theta_LR_final": 110.55194363283522, "L_collapsed": false, "R_collapsed": false, "L_tvar": 6.287622438259325e-05, "R_tvar": 6.390542390915488e-05, "both_alive": true, "mean_transport_post": 0.0021680859377877035, "class": "segregation", "theta_traj": [90.05, 74.14, 73.46, 78.16, 84.72, 91.29, 97.19, 101.43, 103.83, 104.84, 106.09, 107.02, 107.82, 108.17, 108.53, 108.63, 108.98, 109.15, 109.16, 109.21, 109.16, 109.17, 109.18, 109.34, 109.43, 109.52, 109.59, 109.64, 109.7, 109.94, 109.94, 109.86, 109.82, 109.7, 109.53, 109.41, 109.43, 109.76, 109.94, 110.05, 110.28, 110.36, 110.41, 110.52, 110.6, 110.64, 110.59, 110.58, 110.52, 110.55]}, {"seed": 6, "kind": "egate", "delta": 0.4, "mu": 0.9, "mean_theta_LR": 110.15629575098995, "std_theta_LR": 0.1310774832670369, "theta_LR_final": 110.11669737717604, "L_collapsed": false, "R_collapsed": false, "L_tvar": 6.582462763138995e-05, "R_tvar": 5.7052014779555586e-05, "both_alive": true, "mean_transport_post": 0.00212631991465645, "class": "segregation", "theta_traj": [90.18, 71.15, 73.7, 80.99, 88.3, 94.41, 98.59, 101.73, 103.65, 105.0, 106.01, 106.74, 107.19, 107.45, 107.65, 107.84, 108.17, 108.31, 108.69, 108.99, 109.35, 109.54, 109.78, 109.89, 109.96, 109.98, 110.02, 110.13, 110.2, 110.18, 110.27, 110.29, 110.2, 110.02, 109.96, 110.14, 110.44, 110.46, 110.42, 110.24, 110.14, 110.02, 110.06, 110.03, 110.04, 110.1, 110.15, 110.13, 110.08, 110.09]}, {"seed": 7, "kind": "egate", "delta": 0.4, "mu": 0.9, "mean_theta_LR": 110.45072582194537, "std_theta_LR": 0.18734769369777254, "theta_LR_final": 110.61029218716097, "L_collapsed": false, "R_collapsed": false, "L_tvar": 5.976228814648145e-05, "R_tvar": 5.9544105673343304e-05, "both_alive": true, "mean_transport_post": 0.002104704076218892, "class": "segregation", "theta_traj": [90.1, 71.1, 71.1, 77.87, 86.0, 93.17, 98.33, 101.6, 103.49, 105.64, 106.89, 107.44, 107.62, 108.02, 108.45, 109.07, 109.24, 109.25, 109.23, 109.12, 109.16, 109.33, 109.68, 109.85, 109.91, 110.08, 110.18, 110.14, 110.11, 110.15, 110.2, 110.37, 110.44, 110.48, 110.46, 110.42, 110.46, 110.47, 110.42, 110.4, 110.5, 110.62, 110.63, 110.68, 110.7, 110.69, 110.61, 110.63, 110.6, 110.61]}, {"seed": 8, "kind": "egate", "delta": 0.4, "mu": 0.9, "mean_theta_LR": 110.3724765939804, "std_theta_LR": 0.09269551620607339, "theta_LR_final": 110.47349076117436, "L_collapsed": false, "R_collapsed": false, "L_tvar": 7.001852835864737e-05, "R_tvar": 6.584534224233303e-05, "both_alive": true, "mean_transport_post": 0.002185547592160737, "class": "segregation", "theta_traj": [89.93, 71.77, 69.74, 76.22, 83.09, 90.44, 97.32, 102.33, 105.36, 106.65, 107.66, 108.28, 108.58, 109.08, 109.27, 109.4, 109.66, 109.93, 109.9, 110.04, 110.2, 110.16, 110.18, 110.27, 110.29, 110.27, 110.3, 110.34, 110.42, 110.41, 110.42, 110.44, 110.45, 110.46, 110.44, 110.44, 110.43, 110.41, 110.32, 110.25, 110.18, 110.21, 110.18, 110.29, 110.3, 110.38, 110.45, 110.45, 110.47, 110.48]}, {"seed": 9, "kind": "egate", "delta": 0.4, "mu": 0.9, "mean_theta_LR": 110.3840071695337, "std_theta_LR": 0.1496400616000681, "theta_LR_final": 110.14335098337237, "L_collapsed": false, "R_collapsed": false, "L_tvar": 6.0742405137362334e-05, "R_tvar": 5.893790142404291e-05, "both_alive": true, "mean_transport_post": 0.0021495738333856666, "class": "segregation", "theta_traj": [89.63, 75.95, 74.02, 80.72, 87.56, 92.99, 97.69, 101.06, 103.5, 105.09, 106.01, 106.81, 107.26, 107.64, 107.8, 107.81, 108.15, 108.69, 109.04, 109.21, 109.31, 109.51, 109.52, 109.55, 109.86, 110.01, 110.24, 110.37, 110.38, 110.41, 110.42, 110.37, 110.35, 110.22, 110.17, 110.28, 110.26, 110.34, 110.38, 110.4, 110.41, 110.48, 110.63, 110.65, 110.63, 110.62, 110.54, 110.43, 110.3, 110.22]}, {"seed": 10, "kind": "egate", "delta": 0.4, "mu": 0.9, "mean_theta_LR": 110.65412357281944, "std_theta_LR": 0.2541198663835113, "theta_LR_final": 110.99552307085776, "L_collapsed": false, "R_collapsed": false, "L_tvar": 6.147188998477402e-05,