{"key": "egate_gp_d0.2_m0.9_s0.016", "records": [{"seed": 0, "kind": "egate", "delta": 0.2, "mu": 0.9, "mean_theta_LR": 59.825792778038576, "std_theta_LR": 0.45456916126680913, "theta_LR_final": 60.216443452717634, "L_collapsed": false, "R_collapsed": false, "L_tvar": 6.131493301908237e-05, "R_tvar": 5.943018062530421e-05, "both_alive": true, "mean_transport_post": 0.00255868475095306, "class": "sustained", "theta_traj": [89.25, 72.18, 64.31, 62.46, 60.8, 59.64, 59.1, 58.88, 58.48, 58.27, 57.89, 57.94, 58.11, 58.29, 58.17, 58.32, 58.55, 58.63, 58.61, 58.71, 58.72, 58.87, 58.93, 59.06, 59.11, 59.17, 59.09, 59.05, 59.06, 59.24, 59.5, 59.48, 59.47, 59.54, 59.65, 59.73, 59.73, 59.65, 59.85, 60.15, 60.29, 60.5, 60.42, 60.33, 60.23, 60.16, 60.24, 60.19, 60.22, 60.16]}, {"seed": 1, "kind": "egate", "delta": 0.2, "mu": 0.9, "mean_theta_LR": 48.84093287701106, "std_theta_LR": 0.408452219870425, "theta_LR_final": 48.1770841492734, "L_collapsed": false, "R_collapsed": false, "L_tvar": 5.618329858579504e-05, "R_tvar": 5.650434451229088e-05, "both_alive": true, "mean_transport_post": 0.002639415280446345, "class": "sustained", "theta_traj": [89.41, 69.94, 59.45, 55.37, 53.8, 52.89, 51.88, 51.23, 50.8, 50.28, 49.88, 49.8, 49.69, 49.41, 49.07, 48.82, 48.51, 48.28, 48.08, 47.94, 47.69, 47.85, 47.94, 48.01, 48.13, 48.12, 48.28, 48.49, 48.59, 48.6, 48.65, 48.75, 49.06, 49.11, 49.29, 49.32, 49.33, 49.25, 49.31, 49.33, 49.31, 49.27, 49.1, 49.02, 48.87, 48.65, 48.4, 48.36, 48.27, 48.27]}, {"seed": 2, "kind": "egate", "delta": 0.2, "mu": 0.9, "mean_theta_LR": 56.7473764995379, "std_theta_LR": 0.252054132896435, "theta_LR_final": 56.30947002426974, "L_collapsed": false, "R_collapsed": false, "L_tvar": 6.258538205999703e-05, "R_tvar": 6.612242619208924e-05, "both_alive": true, "mean_transport_post": 0.002556419780547576, "class": "sustained", "theta_traj": [88.16, 71.64, 62.38, 58.81, 57.88, 57.89, 57.8, 57.58, 57.53, 57.06, 56.84, 57.17, 57.57, 57.85, 58.0, 58.02, 57.96, 58.09, 58.38, 58.42, 58.14, 58.13, 57.76, 57.56, 57.44, 57.13, 56.83, 56.71, 56.54, 56.58, 56.58, 56.83, 57.01, 56.92, 56.87, 56.91, 56.84, 57.12, 57.15, 57.06, 57.03, 56.93, 56.74, 56.51, 56.48, 56.44, 56.4, 56.44, 56.48, 56.4]}, {"seed": 3, "kind": "egate", "delta": 0.2, "mu": 0.9, "mean_theta_LR": 55.38041016243537, "std_theta_LR": 0.5974875045438603, "theta_LR_final": 55.21844356730112, "L_collapsed": false, "R_collapsed": false, "L_tvar": 5.71109926554392e-05, "R_tvar": 5.713108602590474e-05, "both_alive": true, "mean_transport_post": 0.002590674845971435, "class": "sustained", "theta_traj": [88.86, 72.86, 64.43, 61.01, 59.37, 58.61, 57.89, 57.67, 57.85, 57.77, 57.67, 57.42, 57.26, 57.25, 57.37, 57.23, 57.04, 57.07, 57.05, 57.1, 57.23, 57.2, 57.12, 57.17, 57.17, 57.14, 56.84, 56.48, 56.24, 56.07, 55.86, 55.56, 55.44, 55.35, 55.25, 55.07, 55.09, 55.06, 54.98, 55.03, 54.93, 54.87, 54.96, 54.8, 54.92, 54.98, 54.94, 55.02, 55.17, 55.21]}, {"seed": 4, "kind": "egate", "delta": 0.2, "mu": 0.9, "mean_theta_LR": 58.410499100613954, "std_theta_LR": 0.9600676587208715, "theta_LR_final": 59.41027910987212, "L_collapsed": false, "R_collapsed": false, "L_tvar": 5.930078356934843e-05, "R_tvar": 6.0691601764103024e-05, "both_alive": true, "mean_transport_post": 0.0025091902454110835, "class": "sustained", "theta_traj": [89.11, 69.86, 61.89, 59.31, 57.81, 56.71, 56.1, 55.29, 54.95, 54.87, 54.91, 55.06, 55.16, 55.25, 55.24, 55.16, 55.21, 55.39, 55.55, 55.63, 55.68, 55.85, 55.95, 56.25, 56.55, 56.81, 56.96, 56.95, 57.14, 57.17, 57.38, 57.57, 57.76, 57.86, 57.77, 57.98, 58.11, 58.38, 58.76, 58.84, 59.09, 59.16, 59.44, 59.37, 59.47, 59.55, 59.5, 59.5, 59.42, 59.48]}, {"seed": 5, "kind": "egate", "delta": 0.2, "mu": 0.9, "mean_theta_LR": 53.82551089437697, "std_theta_LR": 0.3292870757973825, "theta_LR_final": 53.63149019800671, "L_collapsed": false, "R_collapsed": false, "L_tvar": 5.9125070634348645e-05, "R_tvar": 6.0401388208982335e-05, "both_alive": true, "mean_transport_post": 0.0026220777365329614, "class": "sustained", "theta_traj": [90.06, 72.82, 65.65, 62.28, 60.72, 59.88, 58.79, 58.09, 57.36, 56.87, 56.12, 55.99, 56.02, 55.47, 55.36, 55.35, 55.28, 55.25, 55.39, 55.3, 55.14, 54.91, 54.82, 54.73, 54.77, 54.62, 54.37, 54.25, 53.96, 53.82, 53.68, 53.45, 53.4, 53.31, 53.31, 53.32, 53.59, 53.75, 53.95, 53.95, 54.02, 54.15, 54.13, 54.13, 54.1, 54.07, 53.93, 53.75, 53.67, 53.7]}, {"seed": 6, "kind": "egate", "delta": 0.2, "mu": 0.9, "mean_theta_LR": 56.75787369821891, "std_theta_LR": 0.2517680570201594, "theta_LR_final": 56.835934859663, "L_collapsed": false, "R_collapsed": false, "L_tvar": 6.466177191868171e-05, "R_tvar": 5.7648910786550455e-05, "both_alive": true, "mean_transport_post": 0.0025663594718875245, "class": "sustained", "theta_traj": [90.17, 67.35, 59.44, 56.7, 56.32, 56.55, 56.93, 56.95, 57.15, 57.23, 57.0, 57.14, 56.94, 56.61, 56.74, 56.7, 56.64, 56.51, 56.57, 56.54, 56.55, 56.55, 56.3, 56.14, 56.23, 56.2, 56.24, 56.38, 56.46, 56.39, 56.5, 56.54, 56.62, 56.55, 56.7, 56.86, 56.94, 56.91, 57.02, 56.94, 56.92, 56.92, 57.06, 57.05, 57.0, 57.07, 56.94, 56.86, 56.75, 56.76]}, {"seed": 7, "kind": "egate", "delta": 0.2, "mu": 0.9, "mean_theta_LR": 52.674566189911985, "std_theta_LR": 0.2331701052640381, "theta_LR_final": 53.35480236526014, "L_collapsed": false, "R_collapsed": false, "L_tvar": 6.117106317399208e-05, "R_tvar": 6.485032612767896e-05, "both_alive": true, "mean_transport_post": 0.0025701421823097646, "class": "sustained", "theta_traj": [90.1, 68.63, 59.68, 56.5, 55.23, 54.26, 53.59, 53.07, 52.98, 52.72, 52.58, 52.14, 51.95, 51.86, 51.64, 51.42, 51.4, 51.62, 51.59, 51.58, 51.81, 52.13, 52.5, 52.55, 52.4, 52.32, 52.52, 52.47, 52.5, 52.45, 52.59, 52.69, 52.71, 52.77, 52.54, 52.53, 52.52, 52.44, 52.51, 52.43, 52.51, 52.65, 52.91, 52.89, 52.72, 52.76, 52.88, 53.0, 53.0, 53.23]}, {"seed": 8, "kind": "egate", "delta": 0.2, "mu": 0.9, "mean_theta_LR": 48.4247373289015, "std_theta_LR": 0.9816539607717496, "theta_LR_final": 47.32089271849115, "L_collapsed": false, "R_collapsed": false, "L_tvar": 6.23402882597342e-05, "R_tvar": 6.519554289378506e-05, "both_alive": true, "mean_transport_post": 0.0027345670141657153, "class": "sustained", "theta_traj": [89.93, 70.94, 62.85, 59.58, 57.95, 56.87, 55.85, 55.57, 55.13, 54.42, 53.55, 52.96, 52.61, 51.91, 51.62, 51.48, 51.43, 51.19, 51.07, 51.06, 51.19, 51.13, 50.93, 50.77, 50.63, 50.5, 50.37, 50.14, 50.05, 49.74, 49.51, 49.22, 48.95, 48.65, 48.47, 48.18, 48.09, 47.98, 47.94, 47.88, 47.7, 47.78, 47.79, 47.86, 47.82, 47.72, 47.6, 47.46, 47.41, 47.3]}, {"seed": 9, "kind": "egate", "delta": 0.2, "mu": 0.9, "mean_theta_LR": 57.25668294673842, "std_theta_LR": 0.39528513114538494, "theta_LR_final": 57.70748042989418, "L_collapsed": false, "R_collapsed": false, "L_tvar": 6.327648840873064e-05, "R_tvar": 6.0956312612503345e-05, "both_alive": true, "mean_transport_post": 0.002561655874288449, "class": "sustained", "theta_traj": [89.63, 74.45, 64.81, 61.15, 59.56, 58.45, 57.98, 57.71, 57.66, 57.07, 56.53, 56.19, 55.89, 55.86, 55.74, 55.74, 56.0, 56.17, 56.3, 56.62, 56.69, 56.64, 56.48, 56.61, 56.61, 56.6, 56.81, 56.82, 56.74, 56.75, 56.79, 56.84, 56.96, 57.16, 57.26, 57.33, 57.28, 57.11, 57.13, 57.02, 57.13, 57.42, 57.49, 57.63, 57.81, 57.84, 57.79, 57.73, 57.78, 57.79]}, {"seed": 10, "kind": "egate", "delta": 0.2, "mu": 0.9, "mean_theta_LR": 62.14481375648145, "std_theta_LR": 0.25507872717796565, "theta_LR_final": 62.35125127830525, "L_collapsed": false, "R_collapsed": false, "L_tvar": 5.929424755214746e-05, "R_tvar": 6.177032450786691e-05, "both_alive": true, "mean_transport_post": 0.002511014073150087, "class": "sustained",