{"key": "egate_gp_d0.05_m0.9_s0.016", "records": [{"seed": 0, "kind": "egate", "delta": 0.05, "mu": 0.9, "mean_theta_LR": 23.24752112375528, "std_theta_LR": 0.9880924186486054, "theta_LR_final": 21.77060389454565, "L_collapsed": false, "R_collapsed": false, "L_tvar": 6.482376167326223e-05, "R_tvar": 6.305026577156663e-05, "both_alive": true, "mean_transport_post": 0.0018100448021357285, "class": "sustained", "theta_traj": [89.26, 71.71, 61.56, 56.19, 51.66, 47.56, 44.28, 41.64, 39.58, 37.72, 36.05, 34.22, 32.75, 31.79, 30.86, 29.96, 29.14, 28.46, 27.58, 26.56, 26.11, 25.69, 25.57, 25.59, 25.36, 25.17, 25.15, 24.82, 24.56, 24.27, 24.06, 24.1, 23.9, 23.78, 23.53, 23.4, 23.34, 23.35, 23.0, 22.93, 22.89, 22.8, 22.77, 22.65, 22.52, 22.14, 21.97, 21.85, 21.78, 21.79]}, {"seed": 1, "kind": "egate", "delta": 0.05, "mu": 0.9, "mean_theta_LR": 23.34573190845034, "std_theta_LR": 0.7190976700986378, "theta_LR_final": 22.689674008297725, "L_collapsed": false, "R_collapsed": false, "L_tvar": 5.844292310602235e-05, "R_tvar": 6.190806734878131e-05, "both_alive": true, "mean_transport_post": 0.0016958424673479485, "class": "sustained", "theta_traj": [89.42, 70.37, 59.43, 51.89, 47.07, 43.49, 40.34, 37.57, 35.78, 33.58, 32.18, 30.94, 29.94, 29.45, 28.89, 28.02, 27.23, 26.82, 26.85, 26.61, 26.31, 26.09, 25.98, 25.92, 25.61, 24.98, 24.37, 24.2, 24.13, 24.15, 24.17, 24.12, 24.14, 23.87, 23.94, 23.57, 23.33, 23.3, 23.17, 22.99, 22.89, 22.75, 22.63, 22.6, 22.45, 22.56, 22.57, 22.55, 22.58, 22.64]}, {"seed": 2, "kind": "egate", "delta": 0.05, "mu": 0.9, "mean_theta_LR": 20.64796111791155, "std_theta_LR": 0.6358539747121451, "theta_LR_final": 19.71864378012298, "L_collapsed": false, "R_collapsed": false, "L_tvar": 5.99404073352848e-05, "R_tvar": 5.913876316899385e-05, "both_alive": true, "mean_transport_post": 0.001567925908350653, "class": "sustained", "theta_traj": [88.17, 71.63, 61.14, 54.01, 48.8, 43.89, 40.25, 37.66, 35.38, 33.57, 32.1, 30.54, 28.9, 27.05, 25.84, 25.1, 24.73, 24.33, 23.99, 23.44, 22.82, 22.11, 22.09, 21.98, 22.0, 21.76, 21.62, 21.7, 21.49, 21.18, 21.02, 21.02, 20.96, 21.06, 21.03, 21.1, 20.95, 20.85, 20.71, 20.61, 20.48, 20.28, 20.11, 19.95, 19.91, 19.79, 19.85, 19.95, 19.76, 19.71]}, {"seed": 3, "kind": "egate", "delta": 0.05, "mu": 0.9, "mean_theta_LR": 20.843161875131496, "std_theta_LR": 0.2772306163698734, "theta_LR_final": 20.428852941082084, "L_collapsed": false, "R_collapsed": false, "L_tvar": 5.869024954946456e-05, "R_tvar": 5.851397791691718e-05, "both_alive": true, "mean_transport_post": 0.001620121683404872, "class": "sustained", "theta_traj": [88.86, 71.93, 61.19, 53.19, 47.18, 43.19, 39.76, 37.38, 35.03, 32.68, 30.37, 28.46, 27.2, 26.19, 24.65, 23.71, 23.04, 22.55, 22.09, 21.75, 21.33, 21.02, 20.84, 20.9, 20.87, 20.97, 20.96, 20.88, 20.82, 21.14, 21.23, 21.25, 21.28, 21.21, 21.11, 21.06, 20.99, 20.96, 20.87, 20.89, 20.87, 20.79, 20.84, 20.47, 20.46, 20.48, 20.46, 20.49, 20.4, 20.44]}, {"seed": 4, "kind": "egate", "delta": 0.05, "mu": 0.9, "mean_theta_LR": 21.29342619197395, "std_theta_LR": 0.5148294025690534, "theta_LR_final": 21.129070409991648, "L_collapsed": false, "R_collapsed": false, "L_tvar": 6.204074012732699e-05, "R_tvar": 6.075842508961994e-05, "both_alive": true, "mean_transport_post": 0.0016503675472553183, "class": "sustained", "theta_traj": [89.11, 68.98, 57.95, 51.32, 45.9, 41.5, 37.34, 34.05, 31.54, 29.45, 27.89, 26.92, 26.26, 25.54, 24.65, 23.59, 23.29, 23.15, 23.03, 23.1, 23.08, 23.09, 23.1, 22.98, 22.86, 22.71, 22.51, 22.38, 22.21, 21.85, 21.46, 21.3, 21.26, 21.37, 21.15, 21.05, 21.0, 20.95, 21.1, 21.14, 21.02, 20.77, 20.85, 20.93, 20.92, 20.95, 20.99, 21.06, 21.07, 21.02]}, {"seed": 5, "kind": "egate", "delta": 0.05, "mu": 0.9, "mean_theta_LR": 21.9683241185419, "std_theta_LR": 0.5014216154967183, "theta_LR_final": 21.604288913077216, "L_collapsed": false, "R_collapsed": false, "L_tvar": 5.800331247092925e-05, "R_tvar": 6.33408692726296e-05, "both_alive": true, "mean_transport_post": 0.0016314989641351672, "class": "sustained", "theta_traj": [90.06, 72.37, 62.42, 55.94, 50.31, 45.52, 41.07, 37.58, 34.73, 33.12, 31.47, 30.3, 29.23, 27.33, 26.02, 24.83, 24.1, 23.79, 23.3, 23.05, 22.84, 22.62, 22.78, 22.7, 22.86, 22.74, 22.81, 22.91, 22.84, 22.74, 22.62, 22.41, 22.3, 22.16, 22.06, 21.86, 21.77, 21.69, 21.46, 21.39, 21.42, 21.57, 21.45, 21.45, 21.58, 21.7, 21.68, 21.68, 21.73, 21.71]}, {"seed": 6, "kind": "egate", "delta": 0.05, "mu": 0.9, "mean_theta_LR": 22.297586180279026, "std_theta_LR": 0.4275767039723476, "theta_LR_final": 21.629342492332775, "L_collapsed": false, "R_collapsed": false, "L_tvar": 6.52649916337293e-05, "R_tvar": 5.851719782904894e-05, "both_alive": true, "mean_transport_post": 0.0016483943615878056, "class": "sustained", "theta_traj": [90.17, 66.55, 54.98, 48.99, 45.29, 41.94, 38.99, 36.67, 34.71, 33.02, 31.2, 30.21, 29.06, 27.83, 26.6, 25.89, 25.51, 24.98, 24.52, 24.42, 24.08, 23.82, 23.44, 23.34, 23.04, 22.89, 22.7, 22.65, 22.73, 22.82, 22.54, 22.81, 22.83, 22.75, 22.6, 22.49, 22.56, 22.61, 22.36, 22.24, 22.21, 22.1, 21.92, 21.91, 21.85, 21.83, 21.71, 21.58, 21.64, 21.67]}, {"seed": 7, "kind": "egate", "delta": 0.05, "mu": 0.9, "mean_theta_LR": 22.633073696442814, "std_theta_LR": 0.8694190778091943, "theta_LR_final": 21.406375664445157, "L_collapsed": false, "R_collapsed": false, "L_tvar": 6.109289005862896e-05, "R_tvar": 6.537844105201062e-05, "both_alive": true, "mean_transport_post": 0.0016553997438281045, "class": "sustained", "theta_traj": [90.1, 68.19, 57.12, 51.71, 46.85, 43.3, 40.1, 37.33, 34.92, 33.07, 31.09, 29.56, 28.45, 27.21, 26.37, 25.56, 24.85, 24.61, 24.3, 24.03, 24.01, 24.12, 24.01, 23.78, 23.6, 23.44, 23.48, 23.28, 23.44, 23.48, 23.62, 23.71, 23.7, 23.67, 23.46, 23.37, 23.35, 22.82, 22.59, 22.21, 21.95, 22.04, 21.92, 22.0, 21.96, 21.65, 21.51, 21.43, 21.32, 21.32]}, {"seed": 8, "kind": "egate", "delta": 0.05, "mu": 0.9, "mean_theta_LR": 22.037335009291937, "std_theta_LR": 1.250905470616383, "theta_LR_final": 20.51868785398299, "L_collapsed": false, "R_collapsed": false, "L_tvar": 6.312516416104133e-05, "R_tvar": 6.306663050229285e-05, "both_alive": true, "mean_transport_post": 0.0016498808912053093, "class": "sustained", "theta_traj": [89.93, 71.05, 61.57, 55.6, 51.32, 47.39, 44.31, 41.87, 39.91, 38.52, 37.0, 35.83, 34.72, 33.7, 32.78, 31.39, 30.28, 29.16, 28.35, 27.72, 27.2, 26.77, 26.05, 25.35, 25.11, 24.83, 24.47, 24.03, 23.68, 23.4, 23.12, 22.93, 22.82, 22.67, 22.53, 22.38, 22.31, 22.07, 21.72, 21.35, 21.11, 21.09, 21.08, 20.94, 20.78, 20.78, 20.7, 20.75, 20.57, 20.56]}, {"seed": 9, "kind": "egate", "delta": 0.05, "mu": 0.9, "mean_theta_LR": 20.447087143771704, "std_theta_LR": 0.5027360515482849, "theta_LR_final": 20.31509692495266, "L_collapsed": false, "R_collapsed": false, "L_tvar": 6.081578670486683e-05, "R_tvar": 5.728636593490423e-05, "both_alive": true, "mean_transport_post": 0.0015961240166806458, "class": "sustained", "theta_traj": [89.63, 73.85, 61.7, 54.08, 48.78, 44.25, 40.27, 37.67, 35.78, 34.52, 33.31, 32.32, 31.16, 29.79, 28.61, 27.39, 26.26, 25.73, 25.1, 24.61, 24.29, 23.74, 23.37, 23.35, 22.87, 22.33, 21.84, 21.54, 20.98, 20.59, 20.3, 20.31, 20.29, 20.31, 20.28, 20.1, 20.12, 20.15, 20.15, 20.2, 20.22, 20.29, 20.29, 20.38, 20.29, 20.18, 20.24, 20.19, 20.23, 20.29]}, {"seed": 10, "kind": "egate", "delta": 0.05, "mu": 0.9, "mean_theta_LR": 22.36679184986151, "std_theta_LR": 0.8087159456219107, "theta_LR_final": 21.468664344699363, "L_collapsed": false, "R_collapsed": false, "L_tvar": 5.960416021944788e-05, "R_tvar": 6.0653329811057896e-05, "both_alive": true, "mean_transport_post": 0.0017027831491374726, "class": "sustained",