{"key": "egate_gp_d0.2_m0.4_s0.016", "records": [{"seed": 0, "kind": "egate", "delta": 0.2, "mu": 0.4, "mean_theta_LR": 94.24804848819016, "std_theta_LR": 2.5227966048265125, "theta_LR_final": 93.72961878160098, "L_collapsed": false, "R_collapsed": false, "L_tvar": 6.065316604669749e-05, "R_tvar": 6.129749404847069e-05, "both_alive": true, "mean_transport_post": 0.0014616999773489734, "class": "segregation", "theta_traj": [89.65, 81.36, 76.91, 74.97, 75.3, 77.91, 82.52, 87.05, 91.42, 95.0, 97.4, 98.41, 98.55, 98.04, 97.37, 97.08, 96.99, 96.93, 96.98, 97.06, 97.2, 97.04, 96.94, 96.56, 96.44, 96.33, 96.68, 97.14, 97.08, 97.13, 97.51, 97.73, 97.93, 97.75, 96.34, 94.49, 92.67, 91.2, 90.51, 90.32, 90.95, 92.35, 93.56, 93.56, 92.99, 92.43, 92.18, 92.33, 92.72, 93.33]}, {"seed": 1, "kind": "egate", "delta": 0.2, "mu": 0.4, "mean_theta_LR": 96.95289123441833, "std_theta_LR": 0.8610372369779898, "theta_LR_final": 98.62665754889672, "L_collapsed": false, "R_collapsed": false, "L_tvar": 5.9397955424839525e-05, "R_tvar": 5.950747882191038e-05, "both_alive": true, "mean_transport_post": 0.0013846248676531634, "class": "segregation", "theta_traj": [89.8, 78.53, 71.0, 68.62, 70.02, 73.22, 77.56, 82.37, 86.85, 90.2, 92.77, 94.73, 96.29, 97.39, 98.42, 98.76, 98.71, 98.67, 99.2, 99.27, 98.85, 98.48, 98.55, 98.8, 98.85, 98.22, 97.68, 97.35, 97.06, 96.62, 96.55, 96.36, 96.49, 96.0, 95.65, 95.7, 95.73, 95.7, 96.03, 96.48, 96.84, 96.99, 97.1, 97.48, 97.59, 97.68, 97.75, 97.86, 98.27, 98.55]}, {"seed": 2, "kind": "egate", "delta": 0.2, "mu": 0.4, "mean_theta_LR": 96.3581897343853, "std_theta_LR": 4.49076661516348, "theta_LR_final": 92.42754401003957, "L_collapsed": false, "R_collapsed": false, "L_tvar": 5.7155701236743766e-05, "R_tvar": 5.970240496248289e-05, "both_alive": true, "mean_transport_post": 0.0014165506936080566, "class": "segregation", "theta_traj": [88.55, 80.77, 73.4, 71.65, 73.65, 76.87, 79.98, 82.93, 85.34, 87.34, 88.67, 90.01, 91.63, 92.44, 93.07, 93.35, 93.91, 95.11, 95.77, 96.11, 95.75, 95.95, 96.73, 97.35, 97.92, 98.3, 98.81, 99.37, 100.1, 100.37, 100.19, 100.08, 100.21, 100.25, 100.23, 100.3, 100.38, 100.21, 99.63, 98.68, 97.31, 94.8, 92.49, 90.81, 89.61, 88.99, 89.11, 89.27, 90.24, 91.42]}, {"seed": 3, "kind": "egate", "delta": 0.2, "mu": 0.4, "mean_theta_LR": 93.81383659686875, "std_theta_LR": 1.4130777919003048, "theta_LR_final": 93.51494671522853, "L_collapsed": false, "R_collapsed": false, "L_tvar": 6.425385750555109e-05, "R_tvar": 6.010127434360687e-05, "both_alive": true, "mean_transport_post": 0.0014866015424364449, "class": "segregation", "theta_traj": [89.25, 82.74, 77.73, 75.35, 75.39, 77.11, 79.98, 82.83, 85.52, 87.81, 90.14, 92.43, 94.84, 97.06, 99.04, 100.7, 102.22, 102.83, 103.16, 102.92, 102.12, 101.03, 99.63, 98.18, 96.52, 94.59, 93.18, 92.74, 92.31, 91.82, 91.3, 91.5, 92.31, 93.05, 93.88, 94.43, 94.94, 94.7, 94.26, 94.18, 94.84, 95.21, 95.84, 96.27, 96.12, 95.48, 94.33, 93.21, 92.5, 92.88]}, {"seed": 4, "kind": "egate", "delta": 0.2, "mu": 0.4, "mean_theta_LR": 97.20049881794797, "std_theta_LR": 2.536830846674859, "theta_LR_final": 97.82042937236545, "L_collapsed": false, "R_collapsed": false, "L_tvar": 6.169200808288189e-05, "R_tvar": 6.305004067201934e-05, "both_alive": true, "mean_transport_post": 0.00141473116755174, "class": "segregation", "theta_traj": [89.5, 78.33, 74.25, 74.35, 77.05, 80.61, 84.27, 87.71, 91.08, 93.45, 95.08, 95.65, 95.48, 95.02, 94.93, 94.87, 95.23, 96.25, 97.9, 99.49, 101.37, 102.7, 103.53, 103.99, 104.01, 103.5, 102.66, 101.81, 100.69, 99.76, 98.93, 98.13, 97.46, 97.51, 97.75, 98.18, 97.89, 97.28, 96.07, 95.18, 94.74, 94.45, 94.31, 94.1, 94.23, 94.53, 94.96, 95.44, 95.88, 96.9]}, {"seed": 5, "kind": "egate", "delta": 0.2, "mu": 0.4, "mean_theta_LR": 94.55087266157867, "std_theta_LR": 1.4553159313786328, "theta_LR_final": 95.506918626615, "L_collapsed": false, "R_collapsed": false, "L_tvar": 6.153000079447193e-05, "R_tvar": 6.290120844963621e-05, "both_alive": true, "mean_transport_post": 0.001444828624404592, "class": "segregation", "theta_traj": [90.44, 81.53, 77.74, 75.9, 75.43, 77.1, 79.52, 82.36, 85.22, 87.53, 89.12, 90.73, 92.46, 94.53, 95.86, 96.85, 97.67, 97.65, 97.36, 96.99, 97.07, 97.37, 97.68, 97.72, 97.58, 97.56, 97.3, 96.59, 95.14, 93.57, 93.01, 92.67, 92.46, 92.59, 93.1, 93.74, 94.59, 95.0, 95.13, 95.09, 94.37, 93.17, 92.66, 93.16, 94.29, 95.26, 95.88, 96.24, 96.11, 95.81]}, {"seed": 6, "kind": "egate", "delta": 0.2, "mu": 0.4, "mean_theta_LR": 91.0228477528565, "std_theta_LR": 3.1111644762287662, "theta_LR_final": 96.06215210632408, "L_collapsed": false, "R_collapsed": false, "L_tvar": 6.59948745626562e-05, "R_tvar": 5.68297500441143e-05, "both_alive": true, "mean_transport_post": 0.001470796915185672, "class": "segregation", "theta_traj": [90.57, 77.29, 74.13, 75.31, 77.96, 79.85, 81.67, 83.25, 84.76, 86.25, 88.01, 89.77, 90.99, 92.36, 94.22, 95.55, 96.29, 96.75, 97.29, 97.55, 97.38, 96.87, 96.29, 95.34, 94.75, 93.81, 92.63, 91.27, 89.58, 87.78, 86.24, 85.23, 85.83, 87.1, 88.51, 89.32, 89.49, 89.45, 90.08, 90.64, 91.27, 91.77, 92.48, 93.06, 93.61, 94.2, 94.63, 95.05, 95.63, 95.94]}, {"seed": 7, "kind": "egate", "delta": 0.2, "mu": 0.4, "mean_theta_LR": 95.49036684100183, "std_theta_LR": 0.7369125283668091, "theta_LR_final": 93.47427051548691, "L_collapsed": false, "R_collapsed": false, "L_tvar": 5.76084990387743e-05, "R_tvar": 6.225218449364725e-05, "both_alive": true, "mean_transport_post": 0.0014123194161425603, "class": "segregation", "theta_traj": [90.48, 77.75, 72.69, 71.42, 72.46, 75.45, 79.57, 83.74, 87.45, 90.18, 92.28, 94.26, 95.93, 96.97, 98.18, 98.48, 98.07, 97.94, 97.93, 97.84, 97.5, 97.21, 97.29, 97.31, 97.19, 96.32, 95.47, 95.12, 95.37, 96.1, 96.25, 96.24, 95.55, 95.11, 95.19, 95.63, 95.86, 96.13, 96.26, 96.33, 96.21, 96.26, 96.07, 95.44, 95.19, 95.22, 95.07, 94.52, 94.0, 93.64]}, {"seed": 8, "kind": "egate", "delta": 0.2, "mu": 0.4, "mean_theta_LR": 95.51030265219562, "std_theta_LR": 3.469730458402143, "theta_LR_final": 92.66330685563835, "L_collapsed": false, "R_collapsed": false, "L_tvar": 6.415679577353848e-05, "R_tvar": 6.02674431671177e-05, "both_alive": true, "mean_transport_post": 0.0014248731076335678, "class": "segregation", "theta_traj": [90.32, 80.29, 74.47, 72.62, 72.54, 73.38, 75.63, 77.84, 79.54, 81.91, 84.53, 87.45, 90.22, 93.03, 95.11, 97.02, 98.41, 99.46, 100.02, 100.38, 100.83, 101.12, 101.12, 101.28, 101.75, 101.59, 101.39, 100.78, 99.76, 98.8, 98.29, 98.18, 98.34, 98.12, 98.02, 97.13, 96.47, 96.07, 95.1, 94.25, 93.66, 93.44, 93.13, 92.57, 92.01, 91.15, 90.57, 90.23, 90.77, 91.68]}, {"seed": 9, "kind": "egate", "delta": 0.2, "mu": 0.4, "mean_theta_LR": 96.09466873844605, "std_theta_LR": 2.074422485439114, "theta_LR_final": 95.3405155201889, "L_collapsed": false, "R_collapsed": false, "L_tvar": 5.945161761871188e-05, "R_tvar": 6.058493230455001e-05, "both_alive": true, "mean_transport_post": 0.0013827838380222953, "class": "segregation", "theta_traj": [90.01, 84.32, 77.98, 74.64, 74.73, 76.17, 77.92, 81.04, 84.31, 87.13, 89.62, 91.55, 93.0, 93.89, 94.19, 94.14, 94.07, 94.03, 94.13, 95.16, 96.07, 96.73, 97.08, 97.7, 98.27, 98.61, 99.24, 99.77, 100.14, 99.69, 98.68, 97.68, 96.85, 96.34, 96.05, 95.51, 95.06, 94.96, 95.42, 95.76, 95.7, 95.54, 95.02, 94.71, 93.95, 93.31, 93.1, 93.36, 94.22, 94.81]}, {"seed": 10, "kind": "egate", "delta": 0.2, "mu": 0.4, "mean_theta_LR": 93.35189366743364, "std_theta_LR": 3.5891791228158194, "theta_LR_final": 94.4768621748294, "L_collapsed": false, "R_collapsed": false, "L_tvar": 6.329460033663404e-05, "R_tvar": 5.823421207104149e-05, "both_alive": true, "mean_transport_post": 0.0014794508930930058, "class": "segregation",