{"key": "egate_gp_d0.1_m0.4_s0.016", "records": [{"seed": 0, "kind": "egate", "delta": 0.1, "mu": 0.4, "mean_theta_LR": 78.49923970158027, "std_theta_LR": 2.2473163775374987, "theta_LR_final": 81.30163195021233, "L_collapsed": false, "R_collapsed": false, "L_tvar": 6.0920134080635374e-05, "R_tvar": 6.176585814570391e-05, "both_alive": true, "mean_transport_post": 0.0012660138289582207, "class": "segregation", "theta_traj": [89.65, 81.25, 75.39, 71.98, 68.29, 65.91, 64.58, 63.97, 64.45, 65.69, 66.8, 67.77, 68.77, 69.67, 70.09, 70.58, 71.13, 71.46, 71.72, 71.99, 72.63, 73.07, 73.4, 73.61, 73.92, 74.48, 74.82, 75.25, 75.43, 75.74, 76.21, 76.6, 77.0, 77.23, 77.43, 77.66, 77.78, 78.03, 78.47, 79.11, 79.66, 80.24, 80.48, 80.78, 80.92, 81.09, 81.2, 81.38, 81.35, 81.2]}, {"seed": 1, "kind": "egate", "delta": 0.1, "mu": 0.4, "mean_theta_LR": 68.44952376283206, "std_theta_LR": 1.0911769892320506, "theta_LR_final": 70.51180334955659, "L_collapsed": false, "R_collapsed": false, "L_tvar": 5.828284809748152e-05, "R_tvar": 6.0498429516120935e-05, "both_alive": true, "mean_transport_post": 0.0013300166661308116, "class": "sustained", "theta_traj": [89.8, 79.06, 70.93, 65.52, 62.59, 60.7, 58.94, 58.03, 57.72, 58.04, 58.38, 58.93, 59.93, 60.62, 61.47, 62.36, 62.87, 63.34, 63.45, 63.56, 63.78, 64.34, 64.87, 65.53, 65.74, 66.14, 66.68, 67.04, 67.08, 67.18, 67.28, 67.63, 67.98, 67.96, 67.95, 68.01, 68.12, 68.28, 68.62, 68.78, 68.92, 68.95, 69.05, 69.2, 69.2, 69.4, 69.63, 69.92, 70.12, 70.44]}, {"seed": 2, "kind": "egate", "delta": 0.1, "mu": 0.4, "mean_theta_LR": 66.4736688530134, "std_theta_LR": 1.1845555222659478, "theta_LR_final": 67.89558521766266, "L_collapsed": false, "R_collapsed": false, "L_tvar": 6.097013535975787e-05, "R_tvar": 5.736987214894625e-05, "both_alive": true, "mean_transport_post": 0.0012905648968335266, "class": "sustained", "theta_traj": [88.56, 81.03, 73.31, 68.47, 65.16, 63.57, 62.25, 61.58, 61.49, 60.93, 61.11, 61.05, 61.05, 61.4, 61.71, 61.89, 61.99, 62.19, 62.75, 63.18, 63.42, 63.77, 63.91, 64.17, 64.46, 64.57, 64.61, 64.63, 64.7, 64.88, 64.91, 65.21, 65.56, 65.74, 65.97, 66.33, 66.2, 66.66, 66.91, 67.32, 67.52, 67.52, 67.44, 67.46, 67.59, 67.6, 67.63, 67.7, 67.7, 67.87]}, {"seed": 3, "kind": "egate", "delta": 0.1, "mu": 0.4, "mean_theta_LR": 69.82279168731218, "std_theta_LR": 0.5708397065121913, "theta_LR_final": 71.25594308895063, "L_collapsed": false, "R_collapsed": false, "L_tvar": 6.0052362041306514e-05, "R_tvar": 6.115193138786778e-05, "both_alive": true, "mean_transport_post": 0.0013707875754232002, "class": "sustained", "theta_traj": [89.25, 82.39, 76.46, 71.83, 68.65, 66.51, 65.52, 64.45, 63.59, 62.92, 62.86, 62.67, 62.36, 62.63, 63.07, 63.2, 63.52, 64.38, 65.52, 66.31, 66.9, 67.41, 67.71, 68.16, 68.44, 68.66, 68.85, 69.21, 69.33, 69.69, 69.81, 69.74, 69.84, 69.71, 69.43, 69.23, 69.24, 69.4, 69.68, 69.71, 69.82, 69.9, 70.02, 70.07, 70.2, 70.26, 70.3, 70.48, 70.81, 71.11]}, {"seed": 4, "kind": "egate", "delta": 0.1, "mu": 0.4, "mean_theta_LR": 74.25910125812389, "std_theta_LR": 0.9459440683379213, "theta_LR_final": 75.26900842308221, "L_collapsed": false, "R_collapsed": false, "L_tvar": 6.147596822536409e-05, "R_tvar": 5.9000050681630426e-05, "both_alive": true, "mean_transport_post": 0.001284911078514284, "class": "sustained", "theta_traj": [89.5, 77.99, 71.15, 67.49, 65.53, 64.49, 64.29, 64.53, 64.92, 65.53, 66.12, 66.59, 67.17, 67.37, 67.67, 68.0, 68.36, 68.65, 69.19, 69.65, 69.92, 70.49, 70.9, 71.26, 71.8, 72.21, 72.51, 72.7, 73.01, 73.12, 73.4, 73.62, 73.69, 73.78, 73.89, 74.1, 74.23, 74.39, 74.63, 74.72, 74.74, 74.71, 74.9, 74.96, 75.17, 75.29, 75.45, 75.52, 75.36, 75.43]}, {"seed": 5, "kind": "egate", "delta": 0.1, "mu": 0.4, "mean_theta_LR": 66.89919120016998, "std_theta_LR": 1.135149785351193, "theta_LR_final": 68.89074066697484, "L_collapsed": false, "R_collapsed": false, "L_tvar": 5.719963393105272e-05, "R_tvar": 6.104367431380303e-05, "both_alive": true, "mean_transport_post": 0.001377358421439017, "class": "sustained", "theta_traj": [90.44, 81.55, 76.85, 72.83, 69.2, 66.49, 64.67, 64.05, 63.91, 64.5, 65.02, 65.51, 65.69, 65.49, 65.42, 65.71, 65.47, 65.23, 65.09, 65.01, 64.84, 64.74, 64.65, 64.48, 64.55, 64.63, 64.77, 65.15, 65.49, 65.83, 66.08, 66.13, 66.24, 66.35, 66.23, 66.31, 66.66, 66.85, 67.11, 67.09, 67.24, 67.52, 67.6, 67.69, 67.86, 68.01, 68.27, 68.4, 68.56, 68.74]}, {"seed": 6, "kind": "egate", "delta": 0.1, "mu": 0.4, "mean_theta_LR": 64.52075967482455, "std_theta_LR": 0.6571877915800146, "theta_LR_final": 65.34425079459292, "L_collapsed": false, "R_collapsed": false, "L_tvar": 6.47295644742362e-05, "R_tvar": 5.8606892789548766e-05, "both_alive": true, "mean_transport_post": 0.0013914374496353417, "class": "sustained", "theta_traj": [90.57, 76.64, 70.42, 67.62, 66.46, 65.72, 65.54, 65.3, 64.82, 64.5, 63.99, 63.44, 63.16, 62.99, 63.02, 62.92, 62.94, 62.85, 62.67, 62.36, 62.33, 62.5, 62.66, 62.84, 63.29, 63.36, 63.55, 63.69, 63.86, 63.89, 63.77, 63.84, 63.96, 63.95, 63.98, 63.99, 64.31, 64.47, 64.67, 64.71, 64.84, 65.03, 65.21, 65.14, 65.17, 65.3, 65.28, 65.35, 65.36, 65.34]}, {"seed": 7, "kind": "egate", "delta": 0.1, "mu": 0.4, "mean_theta_LR": 66.22943071359975, "std_theta_LR": 0.2647311331063948, "theta_LR_final": 65.39948970994803, "L_collapsed": false, "R_collapsed": false, "L_tvar": 5.87008139810345e-05, "R_tvar": 6.479321062732114e-05, "both_alive": true, "mean_transport_post": 0.0013511561269144532, "class": "sustained", "theta_traj": [90.48, 77.53, 70.87, 66.72, 64.44, 62.79, 61.57, 60.96, 61.13, 61.67, 62.34, 62.76, 63.58, 63.92, 64.04, 64.14, 64.22, 64.5, 64.74, 64.91, 65.32, 65.59, 65.94, 66.21, 66.37, 66.29, 66.23, 66.13, 66.06, 65.9, 66.07, 65.99, 65.97, 66.28, 66.42, 66.61, 66.64, 66.5, 66.53, 66.28, 66.36, 66.48, 66.53, 66.42, 66.15, 66.33, 66.35, 66.24, 65.82, 65.71]}, {"seed": 8, "kind": "egate", "delta": 0.1, "mu": 0.4, "mean_theta_LR": 67.99841821543784, "std_theta_LR": 0.30955446525032354, "theta_LR_final": 68.75995225433536, "L_collapsed": false, "R_collapsed": false, "L_tvar": 6.860964224703457e-05, "R_tvar": 6.954891692766946e-05, "both_alive": true, "mean_transport_post": 0.0014204549249441825, "class": "sustained", "theta_traj": [90.32, 80.75, 75.08, 71.06, 67.91, 65.35, 63.19, 61.83, 61.2, 60.83, 60.34, 60.23, 60.47, 60.69, 61.24, 61.87, 62.64, 63.15, 63.6, 64.27, 64.91, 65.58, 66.12, 66.4, 66.78, 66.86, 67.27, 67.53, 67.68, 67.88, 67.95, 67.99, 67.86, 67.92, 68.06, 68.19, 68.06, 68.16, 68.19, 68.08, 68.01, 68.0, 68.06, 68.05, 67.97, 68.03, 68.13, 68.25, 68.31, 68.56]}, {"seed": 9, "kind": "egate", "delta": 0.1, "mu": 0.4, "mean_theta_LR": 65.95558063847, "std_theta_LR": 1.0022730367560069, "theta_LR_final": 68.87289065116657, "L_collapsed": false, "R_collapsed": false, "L_tvar": 5.954274124195678e-05, "R_tvar": 6.16427380710132e-05, "both_alive": true, "mean_transport_post": 0.0013753183498973734, "class": "sustained", "theta_traj": [90.01, 84.14, 77.16, 71.5, 68.58, 67.71, 66.51, 65.09, 63.78, 63.14, 63.08, 63.23, 63.51, 63.63, 63.7, 63.87, 64.14, 64.32, 64.81, 64.97, 65.04, 65.24, 65.3, 65.39, 65.38, 65.42, 65.49, 65.44, 65.52, 65.55, 65.51, 65.52, 65.54, 65.43, 65.31, 65.42, 65.19, 65.06, 65.31, 65.27, 65.45, 65.54, 65.58, 65.88, 66.04, 66.55, 67.04, 67.65, 68.24, 68.54]}, {"seed": 10, "kind": "egate", "delta": 0.1, "mu": 0.4, "mean_theta_LR": 68.64711815863868, "std_theta_LR": 1.3945050077359615, "theta_LR_final": 71.64972172449491, "L_collapsed": false, "R_collapsed": false, "L_tvar": 6.213397816476546e-05, "R_tvar": 6.403705979037054e-05, "both_alive": true, "mean_transport_post": 0.001397098370295516, "class": "sustained",