{"key": "egate_gp_d0.4_m1.8_s0.016", "records": [{"seed": 0, "kind": "egate", "delta": 0.4, "mu": 1.8, "mean_theta_LR": 59.34147866584225, "std_theta_LR": 0.24322049952658167, "theta_LR_final": 59.650247726038096, "L_collapsed": false, "R_collapsed": false, "L_tvar": 5.9925744124476955e-05, "R_tvar": 5.728194176153558e-05, "both_alive": true, "mean_transport_post": 0.004092532225014986, "class": "sustained", "theta_traj": [88.52, 64.28, 60.98, 61.04, 60.05, 59.42, 59.36, 59.23, 59.19, 59.14, 59.26, 59.48, 59.81, 59.88, 59.87, 59.75, 59.48, 59.27, 59.33, 59.32, 59.24, 59.3, 59.44, 59.37, 59.24, 59.21, 59.16, 59.02, 59.09, 59.28, 59.25, 59.19, 59.14, 59.12, 59.01, 59.01, 59.04, 59.1, 59.16, 59.4, 59.5, 59.67, 59.73, 59.63, 59.65, 59.58, 59.62, 59.49, 59.56, 59.58]}, {"seed": 1, "kind": "egate", "delta": 0.4, "mu": 1.8, "mean_theta_LR": 47.089840410688396, "std_theta_LR": 0.6596357251705428, "theta_LR_final": 46.3843564418407, "L_collapsed": false, "R_collapsed": false, "L_tvar": 5.7859121804930796e-05, "R_tvar": 5.774017627625314e-05, "both_alive": true, "mean_transport_post": 0.0043455800229013925, "class": "sustained", "theta_traj": [88.69, 61.89, 56.25, 55.8, 55.01, 54.43, 53.52, 52.26, 51.27, 50.8, 50.45, 50.18, 49.92, 49.57, 49.48, 49.38, 49.18, 49.19, 48.97, 48.84, 48.69, 48.67, 48.59, 48.31, 48.16, 48.17, 48.19, 48.16, 48.07, 47.82, 47.78, 47.59, 47.53, 47.5, 47.47, 47.37, 47.27, 47.0, 47.03, 46.79, 46.66, 46.55, 46.47, 46.51, 46.38, 46.38, 46.25, 46.29, 46.27, 46.44]}, {"seed": 2, "kind": "egate", "delta": 0.4, "mu": 1.8, "mean_theta_LR": 52.788496363458854, "std_theta_LR": 0.39697820831435215, "theta_LR_final": 51.842384720758815, "L_collapsed": false, "R_collapsed": false, "L_tvar": 5.519066120325913e-05, "R_tvar": 5.5932060155383054e-05, "both_alive": true, "mean_transport_post": 0.004252580751601747, "class": "sustained", "theta_traj": [87.44, 63.23, 58.04, 57.41, 56.92, 56.01, 55.61, 55.13, 54.93, 54.51, 54.45, 54.14, 54.08, 54.0, 53.74, 53.62, 53.59, 53.45, 53.34, 53.25, 53.17, 53.26, 53.17, 53.16, 53.26, 53.06, 53.0, 53.1, 53.15, 53.08, 53.06, 53.15, 53.19, 53.26, 53.23, 53.05, 52.85, 52.95, 52.86, 52.97, 52.9, 52.71, 52.64, 52.52, 52.48, 52.39, 52.25, 52.3, 52.02, 51.94]}, {"seed": 3, "kind": "egate", "delta": 0.4, "mu": 1.8, "mean_theta_LR": 54.49294435208758, "std_theta_LR": 0.42009164774762214, "theta_LR_final": 53.72658322170903, "L_collapsed": false, "R_collapsed": false, "L_tvar": 5.9713797722874996e-05, "R_tvar": 5.912261454279122e-05, "both_alive": true, "mean_transport_post": 0.0042198458762415, "class": "sustained", "theta_traj": [88.15, 65.09, 60.96, 59.56, 58.86, 58.35, 57.7, 57.38, 56.89, 56.43, 56.21, 56.17, 55.93, 55.8, 55.65, 55.55, 55.49, 55.54, 55.56, 55.47, 55.45, 55.54, 55.24, 55.08, 55.01, 55.12, 55.17, 55.09, 54.98, 54.97, 54.86, 54.71, 54.78, 54.75, 54.79, 54.68, 54.65, 54.62, 54.6, 54.53, 54.41, 54.25, 54.27, 54.0, 54.06, 53.98, 53.9, 53.92, 53.95, 53.88]}, {"seed": 4, "kind": "egate", "delta": 0.4, "mu": 1.8, "mean_theta_LR": 54.76714347355725, "std_theta_LR": 0.11798622021160969, "theta_LR_final": 54.74851338541181, "L_collapsed": false, "R_collapsed": false, "L_tvar": 5.942656971921226e-05, "R_tvar": 5.880013051961902e-05, "both_alive": true, "mean_transport_post": 0.00421340051753321, "class": "sustained", "theta_traj": [88.39, 63.41, 59.64, 59.71, 59.55, 58.97, 58.68, 58.13, 57.52, 57.05, 56.46, 55.97, 55.76, 55.7, 55.44, 55.33, 55.16, 55.09, 54.96, 54.97, 54.73, 54.8, 54.78, 54.79, 54.78, 54.9, 54.99, 54.82, 54.76, 54.76, 54.93, 54.86, 54.94, 54.72, 54.7, 54.62, 54.65, 54.69, 54.84, 54.78, 54.66, 54.51, 54.59, 54.62, 54.84, 54.91, 54.88, 54.85, 54.77, 54.84]}, {"seed": 5, "kind": "egate", "delta": 0.4, "mu": 1.8, "mean_theta_LR": 52.92953889825129, "std_theta_LR": 0.32820440225145064, "theta_LR_final": 52.45998286205032, "L_collapsed": false, "R_collapsed": false, "L_tvar": 5.707884230950033e-05, "R_tvar": 5.973404277885143e-05, "both_alive": true, "mean_transport_post": 0.004304021172360717, "class": "sustained", "theta_traj": [89.35, 64.6, 61.07, 60.61, 60.22, 59.65, 59.17, 58.76, 58.16, 57.79, 57.39, 57.07, 56.77, 56.36, 56.17, 56.01, 55.79, 55.71, 55.32, 55.17, 54.86, 54.5, 54.33, 53.97, 53.88, 53.7, 53.48, 53.39, 53.26, 53.1, 53.25, 53.19, 53.12, 53.2, 53.27, 53.11, 53.0, 52.8, 52.79, 52.73, 52.74, 52.85, 52.8, 52.79, 52.74, 52.64, 52.53, 52.45, 52.4, 52.49]}, {"seed": 6, "kind": "egate", "delta": 0.4, "mu": 1.8, "mean_theta_LR": 50.39579197753196, "std_theta_LR": 0.30439466599787285, "theta_LR_final": 50.13192578293685, "L_collapsed": false, "R_collapsed": false, "L_tvar": 6.313158331014853e-05, "R_tvar": 5.6341740122426347e-05, "both_alive": true, "mean_transport_post": 0.004315189932852539, "class": "sustained", "theta_traj": [89.45, 60.64, 56.38, 56.19, 56.1, 56.0, 55.0, 54.46, 53.93, 53.42, 52.99, 52.65, 52.22, 52.04, 51.92, 51.69, 51.48, 51.45, 51.49, 51.43, 51.27, 51.22, 51.14, 51.08, 51.22, 50.99, 50.86, 50.9, 50.86, 50.85, 50.75, 50.79, 50.6, 50.48, 50.45, 50.39, 50.25, 50.18, 50.25, 50.02, 50.01, 50.07, 50.14, 50.27, 50.18, 50.2, 50.14, 50.18, 50.2, 50.12]}, {"seed": 7, "kind": "egate", "delta": 0.4, "mu": 1.8, "mean_theta_LR": 49.908915680510596, "std_theta_LR": 0.13735522713544773, "theta_LR_final": 49.48819329620742, "L_collapsed": false, "R_collapsed": false, "L_tvar": 5.864035879229774e-05, "R_tvar": 6.01977096541899e-05, "both_alive": true, "mean_transport_post": 0.004303219507581122, "class": "sustained", "theta_traj": [89.4, 62.37, 57.95, 57.19, 56.15, 55.69, 55.3, 54.73, 54.29, 53.59, 53.16, 52.78, 52.62, 52.34, 52.07, 51.7, 51.31, 51.13, 50.95, 50.67, 50.33, 50.08, 50.18, 50.09, 50.05, 49.83, 49.8, 49.8, 49.94, 49.94, 49.96, 50.03, 49.96, 49.99, 49.84, 49.99, 49.95, 49.9, 49.85, 49.79, 49.9, 49.82, 49.96, 49.95, 50.07, 50.08, 50.03, 50.09, 49.78, 49.5]}, {"seed": 8, "kind": "egate", "delta": 0.4, "mu": 1.8, "mean_theta_LR": 48.19089177442607, "std_theta_LR": 0.6646868129826939, "theta_LR_final": 47.35679798882301, "L_collapsed": false, "R_collapsed": false, "L_tvar": 5.776415204417003e-05, "R_tvar": 5.6504981715088236e-05, "both_alive": true, "mean_transport_post": 0.004331818850980146, "class": "sustained", "theta_traj": [89.21, 61.84, 57.32, 56.42, 55.61, 54.86, 54.14, 53.68, 53.36, 53.3, 53.11, 52.78, 52.43, 51.93, 51.51, 51.21, 50.95, 50.74, 50.51, 50.43, 50.39, 50.33, 50.1, 49.99, 49.92, 49.87, 49.55, 49.23, 49.11, 48.93, 48.78, 48.68, 48.56, 48.4, 48.35, 48.15, 48.04, 47.94, 47.97, 47.97, 47.84, 47.85, 47.84, 47.68, 47.61, 47.61, 47.51, 47.51, 47.41, 47.35]}, {"seed": 9, "kind": "egate", "delta": 0.4, "mu": 1.8, "mean_theta_LR": 53.30415163663142, "std_theta_LR": 0.792165781347662, "theta_LR_final": 52.243623760362105, "L_collapsed": false, "R_collapsed": false, "L_tvar": 5.846321404152018e-05, "R_tvar": 5.859308637160644e-05, "both_alive": true, "mean_transport_post": 0.004206923998503616, "class": "sustained", "theta_traj": [88.92, 65.96, 61.66, 60.65, 60.47, 60.27, 60.44, 60.4, 59.7, 59.06, 58.62, 58.29, 57.84, 57.54, 57.22, 56.9, 56.54, 56.07, 55.89, 55.9, 55.65, 55.38, 55.12, 55.17, 54.99, 54.83, 54.64, 54.55, 54.3, 54.33, 54.28, 54.08, 53.96, 53.7, 53.61, 53.41, 53.31, 53.18, 53.12, 52.94, 52.83, 52.88, 52.8, 52.71, 52.54, 52.44, 52.41, 52.29, 52.29, 52.3]}, {"seed": 10, "kind": "egate", "delta": 0.4, "mu": 1.8, "mean_theta_LR": 54.576002626672874, "std_theta_LR": 0.42591122589890706, "theta_LR_final": 53.446676472856616, "L_collapsed": false, "R_collapsed": false, "L_tvar": 5.73978101854586e-05, "R_tvar": 5.8249658630511225e-05, "both_alive": true, "mean_transport_post": 0.004235802410629438, "class": "sustained",