{"key": "iso_gp_d0.2_m0.0_s0.016", "records": [{"seed": 0, "kind": "iso", "delta": 0.2, "mu": 0.0, "mean_theta_LR": 90.15773764020291, "std_theta_LR": 3.080411517516268, "theta_LR_final": 87.19331518945282, "L_collapsed": false, "R_collapsed": false, "L_tvar": 6.0871314974390076e-05, "R_tvar": 6.029141478733722e-05, "both_alive": true, "mean_transport_post": 0.0, "class": "segregation", "theta_traj": [89.96, 90.83, 91.07, 88.76, 87.45, 88.07, 90.68, 93.53, 94.69, 93.73, 91.57, 89.48, 88.09, 87.09, 86.95, 87.59, 88.99, 90.5, 91.98, 92.74, 92.27, 90.97, 89.74, 88.65, 87.81, 87.57, 87.62, 88.01, 88.89, 90.34, 92.17, 93.78, 94.58, 94.05, 92.74, 90.82, 88.66, 86.33, 85.13, 84.99, 86.4, 89.01, 91.96, 94.19, 94.85, 94.02, 92.41, 90.26, 88.21, 87.15]}, {"seed": 1, "kind": "iso", "delta": 0.2, "mu": 0.0, "mean_theta_LR": 90.24555007907897, "std_theta_LR": 3.5689950607332945, "theta_LR_final": 85.48745395468508, "L_collapsed": false, "R_collapsed": false, "L_tvar": 6.390478192216234e-05, "R_tvar": 6.104679327859785e-05, "both_alive": true, "mean_transport_post": 0.0, "class": "segregation", "theta_traj": [90.1, 88.47, 87.0, 85.32, 85.15, 86.39, 88.89, 91.68, 93.78, 94.46, 93.2, 91.13, 88.7, 87.05, 85.98, 86.43, 87.65, 89.79, 91.82, 92.94, 93.19, 92.22, 90.54, 88.78, 87.49, 86.87, 87.07, 88.11, 89.86, 91.69, 93.64, 94.95, 95.03, 93.88, 91.78, 89.22, 87.17, 85.38, 84.37, 84.69, 85.87, 88.04, 90.33, 92.9, 94.73, 95.51, 94.86, 92.92, 90.34, 87.56]}, {"seed": 2, "kind": "iso", "delta": 0.2, "mu": 0.0, "mean_theta_LR": 89.11710807246229, "std_theta_LR": 3.571258256929708, "theta_LR_final": 90.58693923825602, "L_collapsed": false, "R_collapsed": false, "L_tvar": 6.0544758884874295e-05, "R_tvar": 6.0715288772760706e-05, "both_alive": true, "mean_transport_post": 0.0, "class": "segregation", "theta_traj": [88.86, 90.42, 87.99, 87.08, 87.71, 89.23, 90.62, 90.96, 91.11, 90.78, 90.07, 89.55, 89.02, 88.72, 88.97, 89.32, 89.2, 89.06, 89.2, 89.63, 90.1, 90.78, 91.37, 91.58, 91.59, 91.37, 91.06, 91.03, 90.82, 90.37, 89.47, 88.68, 87.91, 86.56, 86.22, 86.97, 88.78, 90.72, 92.73, 94.54, 95.55, 94.92, 93.06, 90.08, 87.0, 84.26, 82.69, 82.31, 84.02, 87.39]}, {"seed": 3, "kind": "iso", "delta": 0.2, "mu": 0.0, "mean_theta_LR": 89.66147615178906, "std_theta_LR": 3.8215643983678373, "theta_LR_final": 87.37960277214653, "L_collapsed": false, "R_collapsed": false, "L_tvar": 6.471835432752114e-05, "R_tvar": 6.302811941114774e-05, "both_alive": true, "mean_transport_post": 0.0, "class": "segregation", "theta_traj": [89.56, 93.0, 91.92, 90.71, 89.7, 88.77, 88.5, 89.43, 91.12, 93.32, 94.75, 94.3, 92.58, 89.76, 86.62, 84.52, 84.2, 85.88, 88.49, 91.16, 92.87, 93.24, 92.41, 90.49, 88.97, 87.97, 88.38, 90.54, 92.79, 94.32, 94.09, 92.34, 89.41, 86.49, 84.14, 83.43, 84.41, 86.82, 89.85, 92.78, 95.04, 95.86, 95.32, 93.78, 91.32, 88.79, 86.7, 85.54, 85.34, 86.19]}, {"seed": 4, "kind": "iso", "delta": 0.2, "mu": 0.0, "mean_theta_LR": 89.90032929443726, "std_theta_LR": 5.397323701465804, "theta_LR_final": 91.97198310485612, "L_collapsed": false, "R_collapsed": false, "L_tvar": 6.310440072292825e-05, "R_tvar": 5.929741088573415e-05, "both_alive": true, "mean_transport_post": 0.0, "class": "segregation", "theta_traj": [89.81, 87.61, 88.12, 89.59, 91.51, 92.4, 92.92, 92.84, 91.4, 88.84, 85.88, 84.57, 85.28, 87.7, 90.43, 93.33, 95.73, 96.44, 95.08, 92.44, 89.1, 86.0, 83.99, 83.71, 85.48, 88.3, 91.65, 94.62, 96.08, 96.4, 95.07, 92.19, 88.55, 85.09, 82.78, 82.13, 83.84, 87.23, 91.4, 95.2, 98.01, 98.49, 96.45, 92.66, 88.24, 84.34, 82.19, 82.09, 84.2, 88.24]}, {"seed": 5, "kind": "iso", "delta": 0.2, "mu": 0.0, "mean_theta_LR": 90.25694255035715, "std_theta_LR": 7.720402647118037, "theta_LR_final": 84.30755151461238, "L_collapsed": false, "R_collapsed": false, "L_tvar": 6.383483101164925e-05, "R_tvar": 6.360738729235024e-05, "both_alive": true, "mean_transport_post": 0.0, "class": "segregation", "theta_traj": [90.75, 91.56, 92.93, 92.69, 91.83, 90.27, 88.31, 85.91, 83.91, 82.83, 83.13, 85.88, 90.21, 95.32, 99.33, 101.02, 99.17, 94.32, 88.36, 82.63, 78.38, 77.2, 79.41, 84.39, 90.21, 95.86, 100.23, 102.25, 101.51, 98.52, 93.63, 88.52, 84.02, 80.84, 80.07, 81.52, 84.85, 88.95, 93.11, 96.59, 98.93, 99.15, 97.7, 94.63, 90.45, 86.25, 82.48, 79.86, 79.36, 81.21]}, {"seed": 6, "kind": "iso", "delta": 0.2, "mu": 0.0, "mean_theta_LR": 90.06258477694587, "std_theta_LR": 4.059087456002253, "theta_LR_final": 98.18104499423197, "L_collapsed": false, "R_collapsed": false, "L_tvar": 6.150279479561608e-05, "R_tvar": 5.890310235247872e-05, "both_alive": true, "mean_transport_post": 0.0, "class": "segregation", "theta_traj": [90.88, 88.13, 91.55, 94.91, 95.94, 94.79, 91.5, 86.73, 82.68, 81.02, 82.47, 86.84, 91.81, 95.49, 97.15, 96.71, 94.52, 91.53, 88.52, 86.91, 86.72, 87.35, 88.52, 89.77, 90.84, 91.21, 91.19, 91.07, 90.47, 89.41, 88.21, 87.06, 86.85, 87.29, 88.9, 91.3, 93.77, 95.35, 95.55, 93.89, 91.05, 87.74, 84.74, 82.93, 82.93, 84.8, 88.11, 91.93, 95.4, 97.75]}, {"seed": 7, "kind": "iso", "delta": 0.2, "mu": 0.0, "mean_theta_LR": 90.07061414083357, "std_theta_LR": 2.978591870363177, "theta_LR_final": 83.01803530311177, "L_collapsed": false, "R_collapsed": false, "L_tvar": 6.123589453003566e-05, "R_tvar": 6.664031913921248e-05, "both_alive": true, "mean_transport_post": 0.0, "class": "segregation", "theta_traj": [90.79, 87.62, 88.15, 89.09, 89.56, 88.68, 89.46, 91.61, 93.58, 94.41, 94.14, 92.55, 90.25, 87.75, 85.3, 84.01, 84.21, 85.53, 87.67, 89.99, 92.54, 94.38, 95.24, 94.7, 93.22, 91.3, 89.48, 88.08, 87.75, 87.82, 88.71, 90.03, 90.69, 90.73, 89.97, 88.91, 87.91, 87.42, 87.21, 87.85, 89.32, 91.44, 93.66, 95.36, 96.13, 95.74, 94.23, 91.77, 88.59, 85.29]}, {"seed": 8, "kind": "iso", "delta": 0.2, "mu": 0.0, "mean_theta_LR": 90.21727841121952, "std_theta_LR": 5.152569837062569, "theta_LR_final": 94.44132622883618, "L_collapsed": false, "R_collapsed": false, "L_tvar": 6.421207667079706e-05, "R_tvar": 6.608064570444558e-05, "both_alive": true, "mean_transport_post": 0.0, "class": "segregation", "theta_traj": [90.62, 89.88, 88.16, 86.12, 83.39, 81.76, 81.91, 84.39, 87.91, 92.09, 95.55, 97.21, 97.64, 97.01, 95.15, 91.97, 88.22, 84.46, 81.49, 80.39, 81.39, 84.12, 88.15, 93.21, 97.45, 100.1, 100.63, 98.62, 94.88, 90.18, 85.8, 82.84, 81.65, 82.7, 85.28, 88.27, 91.23, 93.76, 95.17, 95.27, 93.94, 91.94, 89.52, 87.25, 85.82, 85.21, 86.09, 87.88, 90.61, 93.08]}, {"seed": 9, "kind": "iso", "delta": 0.2, "mu": 0.0, "mean_theta_LR": 90.74817105297464, "std_theta_LR": 6.620097302054923, "theta_LR_final": 93.27788363989501, "L_collapsed": false, "R_collapsed": false, "L_tvar": 6.209980563372082e-05, "R_tvar": 6.006752088839449e-05, "both_alive": true, "mean_transport_post": 0.0, "class": "segregation", "theta_traj": [90.32, 95.02, 94.13, 90.3, 86.83, 84.32, 83.6, 84.01, 86.56, 90.54, 94.41, 97.19, 97.92, 96.86, 93.84, 89.88, 86.4, 84.0, 83.75, 85.46, 88.17, 91.08, 93.85, 95.78, 96.34, 95.32, 92.77, 89.52, 86.23, 84.06, 83.59, 84.99, 87.79, 91.63, 94.86, 97.49, 97.45, 95.1, 90.94, 86.28, 82.1, 79.82, 80.18, 83.63, 88.85, 94.77, 99.84, 102.42, 101.9, 97.97]}, {"seed": 10, "kind": "iso", "delta": 0.2, "mu": 0.0, "mean_theta_LR": 89.70215563894129, "std_theta_LR": 8.217578024195163, "theta_LR_final": 82.5916585982553, "L_collapsed": false, "R_collapsed": false, "L_tvar": 6.362065640374534e-05, "R_tvar": 6.49843312418373e-05, "both_alive": true, "mean_transport_post": 0.0, "class": "segregation", "theta_traj": [89.23, 90.49, 91.84, 93.1, 93.09, 92.55, 91.11, 90.2, 89.53, 89.44, 89.96, 90.32, 90.45, 89.58, 87.78, 85.75, 84.12, 83.94, 85.84, 89.49, 94.17, 97.9, 99.32, 98.02, 93.98, 88.48, 83.15, 79.41, 78.56, 81.04, 86.08, 92.34, 98.08, 101.75, 102.25, 99.19, 93.78, 87.31, 81.56, 78.14, 77.94, 81.29, 86.87, 93.06, 98.41, 100.83, 100.4, 96.98, 91.88, 86.35]}, {"seed": 11, "kind": "iso", "delta": 0.2, "mu": 0.0, "mean_theta_LR": 89.96837260561529, "std_theta_LR": 9.219267227193384, "theta_LR_final": 81.22976860508942, "L_collapsed": false,