{"key": "iso_gp_d0.05_m0.0_s0.016", "records": [{"seed": 0, "kind": "iso", "delta": 0.05, "mu": 0.0, "mean_theta_LR": 90.73681912544616, "std_theta_LR": 2.8577721323789897, "theta_LR_final": 87.26261951768615, "L_collapsed": false, "R_collapsed": false, "L_tvar": 6.087131497436667e-05, "R_tvar": 6.0291414787346556e-05, "both_alive": true, "mean_transport_post": 0.0, "class": "segregation", "theta_traj": [89.97, 90.92, 91.47, 90.53, 88.88, 87.58, 86.47, 85.49, 85.31, 85.85, 86.62, 87.45, 87.87, 88.23, 88.63, 89.16, 89.75, 90.23, 90.87, 91.53, 92.04, 92.51, 92.49, 92.34, 92.36, 92.42, 92.55, 92.95, 93.45, 93.65, 93.88, 93.86, 93.89, 93.58, 93.41, 93.19, 92.89, 92.37, 91.68, 90.94, 90.18, 89.2, 88.29, 87.44, 87.01, 86.85, 86.77, 86.54, 86.58, 86.87]}, {"seed": 1, "kind": "iso", "delta": 0.05, "mu": 0.0, "mean_theta_LR": 90.87642859800769, "std_theta_LR": 2.768305946744233, "theta_LR_final": 84.83645364720238, "L_collapsed": false, "R_collapsed": false, "L_tvar": 6.390478192218923e-05, "R_tvar": 6.104679327854845e-05, "both_alive": true, "mean_transport_post": 0.0, "class": "segregation", "theta_traj": [90.11, 89.79, 89.92, 89.07, 88.96, 88.24, 87.08, 86.44, 85.93, 85.55, 85.69, 85.98, 86.37, 86.77, 87.35, 88.06, 88.58, 89.42, 90.22, 90.75, 91.28, 91.95, 92.3, 92.76, 92.83, 93.11, 93.41, 93.57, 93.55, 93.81, 93.73, 93.66, 93.38, 93.09, 92.81, 92.51, 92.33, 91.93, 91.6, 91.22, 90.76, 90.23, 89.93, 89.24, 88.67, 87.8, 87.15, 86.34, 85.96, 85.34]}, {"seed": 2, "kind": "iso", "delta": 0.05, "mu": 0.0, "mean_theta_LR": 87.63950222965812, "std_theta_LR": 1.5916715744204988, "theta_LR_final": 92.06217825432758, "L_collapsed": false, "R_collapsed": false, "L_tvar": 6.054475888486548e-05, "R_tvar": 6.0715288772719737e-05, "both_alive": true, "mean_transport_post": 0.0, "class": "segregation", "theta_traj": [88.86, 91.27, 90.37, 89.02, 88.42, 88.12, 88.32, 88.72, 88.89, 89.08, 89.46, 89.59, 89.62, 90.07, 89.97, 89.77, 89.34, 89.01, 88.87, 88.9, 88.49, 88.28, 88.34, 88.43, 88.44, 88.64, 88.8, 88.67, 88.61, 88.34, 87.85, 87.49, 87.11, 86.45, 86.14, 86.01, 86.1, 85.9, 85.98, 85.74, 85.88, 86.3, 86.69, 87.23, 87.66, 88.23, 88.62, 89.43, 90.4, 91.35]}, {"seed": 3, "kind": "iso", "delta": 0.05, "mu": 0.0, "mean_theta_LR": 86.51584179017757, "std_theta_LR": 2.562027412280529, "theta_LR_final": 88.03249160887978, "L_collapsed": false, "R_collapsed": false, "L_tvar": 6.471835432755933e-05, "R_tvar": 6.302811941115904e-05, "both_alive": true, "mean_transport_post": 0.0, "class": "segregation", "theta_traj": [89.55, 93.12, 93.45, 92.94, 92.64, 92.06, 91.06, 89.76, 88.56, 87.19, 85.79, 84.95, 84.27, 83.94, 83.79, 84.22, 84.69, 85.55, 86.42, 87.47, 88.52, 89.45, 90.36, 91.35, 91.69, 92.04, 92.04, 91.33, 90.48, 89.65, 88.58, 87.46, 86.44, 85.62, 84.79, 84.31, 83.99, 83.79, 83.84, 83.76, 83.83, 84.18, 84.59, 84.91, 85.29, 85.64, 86.22, 86.68, 87.27, 87.79]}, {"seed": 4, "kind": "iso", "delta": 0.05, "mu": 0.0, "mean_theta_LR": 85.92927488064151, "std_theta_LR": 3.3750192965792603, "theta_LR_final": 93.31095771197796, "L_collapsed": false, "R_collapsed": false, "L_tvar": 6.310440072290633e-05, "R_tvar": 5.929741088569672e-05, "both_alive": true, "mean_transport_post": 0.0, "class": "segregation", "theta_traj": [89.81, 87.62, 86.54, 86.37, 87.1, 87.66, 88.03, 88.27, 89.04, 90.21, 91.89, 93.31, 94.26, 95.02, 95.27, 95.68, 96.21, 96.49, 96.29, 96.02, 95.55, 95.03, 94.47, 93.59, 92.43, 91.44, 90.45, 89.48, 88.63, 87.73, 86.91, 86.01, 85.06, 84.15, 83.4, 82.63, 82.2, 81.9, 81.72, 81.79, 81.8, 82.36, 83.3, 84.36, 85.48, 86.76, 87.99, 89.24, 90.59, 92.06]}, {"seed": 5, "kind": "iso", "delta": 0.05, "mu": 0.0, "mean_theta_LR": 81.87186884287354, "std_theta_LR": 1.48786439028165, "theta_LR_final": 85.96457295595113, "L_collapsed": false, "R_collapsed": false, "L_tvar": 6.383483101166353e-05, "R_tvar": 6.360738729239012e-05, "both_alive": true, "mean_transport_post": 0.0, "class": "segregation", "theta_traj": [90.75, 91.79, 93.67, 94.5, 95.08, 95.14, 95.51, 96.01, 96.39, 97.01, 97.94, 98.46, 99.14, 99.0, 98.57, 97.92, 96.87, 95.41, 94.11, 92.55, 90.73, 89.08, 87.41, 85.87, 84.71, 83.67, 82.72, 81.95, 81.6, 81.25, 80.72, 80.49, 80.41, 80.19, 80.15, 80.21, 80.39, 80.65, 80.85, 81.11, 81.29, 81.75, 82.05, 82.26, 82.64, 82.89, 83.29, 83.93, 84.41, 85.17]}, {"seed": 6, "kind": "iso", "delta": 0.05, "mu": 0.0, "mean_theta_LR": 91.97871707968454, "std_theta_LR": 3.932459985456327, "theta_LR_final": 97.89543070688791, "L_collapsed": false, "R_collapsed": false, "L_tvar": 6.150279479561284e-05, "R_tvar": 5.890310235244608e-05, "both_alive": true, "mean_transport_post": 0.0, "class": "segregation", "theta_traj": [90.88, 87.7, 89.01, 90.39, 91.63, 93.01, 94.75, 96.56, 97.88, 98.8, 99.4, 98.91, 97.76, 96.67, 95.57, 94.53, 93.22, 92.06, 90.86, 89.99, 89.77, 89.31, 89.1, 88.9, 88.71, 88.79, 88.76, 88.47, 88.2, 87.98, 87.79, 87.63, 87.84, 87.86, 88.07, 88.63, 89.31, 90.22, 91.17, 92.34, 93.24, 94.18, 95.03, 95.86, 96.46, 96.91, 97.23, 97.67, 97.83, 97.97]}, {"seed": 7, "kind": "iso", "delta": 0.05, "mu": 0.0, "mean_theta_LR": 88.00387392054083, "std_theta_LR": 2.5587640600409207, "theta_LR_final": 82.45229422148186, "L_collapsed": false, "R_collapsed": false, "L_tvar": 6.12358945300455e-05, "R_tvar": 6.664031913923831e-05, "both_alive": true, "mean_transport_post": 0.0, "class": "segregation", "theta_traj": [90.79, 87.76, 87.68, 87.88, 88.73, 88.7, 87.93, 86.95, 86.17, 85.69, 85.24, 84.9, 84.84, 84.83, 84.75, 84.76, 84.95, 85.14, 85.59, 85.82, 86.2, 86.48, 86.9, 87.68, 88.3, 88.85, 89.35, 89.89, 90.03, 90.46, 90.66, 90.93, 90.77, 90.6, 90.26, 90.01, 89.65, 89.31, 89.12, 88.49, 87.92, 87.13, 86.54, 86.05, 85.66, 85.1, 84.71, 84.29, 83.72, 83.04]}, {"seed": 8, "kind": "iso", "delta": 0.05, "mu": 0.0, "mean_theta_LR": 86.75424534846898, "std_theta_LR": 5.056308297817323, "theta_LR_final": 94.81149023024918, "L_collapsed": false, "R_collapsed": false, "L_tvar": 6.42120766707372e-05, "R_tvar": 6.608064570439844e-05, "both_alive": true, "mean_transport_post": 0.0, "class": "segregation", "theta_traj": [90.62, 91.1, 91.89, 92.51, 92.55, 92.7, 92.43, 91.58, 90.94, 89.9, 88.95, 88.56, 88.28, 87.75, 87.26, 86.63, 85.93, 85.21, 84.28, 83.47, 82.73, 81.91, 81.19, 80.33, 79.93, 79.75, 79.55, 79.66, 79.9, 80.45, 80.87, 81.45, 82.32, 83.28, 84.38, 85.15, 85.74, 86.33, 87.33, 88.2, 88.95, 89.53, 90.24, 90.91, 91.48, 92.16, 92.77, 93.46, 94.09, 94.62]}, {"seed": 9, "kind": "iso", "delta": 0.05, "mu": 0.0, "mean_theta_LR": 94.20840064020841, "std_theta_LR": 4.7533606992455955, "theta_LR_final": 91.06450036398007, "L_collapsed": false, "R_collapsed": false, "L_tvar": 6.20998056336709e-05, "R_tvar": 6.00675208883732e-05, "both_alive": true, "mean_transport_post": 0.0, "class": "segregation", "theta_traj": [90.32, 95.27, 96.03, 95.29, 94.46, 93.88, 93.52, 93.28, 92.46, 91.45, 90.41, 89.45, 88.58, 87.62, 86.61, 85.68, 84.98, 84.29, 83.92, 83.9, 84.09, 83.97, 84.09, 84.22, 84.49, 84.84, 85.51, 86.11, 87.13, 88.21, 89.4, 90.57, 91.53, 92.8, 93.82, 95.32, 96.61, 97.67, 98.53, 99.08, 99.75, 99.97, 100.03, 99.54, 98.96, 98.12, 96.93, 95.61, 94.24, 92.44]}, {"seed": 10, "kind": "iso", "delta": 0.05, "mu": 0.0, "mean_theta_LR": 95.1001609567371, "std_theta_LR": 6.520031457982946, "theta_LR_final": 81.4994703498321, "L_collapsed": false, "R_collapsed": false, "L_tvar": 6.362065640371122e-05, "R_tvar": 6.498433124179972e-05, "both_alive": true, "mean_transport_post": 0.0, "class": "segregation", "theta_traj": [89.22, 89.53, 89.59, 89.76, 89.89, 90.2, 91.22, 91.01, 90.75, 90.23, 89.41, 88.65, 87.77, 86.84, 85.9, 84.95, 84.23, 83.68, 83.46, 83.73, 84.36, 85.47, 87.15, 88.54, 90.16, 91.97, 93.6, 95.19, 96.9, 98.61, 100.08, 101.05, 101.81, 102.3, 102.55, 102.44, 101.99, 101.14, 100.2, 98.78, 97.31, 95.6, 93.69, 91.76, 89.59, 88.06, 86.35, 84.82, 83.52, 82.37]}, {"seed": 11, "kind": "iso", "delta": 0.05, "mu": 0.0, "mean_theta_LR": 94.19918710657697, "std_theta_LR": 8.012674699136813, "theta_LR_final": 80.4074737320416,