{"key": "iso_gp_d0.4_m0.0_s0.016", "records": [{"seed": 0, "kind": "iso", "delta": 0.4, "mu": 0.0, "mean_theta_LR": 90.0446521766241, "std_theta_LR": 3.1158019237840713, "theta_LR_final": 87.22258429573861, "L_collapsed": false, "R_collapsed": false, "L_tvar": 6.087131497443202e-05, "R_tvar": 6.029141478736387e-05, "both_alive": true, "mean_transport_post": 0.0, "class": "segregation", "theta_traj": [89.96, 90.54, 89.71, 88.75, 91.95, 93.43, 89.85, 85.65, 86.72, 91.43, 93.95, 91.99, 88.85, 86.87, 87.89, 90.86, 92.76, 91.84, 88.98, 87.24, 88.85, 91.79, 92.59, 91.03, 88.61, 87.58, 88.26, 90.63, 93.15, 93.33, 90.55, 86.69, 85.62, 88.75, 92.94, 94.73, 92.5, 87.67, 85.01, 87.05, 92.21, 95.53, 93.07, 87.7, 85.14, 87.37, 91.45, 93.77, 91.91, 88.44]}, {"seed": 1, "kind": "iso", "delta": 0.4, "mu": 0.0, "mean_theta_LR": 90.24078587518035, "std_theta_LR": 3.678948550780701, "theta_LR_final": 86.54653533633498, "L_collapsed": false, "R_collapsed": false, "L_tvar": 6.390478192213708e-05, "R_tvar": 6.104679327857286e-05, "both_alive": true, "mean_transport_post": 0.0, "class": "segregation", "theta_traj": [90.09, 87.08, 85.81, 88.56, 92.72, 94.69, 91.72, 86.89, 85.74, 89.57, 93.74, 93.65, 89.82, 86.51, 86.56, 90.19, 93.41, 93.04, 89.57, 86.93, 87.45, 90.75, 92.73, 91.72, 88.57, 86.86, 88.2, 91.55, 93.9, 93.14, 89.07, 85.32, 85.69, 90.12, 94.87, 95.58, 91.79, 86.71, 84.29, 86.72, 91.76, 95.24, 94.28, 89.55, 85.22, 85.26, 89.79, 94.82, 95.3, 91.24]}, {"seed": 2, "kind": "iso", "delta": 0.4, "mu": 0.0, "mean_theta_LR": 89.71851508681152, "std_theta_LR": 3.72061468070846, "theta_LR_final": 88.60214936954043, "L_collapsed": false, "R_collapsed": false, "L_tvar": 6.054475888486934e-05, "R_tvar": 6.071528877277512e-05, "both_alive": true, "mean_transport_post": 0.0, "class": "segregation", "theta_traj": [88.86, 89.2, 86.67, 89.54, 92.28, 91.94, 89.6, 88.78, 89.22, 90.51, 90.83, 90.23, 89.22, 88.82, 89.62, 90.26, 90.54, 91.01, 91.1, 90.27, 89.01, 88.14, 88.8, 90.22, 91.21, 91.38, 90.7, 89.91, 88.98, 88.35, 89.06, 90.87, 92.62, 93.07, 90.21, 86.72, 86.26, 89.21, 93.29, 95.05, 92.04, 86.57, 83.95, 86.9, 93.11, 97.13, 95.14, 88.18, 82.09, 83.1]}, {"seed": 3, "kind": "iso", "delta": 0.4, "mu": 0.0, "mean_theta_LR": 89.86336669943124, "std_theta_LR": 3.806012605381412, "theta_LR_final": 86.62505727540969, "L_collapsed": false, "R_collapsed": false, "L_tvar": 6.471835432752653e-05, "R_tvar": 6.302811941119227e-05, "both_alive": true, "mean_transport_post": 0.0, "class": "segregation", "theta_traj": [89.56, 92.18, 88.5, 87.14, 87.72, 89.95, 91.47, 89.98, 87.41, 87.62, 91.95, 95.33, 93.92, 88.39, 84.01, 85.95, 91.88, 95.35, 93.36, 88.47, 86.16, 88.08, 91.46, 92.31, 90.1, 87.99, 89.22, 92.49, 92.36, 88.55, 85.21, 86.75, 92.28, 96.1, 94.3, 88.22, 83.76, 85.14, 90.85, 95.63, 95.3, 90.31, 85.43, 84.8, 88.78, 93.65, 95.01, 92.12, 87.54, 85.35]}, {"seed": 4, "kind": "iso", "delta": 0.4, "mu": 0.0, "mean_theta_LR": 89.93296445892229, "std_theta_LR": 5.435117171248791, "theta_LR_final": 90.10951739751498, "L_collapsed": false, "R_collapsed": false, "L_tvar": 6.310440072291836e-05, "R_tvar": 5.929741088569455e-05, "both_alive": true, "mean_transport_post": 0.0, "class": "segregation", "theta_traj": [89.8, 88.13, 91.58, 93.78, 92.07, 89.06, 87.13, 87.91, 91.52, 94.01, 91.21, 85.83, 84.55, 89.0, 94.24, 95.83, 91.62, 85.42, 83.79, 88.07, 94.18, 96.22, 92.21, 85.91, 83.94, 87.96, 94.14, 96.45, 92.43, 86.22, 83.17, 86.56, 93.46, 97.43, 94.36, 86.87, 82.04, 84.85, 92.69, 98.11, 96.14, 88.01, 81.99, 84.03, 91.91, 97.85, 95.94, 88.31, 82.09, 83.86]}, {"seed": 5, "kind": "iso", "delta": 0.4, "mu": 0.0, "mean_theta_LR": 90.13036145856518, "std_theta_LR": 7.549920286768433, "theta_LR_final": 82.34631509583329, "L_collapsed": false, "R_collapsed": false, "L_tvar": 6.383483101164067e-05, "R_tvar": 6.36073872923681e-05, "both_alive": true, "mean_transport_post": 0.0, "class": "segregation", "theta_traj": [90.74, 90.92, 89.67, 86.46, 84.71, 86.54, 90.93, 95.62, 95.98, 91.27, 84.13, 81.87, 87.68, 97.03, 99.89, 92.42, 81.53, 78.43, 86.59, 98.19, 102.45, 94.79, 82.52, 77.29, 83.53, 95.22, 102.39, 98.68, 88.08, 79.58, 80.41, 89.36, 98.25, 99.53, 92.09, 83.32, 80.5, 85.89, 94.47, 99.23, 96.23, 87.9, 81.25, 81.94, 89.73, 97.87, 99.82, 93.26, 83.64, 78.94]}, {"seed": 6, "kind": "iso", "delta": 0.4, "mu": 0.0, "mean_theta_LR": 90.01273555388443, "std_theta_LR": 4.004596224769489, "theta_LR_final": 98.20478489000797, "L_collapsed": false, "R_collapsed": false, "L_tvar": 6.150279479562465e-05, "R_tvar": 5.890310235246129e-05, "both_alive": true, "mean_transport_post": 0.0, "class": "segregation", "theta_traj": [90.89, 89.11, 93.43, 92.16, 86.34, 83.34, 87.55, 95.78, 98.25, 91.46, 82.43, 81.75, 89.51, 96.67, 96.79, 91.01, 85.19, 84.78, 89.43, 93.31, 93.25, 90.56, 88.37, 88.34, 90.03, 91.2, 90.92, 89.73, 88.28, 88.26, 90.21, 92.73, 92.72, 89.84, 86.0, 85.82, 89.84, 94.66, 95.18, 90.15, 84.66, 83.87, 89.17, 95.61, 97.03, 91.88, 84.88, 82.45, 87.24, 94.92]}, {"seed": 7, "kind": "iso", "delta": 0.4, "mu": 0.0, "mean_theta_LR": 90.06141936112313, "std_theta_LR": 3.0569719546149394, "theta_LR_final": 84.0711497984791, "L_collapsed": false, "R_collapsed": false, "L_tvar": 6.123589453005412e-05, "R_tvar": 6.664031913922381e-05, "both_alive": true, "mean_transport_post": 0.0, "class": "segregation", "theta_traj": [90.79, 87.95, 90.21, 91.86, 91.31, 92.12, 90.94, 87.29, 86.09, 89.24, 93.5, 94.92, 91.64, 86.71, 84.3, 87.24, 92.81, 95.98, 94.19, 89.54, 85.15, 84.95, 88.94, 93.51, 94.37, 91.51, 88.04, 86.91, 88.56, 91.0, 91.65, 90.19, 89.24, 89.94, 91.5, 91.45, 89.41, 87.55, 87.44, 90.07, 93.43, 94.54, 91.28, 86.29, 83.87, 86.47, 92.21, 96.64, 95.84, 89.72]}, {"seed": 8, "kind": "iso", "delta": 0.4, "mu": 0.0, "mean_theta_LR": 90.13607981261163, "std_theta_LR": 5.060332176998354, "theta_LR_final": 93.7577418342491, "L_collapsed": false, "R_collapsed": false, "L_tvar": 6.421207667079284e-05, "R_tvar": 6.608064570440167e-05, "both_alive": true, "mean_transport_post": 0.0, "class": "segregation", "theta_traj": [90.62, 88.3, 85.04, 85.18, 90.11, 96.53, 98.48, 92.78, 84.89, 81.66, 85.87, 93.06, 97.4, 96.04, 89.65, 82.97, 81.71, 87.65, 96.16, 99.55, 94.6, 85.46, 79.59, 82.54, 92.1, 99.87, 99.05, 90.35, 81.88, 81.01, 87.89, 95.97, 98.31, 93.29, 86.26, 83.46, 86.23, 91.96, 95.43, 93.67, 88.79, 85.59, 86.36, 90.64, 94.21, 93.99, 89.76, 85.64, 85.81, 90.08]}, {"seed": 9, "kind": "iso", "delta": 0.4, "mu": 0.0, "mean_theta_LR": 90.38806263627843, "std_theta_LR": 6.677815165724732, "theta_LR_final": 96.08419867701082, "L_collapsed": false, "R_collapsed": false, "L_tvar": 6.209980563366367e-05, "R_tvar": 6.006752088840909e-05, "both_alive": true, "mean_transport_post": 0.0, "class": "segregation", "theta_traj": [90.32, 93.58, 88.48, 84.33, 87.13, 93.25, 96.44, 94.14, 86.81, 81.75, 84.66, 92.31, 97.57, 95.87, 88.68, 83.39, 84.93, 91.58, 96.18, 94.17, 88.42, 84.19, 85.28, 90.74, 95.76, 95.51, 90.04, 84.42, 84.31, 89.85, 95.61, 95.78, 90.2, 84.15, 83.87, 89.92, 97.03, 97.01, 89.54, 81.96, 81.59, 89.92, 99.12, 99.85, 90.93, 80.48, 78.73, 87.94, 99.55, 102.58]}, {"seed": 10, "kind": "iso", "delta": 0.4, "mu": 0.0, "mean_theta_LR": 89.86575918279286, "std_theta_LR": 8.271729712790517, "theta_LR_final": 84.359315853865, "L_collapsed": false, "R_collapsed": false, "L_tvar": 6.362065640370167e-05, "R_tvar": 6.498433124182772e-05, "both_alive": true, "mean_transport_post": 0.0, "class": "segregation", "theta_traj": [89.23, 91.65, 93.14, 91.9, 88.96, 87.33, 88.57, 90.69, 91.9, 91.41, 91.03, 91.21, 91.02, 88.89, 86.05, 85.97, 90.51, 96.05, 96.31, 89.84, 82.36, 82.5, 91.0, 99.05, 98.35, 89.08, 80.0, 80.26, 90.31, 100.4, 100.4, 90.05, 79.5, 78.92, 89.36, 100.55, 101.52, 91.51, 80.18, 78.42, 87.87, 98.98, 101.13, 92.4, 81.45, 79.4, 87.5, 97.73, 100.19, 92.68]}, {"seed": 11, "kind": "iso", "delta": 0.4, "mu": 0.0, "mean_theta_LR": 89.97043761286342, "std_theta_LR": 9.20193453828437, "theta_LR_final": 82.70004987028547, "L_collapsed": false,