{"key": "iso_d0.1_m0.3_s0.016", "records": [{"seed": 0, "kind": "iso", "delta": 0.1, "mu": 0.3, "mean_theta_LR": 90.3092226169591, "std_theta_LR": 2.996721590172855, "theta_LR_final": 87.23090362670294, "L_collapsed": false, "R_collapsed": false, "L_tvar": 6.087131497435207e-05, "R_tvar": 6.029141478732845e-05, "both_alive": true, "mean_transport_post": 0.0, "class": "segregation", "theta_traj": [89.96, 90.9, 91.42, 89.9, 87.82, 86.39, 86.05, 86.48, 87.73, 89.37, 90.91, 91.77, 92.24, 92.75, 92.94, 93.0, 92.66, 92.21, 91.51, 90.49, 89.36, 88.33, 88.0, 87.85, 87.65, 87.58, 87.47, 87.22, 86.98, 87.13, 87.51, 88.38, 89.31, 90.42, 91.37, 92.25, 93.08, 94.19, 94.77, 95.27, 95.19, 94.7, 93.49, 91.98, 90.59, 89.35, 88.4, 87.43, 86.89, 86.89]}, {"seed": 1, "kind": "iso", "delta": 0.1, "mu": 0.3, "mean_theta_LR": 91.14514005272007, "std_theta_LR": 3.3951128273068303, "theta_LR_final": 85.0383285212773, "L_collapsed": false, "R_collapsed": false, "L_tvar": 6.390478192216168e-05, "R_tvar": 6.104679327858492e-05, "both_alive": true, "mean_transport_post": 0.0, "class": "segregation", "theta_traj": [90.11, 89.34, 88.85, 87.39, 86.79, 86.02, 85.25, 85.46, 86.26, 87.55, 89.17, 90.48, 91.83, 92.61, 93.52, 93.77, 93.87, 93.39, 92.64, 91.72, 90.73, 89.42, 88.47, 87.6, 87.22, 86.88, 86.71, 86.82, 87.29, 87.62, 88.53, 89.6, 90.89, 92.09, 93.33, 94.28, 94.6, 95.09, 95.54, 95.51, 95.49, 95.08, 94.58, 93.76, 92.79, 91.33, 89.97, 88.41, 87.25, 85.99]}, {"seed": 2, "kind": "iso", "delta": 0.1, "mu": 0.3, "mean_theta_LR": 88.58593744947657, "std_theta_LR": 3.118648100227208, "theta_LR_final": 91.5747024538642, "L_collapsed": false, "R_collapsed": false, "L_tvar": 6.054475888488687e-05, "R_tvar": 6.071528877275948e-05, "both_alive": true, "mean_transport_post": 0.0, "class": "segregation", "theta_traj": [88.86, 91.0, 89.53, 88.07, 87.55, 87.64, 88.38, 88.94, 89.46, 90.04, 90.45, 90.71, 91.05, 91.3, 91.18, 90.86, 90.84, 90.91, 91.07, 91.12, 91.61, 91.86, 91.83, 91.69, 91.6, 91.36, 91.17, 91.3, 91.36, 91.55, 91.78, 92.0, 92.4, 92.22, 91.64, 90.73, 89.51, 88.54, 87.58, 86.48, 85.26, 84.46, 83.94, 83.62, 83.78, 84.35, 85.1, 86.33, 88.07, 90.02]}, {"seed": 3, "kind": "iso", "delta": 0.1, "mu": 0.3, "mean_theta_LR": 89.78554185896918, "std_theta_LR": 3.9141247443930536, "theta_LR_final": 87.80787046355036, "L_collapsed": false, "R_collapsed": false, "L_tvar": 6.471835432755525e-05, "R_tvar": 6.302811941117666e-05, "both_alive": true, "mean_transport_post": 0.0, "class": "segregation", "theta_traj": [89.55, 93.13, 93.13, 92.51, 92.08, 91.3, 90.05, 88.6, 87.31, 86.54, 86.54, 87.23, 88.17, 89.55, 91.31, 93.13, 94.52, 95.03, 95.11, 94.44, 93.33, 92.06, 90.72, 89.22, 88.5, 87.96, 88.08, 89.26, 90.76, 92.32, 93.81, 95.1, 95.8, 96.05, 95.82, 94.97, 93.73, 92.19, 90.64, 89.18, 87.76, 86.67, 85.78, 85.22, 84.73, 84.63, 85.03, 85.56, 86.32, 87.19]}], "meta": {"N": 4, "T": 2500, "sigma": 0.016, "done": true}}