{"key": "iso_gp_d0.1_m0.0_s0.016", "records": [{"seed": 0, "kind": "iso", "delta": 0.1, "mu": 0.0, "mean_theta_LR": 90.3092226169591, "std_theta_LR": 2.996721590172855, "theta_LR_final": 87.23090362670294, "L_collapsed": false, "R_collapsed": false, "L_tvar": 6.087131497435207e-05, "R_tvar": 6.029141478732845e-05, "both_alive": true, "mean_transport_post": 0.0, "class": "segregation", "theta_traj": [89.96, 90.9, 91.42, 89.9, 87.82, 86.39, 86.05, 86.48, 87.73, 89.37, 90.91, 91.77, 92.24, 92.75, 92.94, 93.0, 92.66, 92.21, 91.51, 90.49, 89.36, 88.33, 88.0, 87.85, 87.65, 87.58, 87.47, 87.22, 86.98, 87.13, 87.51, 88.38, 89.31, 90.42, 91.37, 92.25, 93.08, 94.19, 94.77, 95.27, 95.19, 94.7, 93.49, 91.98, 90.59, 89.35, 88.4, 87.43, 86.89, 86.89]}, {"seed": 1, "kind": "iso", "delta": 0.1, "mu": 0.0, "mean_theta_LR": 91.14514005272007, "std_theta_LR": 3.3951128273068303, "theta_LR_final": 85.0383285212773, "L_collapsed": false, "R_collapsed": false, "L_tvar": 6.390478192216168e-05, "R_tvar": 6.104679327858492e-05, "both_alive": true, "mean_transport_post": 0.0, "class": "segregation", "theta_traj": [90.11, 89.34, 88.85, 87.39, 86.79, 86.02, 85.25, 85.46, 86.26, 87.55, 89.17, 90.48, 91.83, 92.61, 93.52, 93.77, 93.87, 93.39, 92.64, 91.72, 90.73, 89.42, 88.47, 87.6, 87.22, 86.88, 86.71, 86.82, 87.29, 87.62, 88.53, 89.6, 90.89, 92.09, 93.33, 94.28, 94.6, 95.09, 95.54, 95.51, 95.49, 95.08, 94.58, 93.76, 92.79, 91.33, 89.97, 88.41, 87.25, 85.99]}, {"seed": 2, "kind": "iso", "delta": 0.1, "mu": 0.0, "mean_theta_LR": 88.58593744947657, "std_theta_LR": 3.118648100227208, "theta_LR_final": 91.5747024538642, "L_collapsed": false, "R_collapsed": false, "L_tvar": 6.054475888488687e-05, "R_tvar": 6.071528877275948e-05, "both_alive": true, "mean_transport_post": 0.0, "class": "segregation", "theta_traj": [88.86, 91.0, 89.53, 88.07, 87.55, 87.64, 88.38, 88.94, 89.46, 90.04, 90.45, 90.71, 91.05, 91.3, 91.18, 90.86, 90.84, 90.91, 91.07, 91.12, 91.61, 91.86, 91.83, 91.69, 91.6, 91.36, 91.17, 91.3, 91.36, 91.55, 91.78, 92.0, 92.4, 92.22, 91.64, 90.73, 89.51, 88.54, 87.58, 86.48, 85.26, 84.46, 83.94, 83.62, 83.78, 84.35, 85.1, 86.33, 88.07, 90.02]}, {"seed": 3, "kind": "iso", "delta": 0.1, "mu": 0.0, "mean_theta_LR": 89.78554185896918, "std_theta_LR": 3.9141247443930536, "theta_LR_final": 87.80787046355036, "L_collapsed": false, "R_collapsed": false, "L_tvar": 6.471835432755525e-05, "R_tvar": 6.302811941117666e-05, "both_alive": true, "mean_transport_post": 0.0, "class": "segregation", "theta_traj": [89.55, 93.13, 93.13, 92.51, 92.08, 91.3, 90.05, 88.6, 87.31, 86.54, 86.54, 87.23, 88.17, 89.55, 91.31, 93.13, 94.52, 95.03, 95.11, 94.44, 93.33, 92.06, 90.72, 89.22, 88.5, 87.96, 88.08, 89.26, 90.76, 92.32, 93.81, 95.1, 95.8, 96.05, 95.82, 94.97, 93.73, 92.19, 90.64, 89.18, 87.76, 86.67, 85.78, 85.22, 84.73, 84.63, 85.03, 85.56, 86.32, 87.19]}, {"seed": 4, "kind": "iso", "delta": 0.1, "mu": 0.0, "mean_theta_LR": 89.91094794959105, "std_theta_LR": 5.216556266882023, "theta_LR_final": 92.8729197730386, "L_collapsed": false, "R_collapsed": false, "L_tvar": 6.310440072289097e-05, "R_tvar": 5.9297410885716115e-05, "both_alive": true, "mean_transport_post": 0.0, "class": "segregation", "theta_traj": [89.81, 87.58, 86.88, 87.09, 88.28, 89.14, 90.04, 90.99, 92.29, 93.72, 94.82, 94.88, 94.21, 92.9, 91.69, 90.15, 88.21, 86.41, 85.16, 84.24, 83.78, 83.72, 84.11, 85.15, 86.81, 88.47, 90.25, 92.02, 93.45, 94.89, 96.03, 96.78, 97.15, 97.05, 96.39, 95.31, 93.52, 91.44, 89.25, 87.19, 85.08, 83.37, 82.27, 81.77, 81.95, 82.85, 84.3, 86.09, 88.27, 90.8]}, {"seed": 5, "kind": "iso", "delta": 0.1, "mu": 0.0, "mean_theta_LR": 90.05349155742617, "std_theta_LR": 8.044960683497553, "theta_LR_final": 85.39780808383732, "L_collapsed": false, "R_collapsed": false, "L_tvar": 6.383483101164887e-05, "R_tvar": 6.360738729239529e-05, "both_alive": true, "mean_transport_post": 0.0, "class": "segregation", "theta_traj": [90.75, 91.74, 93.65, 94.5, 95.18, 95.3, 95.62, 95.66, 94.99, 94.39, 93.12, 91.03, 88.53, 85.64, 82.84, 80.21, 78.59, 77.98, 78.34, 79.78, 81.91, 84.54, 87.63, 90.87, 93.65, 96.18, 98.37, 100.03, 100.9, 101.31, 101.21, 100.53, 99.31, 97.61, 95.55, 93.61, 91.4, 89.46, 87.61, 85.89, 84.15, 82.88, 81.63, 80.6, 80.16, 80.04, 80.31, 81.03, 82.07, 83.69]}, {"seed": 6, "kind": "iso", "delta": 0.1, "mu": 0.0, "mean_theta_LR": 90.23600739415511, "std_theta_LR": 4.109229654533684, "theta_LR_final": 98.01572343576319, "L_collapsed": false, "R_collapsed": false, "L_tvar": 6.150279479563421e-05, "R_tvar": 5.890310235249593e-05, "both_alive": true, "mean_transport_post": 0.0, "class": "segregation", "theta_traj": [90.88, 87.81, 89.87, 92.29, 94.25, 95.97, 97.47, 98.06, 97.26, 95.39, 92.71, 89.71, 87.08, 85.2, 84.1, 83.76, 83.89, 84.47, 85.65, 87.17, 88.16, 89.29, 90.08, 90.69, 91.16, 91.21, 91.24, 91.45, 91.53, 91.4, 91.08, 90.48, 89.52, 88.43, 87.13, 86.12, 85.09, 84.52, 84.32, 84.77, 85.68, 86.84, 88.5, 90.31, 92.07, 93.8, 95.34, 96.74, 97.59, 98.09]}, {"seed": 7, "kind": "iso", "delta": 0.1, "mu": 0.0, "mean_theta_LR": 89.80569607708414, "std_theta_LR": 2.604677028848132, "theta_LR_final": 82.61813814975574, "L_collapsed": false, "R_collapsed": false, "L_tvar": 6.123589453005358e-05, "R_tvar": 6.664031913923031e-05, "both_alive": true, "mean_transport_post": 0.0, "class": "segregation", "theta_traj": [90.79, 87.68, 87.69, 88.02, 88.71, 87.89, 86.85, 86.39, 86.6, 87.31, 88.09, 89.3, 90.47, 91.69, 93.23, 94.45, 95.23, 95.65, 95.48, 95.55, 95.48, 95.18, 94.53, 93.37, 92.25, 91.2, 90.26, 89.39, 89.07, 88.59, 88.59, 88.87, 89.56, 90.29, 91.25, 91.94, 92.35, 92.54, 92.88, 92.97, 92.78, 92.48, 91.79, 90.9, 89.95, 88.66, 87.53, 86.33, 85.0, 83.64]}, {"seed": 8, "kind": "iso", "delta": 0.1, "mu": 0.0, "mean_theta_LR": 91.13315279228092, "std_theta_LR": 5.205857401096218, "theta_LR_final": 94.7025638475901, "L_collapsed": false, "R_collapsed": false, "L_tvar": 6.421207667076521e-05, "R_tvar": 6.608064570443219e-05, "both_alive": true, "mean_transport_post": 0.0, "class": "segregation", "theta_traj": [90.62, 90.7, 90.66, 90.32, 88.98, 87.63, 86.0, 84.35, 83.19, 82.41, 81.94, 82.19, 82.46, 82.64, 82.93, 83.68, 84.58, 85.96, 87.83, 89.87, 91.95, 94.02, 95.95, 98.01, 99.37, 100.2, 100.64, 100.33, 99.51, 98.01, 96.37, 94.58, 92.37, 90.57, 88.74, 87.45, 86.36, 85.48, 85.02, 84.75, 85.04, 85.55, 86.08, 86.89, 87.97, 89.1, 90.44, 91.78, 93.15, 94.2]}, {"seed": 9, "kind": "iso", "delta": 0.1, "mu": 0.0, "mean_theta_LR": 91.93853965195565, "std_theta_LR": 6.314013647171339, "theta_LR_final": 91.8083258059882, "L_collapsed": false, "R_collapsed": false, "L_tvar": 6.209980563366975e-05, "R_tvar": 6.0067520888385606e-05, "both_alive": true, "mean_transport_post": 0.0, "class": "segregation", "theta_traj": [90.32, 95.27, 95.74, 94.12, 92.24, 90.37, 88.89, 87.16, 85.02, 83.22, 82.31, 81.8, 82.13, 82.78, 84.17, 86.09, 88.02, 90.3, 92.41, 93.94, 94.85, 95.69, 96.1, 96.21, 95.9, 95.22, 93.97, 92.54, 90.64, 88.7, 86.79, 85.11, 83.98, 83.33, 83.06, 82.99, 84.32, 86.09, 88.37, 90.83, 93.45, 96.11, 98.51, 100.32, 101.4, 101.71, 101.06, 99.56, 97.43, 94.4]}, {"seed": 10, "kind": "iso", "delta": 0.1, "mu": 0.0, "mean_theta_LR": 89.39117539631727, "std_theta_LR": 8.142867216580377, "theta_LR_final": 81.83876372911446, "L_collapsed": false, "R_collapsed": false, "L_tvar": 6.362065640371566e-05, "R_tvar": 6.498433124180662e-05, "both_alive": true, "mean_transport_post": 0.0, "class": "segregation", "theta_traj": [89.22, 89.85, 90.38, 91.08, 91.4, 91.77, 92.55, 92.36, 92.09, 91.38, 90.68, 90.24, 89.85, 90.06, 90.85, 91.89, 93.51, 95.33, 96.93, 97.88, 98.41, 97.78, 96.01, 93.96, 91.25, 88.18, 85.26, 82.57, 80.26, 78.6, 77.83, 78.28, 79.6, 81.71, 84.76, 88.18, 91.44, 94.7, 97.67, 100.03, 101.68, 101.99, 101.44, 100.04, 97.68, 95.09, 92.05, 88.93, 86.08, 83.56]}, {"seed": 11, "kind": "iso", "delta": 0.1, "mu": 0.0, "mean_theta_LR": 90.54635469282981, "std_theta_LR": 9.259915320743568, "theta_LR_final": 80.65283342250707, "L_collapsed": false,