{
 "egate_d0.1_m0.6": {
  "theta_star": 40.29526085948527,
  "after_same": 34.5260827486159,
  "after_orth": 34.22908209752314,
  "n": 6
 },
 "egate_d0.1_m0.9": {
  "theta_star": 27.251021673099917,
  "after_same": 25.117391570590332,
  "after_orth": 25.296982899120707,
  "n": 6
 },
 "diff_d0.1_m0.9": {
  "theta_star": 6.876608669752656,
  "after_same": 6.826009270781071,
  "after_orth": 6.826842566011977,
  "n": 6
 },
 "cos_d0.1_m0.6": {
  "theta_star": 79.31183471725886,
  "after_same": 10.359372813434225,
  "after_orth": 10.852583283734015,
  "n": 6
 },
 "egate_d0.05_m0.6": {
  "theta_star": 27.803295807720758,
  "after_same": 24.765140661750326,
  "after_orth": 24.73962955248503,
  "n": 6
 },
 "cos_d0.1_m0.9": {
  "theta_star": 40.55322432718397,
  "after_same": 7.166941504018985,
  "after_orth": 7.6793673959929665,
  "n": 6
 }
}