{
 "phi_star": 0.5711311139032985,
 "k": [
  1,
  2,
  3,
  4,
  5,
  6,
  7,
  8,
  9,
  10,
  11,
  12,
  13,
  14,
  15,
  16,
  17,
  18,
  19,
  20,
  21,
  22,
  23,
  24,
  25,
  26,
  27,
  28,
  29,
  30,
  31,
  32
 ],
 "lambda_phi": [
  -0.03427974304724995,
  -0.01094911549204542,
  -0.021462725745653267,
  -0.02347952858417624,
  -0.03758170234206675,
  -0.059630788663997535,
  -0.03841723917410204,
  -0.02467855300463667,
  -0.04674678579146523,
  -0.039359860287663896,
  -0.042497401279005205,
  -0.033147753609757545,
  -0.02288379184108499,
  -0.03454612655330328,
  -0.023727009127338848,
  0.010136572666519947,
  -0.032136019934822735,
  -0.02921411119268327,
  -0.04726746792025454,
  -0.019255185123986905,
  -0.04053159224363089,
  -0.06312784480606076,
  -0.035052329875271085,
  -0.007623681261626376,
  -0.05861064943693944,
  -0.045785462201572716,
  -0.06009644673046467,
  -0.09000852324090443,
  -0.07337107054227347,
  -0.033405105427283026,
  -0.04194636695739876,
  0.009000663290525847
 ],
 "lambda_theta": [
  -0.00028622939339809404,
  -0.0011426502270070861,
  -0.002562466255709698,
  -0.004534370074581795,
  -0.007042573860612657,
  -0.010066854863085041,
  -0.013582618044616857,
  -0.01756097888294306,
  -0.021968869892377632,
  -0.02676917485884052,
  -0.03192089515890904,
  -0.03737935267914822,
  -0.043096433913004356,
  -0.04902087958510094,
  -0.05509862374606759,
  -0.061273186388805086,
  -0.06748611584834174,
  -0.0736774997237394,
  -0.07978651381391258,
  -0.0857520361686165,
  -0.09151330357344575,
  -0.09701060926535533,
  -0.10218603146153032,
  -0.10698418076755732,
  -0.11135295234314933,
  -0.115244266866479,
  -0.11861478295330694,
  -0.12142656298479033,
  -0.12364767428218496,
  -0.12525270841249916,
  -0.1262232030637815,
  -0.1265479524618911
 ],
 "unstable": false,
 "kstar": null
}