{"conservative": {"max_abs_drift": 1.304493146778453e-16, "final_drift": 0.0, "split_start": -24.469588348648813, "split_end": -0.027505650961302308, "action_max_drift": 0.0010751706495965305}, "full_dynamics": {"max_abs_drift": 0.3618013930070715, "final_drift": -0.299067134798216}, "reallocation": {"diff": [0.16472588328608623, 0.16472588328608623, 0.16472588328608623, 0.16472588328608623, 0.16472588328608623, 0.16472588328608623, 0.16472588328608623, 0.16472588328608623, 0.16472588328608623, 0.16472588328608623, 0.16472588328608623, 0.16472588328608623, 0.16472588328608623, 0.16472588328608623, 0.16472588328608623, 0.16472588328608623, 0.16472588328608623, 0.16472588328608623, 0.16472588328608623, 0.16472588328608623, 0.16472588328608623, 0.16472588328608623, 0.16472588328608623, 0.16472588328608623, 0.16472588328608623, 0.16472588328608623, 0.16472588328608623, 0.16472588328608623, 0.16472588328608623, 0.16472588328608623, 0.16472588328608623, 0.16472588328608623, 0.16472588328608623, 0.16472588328608623, 0.16472588328608623, 0.16472588328608623, 0.16472588328608623, 0.16472588328608623, 0.16472588328608623, 0.16472588328608623, 0.16472588328608623, 0.16472588328608623, 0.16472588328608623, 0.16472588328608623, 0.16472588328608623, 0.16472588328608623], "cos": [0.16472588328608623, 0.16452525129979076, 0.16392433279977406, 0.16292605540056415, 0.16153528260930353, 0.15975879013123112, 0.15760523285912778, 0.15508510270754827, 0.15221067749726863, 0.14899596113897703, 0.14545661540762897, 0.14160988363985372, 0.13747450672615177, 0.13307063180716014, 0.1284197141188081, 0.1235444124645647, 0.11846847882402578, 0.11321664263565703, 0.10781449031745549, 0.1022883406124929, 0.09666511636664527, 0.09097221336319383, 0.08523736685332278, 0.07948851643276345, 0.0737536699228924, 0.06806076691944095, 0.06243754267359331, 0.056911392968630736, 0.05150924065042917, 0.046257404462060434, 0.04118147082152157, 0.03630616916727816, 0.0316552514789261, 0.02725137655993442, 0.023115999646232496, 0.01926926787845728, 0.015729922147109183, 0.012515205788817584, 0.009640780578537919, 0.0071206504269584695, 0.004967093154855103, 0.003190600676782704, 0.0017998278855220439, 0.0008015504863121497, 0.00020063198629548278, 6.1762313728980805e-34], "egate": [0.0, 0.0002003876215780378, 0.0007976501691956758, 0.0017801626067396152, 0.003128801447204397, 0.0048173169696143145, 0.0068128441399836065, 0.009076542291819539, 0.01156435111551511, 0.01422784824215768, 0.017015191729860234, 0.01987212910819086, 0.022743053340798455, 0.02557208515312323, 0.028304160658914272, 0.030886103116141164, 0.03326765795179003, 0.03540247090996343, 0.037248990284744266, 0.03877127567688707, 0.03993969753280777, 0.04073151385014105, 0.04113131282494769, 0.04113131282494767, 0.04073151385014105, 0.03993969753280778, 0.03877127567688708, 0.037248990284744266, 0.03540247090996343, 0.03326765795179003, 0.030886103116141178, 0.028304160658914265, 0.025572085153123234, 0.022743053340798455, 0.019872129108190854, 0.01701519172986024, 0.014227848242157684, 0.01156435111551511, 0.009076542291819534, 0.006812844139983612, 0.00481731696961432, 0.003128801447204398, 0.0017801626067396148, 0.0007976501691956742, 0.0002003876215780391, 6.1762313728980805e-34], "theta_deg": [0.0, 2.0, 4.0, 6.000000000000001, 8.0, 10.0, 12.000000000000002, 14.0, 16.0, 18.0, 20.0, 22.0, 24.000000000000004, 26.0, 28.0, 29.999999999999996, 32.0, 34.0, 36.0, 38.0, 40.0, 42.0, 44.0, 46.0, 48.00000000000001, 50.0, 52.0, 54.0, 56.0, 58.00000000000001, 59.99999999999999, 62.0, 64.0, 66.0, 68.0, 70.0, 72.0, 74.0, 76.0, 78.0, 80.0, 82.0, 84.0, 86.0, 88.0, 90.0], "E_curve": [0.0, 0.0012164914073037106, 0.004842288007710142, 0.010806817794674888, 0.018993987980446752, 0.02924444461012774, 0.04135867420514272, 0.05510088706615665, 0.07020360665136531, 0.08637287570313157, 0.10329397779163368, 0.12063756291218737, 0.1380660579084567, 0.15524023694995848, 0.17182582417698902, 0.18749999999999997, 0.2019576844157073, 0.2149174750423314, 0.2261271242968684, 0.23536844910736587, 0.24246157759823853, 0.24726845009172568, 0.24969550628247805, 0.24969550628247805, 0.24726845009172568, 0.24246157759823853, 0.23536844910736587, 0.22612712429686846, 0.2149174750423314, 0.20195768441570724, 0.18750000000000003, 0.17182582417698902, 0.15524023694995848, 0.1380660579084567, 0.12063756291218733, 0.10329397779163375, 0.08637287570313161, 0.07020360665136531, 0.05510088706615663, 0.04135867420514277, 0.02924444461012777, 0.01899398798044676, 0.010806817794674886, 0.004842288007710134, 0.0012164914073037184, 3.749399456654644e-33]}}