{
 "delta": 0.1,
 "mus": [
  0.6,
  0.9,
  1.3,
  1.8,
  2.5,
  4.0
 ],
 "egate": {
  "Psi_mean": [
   30.238980663650835,
   20.299790837163663,
   16.233936342001137,
   13.679532771366649,
   11.600142248641024,
   9.21412154850166
  ],
  "theta_LR": [
   39.61565605989583,
   27.09691670126769,
   21.760875015593328,
   18.625603404896403,
   16.3088502628011,
   13.711917201618089
  ],
  "coherence": [
   0.8910295663652968,
   0.9491069117880487,
   0.9672867022437975,
   0.9753261326739683,
   0.9797933146307903,
   0.984224609817003
  ],
  "slope_Psi": -0.6056141571751835,
  "slope_Psi_hi": -0.5030394438449033,
  "slope_theta": -0.542285927688677
 },
 "cos": {
  "Psi_mean": [
   48.7292822950322,
   7.930107281624018,
   2.4521543239689763,
   1.633447254229654,
   1.1640251367767391,
   0.7237759101482399
  ],
  "theta_LR": [
   77.44945931049952,
   38.45685246698224,
   10.965870330680367,
   4.730577910742564,
   3.367784405349755,
   2.360920972108789
  ],
  "coherence": [
   0.33127618658223607,
   0.788881853227817,
   0.9821502422151913,
   0.9968869508116155,
   0.9984757047914166,
   0.999224802484035
  ],
  "slope_Psi": -2.11378703347498,
  "slope_Psi_hi": -1.076838457029037,
  "slope_theta": -1.9738682067055884
 },
 "diff": {
  "Psi_mean": [
   4.804808947944161,
   3.1973729043918406,
   2.2138580346926258,
   1.5988857819962488,
   1.1519614255753439,
   0.719729013986859
  ],
  "theta_LR": [
   9.088517589655613,
   6.875319244303207,
   5.31380697432976,
   4.201326155975268,
   3.284647540551817,
   2.2783414479470774
  ],
  "coherence": [
   0.9909356492766961,
   0.9943602973195459,
   0.9964480329584652,
   0.9977021331967872,
   0.998559485778568,
   0.9992885125193133
  ],
  "slope_Psi": -1.0003724598190347,
  "slope_Psi_hi": -0.9996053554652741,
  "slope_theta": -0.7279865039534209
 }
}