{
 "kind": "egate",
 "mu": 0.9,
 "interior_frac": 1.0,
 "theta_min": 18.789987139474857,
 "theta_mean": 19.681369249703934,
 "theta_max": 23.854929519401246
}