{
  "size": 64,
  "steps": 300,
  "params": {
    "activations": {
      "S": 1.0,
      "D": 1.0,
      "F": 1.0,
      "TH": 1.0,
      "B": 1.0,
      "E": 1.0,
      "IBT": 1.0,
      "ZBT": 1.0
    },
    "B_max": 1.0,
    "dt": 0.05,
    "r_sat": 0.65,
    "d_decay": 0.28,
    "k_fb": 0.18,
    "a_th": 0.2,
    "T_c": 0.55,
    "th_alpha": 4.0,
    "gamma_bnd": 6.0,
    "quiet_zone": 0.18,
    "bnd_steep": 8.0,
    "alpha_em": 0.1,
    "D_em": 1.8,
    "xi_ibt": 0.004,
    "zeta_zbt": 0.004,
    "delta_bt": 0.05,
    "sigma_noise": 0.06,
    "noise_smooth": 4,
    "noise_structured": true,
    "hp_alpha": 2.0,
    "hp_beta": -1.0,
    "hp_gamma": 1.0,
    "omega": 0.1,
    "omega_spread": 0.5,
    "K_phase": 1.6,
    "sigma_phase": 0.04,
    "tau_obs": 20,
    "phi_yield_hi": 0.62,
    "phi_yield_lo": 0.48
  },
  "final": {
    "t": 300,
    "phi_mean": 0.53558002790506,
    "phi_var": 0.003114743722004147,
    "phi_max": 0.7763320977059743,
    "phi_min": 0.3076936845739635,
    "saturation_frac": 0.0,
    "plastic_frac": 0.31884765625,
    "crystallized_frac": 0.0,
    "config_flux_mean": 0.009859120116500414,
    "rotation_mean": 0.010163361654637774,
    "torsion_rms": 0.11400660114011839,
    "coherence_C": 0.04984274347658249,
    "exchange_X": 484.42701073380033,
    "dCdX": 4.4379823491062595e-05,
    "local_coherence_mean": 0.8663299025326352,
    "drive_S": 0.12444362205652057,
    "drive_D": 0.15013906857687287,
    "drive_F": 0.004317542161178582,
    "drive_TH": 0.00011192410165070063,
    "drive_B": 0.0,
    "drive_E": 0.023983533603072496,
    "drive_IBT": 0.007880212483873798,
    "drive_ZBT": 0.00688909433123724
  },
  "stable": true,
  "coherence_start": 0.0055833709075936416,
  "coherence_end": 0.04984274347658249,
  "mean_domain_drive": {
    "S": 0.13343070138358074,
    "D": 0.13750329611870196,
    "F": 0.003254051096680867,
    "TH": 8.185533551673857e-05,
    "B": 0.0,
    "E": 0.017806523108395342,
    "IBT": 0.007362567232526797,
    "ZBT": 0.007741627881360748
  }
}