{
 "0.3": {
  "mean": 9.277361499359201e-05,
  "sem": 5.360382213474181e-06
 },
 "0.6": {
  "mean": 0.00010309394002510997,
  "sem": 5.344855987674534e-06
 },
 "0.9": {
  "mean": 0.00011492760536963046,
  "sem": 6.020070973630994e-06
 },
 "1.2": {
  "mean": 0.00012588701350797632,
  "sem": 7.686692868192622e-06
 },
 "1.6": {
  "mean": 0.0001384718873757192,
  "sem": 9.926974257951264e-06
 },
 "2.0": {
  "mean": 0.00015488526359778653,
  "sem": 1.2130431963389675e-05
 },
 "2.6": {
  "mean": 0.00018045923313143733,
  "sem": 1.4912907818344214e-05
 }
}